# .PCD v0.7 - Point Cloud Data file format
VERSION 0.7
FIELDS x y z rgb
SIZE 4 4 4 4
TYPE F F F U
COUNT 1 1 1 1
WIDTH 14017
HEIGHT 1
VIEWPOINT 0 0 0 1 0 0 0
POINTS 14017
DATA ascii
-1.0896477 -2.3439901 -0.65512073 4278437635
-1.1346622 -2.2851133 -0.65603578 4278436868
-1.1120164 -2.3140042 -0.65651232 4278502917
-0.98283392 -2.2379613 -0.64214861 4278503428
-1.135432 -2.3379552 -0.58732212 4278503428
-1.0962476 -2.3669026 -0.61500448 4278503683
-1.0356033 -2.3350601 -0.63817078 4278569221
-1.1518956 -2.301342 -0.60689878 4278437380
-1.0003033 -2.3070667 -0.61719978 4278569734
-0.91620737 -2.1862197 -0.60186845 4278569219
-0.8690092 -2.0976348 -0.606538 4278503428
-0.82264733 -2.062367 -0.57803798 4278438404
-0.76538211 -1.9698799 -0.5741176 4278568710
-1.1053981 1.7366173 -0.56849575 4288387995
-1.0769835 1.8021837 -0.5751422 4288387995
-1.0037892 1.8244244 -0.56737787 4288387995
-1.1250395 1.8759855 -0.59524101 4288387995
-1.0696936 1.893494 -0.58948749 4288387995
-1.0101159 1.8820486 -0.57815325 4288387995
-1.3770541 1.9639487 -0.58078945 4288387995
-1.3180047 1.9594358 -0.58303648 4288387995
-1.2407112 1.9535297 -0.58597785 4288387995
-1.1626238 1.9495409 -0.58755726 4288387995
-1.1027887 1.9808095 -0.5907439 4288387995
-0.98918438 1.9663755 -0.58916259 4288387995
-0.95596051 1.9299414 -0.57774287 4288387995
-1.0701919 2.0419588 -0.58666766 4288322202
-1.0071374 2.0412829 -0.60470384 4288387995
-1.0410181 2.0907261 -0.57789046 4288322202
-1.0090009 2.1300075 -0.59225476 4288124823
-0.97541708 2.1871035 -0.5902164 4287072135
-0.94735366 2.2271144 -0.5984301 4287203721
-0.93115991 2.2527249 -0.592484 4286611584
-1.1677502 -2.3344538 -0.53848672 4278503684
-1.1803852 -2.3138573 -0.54393566 4278569221
-0.777448 -2.027986 -0.5502516 4278503937
1.587027 -2.0005264 -0.49434972 4278216192
1.6399928 -2.0034933 -0.49691778 4278216192
-0.7366026 -1.9484321 -0.5561412 4279157776
-0.708345 -1.9273751 -0.53849024 4279941917
1.3470082 -1.9473438 -0.49270022 4278848010
1.3997529 -1.9876459 -0.50030601 4278277377
1.482389 -1.9939992 -0.49722272 4278216192
1.5522176 -1.9960648 -0.49642894 4278216192
1.6449076 -1.9798139 -0.4959344 4278216192
-0.67064309 -1.8530825 -0.54447806 4286426751
1.308452 -1.8877561 -0.48774591 4278848010
-0.64391649 -1.8335698 -0.52752542 4287866255
-0.61764836 -1.8143888 -0.51086473 4288322713
1.2709608 -1.8327943 -0.48010212 4278848010
-0.58351171 -1.7456228 -0.51721048 4288453275
-0.55860609 -1.727806 -0.50117868 4288584093
-0.5034402 -1.6469076 -0.49215952 4288191643
-1.0485014 1.3328831 -0.49101746 4288387995
-1.0575713 1.3972445 -0.50336862 4288387995
-1.0117108 1.4311863 -0.50189853 4288387995
-1.0670614 1.4645829 -0.51629114 4288387995
-1.0174333 1.4768142 -0.51054311 4288387995
-1.0803165 1.558639 -0.53434098 4288387995
-1.0263449 1.5478696 -0.52400535 4288387995
-1.0663778 1.652711 -0.54810667 4288387995
-1.0107687 1.6417303 -0.5374769 4288387995
-1.0732926 1.7046684 -0.55801308 4288387995
-0.99170792 1.7143619 -0.54679668 4288387995
-0.99765658 1.7685508 -0.55692983 4288387995
-1.3765084 1.973736 -0.51924056 4288387995
-1.3179137 1.969892 -0.51749837 4288387995
-1.2410501 1.9641252 -0.51854992 4288387995
-1.1626534 1.9629264 -0.52290702 4287993237
-1.1111569 1.993608 -0.5504086 4288387995
-1.316534 2.0415423 -0.4858208 4288387995
-1.2228788 2.0454659 -0.49733108 4288387995
-1.1228552 2.0036573 -0.48247024 4284900966
-1.0888759 2.0407374 -0.51984805 4285953654
-1.3746361 2.120553 -0.48716179 4282091578
-1.2930716 2.1031871 -0.49566942 4288257176
-1.1894964 2.1278965 -0.51073813 4287466893
-1.0549197 2.0942752 -0.51741546 4285229931
-1.0278022 2.1347427 -0.52099466 4284835173
-1.3313695 2.1967518 -0.49221775 4279014412
-1.2606279 2.1884336 -0.50928903 4287864980
-0.98551202 2.2004154 -0.52039009 4284900966
-1.2925285 2.2653203 -0.49855813 4278494214
-1.2533227 2.2929235 -0.51034087 4282033978
-0.96077687 2.2489991 -0.49548364 4284900966
-0.94406646 2.2637634 -0.52224231 4284900966
-1.2350105 2.3599105 -0.50766164 4279217935
-1.1821312 2.3946869 -0.5422411 4287015304
-1.2074163 2.4154792 -0.5114063 4278498819
-1.1809258 2.4573686 -0.51435298 4279285776
-1.149393 2.50721 -0.52162796 4279788312
0.92626083 -2.5229323 -0.4061586 4278848010
1.0010823 -2.5226455 -0.4144409 4278782474
1.0651535 -2.5066888 -0.42024115 4278342914
1.102311 -2.4456494 -0.42290857 4278216192
1.1247278 -2.4096918 -0.41551444 4278216192
1.1538603 -2.3572011 -0.42126471 4278216192
1.1877364 -2.2971175 -0.42540783 4278216192
1.2089617 -2.260504 -0.42525187 4278216192
1.244108 -2.1992383 -0.42669496 4278216192
1.2731806 -2.1489496 -0.42684999 4278216192
1.2966222 -2.1094165 -0.42426887 4278216192
1.3352259 -2.0403869 -0.43048528 4278216192
1.3611231 -2.0024939 -0.41222107 4278216192
1.5782385 -2.0010986 -0.43506846 4278216192
1.640049 -2.0045617 -0.43803549 4278216192
1.3279815 -1.9660059 -0.43623617 4278593798
1.3985059 -1.9893086 -0.4398095 4278216192
1.4794086 -1.9925975 -0.43907151 4278216192
1.5516818 -1.9928476 -0.44027886 4278216192
1.6450449 -1.9835837 -0.44176736 4278216192
1.2623186 -1.8705547 -0.43049365 4278848010
1.2959855 -1.8979182 -0.45822334 4278847754
1.1934688 -1.7738008 -0.41249013 4278848010
1.2290378 -1.8029388 -0.44156975 4278848010
1.1724546 -1.7208445 -0.42922038 4278848010
1.21095 -1.7524939 -0.46058425 4278848010
-0.48015487 -1.6305833 -0.47695756 4288322715
1.105345 -1.6210485 -0.41687873 4278848010
1.1352415 -1.6606543 -0.42698014 4278848010
-0.42945462 -1.5556954 -0.46901259 4288322715
1.0714027 -1.5653898 -0.41555536 4278848010
-0.36088729 -1.4711637 -0.44756097 4288387995
1.0178682 -1.4848225 -0.40661892 4278848010
1.04061 -1.5135933 -0.41559079 4278848010
-0.29716033 -1.3925986 -0.42762357 4288387995
-1.011979 0.94440413 -0.41093835 4288387995
-1.0449873 1.0100045 -0.41751599 4288387995
-1.0319616 0.97315633 -0.41188794 4288387995
-1.0369298 1.2507708 -0.47525972 4288387995
-1.3139625 1.3336638 -0.40484437 4288387995
-1.4029541 1.4124829 -0.40338555 4288387995
-1.3314528 1.4029225 -0.41073146 4288387995
-1.2738949 1.3660245 -0.41329196 4288453788
-1.4677618 1.4897673 -0.40460622 4288387995
-1.3785249 1.4693913 -0.41280451 4288387995
-1.2994928 1.4734192 -0.42260033 4288387995
-1.2796185 1.517256 -0.42998067 4288387995
-1.569061 1.592363 -0.40442401 4288453275
-1.4977286 1.5654435 -0.40975666 4288387739
-1.4218209 1.5542343 -0.41743377 4288387995
-1.340292 1.5584639 -0.42754713 4288387995
-1.2591302 1.5624447 -0.43758866 4288387995
-1.6312261 1.6523809 -0.40397421 4288256925
-1.528077 1.6438357 -0.43036696 4290953922
-1.507863 1.6621708 -0.43250388 4290953922
-1.3901299 1.632485 -0.430161 4288387995
-1.3068216 1.6364398 -0.44045308 4288387995
-1.6908525 1.7319694 -0.40607125 4288454045
-1.6091566 1.7189827 -0.41422763 4288387739
-1.5285407 1.706167 -0.42227614 4288322204
-1.4934392 1.7204889 -0.42939046 4291151301
-1.3967717 1.7207894 -0.43951589 4288387995
-1.3180854 1.7080476 -0.44734502 4288387995
-1.2644343 1.7351878 -0.45679697 4288387995
-1.6693914 1.8019812 -0.41664451 4288257177
-1.5862011 1.7882639 -0.42489368 4288191641
-1.4646754 1.7987394 -0.42651954 4290624957
-1.4098651 1.7963083 -0.44664085 4288387739
-1.3221029 1.8004593 -0.45748138 4288387995
-1.2347679 1.8043003 -0.46823591 4288322202
-1.6470449 1.8748846 -0.42765439 4287864721
-1.5561241 1.8790289 -0.43886712 4287668882
-1.4472206 1.85658 -0.42247069 4289704623
-1.4246113 1.8876677 -0.42873207 4287864979
-1.2930524 1.8721902 -0.46914825 4288387995
-1.2780291 1.9092882 -0.47518215 4288387995
-1.6339035 1.9734864 -0.42133567 4279003660
-1.5606048 1.9756087 -0.42434475 4278743303
-1.480124 1.9784188 -0.42942274 4278811401
-1.3923786 1.9659028 -0.43390605 4281962041
-1.3184749 1.9818631 -0.44035748 4288387995
-1.2387344 1.9767364 -0.43973613 4288387995
-1.1705498 1.9757409 -0.44046187 4288190616
-1.3878393 2.0347738 -0.42983595 4278684680
-1.3537811 2.0610218 -0.43341783 4279211279
-1.1269633 2.0168917 -0.4351868 4286085240
-1.0985674 2.0563262 -0.4460333 4284900966
-1.3748813 2.1159444 -0.44115889 4278488835
-1.3431993 2.1005015 -0.42416653 4278359810
-1.0640084 2.1142883 -0.43517208 4284900966
-1.0359573 2.1511407 -0.45096344 4284900966
-1.3317173 2.1912749 -0.43862939 4278426115
-1.0072989 2.199815 -0.44048637 4284900966
-1.2944775 2.2566755 -0.44094777 4278428420
-1.2715669 2.2966642 -0.43966326 4278429699
-0.97611648 2.2524772 -0.4298099 4284900966
-0.95825911 2.2739117 -0.44475201 4284900966
-1.240186 2.3516455 -0.44019264 4278431235
-1.2081083 2.4078512 -0.4407692 4278367490
-1.1834108 2.4509628 -0.43942037 4278434051
-1.1453605 2.5113947 -0.43581498 4279070989
0.35911629 -2.5206199 -0.32386485 4278848010
0.44160971 -2.5204265 -0.33005908 4278848010
0.52244997 -2.5214202 -0.33511236 4278848010
0.59437311 -2.5240235 -0.33766127 4278848010
0.6820724 -2.5264184 -0.3424947 4278848010
0.76188791 -2.5261405 -0.35092163 4278848010
0.8410154 -2.5259569 -0.35795856 4278848010
0.92004943 -2.5259559 -0.3623693 4278848010
1.0004889 -2.5266063 -0.35748708 4278782474
1.0774527 -2.5083103 -0.35773849 4278473732
1.1079577 -2.4580727 -0.3637771 4278216192
1.1295395 -2.4233053 -0.35705659 4278216192
1.1648697 -2.3605425 -0.36164495 4278216192
1.1929893 -2.3080447 -0.37207922 4278216192
1.2162938 -2.2729669 -0.35825098 4278216192
1.2570763 -2.2017627 -0.36022893 4278216192
1.2828995 -2.1641614 -0.34152672 4278216192
1.2768488 -2.1589947 -0.38317236 4278216192
1.3050604 -2.1188264 -0.36031222 4278216192
1.3432988 -2.0510094 -0.36497924 4278216192
1.3676108 -2.0141504 -0.35125801 4278216192
1.5659225 -2.0017502 -0.36032218 4278216192
1.640125 -2.0060191 -0.35767365 4278216192
1.2577877 -1.9469129 -0.35065678 4278783241
1.3179685 -1.9842283 -0.36256257 4278342914
1.3983822 -1.9915999 -0.36283398 4278216192
1.4779638 -1.9949741 -0.36282805 4278216192
1.5456947 -1.9928474 -0.36318752 4278216192
1.6361759 -1.9892911 -0.35925242 4278216192
1.192816 -1.8552777 -0.33414677 4278848010
1.2296262 -1.8845285 -0.36509791 4278848010
1.1710769 -1.7964621 -0.35527986 4278848010
1.2077178 -1.8236353 -0.38793272 4278848010
1.1064576 -1.7020378 -0.3418127 4278848010
1.1396089 -1.7291722 -0.3689377 4278848010
1.0343982 -1.6025434 -0.32129088 4278848010
1.0805874 -1.6396667 -0.35973114 4278848010
1.1201248 -1.6653439 -0.39842319 4278848010
1.0213407 -1.5493098 -0.35097358 4278848010
1.053508 -1.5768501 -0.3761442 4278848010
0.95097178 -1.452758 -0.33035588 4278848010
0.98911142 -1.4822327 -0.36321601 4278848010
0.93267059 -1.3964493 -0.35459277 4278848010
0.96957392 -1.4251918 -0.3861759 4278848010
0.86715597 -1.3000865 -0.34153777 4278848010
0.89791405 -1.3360249 -0.35649285 4278848010
0.83228034 -1.2404768 -0.3424744 4278848010
0.79587579 -1.1848006 -0.33724102 4278848010
0.80524993 -1.1934934 -0.3439433 4278848010
-0.026032615 -0.99827558 -0.32740545 4288387995
0.017960548 -0.9867301 -0.32569024 4288387995
-1.297407 0.62145126 -0.32502207 4288387995
-1.2551162 0.60283935 -0.32787922 4288387995
-1.3845488 0.6937356 -0.32303134 4288387995
-1.3275729 0.67831963 -0.32798937 4288387995
-1.2477925 0.67625582 -0.33717385 4288387995
-1.4593467 0.7700581 -0.32296172 4288387995
-1.3916545 0.76764208 -0.33067811 4288387995
-1.3164284 0.75079197 -0.33762687 4288387995
-1.2400979 0.7610392 -0.34781751 4288322202
-1.1965657 0.78451824 -0.35565397 4288387995
-1.5399494 0.85230237 -0.32288656 4288387995
-1.4746951 0.84275228 -0.32949623 4288387995
-1.4025365 0.84031141 -0.33773705 4288387995
-1.3240663 0.83647585 -0.34656331 4288322202
-1.2408525 0.84188336 -0.35701099 4288387995
-1.6104472 0.92908913 -0.32337832 4288387995
-1.5585591 0.93061864 -0.32968149 4288387995
-1.4787563 0.91073388 -0.33682221 4288387995
-1.4007927 0.91554135 -0.34658098 4288387995
-1.3144723 0.92868716 -0.35828412 4288322202
-1.2172292 0.94268388 -0.35151866 4285427310
-1.1819301 0.93083465 -0.34997451 4285493103
-1.0135806 0.94602394 -0.36393264 4286940549
-1.647568 0.9968093 -0.32677034 4288387995
-1.5662291 0.9940989 -0.33606461 4288387995
-1.4806193 1.0019611 -0.34707704 4288387995
-1.3966063 1.0000894 -0.35678345 4288387995
-1.2944094 1.0202273 -0.35714599 4286019447
-1.2548707 0.98340201 -0.34524208 4285032552
-1.0494199 1.0044974 -0.35734293 4286151033
-1.0316746 0.96813118 -0.35973978 4286611584
-1.631253 1.0797772 -0.3382237 4288387995
-1.557408 1.0848572 -0.34752727 4288387995
-1.4775029 1.080773 -0.35649443 4288387995
-1.3985847 1.0770648 -0.3653881 4288387995
-1.3045536 1.0679402 -0.35541171 4285822068
-1.0605954 1.0496513 -0.34620166 4286019447
-1.6519727 1.1601633 -0.34500691 4288387995
-1.5655295 1.1564811 -0.35479224 4288387995
-1.4797869 1.152879 -0.3645041 4288387995
-1.4030007 1.168807 -0.37540072 4288387995
-1.3180932 1.1651952 -0.38501278 4288322202
-1.694019 1.2413975 -0.34936893 4288387995
-1.6195008 1.245484 -0.35863826 4288387995
-1.5502268 1.2371682 -0.36586395 4288387995
-1.4763572 1.2414744 -0.37508172 4288387995
-1.4028095 1.2455297 -0.38423288 4288387995
-1.3353481 1.2372826 -0.39125231 4288387995
-1.6463667 1.3230577 -0.36437279 4288387995
-1.5666145 1.3199185 -0.37343025 4288387995
-1.4923044 1.3195615 -0.38216457 4288387995
-1.4030972 1.3267193 -0.39352116 4288387995
-1.3114309 1.2873867 -0.39982966 4288387995
-1.6375408 1.4000282 -0.37425297 4288387993
-1.559052 1.4043163 -0.3840141 4288387995
-1.4864658 1.394609 -0.39147115 4288387995
-1.4148105 1.3848606 -0.39881378 4288387995
-1.6926022 1.4671566 -0.37545851 4288387741
-1.6285646 1.48145 -0.38466185 4288322458
-1.5319601 1.4755001 -0.39538676 4288387995
-1.6627775 1.5571619 -0.38931504 4288387738
-1.5855806 1.5459659 -0.39714584 4288518811
-1.6472517 1.6040125 -0.39652771 4288322715
-1.5237316 1.671128 -0.37932748 4291480266
-1.518659 1.6770279 -0.39277512 4291480266
-1.5225708 1.6961902 -0.33552334 4291480266
-1.505421 1.724041 -0.36536276 4291348680
-1.4766269 1.7985811 -0.36053863 4291019715
-1.4501053 1.8673518 -0.35586771 4290361785
-1.4339167 1.9023303 -0.36685845 4289572269
-1.6367154 1.9823232 -0.36256358 4278216192
-1.5617996 1.9835033 -0.36158729 4278415363
-1.48097 1.9852941 -0.3606059 4278417667
-1.4076409 1.9646562 -0.36107516 4283076682
-1.3146387 1.9938979 -0.36568153 4287536270
-1.2408277 1.9894102 -0.36126807 4286286971
-1.1806794 1.9868839 -0.36099717 4284835173
-1.3875726 2.0354116 -0.35710588 4278880778
-1.3423345 2.0121562 -0.33808187 4280259103
-1.1399225 2.0277662 -0.36054912 4284900966
-1.1141161 2.0671279 -0.36190075 4284900966
-1.3714604 2.1039042 -0.35468632 4278423043
-1.3516849 2.114002 -0.36314726 4278359043
-1.0803697 2.1203313 -0.35949144 4284900966
-1.3190207 2.2066333 -0.36302841 4278426115
-1.0494244 2.1721566 -0.34994969 4284900966
-1.0201433 2.2112024 -0.36504024 4284900966
-1.2875686 2.2609007 -0.35432386 4278428163
-1.2644624 2.3017771 -0.35903654 4278429443
-0.98272741 2.2720938 -0.35777581 4284900966
-0.95603466 2.2959218 -0.39993227 4284900966
-1.2271441 2.3669052 -0.35685059 4278431491
-1.2086602 2.4017673 -0.38443002 4278432771
-1.1842285 2.4424291 -0.3612394 4278499075
-1.141505 2.5128531 -0.35927629 4278681352
-0.25784457 -2.5269763 -0.24297263 4278848010
-0.19859947 -2.5268478 -0.24735068 4278848010
-0.11781071 -2.5267849 -0.25252792 4278848010
-0.037044436 -2.5266118 -0.25847739 4278848010
0.043844253 -2.5265479 -0.26366988 4278848010
0.12195173 -2.5264573 -0.26888266 4278848010
0.20004426 -2.5263791 -0.27400947 4278848010
0.28027806 -2.5262694 -0.2794866 4278848010
0.3612588 -2.5268819 -0.27992061 4278848010
0.44044155 -2.5274532 -0.28053859 4278848010
0.5234701 -2.5288203 -0.27970237 4278848010
0.59831589 -2.5298991 -0.28009114 4278848010
0.67991722 -2.5306935 -0.28092733 4278848010
0.75805533 -2.5309713 -0.28127372 4278848010
0.83830595 -2.5314054 -0.27950209 4278848010
0.91824782 -2.5317671 -0.27874351 4278848010
0.99783421 -2.5318871 -0.28144842 4278847754
1.0870248 -2.5143001 -0.27910629 4278340098
1.1156182 -2.4698462 -0.29710174 4278216192
1.1405189 -2.4341986 -0.27744073 4278216192
1.1805168 -2.3640454 -0.28023073 4278216192
1.2057419 -2.3283 -0.25933412 4278216192
1.2285092 -2.2811446 -0.28018057 4278216192
1.2643576 -2.2166069 -0.28711155 4278216192
1.2891048 -2.1785052 -0.27470031 4278216192
1.321059 -2.1219237 -0.27836084 4278216192
1.352072 -2.0652547 -0.28658798 4278216192
1.3756304 -2.0291517 -0.27432349 4278216192
1.5129433 -2.0004399 -0.26608884 4278216192
1.5595113 -2.0027952 -0.28232411 4278216192
1.6402413 -2.0081437 -0.27731305 4278216192
1.1918925 -1.9380095 -0.25418025 4278847754
1.2388312 -1.9719347 -0.27894497 4278532357
1.3181247 -1.9890764 -0.28150499 4278216192
1.3988335 -1.9936461 -0.28221691 4278216192
1.4759189 -1.9972365 -0.28372413 4278216192
1.5649593 -1.9947139 -0.27735701 4278216192
1.645509 -1.9947038 -0.28198257 4278216192
1.1688328 -1.8763467 -0.27590856 4278848010
1.2059569 -1.9070085 -0.30602303 4278848010
1.1058267 -1.7856683 -0.26146063 4278848010
1.1383798 -1.8094414 -0.29082033 4278848010
1.0391853 -1.6878017 -0.24803527 4278848010
1.0791942 -1.7204927 -0.28082383 4278848010
1.0193454 -1.6304375 -0.27081975 4278848010
1.053333 -1.6578052 -0.29905704 4278848010
0.9508273 -1.5333719 -0.25364137 4278848010
0.98861295 -1.564397 -0.28446549 4278848010
0.93058735 -1.4748811 -0.2768572 4278848010
0.96727359 -1.5074476 -0.30446577 4278848010
0.86705887 -1.3847312 -0.2610746 4278848010
0.89927888 -1.4090563 -0.28937927 4278848010
0.79734951 -1.2842247 -0.24526149 4278453252
0.8404265 -1.3208011 -0.27925667 4278782217
0.88069731 -1.351016 -0.31481266 4278848010
0.790115 -1.2369947 -0.27853382 4278782217
0.81445682 -1.2563742 -0.29896683 4278848010
0.79162747 -1.1951509 -0.28153604 4283585106
-0.10450516 -0.9768523 -0.27626842 4278503939
-0.036721583 -0.97544676 -0.29975531 4284067929
0.043996707 -0.96992809 -0.28899953 4286348412
0.0953952 -0.97267985 -0.25366896 4284900966
-0.10870278 -0.94846362 -0.25051445 4278503939
-0.035837743 -0.94565874 -0.26064718 4279746071
0.032518249 -0.95309848 -0.2620261 4285295724
0.11991392 -0.91849321 -0.27145603 4285098345
0.14458054 -0.85795557 -0.28299242 4286216826
0.18501098 -0.83346999 -0.25412974 4284966759
0.21670532 -0.77142286 -0.25890216 4288387995
0.24844119 -0.7392168 -0.24454957 4288453788
0.26368645 -0.70362139 -0.25052151 4288387995
-1.5455372 0.1500771 -0.24159604 4288387995
-1.6171103 0.21438116 -0.24052736 4288387995
-1.5591439 0.20435746 -0.24622177 4288387995
-1.5034997 0.21561348 -0.25408536 4288387995
-1.688604 0.2953158 -0.24137764 4288387995
-1.6362846 0.27835998 -0.24560916 4288387995
-1.5579008 0.28240457 -0.25533015 4288387995
-1.4779645 0.28573513 -0.26515219 4288387995
-1.6405067 0.35311425 -0.25369409 4288387995
-1.5649509 0.36089608 -0.26351005 4288387995
-1.4804169 0.36123836 -0.27353206 4288387995
-1.4100331 0.36132571 -0.28185385 4288387995
-1.640089 0.44138476 -0.26387876 4288387995
-1.5572721 0.43783602 -0.27325127 4288387995
-1.4796193 0.44112763 -0.28279924 4288387995
-1.3983898 0.43406382 -0.29158074 4288387995
-1.345452 0.46200538 -0.30104041 4288387995
-1.6405965 0.52748531 -0.27370507 4288387995
-1.5554557 0.51138598 -0.28191093 4288387995
-1.4786961 0.52679563 -0.29274499 4288387995
-1.3996882 0.51220238 -0.30039945 4288387995
-1.3164567 0.52761644 -0.31199813 4288387995
-1.6341681 0.59216547 -0.28189087 4288387995
-1.5603403 0.59237146 -0.29063299 4288387995
-1.4842883 0.60969859 -0.30160356 4288387995
-1.403666 0.59158218 -0.30904418 4288387995
-1.3368299 0.59291697 -0.31709015 4288387995
-1.6409336 0.67284602 -0.29035583 4288387995
-1.5602022 0.68045908 -0.30076367 4288387995
-1.4781705 0.67840409 -0.31021479 4288387995
-1.4135065 0.66901398 -0.31677288 4288387995
-1.6414313 0.76370549 -0.30072975 4288387995
-1.5562917 0.75400203 -0.30966988 4288387995
-1.494013 0.75029933 -0.31659922 4288387995
-1.642258 0.82652348 -0.30784497 4288387995
-1.5753863 0.83121026 -0.31628007 4288387995
-1.6499748 0.91235477 -0.31678897 4288387995
-1.2069095 0.95615292 -0.29371539 4284900966
-1.1834151 0.9492746 -0.27660146 4284900966
-1.0198985 0.95326889 -0.29577446 4284900966
-1.2807361 1.0368487 -0.30827555 4284900966
-1.2444708 0.99139792 -0.27707446 4284900966
-1.0547529 1.0017384 -0.27880031 4284900966
-1.0319729 0.96578521 -0.27939379 4284900966
-1.2847141 1.0720356 -0.28568995 4284703587
-1.2789462 1.0526721 -0.2649627 4284900966
-1.07245 1.0552291 -0.26517722 4284900966
-1.5240722 1.7244456 -0.27222607 4291480266
-1.5133765 1.7442731 -0.28597546 4291414473
-1.4927471 1.7997899 -0.27834132 4291217094
-1.4608418 1.8791404 -0.27940989 4290690750
-1.4387959 1.9154458 -0.31677166 4289901234
-1.6368612 1.9915098 -0.28187382 4278216192
-1.561752 1.9926745 -0.28105971 4278414851
-1.4755901 1.9851639 -0.2771953 4280058141
-1.425401 1.9654059 -0.2851859 4287275402
-1.2816308 1.9999219 -0.31339997 4278492420
-1.2312907 1.997496 -0.3064149 4281567026
-1.1887742 1.9960791 -0.29926294 4284900966
-1.3964489 2.0337038 -0.28204739 4278486532
-1.3175802 2.0077293 -0.28033543 4278424322
-1.2423884 2.0047061 -0.26614085 4280063004
-1.1611786 2.03193 -0.27615464 4284900966
-1.370702 2.1065207 -0.27930889 4278423042
-1.3521081 2.1386588 -0.28757998 4278424067
-1.1303196 2.0852602 -0.25763041 4284900966
-1.1008513 2.1209936 -0.28141463 4284900966
-1.318038 2.2009306 -0.2813139 4278425603
-1.0564603 2.1912832 -0.27751109 4284900966
-1.0297135 2.2256758 -0.29436937 4284900966
-1.2881417 2.2531254 -0.27977592 4278493187
-1.2651442 2.2931223 -0.27690962 4278428931
-0.9995535 2.2785549 -0.27935076 4284900966
-1.2266537 2.3609052 -0.28135306 4278430979
-1.1767577 2.4479134 -0.27764744 4278433539
-1.1372217 2.5175276 -0.28406286 4279019276
-1.1112849 2.54128 -0.27897102 4279966493
0.91851664 -2.6513522 -0.16254809 4278848010
0.99522823 -2.6608181 -0.16206974 4278848010
1.0528302 -2.6542871 -0.16818105 4278848010
0.90780741 -2.6210301 -0.16098955 4278848010
1.0269746 -2.5855298 -0.16458975 4278848010
1.0807008 -2.6035435 -0.16351533 4278848010
-0.74244219 -2.5116844 -0.17423148 4284572001
-0.68006444 -2.5314455 -0.17597577 4279242768
-0.59976614 -2.5329933 -0.18058823 4278848010
-0.51949739 -2.5325897 -0.18813457 4278848010
-0.44048733 -2.5326416 -0.1923997 4278848010
-0.35857862 -2.5326831 -0.19690527 4278848010
-0.27985802 -2.5329599 -0.19957201 4278848010
-0.19900504 -2.5334935 -0.20055553 4278848010
-0.12031274 -2.5340719 -0.20110157 4278848010
-0.040863883 -2.5351026 -0.1985013 4278848010
0.039401699 -2.5356128 -0.19961332 4278848010
0.11945551 -2.5363221 -0.19931108 4278848010
0.19901973 -2.5368466 -0.20028678 4278848010
0.28026968 -2.5363417 -0.19697802 4279242768
0.35855356 -2.5354121 -0.19452102 4279374354
0.43909001 -2.5333421 -0.19268349 4280098077
0.52654606 -2.5345314 -0.19320062 4279637526
0.60019439 -2.5355203 -0.19245288 4279308561
0.67982918 -2.5347316 -0.19648026 4278782217
0.75944883 -2.5321486 -0.19403106 4279571733
0.84043998 -2.5325322 -0.19532 4279374354
0.92359418 -2.5324247 -0.19882706 4279571733
1.0013424 -2.5354049 -0.19132917 4278782217
1.0910625 -2.5193684 -0.19587584 4278668039
1.1274225 -2.5011072 -0.182358 4278278913
-0.767259 -2.4757724 -0.1640695 4290953922
-0.68638521 -2.4548073 -0.17708001 4291282887
0.37930441 -2.446167 -0.16257983 4288387995
0.46769962 -2.440639 -0.16802093 4288387995
0.54429865 -2.4413929 -0.17316706 4288387995
0.62693059 -2.4396074 -0.17851619 4288387995
0.71558511 -2.4317272 -0.18379177 4288387738
0.72256315 -2.4698238 -0.18721616 4288387995
0.81545192 -2.4401162 -0.19107634 4288322459
0.92282045 -2.4386363 -0.19809222 4288387738
1.0342835 -2.4135153 -0.20354277 4288387739
1.0944229 -2.4648161 -0.18822791 4281563444
1.150573 -2.4355381 -0.19436212 4278215936
1.2091002 -2.4120231 -0.16258772 4282741574
-0.62864518 -2.3408678 -0.18635298 4291085508
0.46027318 -2.3723297 -0.16221903 4288387995
0.53358966 -2.3599746 -0.16612825 4288387995
0.6144678 -2.3598278 -0.17148839 4288387995
0.70248508 -2.3601727 -0.17736085 4288387995
0.79560441 -2.3466616 -0.18249536 4288387738
0.80370283 -2.3847921 -0.18599658 4288387993
0.90434772 -2.3630788 -0.1909934 4288387739
1.0200839 -2.3627734 -0.19865623 4288387995
1.1788754 -2.3743179 -0.19760999 4279003660
1.2130029 -2.3415744 -0.19526841 4278741256
-0.598701 -2.3138659 -0.17064576 4291217094
0.52609378 -2.3029842 -0.16120131 4288387995
0.60308737 -2.2869823 -0.16507132 4288387995
0.69010431 -2.2925467 -0.17128296 4288387995
0.78563452 -2.2997253 -0.17818545 4288387995
0.89133519 -2.3098662 -0.1859936 4288387995
1.2475514 -2.2786336 -0.19916193 4278216192
1.3039532 -2.2642879 -0.16044605 4288387995
-0.56045234 -2.2218208 -0.18738122 4290888129
-0.53226709 -2.1969557 -0.17224486 4291151301
1.273504 -2.2294629 -0.21070781 4278216192
1.2982053 -2.1924548 -0.19559212 4278216192
-1.5833622 -2.0813792 -0.16239643 4278913805
-0.47056955 -2.0883803 -0.17373009 4291019715
1.3376299 -2.1224456 -0.20064025 4278216192
1.3628765 -2.087323 -0.17798382 4278216192
1.5918479 -2.0907919 -0.16454566 4288322715
1.6452163 -2.1110053 -0.17098242 4283794261
-1.6158406 -2.0260799 -0.1653866 4278913803
-1.5647718 -2.0579667 -0.17007147 4278597382
-1.4810647 -2.0236206 -0.16932651 4278418691
-1.4361727 -2.0035975 -0.16457549 4278422531
1.3586612 -2.0735164 -0.23421104 4278216192
1.387243 -2.0382855 -0.19928098 4278216192
1.4977607 -2.001121 -0.19545893 4278216192
1.5600306 -2.0082099 -0.19801985 4278937867
1.6367186 -2.0210667 -0.20058069 4278216192
-1.6439785 -1.9915785 -0.16152605 4278913803
-1.4389716 -1.9968163 -0.17430757 4278487557
-0.41311836 -1.9872782 -0.17511304 4290888129
-0.38840365 -1.9663968 -0.16125104 4291085508
1.1699754 -1.9578258 -0.19580998 4278656775
1.2377567 -1.9859604 -0.20099226 4278215936
1.3180407 -1.9905244 -0.20120977 4278216192
1.3987377 -1.9952615 -0.20157871 4278216192
1.4629668 -1.9986119 -0.20408957 4278216192
1.5504532 -1.9988414 -0.21723026 4278216192
1.6274259 -1.9987295 -0.2231236 4278216192
-0.3360461 -1.8735123 -0.16298796 4291019715
1.1053561 -1.8652769 -0.18518008 4278848010
1.1374272 -1.8897194 -0.2131362 4278848010
1.0362141 -1.766397 -0.16872728 4278848010
1.0759221 -1.7997904 -0.20037045 4278848010
1.0184935 -1.7128501 -0.19127084 4278848010
1.0527064 -1.7391179 -0.22091068 4278848010
0.95001394 -1.6131737 -0.17663071 4278848010
0.98700923 -1.6455659 -0.20489739 4278848010
0.93129265 -1.5583863 -0.19875488 4278913803
0.96794701 -1.5882481 -0.22887893 4278848010
0.87248892 -1.4537057 -0.20429343 4278848010
0.89977306 -1.4889417 -0.21437486 4278782217
0.85650277 -1.4065471 -0.22203521 4279045389
0.91394204 -1.3918149 -0.1659437 4288519581
0.82760441 -1.3379989 -0.22930582 4280953386
0.89521581 -1.2938553 -0.17970304 4288256409
0.8603698 -1.2225835 -0.20325041 4288322202
0.82783413 -1.1551199 -0.22525346 4288322202
0.91183615 -1.1661885 -0.17146645 4288322202
0.14191949 -1.0408375 -0.16787897 4288914339
0.85444516 -1.0805407 -0.20966078 4288453788
0.91079402 -1.0683527 -0.1739435 4288322202
0.074868001 -0.96419001 -0.19679315 4285493103
0.11292063 -0.99098736 -0.19667928 4286611584
0.17337565 -0.98461908 -0.17036685 4288519581
0.87903488 -1.0095415 -0.19529097 4288322202
0.91008562 -0.97848141 -0.17606021 4288190616
-0.1067187 -0.91143769 -0.20485406 4279026444
-0.040401522 -0.9157337 -0.20121953 4283072842
0.035153665 -0.94185835 -0.1983967 4284966759
0.15103279 -0.94144583 -0.22257268 4285690482
0.19506241 -0.91342312 -0.19200021 4287072135
0.90920806 -0.8960855 -0.1781463 4288322202
0.21479107 -0.84920239 -0.21130203 4285756275
0.25542945 -0.82427382 -0.18250473 4287137928
0.90860617 -0.81988168 -0.17994191 4288256409
0.23253715 -0.79127347 -0.22877815 4286216826
0.28073803 -0.75695026 -0.19764896 4288256409
0.32355899 -0.74176109 -0.16020957 4288387995
0.93643242 -0.79429317 -0.1626664 4288387995
0.30026647 -0.68643779 -0.22123016 4288322202
0.34320867 -0.67472029 -0.18143818 4288387995
0.36465093 -0.60881209 -0.19996825 4288387995
0.40508699 -0.58184081 -0.17268871 4288387995
0.38838318 -0.55412602 -0.20880143 4288387995
0.43387336 -0.51853782 -0.18146597 4288387995
0.46299914 -0.46347675 -0.18460052 4288387995
0.49596444 -0.42897892 -0.1703594 4288387995
0.53522152 -0.37023631 -0.16469173 4288387995
-1.0483307 -0.16659835 -0.17796883 4284900966
-1.0068371 -0.17940313 -0.17778559 4284900966
-1.1232272 -0.087240495 -0.17975299 4287401100
-1.0931102 -0.13027161 -0.18209802 4287532686
-1.6631567 -0.033290993 -0.20665149 4288387995
-1.1313858 -0.054518297 -0.18503079 4287269514
-1.6431618 0.036895886 -0.21707183 4288387995
-1.5934794 0.075335264 -0.22735244 4288387995
-1.6398526 0.12017799 -0.22702523 4288387995
-1.5769762 0.12355893 -0.23483862 4288387995
-1.6429901 0.19315641 -0.23503418 4288387995
-1.5789762 0.16613042 -0.23949045 4288387995
-1.6663449 0.24877954 -0.23866287 4288387995
-0.98918533 0.79123116 -0.16291863 4287795858
-0.92071331 0.78898501 -0.16356286 4287795858
-0.84873146 0.7919541 -0.16434442 4287861651
-0.76923186 0.79202223 -0.16365959 4288585374
-0.68829155 0.7942583 -0.16400665 4289111718
-0.59636116 0.79278642 -0.16246727 4288387995
-0.52136439 0.79364938 -0.16220617 4288387995
-0.4460226 0.79515457 -0.16225156 4288387995
-0.37739313 0.79490042 -0.16150984 4288387995
-1.0054799 0.84734327 -0.17966868 4289901234
-0.91929084 0.83159375 -0.1840883 4289967027
-0.84053397 0.82427937 -0.17985164 4289967027
-0.76107448 0.82290727 -0.17847294 4290361785
-0.68003082 0.81784105 -0.17529939 4290559164
-0.60725784 0.81187958 -0.17176886 4288387995
-0.52842659 0.80691439 -0.1686638 4288322202
-0.44935134 0.80371255 -0.16640703 4288387995
-1.1751846 0.95563298 -0.21701443 4284900966
-1.028977 0.88621157 -0.17563061 4290888129
-1.233174 0.99714476 -0.20170364 4284900966
-1.1868455 0.96463627 -0.1885469 4284900966
-1.0593746 1.0014518 -0.19866504 4284900966
-1.0335305 0.96797782 -0.21201444 4284900966
-1.2708904 1.0642639 -0.19696566 4284835173
-1.0821707 1.060761 -0.19635552 4284900966
-1.5247668 1.7496082 -0.21903828 4291480266
-1.5232695 1.7702518 -0.18563658 4291480266
-1.5052097 1.807236 -0.20192233 4291348680
-1.4769299 1.8795303 -0.19899356 4291019715
-1.6407415 1.9982643 -0.22207363 4278215936
-1.5667254 1.9988304 -0.22638059 4278414595
-1.4561257 1.9530739 -0.19713682 4288918179
-1.4334272 1.9844692 -0.20688438 4289638062
-1.6343408 2.0025134 -0.18556468 4278216192
-1.5597727 2.0030694 -0.1900287 4278414595
-1.4794229 2.0037377 -0.19422755 4278417156
-1.4055237 2.0356863 -0.19882926 4281371441
-1.318226 2.0203247 -0.20171861 4278424067
-1.2388301 2.0153816 -0.19770266 4280324384
-1.1746588 2.0398757 -0.20459735 4284900966
-1.3815199 2.1096928 -0.19818221 4278356482
-1.347826 2.1411517 -0.19727986 4278423299
-1.1374563 2.101505 -0.19177115 4284900966
-1.1090546 2.1405456 -0.20359094 4284900966
-1.3185885 2.1927042 -0.20136255 4278425091
-1.0712042 2.1994023 -0.20285925 4284900966
-1.2887125 2.2453821 -0.20553441 4278426883
-1.2658236 2.2845061 -0.19514368 4278428419
-1.04435 2.2496552 -0.18183565 4284900966
-1.0152709 2.2868786 -0.20057096 4284900966
-1.2264675 2.3538783 -0.2004101 4278430467
-0.99053609 2.3271737 -0.19566968 4284900966
-1.1785932 2.4378643 -0.20239379 4278433027
0.78496748 2.4359159 -0.16302823 4288387995
0.80820584 2.4668117 -0.16111939 4288322202
-1.1353539 2.5131805 -0.19826473 4278434820
-1.1081853 2.5507977 -0.19578651 4279053071
0.77982634 2.5178223 -0.16719569 4283453520
0.8157391 2.5141504 -0.16235776 4284572001
-1.635058 -5.7911186 -0.11020892 4289901234
-1.5660338 -5.771225 -0.1075292 4289901234
-1.5137905 -5.7561584 -0.094303511 4289901234
0.53858167 -2.6411765 -0.10610414 4278848010
0.60223162 -2.643883 -0.11453182 4278848010
0.67868119 -2.6473694 -0.11680066 4278848010
0.75824416 -2.6512363 -0.11809856 4278848010
0.83906758 -2.655091 -0.12320075 4278848010
0.92155504 -2.6595135 -0.11587851 4278848010
1.0035057 -2.6633146 -0.12040513 4278848010
1.0550816 -2.656543 -0.12213172 4278848010
0.13135791 -2.5652409 -0.12248357 4278848010
0.20530973 -2.5809922 -0.12669788 4278848010
0.2933023 -2.6153591 -0.11760138 4278848010
0.36231697 -2.6235015 -0.1158153 4278848010
0.44243526 -2.6245563 -0.11875912 4278848010
0.5161947 -2.623589 -0.12731862 4278848010
0.60058773 -2.6007595 -0.14584813 4278848010
0.65704393 -2.6078138 -0.14880516 4278848010
0.76831526 -2.6012058 -0.15355794 4278848010
0.87429917 -2.5667508 -0.15660898 4278848010
0.88758177 -2.5882692 -0.15834546 4278848010
1.0896877 -2.60309 -0.11931925 4278848010
-0.74380749 -2.5402777 -0.12088402 4278848010
-0.68106419 -2.5322709 -0.12267719 4279834905
-0.59992349 -2.541677 -0.11947031 4278848010
-0.51975679 -2.5422223 -0.12032426 4278848010
-0.43964204 -2.5423827 -0.11892935 4278848010
-0.35971016 -2.5417354 -0.11458335 4278848010
-0.27999899 -2.5407093 -0.11282906 4278848010
-0.20048021 -2.540633 -0.11286364 4278782217
-0.12013426 -2.5370388 -0.11727677 4279637526
-0.039257858 -2.5354822 -0.11712992 4279571733
0.039539766 -2.5363028 -0.1193986 4279505940
0.11859173 -2.5377343 -0.11994434 4279308561
0.19765091 -2.5360429 -0.12236485 4279505940
0.27912095 -2.5386353 -0.12131037 4278979596
0.35859102 -2.540494 -0.12129584 4278782217
0.4377273 -2.5413957 -0.12078567 4278848010
0.52164781 -2.5410857 -0.12241445 4278848010
0.60050327 -2.5414076 -0.1198174 4278782217
0.67869657 -2.5376377 -0.11993975 4278848010
0.7570979 -2.5383983 -0.12193847 4278848010
0.83835357 -2.5361485 -0.12241112 4278979596
0.91983694 -2.5379269 -0.11950289 4278979596
0.99729729 -2.5365131 -0.12358015 4278979596
1.0903379 -2.5255957 -0.12130027 4278467076
1.1398554 -2.5134816 -0.11787948 4278277378
-0.82465273 -2.4406536 -0.10735517 4290953922
-0.75961852 -2.4602265 -0.11931884 4290953922
-0.68809718 -2.4711211 -0.1049809 4281742902
-0.61949569 -2.4427214 -0.10842595 4282006074
-0.27549243 -2.4022756 -0.095297985 4288387995
-0.19870207 -2.4186099 -0.099672958 4286611584
-0.11674369 -2.4372833 -0.11797325 4286414205
-0.042026013 -2.4427874 -0.12379227 4285887861
0.037797701 -2.4384995 -0.12843999 4287006342
0.13123626 -2.441627 -0.13318622 4286545791
0.20877826 -2.4427779 -0.13446374 4286348412
0.28077155 -2.4403594 -0.1400256 4287203721
0.36297971 -2.4330251 -0.13909107 4286874756
0.46297964 -2.4341698 -0.1308109 4288387995
0.53457415 -2.429652 -0.13385488 4285953654
0.57248688 -2.4531183 -0.13682222 4287401100
0.6740396 -2.4386988 -0.1407204 4288387995
0.78669906 -2.4248395 -0.14515679 4288387995
0.81039762 -2.4632316 -0.14825499 4288322459
0.92993492 -2.4382043 -0.15242121 4288191385
1.0998683 -2.4547172 -0.14593619 4282088763
1.1636062 -2.442065 -0.11763801 4278216192
1.2103583 -2.4137635 -0.11580329 4278216192
-0.59356797 -2.3692439 -0.12958571 4280427042
-0.54915631 -2.3283043 -0.10686 4278848010
-0.43126878 -2.3304958 -0.084396936 4288387995
-0.35595587 -2.3453403 -0.088626221 4288387995
-0.27610791 -2.3598824 -0.093047634 4288387995
-0.19442683 -2.3552244 -0.09654662 4288387995
-0.11905246 -2.3629763 -0.11290994 4288387995
-0.040318631 -2.3569093 -0.11537129 4288387995
0.040479351 -2.3644922 -0.12332023 4288387995
0.1252552 -2.3597302 -0.1295568 4288387995
0.19520271 -2.3584867 -0.12922245 4288387995
0.26124522 -2.3609133 -0.13398924 4288387995
0.34984973 -2.3612809 -0.14385058 4288387995
0.43228206 -2.3487704 -0.13504802 4288387995
0.52153152 -2.3598926 -0.12960112 4288387995
0.62108147 -2.3474162 -0.13350914 4288387995
0.64446473 -2.3877244 -0.13669327 4288387995
0.74743474 -2.3612351 -0.14002371 4288387995
0.8664304 -2.3417914 -0.14445788 4288322459
0.89268053 -2.3816454 -0.14774959 4288453275
1.0210469 -2.3658538 -0.1281659 4283728725
1.0589652 -2.3545766 -0.1155405 4280775462
1.1805377 -2.3738902 -0.11987087 4278609926
1.2339958 -2.3550746 -0.11717058 4278347522
-0.56934386 -2.2873926 -0.15524669 4291414473
-0.51179731 -2.2968745 -0.098363288 4286677377
-0.43450141 -2.2855179 -0.081891321 4288387995
-0.36083245 -2.2772002 -0.084831417 4288387995
-0.28335884 -2.2800038 -0.08852873 4288387995
-0.21097739 -2.2827835 -0.091991402 4288387995
-0.11308827 -2.2803247 -0.10706436 4288387995
-0.038990006 -2.2814739 -0.11401531 4288387995
0.040371697 -2.2791255 -0.11686727 4288387995
0.12900332 -2.2815068 -0.12273265 4288387995
0.21017258 -2.2824938 -0.12409503 4288387995
0.28661245 -2.2748096 -0.13121444 4288387995
0.36955124 -2.2806315 -0.13834545 4288387995
0.45397025 -2.2745466 -0.13920914 4288387995
0.50722933 -2.2816224 -0.14335522 4288387995
0.58180064 -2.2797043 -0.12816024 4288387995
0.69643188 -2.2786107 -0.13335599 4288387739
0.72363359 -2.28146 -0.11189495 4285039208
0.83772373 -2.2872941 -0.12682937 4285631601
0.91876 -2.2605195 -0.11012018 4281234990
0.9801752 -2.2949052 -0.14721303 4288387740
1.1035197 -2.289351 -0.11634012 4280775462
1.1401525 -2.2775698 -0.13346592 4283860054
1.2547017 -2.2858114 -0.11557965 4278413059
1.2985377 -2.2697833 -0.11832394 4279528468
-1.6322098 -2.1763048 -0.085120425 4278216192
-0.50052387 -2.2065127 -0.13118149 4282992969
-0.44413421 -2.1744871 -0.089567423 4278848010
-0.35597768 -2.2146122 -0.081773616 4288387995
-0.27716035 -2.2008746 -0.084665395 4288387995
-0.19832477 -2.2000024 -0.088232562 4288387995
-0.10767926 -2.1988361 -0.10376818 4288387995
-0.036136225 -2.2018585 -0.10626622 4288387995
0.043222781 -2.2008018 -0.11333439 4288387995
0.12436212 -2.2050929 -0.11714624 4288387995
0.19196458 -2.2070096 -0.11712053 4288387995
0.27056924 -2.211081 -0.12304996 4288387995
0.35047778 -2.2082248 -0.11971345 4288387995
0.43348536 -2.2000947 -0.12028422 4288387995
0.5313223 -2.1926949 -0.12128662 4288387995
0.62151909 -2.171804 -0.10075986 4288387995
0.654571 -2.2107966 -0.12788343 4288387995
0.76563323 -2.1967435 -0.10970991 4283857238
0.92332059 -2.2084692 -0.12559137 4284975463
0.97614324 -2.1828053 -0.10051399 4278216192
1.0734506 -2.2025847 -0.14664876 4288387995
1.1808602 -2.2174459 -0.11006786 4278216194
1.2548157 -2.2059431 -0.11785025 4281300527
1.3198247 -2.2035477 -0.11736663 4278937867
1.3658456 -2.1740046 -0.11711486 4280185118
1.6704141 -2.1783376 -0.094770238 4278216192
-1.6891313 -2.0835805 -0.084423266 4278216193
-1.6341858 -2.1157463 -0.10700594 4278469636
-1.5624491 -2.1143744 -0.11369321 4278412547
-1.4928443 -2.0925777 -0.095713057 4278420995
-0.4510088 -2.1252649 -0.12860847 4286216826
-0.2713061 -2.1296699 -0.081201762 4288387995
-0.20027325 -2.1211185 -0.084008731 4288387995
-0.11954857 -2.1279974 -0.090994589 4288387995
-0.042659815 -2.1192863 -0.092849284 4288387995
0.039487831 -2.1150327 -0.094677195 4288387995
0.12781972 -2.1248801 -0.099241309 4288387995
0.21210484 -2.1210437 -0.10290267 4288387995
0.30005169 -2.1185181 -0.10680055 4288387995
0.38445675 -2.1091149 -0.11017569 4288387995
0.44725209 -2.1165965 -0.11344552 4288387995
0.5032413 -2.1263371 -0.11057114 4288387995
0.60668087 -2.1267772 -0.11339849 4288387995
0.68189335 -2.1070442 -0.10036217 4288387995
0.7506327 -2.1459284 -0.11899921 4286024312
0.8433283 -2.1168408 -0.11224688 4283202636
0.88452244 -2.1592405 -0.13571902 4288387995
1.012737 -2.1271124 -0.12354374 4283925591
1.0525761 -2.0972633 -0.10567698 4278216192
1.1770297 -2.1089177 -0.14648619 4288387995
1.2463129 -2.1401808 -0.12394325 4280709926
1.3365674 -2.1269221 -0.1148167 4278281729
1.377315 -2.1208711 -0.1212407 4280184606
1.4830353 -2.1480048 -0.10213898 4278216192
1.6488584 -2.1185298 -0.11713687 4278216192
-1.6469399 -2.0439925 -0.13415377 4278913802
-1.5421923 -2.0717037 -0.14929077 4278478596
-1.4759687 -2.0540233 -0.13038917 4278420739
-1.4271039 -2.0410388 -0.11486369 4278424579
-0.43163353 -2.0547647 -0.15235049 4291282887
-0.38385129 -2.0397892 -0.1093123 4282006074
-0.18616661 -2.0588119 -0.081389569 4288387995
-0.11803734 -2.0308075 -0.083044 4288387995
-0.036090467 -2.0459151 -0.087591156 4288387995
0.040322766 -2.0393357 -0.090748079 4288387995
0.1072474 -2.0396829 -0.093833148 4288387995
0.18090582 -2.0416694 -0.097312793 4288387995
0.25955895 -2.0400674 -0.10083319 4288387995
0.34748635 -2.041476 -0.10493644 4288387995
0.44341034 -2.0411587 -0.10931565 4288387995
0.54566413 -2.04704 -0.099091902 4288387995
0.57768434 -2.0343516 -0.091789566 4288387995
0.67939979 -2.0471249 -0.11022058 4288387995
0.7588408 -2.0205531 -0.10584134 4288322458
0.83770174 -2.0619228 -0.1142347 4284056664
0.91872495 -2.0288935 -0.11266746 4282415936
0.96706486 -2.0621207 -0.13441153 4288387995
1.0990174 -2.0382762 -0.11947581 4281891128
1.1329089 -2.0388017 -0.12862656 4283991129
1.3319383 -2.0543292 -0.12735713 4282481728
1.3941727 -2.039593 -0.11849587 4278216192
1.4860414 -2.0054493 -0.11442726 4278413059
1.5612082 -2.0108542 -0.11994576 4278478596
1.6345162 -2.0266671 -0.12305127 4278216192
-1.6682576 -1.9803658 -0.14926597 4278913803
-0.3424226 -1.9525559 -0.11947045 4285032552
-0.1015681 -1.9805079 -0.081162319 4288387995
-0.038615108 -1.959065 -0.082923509 4288387995
0.040829938 -1.9619807 -0.086716972 4288387995
0.1302527 -1.9645828 -0.090951301 4288387995
0.21884647 -1.9611905 -0.094833449 4288387995
0.2987155 -1.9522511 -0.098024949 4288387995
0.37602448 -1.9521691 -0.10156348 4288387995
0.42768762 -1.9700918 -0.10487033 4288387995
0.5071286 -1.9567717 -0.098012179 4288387995
0.61820781 -1.966186 -0.10243624 4288387995
0.66650951 -1.9290572 -0.095221199 4288387995
0.75857306 -1.9640785 -0.10805522 4288256921
0.84967399 -1.9323329 -0.11430023 4288257177
0.92362195 -1.9765526 -0.11454032 4283269198
1.001851 -1.9374163 -0.11571086 4282547266
1.0953193 -1.9530694 -0.1096051 4280889384
1.1610534 -1.9762076 -0.12031218 4278342146
1.2374705 -1.9828391 -0.12283109 4279397394
1.3179566 -1.9919729 -0.12083282 4278216192
1.4005791 -1.9932491 -0.121765 4278347266
1.453526 -1.9856672 -0.13488951 4280644133
1.6938967 -1.9992971 -0.13895386 4278216450
-0.28868115 -1.8724871 -0.11148988 4287664272
-0.017695585 -1.9073924 -0.081173852 4288387995
0.035357662 -1.8844242 -0.082401358 4288387995
0.10227618 -1.8806822 -0.085271858 4288387995
0.18375361 -1.8757288 -0.088745967 4288387995
0.25868821 -1.8790195 -0.092352502 4288387995
0.34957901 -1.8794196 -0.096538641 4288387995
0.45062357 -1.8767245 -0.099076964 4288387995
0.54436612 -1.8765969 -0.093147971 4288387995
0.57274914 -1.8803072 -0.09842068 4288387995
0.68987912 -1.8773193 -0.10058586 4288387995
0.79928398 -1.8405995 -0.11511216 4288387995
0.83847117 -1.8801013 -0.10883359 4288126359
1.0045553 -1.880796 -0.1148007 4283725396
1.074194 -1.8785931 -0.12279152 4278783497
1.1680712 -1.8725947 -0.13368943 4288387995
1.2279341 -1.8990742 -0.12112366 4279922459
1.3550848 -1.8452663 -0.14082713 4288387995
1.3934996 -1.8851002 -0.14467542 4288387995
1.597522 -1.8402923 -0.15167645 4288387995
1.6431738 -1.8834742 -0.15603192 4288387995
-0.26740876 -1.8052324 -0.13106783 4290624957
-0.2139664 -1.7725353 -0.093127996 4288387995
0.072648436 -1.8200259 -0.080734864 4288387995
0.13989466 -1.8082336 -0.083198518 4288387995
0.21633036 -1.801526 -0.086349793 4288387995
0.30004287 -1.7940323 -0.08979331 4288387995
0.37386173 -1.7880547 -0.092862882 4288387995
0.4446035 -1.8208131 -0.08797285 4288387995
0.50473571 -1.7943082 -0.093413979 4288387995
0.61333436 -1.7941414 -0.094106279 4288387995
0.64955664 -1.8259773 -0.10748462 4288387995
0.75836545 -1.7978725 -0.10346352 4288387995
0.87935889 -1.8390056 -0.10130382 4287865234
0.91561639 -1.8077701 -0.11245224 4288257177
1.0226966 -1.792201 -0.12268828 4278913803
1.0651903 -1.8093011 -0.13407668 4282269758
1.1277226 -1.8270094 -0.12945132 4288387995
1.2729568 -1.7600921 -0.13259964 4288387995
1.3135284 -1.8021677 -0.13666405 4288387995
1.5536565 -1.7987919 -0.14749134 4288387995
-0.2435565 -1.7513554 -0.13925199 4291282887
-0.1971204 -1.7049538 -0.11778925 4290032820
0.19418536 -1.7302243 -0.081597932 4288387995
0.26097193 -1.7266862 -0.084473021 4288387995
0.35052267 -1.7182479 -0.088134557 4288387995
0.44446194 -1.7147899 -0.087094501 4288387995
0.54090023 -1.7175313 -0.087455995 4288387995
0.58196211 -1.7301075 -0.099362224 4288387995
0.6841898 -1.7196692 -0.099709116 4288387995
0.74320549 -1.7510698 -0.10483977 4288387995
0.85642976 -1.7164587 -0.11122463 4288387995
0.88480413 -1.7511945 -0.11434546 4288387995
0.99604887 -1.7200116 -0.13435802 4280492835
1.0512574 -1.7406261 -0.12141962 4288387995
1.1959001 -1.6801867 -0.12488025 4288387995
1.2339784 -1.7196747 -0.12869489 4288387995
1.4342225 -1.685812 -0.13609657 4288387995
1.4797993 -1.728925 -0.14044489 4288387995
-0.18951073 -1.6641228 -0.13551679 4291282887
-0.13996702 -1.6248356 -0.10608345 4289374890
0.23017156 -1.6735919 -0.080278903 4288387995
0.3012256 -1.6383861 -0.081689827 4288387995
0.37410197 -1.6335701 -0.084777012 4288387995
0.43144986 -1.6641794 -0.086501569 4288387995
0.51823258 -1.6397189 -0.091704249 4288387995
0.62928438 -1.6161361 -0.095557429 4288387995
0.65722519 -1.6530284 -0.098771401 4288387995
0.78123188 -1.6244049 -0.1029539 4288387995
0.81657505 -1.6676716 -0.10684117 4288387995
0.94769663 -1.6306775 -0.13794743 4281808695
0.97467798 -1.6636107 -0.13050488 4284308829
1.1552984 -1.6380813 -0.12081284 4288387995
1.3524526 -1.6084558 -0.12829514 4288387995
1.3904299 -1.6443857 -0.13191848 4288387995
1.6427531 -1.6272181 -0.14258175 4288387995
1.6891456 -1.6669581 -0.1467905 4288387995
-0.11742377 -1.5659949 -0.11888254 4290361785
-0.064514101 -1.5247846 -0.086972028 4288387995
0.37483472 -1.5954509 -0.082812846 4288387995
0.47333705 -1.5760434 -0.086309448 4288387995
0.48504055 -1.5926394 -0.087715738 4288387995
0.59726757 -1.5738661 -0.091874667 4288387995
0.71215057 -1.5398369 -0.095355868 4288387995
0.74143225 -1.5756835 -0.098576486 4288387995
0.86762691 -1.5331759 -0.10213158 4288387995
0.90588683 -1.576398 -0.10615031 4288387995
0.99478722 -1.5623233 -0.11121679 4288585374
1.0789994 -1.5589576 -0.11316933 4288387995
1.2690291 -1.5295466 -0.12033606 4288387995
1.3158214 -1.5738062 -0.12480033 4288387995
1.5594645 -1.5558759 -0.13502578 4288387995
1.6031237 -1.5932716 -0.13898654 4288387995
-0.09173736 -1.5063741 -0.12871921 4291217094
-0.051510811 -1.4662571 -0.11007566 4289967027
0.84902751 -1.5121579 -0.1001779 4288387995
0.93427849 -1.498209 -0.15100083 4288453788
1.0140797 -1.4924901 -0.10752289 4288322202
1.0406331 -1.5191758 -0.1093259 4288387995
1.1908257 -1.4555647 -0.1128749 4288387995
1.2283516 -1.4910631 -0.11645512 4288387995
1.4307157 -1.4455986 -0.12334576 4288387995
1.4808898 -1.4885738 -0.12789753 4288387995
-0.027102673 -1.4051529 -0.12226848 4291217094
0.0087010665 -1.3810259 -0.098271199 4289374890
1.0071875 -1.4050474 -0.10622054 4288322202
1.0416448 -1.3610189 -0.085056968 4288322202
1.4064312 -1.4247946 -0.12114263 4288387995
1.6594262 -1.3886981 -0.13084456 4288387995
0.038553324 -1.315485 -0.10728661 4290756543
0.9499529 -1.3482069 -0.14378136 4288453788
0.98467684 -1.3061601 -0.12241106 4288256409
0.070582956 -1.2444558 -0.11741838 4291217094
0.099620923 -1.2372875 -0.090028033 4289572269
0.93015265 -1.2536552 -0.15816273 4288256409
0.99103564 -1.2402136 -0.11957663 4288387995
1.0505338 -1.2264097 -0.081880674 4288256409
0.11842703 -1.1474222 -0.10961179 4290822336
0.94463354 -1.1302435 -0.15121205 4288453788
1.0122427 -1.1592033 -0.1075501 4288519581
0.077781796 -1.0730726 -0.083835699 4290295992
0.11592633 -1.0747613 -0.11999775 4290098613
0.18424171 -1.0717067 -0.10272041 4290427578
0.9917174 -1.0786495 -0.1221346 4288322202
0.062781207 -0.98667854 -0.10929553 4288256409
0.10026707 -1.01484 -0.13442063 4288651167
0.20458341 -1.0034684 -0.12395184 4290493371
0.25224525 -0.9751671 -0.089566372 4290427578
0.95764494 -1.0193483 -0.14496677 4288256409
1.0122035 -1.0086274 -0.11036438 4288453788
-0.087961875 -0.88293153 -0.14898172 4284900965
-0.035110854 -0.90066767 -0.12097323 4285098345
0.025097588 -0.93972516 -0.12579365 4286216826
0.22638488 -0.93900383 -0.14116332 4289638062
0.26796716 -0.91366154 -0.11158013 4290756543
0.94019359 -0.94836581 -0.15741332 4288387995
0.99459094 -0.92253441 -0.1231936 4288322202
1.0447828 -0.92820692 -0.091072977 4288519581
-0.091551781 -0.87243313 -0.11397116 4284835429
-0.07507176 -0.87683529 -0.10124198 4284900966
0.28972483 -0.84569341 -0.13108012 4289572269
0.33268309 -0.82639569 -0.096117064 4288387995
0.95238578 -0.85471022 -0.15137114 4288322202
1.0041127 -0.83127266 -0.11881059 4288519581
1.0520115 -0.83651781 -0.088160463 4288387995
0.30811489 -0.78325647 -0.15071842 4288453788
0.3567687 -0.75618559 -0.11447179 4288322202
1.0004699 -0.75339067 -0.12257685 4288387995
1.058602 -0.75292218 -0.085505135 4288453788
0.37960756 -0.68378592 -0.13556285 4288387995
0.41985011 -0.66946262 -0.10042619 4288387995
0.94789678 -0.71415079 -0.15683833 4288387995
0.99851179 -0.66941029 -0.12538166 4288256409
1.0524971 -0.68755114 -0.090610296 4288387995
0.3951655 -0.62366241 -0.15687303 4288387995
0.44134545 -0.59890085 -0.12185643 4288387995
0.48683709 -0.57743585 -0.085489593 4288387995
1.0067225 -0.5995574 -0.12143818 4288387995
1.0567355 -0.5975979 -0.089572959 4288322202
0.46242106 -0.531434 -0.14178666 4288387995
0.50469142 -0.51470906 -0.10593625 4288387995
1.0142959 -0.53513068 -0.11780093 4288387995
1.0586888 -0.49873102 -0.090158626 4288387995
0.52715552 -0.44246718 -0.12739056 4288387995
0.57064968 -0.42439637 -0.091052704 4288387995
1.0214685 -0.47539723 -0.11433223 4288387995
1.0518064 -0.43485579 -0.095731907 4288387995
0.54948348 -0.37662578 -0.14490238 4288387995
0.59167624 -0.35393864 -0.11294948 4288387995
1.0652877 -0.36085454 -0.088503212 4288387995
0.61848313 -0.29086116 -0.12376251 4288387995
0.65601099 -0.26579276 -0.098468557 4288387995
1.0774924 -0.29358923 -0.081964538 4288387995
1.5383183 -0.27652404 -0.080497913 4288387995
-1.0450612 -0.16385546 -0.13498707 4284900966
-1.0118715 -0.1705648 -0.1206615 4284900966
0.6398353 -0.23735416 -0.13446252 4288387995
0.68589854 -0.20315191 -0.10561039 4288387995
0.72380906 -0.1686877 -0.085902341 4288387995
1.5101014 -0.19206071 -0.081689544 4288387995
1.5242602 -0.23444295 -0.081091613 4288387995
-1.1267537 -0.089765102 -0.11540005 4284900966
-1.0863446 -0.13518703 -0.1175139 4285887861
0.71382546 -0.15163465 -0.10779858 4288387995
0.74512953 -0.12191663 -0.092330754 4288387995
1.4849627 -0.11679912 -0.08275158 4288124823
-1.1400373 -0.051142462 -0.11755859 4284900966
0.78411931 -0.063117959 -0.086993322 4288387995
0.80616546 -0.032297015 -0.082425199 4288387995
1.4636559 -0.053015668 -0.083651543 4285032552
1.069587 0.11202163 -0.081914462 4286348412
1.1268349 0.2165091 -0.082233869 4288387995
1.104965 0.27879691 -0.083090164 4288387995
1.3401855 0.31660593 -0.0888668 4288387995
1.5078872 0.30347657 -0.080369592 4284900966
0.8493489 0.39190668 -0.080078095 4288387995
1.0758765 0.36165693 -0.084229551 4288387995
1.3248891 0.36239812 -0.089512944 4288387995
0.83500177 0.43112651 -0.080605082 4286282619
1.03742 0.47119236 -0.085735537 4288387995
1.0508575 0.43292183 -0.085209437 4288387995
1.2992035 0.43928808 -0.090597801 4288387995
1.5073276 0.46450391 -0.08111877 4288387995
1.5550854 0.44664508 -0.087766737 4288322202
1.0198636 0.52120119 -0.086423151 4287730065
1.269766 0.52741605 -0.091841333 4288387995
1.2836696 0.48578912 -0.091253884 4288387995
1.4320666 0.54293936 -0.08006683 4288387995
1.4676317 0.50587308 -0.080563903 4288387995
1.5671189 0.51989019 -0.097972237 4288387995
1.0000812 0.57754683 -0.08719784 4285690482
1.2452483 0.60081202 -0.092876934 4288387995
1.5403312 0.60517246 -0.099211551 4288387995
-1.6940055 0.65692568 -0.10688902 4288387995
-1.6421986 0.64887035 -0.10253852 4288387995
-1.556126 0.65499777 -0.10471516 4288387995
-1.4309394 0.65318376 -0.1027104 4288387995
-1.3370969 0.65509993 -0.10278689 4288387995
-1.0718446 0.67760396 -0.095527135 4288387995
-1.0156626 0.69945252 -0.11033721 4288387995
-0.92296666 0.68839079 -0.11509524 4288387995
-0.83968395 0.69211292 -0.11613751 4288387995
-0.75759876 0.68993843 -0.11434837 4288387995
-0.6790821 0.69265109 -0.11494704 4288387995
-0.59991783 0.69269896 -0.11425546 4288387995
-0.51868433 0.6956166 -0.11492854 4288387995
-0.43906543 0.69583881 -0.11431689 4288387995
-0.3589642 0.69643432 -0.11388096 4288387995
-0.27939871 0.69681305 -0.11334509 4288387995
-0.2004631 0.69709998 -0.11277093 4288387995
-0.11890683 0.69949144 -0.11318737 4288387995
-0.052464116 0.69062489 -0.10831378 4288387995
1.2187169 0.6802339 -0.093997486 4287730065
1.5132378 0.69143039 -0.10046507 4288387995
1.5241202 0.65678978 -0.099961765 4288387995
-1.002707 0.76115495 -0.11811454 4286348412
-0.91847581 0.74841279 -0.1439863 4288387995
-0.83700722 0.75366241 -0.14578122 4288190616
-0.75812411 0.74913692 -0.14288785 4288256409
-0.67648232 0.75320166 -0.14411005 4288322202
-0.59862721 0.75134867 -0.14251399 4288387995
-0.5201776 0.75598085 -0.14403863 4288387995
-0.4387736 0.75432754 -0.14250679 4288387995
-0.35771406 0.75637883 -0.14276393 4288387995
-0.2781024 0.75261396 -0.14023052 4288387995
-0.20282115 0.74493915 -0.13585149 4288387995
-0.13794735 0.72926152 -0.12770906 4288387995
-0.031219864 0.78314823 -0.096818797 4288453788
0.010133914 0.79467398 -0.098190375 4288387995
1.1972976 0.74436378 -0.094902523 4285361517
1.2026681 0.72827142 -0.094675153 4285822068
1.4931535 0.75536638 -0.10139407 4288387995
1.6561435 0.77210283 -0.08738932 4288387995
1.6958456 0.73200607 -0.087955773 4288387995
-1.0003617 0.83922708 -0.11962311 4286677377
0.047746193 0.82958561 -0.089995079 4289045925
0.082028568 0.87527376 -0.08873944 4286743170
1.4673526 0.83750254 -0.1025876 4288256409
1.5773677 0.85165739 -0.086265244 4288387995
1.6166363 0.8120029 -0.086825646 4288387995
-1.0202087 0.90043938 -0.11322574 4290427578
0.093329795 0.91732383 -0.088627003 4289243304
1.437529 0.93243974 -0.10396703 4285361517
1.4731684 0.91649842 -0.094343834 4287269514
1.5339677 0.8954863 -0.085645929 4288387995
-1.2263559 1.0073361 -0.12359589 4284900966
-1.1810124 0.97384924 -0.11990112 4284900966
-1.0654961 1.005868 -0.12120064 4284900966
0.075284854 1.0335115 -0.096555285 4291414473
0.089897677 0.99700743 -0.091155574 4291085508
-1.2592579 1.0672077 -0.11569484 4284900710
-1.0933627 1.0639857 -0.11342797 4284900966
0.045497339 1.0697272 -0.096703433 4291414473
1.296111 1.6676332 -0.087070115 4288322459
1.2416761 1.7205347 -0.086274661 4288387995
-1.5247324 1.7973096 -0.12489692 4291480266
-1.5138888 1.8220147 -0.12973569 4291414473
1.1831105 1.7774462 -0.085418694 4288387739
-1.4924412 1.8803037 -0.12067359 4291282887
-1.4609288 1.9594059 -0.12028593 4290756543
1.4169192 1.9960864 -0.088853076 4278870023
1.4799149 1.9959227 -0.091518395 4279261966
1.567214 1.9957556 -0.088998735 4279657238
1.6106029 1.9956539 -0.089744069 4281232433
-1.6371551 2.0100255 -0.11924764 4278215936
-1.5616559 2.0111585 -0.11876296 4278348547
-1.4751819 2.011843 -0.11647193 4280516899
-1.4120821 2.041311 -0.12057094 4283732820
-1.3173629 2.0329309 -0.12237255 4278423811
-1.2371601 2.0278039 -0.12113802 4280193822
-1.1848224 2.0561633 -0.12434773 4284900966
0.85965258 2.0543215 -0.12141514 4288322202
1.3870319 2.023716 -0.088402413 4278673670
-1.3941226 2.1120903 -0.11763462 4278880010
-1.3425559 2.1428161 -0.11404182 4278423043
-1.1464002 2.1185977 -0.11711778 4284900966
-1.1133075 2.1546774 -0.15359984 4284900966
0.84076566 2.1214142 -0.12976894 4288322202
-1.3081923 2.2038665 -0.12390399 4278425091
-1.1256957 2.1625581 -0.088319831 4284900966
-1.091729 2.1999357 -0.12493306 4284900966
0.82992285 2.1984563 -0.13740695 4288322202
-1.2890747 2.240469 -0.15842682 4278426627
-1.258725 2.2896044 -0.11447543 4278493699
-1.058033 2.2591088 -0.10792567 4284900966
-1.0293106 2.2972715 -0.12306129 4284900966
0.79254198 2.2929535 -0.15111531 4288387995
0.82557636 2.2755797 -0.14388037 4288387995
-1.221099 2.3560495 -0.12085724 4278430468
-1.1952691 2.3987267 -0.092907712 4278497284
-1.0092291 2.3344338 -0.10834519 4284900966
0.78998268 2.3665299 -0.15700519 4288387995
0.82414311 2.3550155 -0.14999928 4288322202
-1.1763016 2.4349494 -0.12614569 4278498307
0.82234496 2.433238 -0.1560944 4288387995
-1.1362855 2.5043931 -0.11947548 4278434307
-1.1046489 2.5530114 -0.12748739 4279530515
0.78044647 2.5359824 -0.12026832 4278848010
0.81558096 2.5349817 -0.12938307 4278848010
-1.0948296 2.5617876 -0.10095757 4279375634
-1.6380649 -5.7919221 -0.035522558 4289901234
-1.5618134 -5.769949 -0.035522562 4289901234
-1.4869747 -5.7483807 -0.034053039 4289901234
-1.408546 -5.7257609 -0.013078931 4289901234
0.45875433 -2.6414337 -0.022745332 4278848010
0.51953542 -2.6435664 -0.039801668 4278848010
0.59566194 -2.6472986 -0.040011529 4278848010
0.67746311 -2.6512997 -0.04040214 4278848010
0.76251107 -2.6553688 -0.042630222 4278848010
0.8397243 -2.6594381 -0.037174091 4278848010
0.91684002 -2.6629219 -0.043298446 4278848010
0.9989329 -2.6670887 -0.040676251 4278848010
1.0629811 -2.652817 -0.036707208 4278848010
-0.97587705 -2.5601466 -0.0007027621 4278848010
-0.91312104 -2.5611434 -0.011767158 4278848010
-0.83740705 -2.5623088 -0.025507534 4278848010
-0.76771444 -2.5641749 -0.029636506 4278848010
-0.3436794 -2.5603166 -0.00330775 4278848010
-0.27967054 -2.5605497 -0.0054186601 4278848010
-0.1948511 -2.5611868 -0.0059049479 4278848010
-0.12178151 -2.5611997 -0.010096326 4278848010
-0.039009709 -2.5617435 -0.011120395 4278848010
0.039215382 -2.5617919 -0.015364587 4278848010
0.12303316 -2.5622644 -0.016951291 4278848010
0.20277202 -2.5627074 -0.018509552 4278848010
0.28846449 -2.5844929 -0.028507782 4278848010
0.36027646 -2.6001852 -0.030965347 4278848010
0.434726 -2.5912137 -0.033727452 4278848010
0.51964861 -2.564296 -0.025911134 4278848010
0.59982985 -2.564338 -0.030312428 4278848010
0.6537689 -2.5644705 -0.032538828 4278848010
1.096396 -2.6023655 -0.041683704 4278847754
1.121138 -2.5669119 -0.017567808 4278848009
-1.4573741 -2.5439389 -0.0013892228 4278848010
-1.3993895 -2.5410643 -0.0014533815 4278848010
-1.3167454 -2.539892 -0.0034628536 4279308561
-1.2376591 -2.5398469 -0.0081320368 4282269246
-1.158273 -2.5310125 -0.0081496285 4283933271
-1.0795056 -2.5550387 -0.013776577 4278544901
-0.99327588 -2.5502541 -0.019579755 4280756007
-0.9189775 -2.5445747 -0.02513 4283321934
-0.8425526 -2.5230224 -0.035606068 4284506464
-0.75214475 -2.5306141 -0.034229044 4282795590
-0.67938942 -2.5329161 -0.031065343 4282335039
-0.60050315 -2.5353165 -0.029350342 4282466625
-0.52025598 -2.5368366 -0.032631516 4281216558
-0.44040251 -2.5406682 -0.035594083 4280690214
-0.36039397 -2.5432229 -0.038024157 4280098077
-0.28097248 -2.543673 -0.040218189 4279900698
-0.20045738 -2.5452883 -0.040178575 4279769112
-0.11887573 -2.5427752 -0.041920997 4279966491
-0.040605124 -2.5441136 -0.042225283 4279900698
0.040053412 -2.5444138 -0.043480068 4279900698
0.11892714 -2.5448935 -0.043907616 4279637526
0.19859827 -2.5453777 -0.047333185 4278848010
0.28074205 -2.5455153 -0.048490189 4278848010
0.35894477 -2.5453482 -0.048916019 4278848010
0.44005731 -2.5450552 -0.047673218 4278848010
0.52379668 -2.5454197 -0.048238255 4278848010
0.6002205 -2.5455859 -0.045267556 4278848010
0.67909175 -2.5439672 -0.04354449 4278848010
0.76021129 -2.5441771 -0.039892927 4278848010
0.84182602 -2.5445595 -0.039360937 4278848010
0.92034465 -2.5443718 -0.040117294 4278848010
1.0002635 -2.5449028 -0.040565699 4278848009
1.0922651 -2.5293438 -0.04002367 4278532613
1.1467525 -2.5159471 -0.04009499 4278278657
-1.1526036 -2.4783163 -0.0019813229 4278372353
-1.0529097 -2.4239686 -0.031643946 4288453531
-0.99801236 -2.4437475 -0.032620471 4288387995
-0.91954422 -2.4221449 -0.039680403 4289045925
-0.83495814 -2.4306166 -0.037256327 4289177511
-0.76055628 -2.4348948 -0.028408637 4286611584
-0.68182963 -2.4448357 -0.028495351 4285164138
-0.60660279 -2.4485264 -0.02501848 4285032552
-0.52193266 -2.4533851 -0.014585023 4287401100
-0.44969559 -2.4390256 -0.032736193 4288387995
-0.26897487 -2.4516706 -0.042065796 4288387995
-0.22563568 -2.4137955 -0.042097174 4288387995
-0.04531496 -2.4590642 -0.045032226 4288387995
1.1621193 -2.4453549 -0.040377982 4278413059
1.2097726 -2.4182634 -0.039234649 4278216192
-1.0808097 -2.3458483 -0.030206721 4288387994
-0.98729306 -2.3510468 -0.016129535 4288387995
-0.91590023 -2.3597059 -0.0084304605 4288914339
-0.83699805 -2.362401 -0.017198574 4288519581
-0.76050097 -2.3640876 -0.015839817 4288387995
-0.68865746 -2.3667305 -0.014926237 4288387995
-0.6048432 -2.3866632 -0.018941866 4288387995
-0.53103936 -2.3535712 -0.043388899 4285493103
-0.40630847 -2.3938551 -0.039507907 4288387995
-0.35929763 -2.3527346 -0.039541524 4288387995
-0.18155016 -2.3752687 -0.042129148 4288387995
-0.15658975 -2.3534622 -0.042147618 4288387995
0.95252484 -2.350966 -0.033688538 4288453529
0.96133947 -2.3264978 -0.033901099 4288453529
1.180161 -2.3728945 -0.037293099 4279135246
1.2375866 -2.3552029 -0.040028412 4278215936
-1.6572216 -2.2508094 -0.013323837 4278216192
-1.1552848 -2.2798448 -0.028340651 4288387994
-1.0839747 -2.2685421 -0.029097561 4288387995
-0.99297255 -2.292047 -0.015979771 4288387995
-0.9155817 -2.2886426 -0.0086651416 4288387995
-0.84635872 -2.2837338 -0.01087167 4288387995
-0.77038825 -2.2946167 -0.02007685 4288387995
-0.66168928 -2.2702546 -0.048805516 4288387995
-0.60245532 -2.2641103 -0.057063065 4288387995
-0.51794207 -2.2775753 -0.072187208 4287927444
-0.45248541 -2.2685854 -0.049031287 4286216826
-0.29272836 -2.294503 -0.039588917 4288387995
0.79779035 -2.2824578 -0.031324279 4288322461
0.80709213 -2.2558982 -0.031550959 4288322461
0.97765803 -2.2812614 -0.034295417 4288387994
1.1871922 -2.281733 -0.037751589 4287538059
1.2460321 -2.2850482 -0.038850579 4278281729
1.300036 -2.2730393 -0.039254528 4278216192
1.6668344 -2.2558105 -0.015558004 4278216192
-1.6935294 -2.2283072 -0.062640399 4278216192
-1.6344637 -2.2099319 -0.047023032 4278282241
-1.5656077 -2.1860456 -0.031715207 4278483972
-1.5029229 -2.1707771 -0.010167453 4278423812
-1.230355 -2.1889789 -0.026123213 4288387994
-1.1621714 -2.1992233 -0.027137924 4288387995
-1.0829853 -2.1945081 -0.028086737 4288387995
-1.0000796 -2.1919136 -0.029112611 4288387995
-0.91934264 -2.2041388 -0.030315498 4288387995
-0.83310503 -2.2140491 -0.031556912 4288387995
-0.77763659 -2.182507 -0.031831112 4288387995
-0.66326523 -2.2012093 -0.050376549 4288387995
-0.60058206 -2.2014678 -0.066893227 4288387995
-0.5189808 -2.1987875 -0.063122928 4288387995
-0.43658993 -2.1989024 -0.072463877 4287532686
-0.37873122 -2.1951091 -0.059065521 4287269514
0.67375451 -2.1908736 -0.02952992 4288387995
0.82855159 -2.1946278 -0.032073986 4288387739
1.0081635 -2.1966646 -0.035032112 4288322203
1.2602521 -2.2200515 -0.034541387 4279726103
1.3219608 -2.2001374 -0.039082184 4278216192
1.3714345 -2.1754427 -0.036101516 4278216192
1.6461769 -2.1968 -0.036429707 4278216192
1.6860163 -2.2370739 -0.06392628 4278216192
-1.5449665 -2.1467347 -0.064907566 4278418691
-1.4757894 -2.1279521 -0.043399435 4278424067
-1.410269 -2.1046267 -0.029533133 4278427651
-1.2993076 -2.1106522 -0.024157297 4288257177
-1.2430809 -2.1188436 -0.024990816 4288387739
-1.1601769 -2.1149077 -0.025997857 4288387995
-1.084443 -2.1152377 -0.026972279 4288387995
-1.0009631 -2.1139176 -0.028023133 4288387995
-0.92009926 -2.111299 -0.029022476 4288387995
-0.83326089 -2.1285901 -0.030373471 4288387995
-0.76114768 -2.1166809 -0.031132424 4288387995
-0.66913217 -2.11782 -0.053564776 4288387995
-0.59847939 -2.1199729 -0.058531046 4288387995
-0.52034295 -2.1196048 -0.068157397 4288387995
-0.44159296 -2.1220481 -0.071057685 4287927444
-0.36182818 -2.118423 -0.071133457 4287137928
-0.29149437 -2.1098914 -0.079240024 4288387995
0.43486157 -2.0897954 -0.042065084 4288387995
0.53003538 -2.1233668 -0.058346204 4288387995
0.5675382 -2.1002986 -0.028027076 4288387995
0.69841856 -2.1186211 -0.030136282 4288387995
0.85402977 -2.1218865 -0.032694981 4288387995
1.0302536 -2.1354053 -0.035565592 4288387739
1.0444471 -2.0960436 -0.035908353 4288387995
1.2387109 -2.143491 -0.038982999 4287602065
1.3337055 -2.1271842 -0.040402584 4278215936
1.3796216 -2.1172669 -0.039888408 4278216192
1.5785197 -2.118222 -0.030810503 4278216192
1.6159508 -2.1330123 -0.049997762 4278216192
-1.6219089 -2.0003266 -0.0095469654 4285503855
-1.5619394 -2.0002701 -0.0093546314 4284914790
-1.4762415 -2.0001743 -0.010486031 4285374317
-1.4081926 -2.042243 -0.043944173 4281638452
-1.3194295 -2.0328209 -0.022823891 4288322459
-1.2414663 -2.0424092 -0.023954783 4288387995
-1.1610609 -2.0400412 -0.02495173 4288387995
-1.0778795 -2.0353405 -0.025951916 4288387995
-1.0016031 -2.034596 -0.026918286 4288387995
-0.92559409 -2.0306072 -0.02783652 4288387995
-0.84081542 -2.0416837 -0.029075488 4288387995
-0.75645584 -2.0494869 -0.030263446 4288387995
-0.66982567 -2.0406144 -0.05385812 4288387995
-0.60348517 -2.0402744 -0.059372552 4288387995
-0.52244663 -2.0408795 -0.06503918 4288387995
-0.44219148 -2.0425882 -0.068806604 4288387995
-0.35993168 -2.039392 -0.069209754 4287006342
-0.28889585 -2.0432835 -0.068187952 4287269514
-0.21554902 -2.0252085 -0.078281887 4288387995
0.27332461 -2.00528 -0.023434367 4288387995
0.3485713 -2.0236926 -0.048127443 4288387995
0.45173803 -2.037322 -0.05422888 4288387995
0.58706701 -2.0417485 -0.028510876 4288387995
0.71580702 -2.0676663 -0.030563548 4288387995
0.72968578 -2.0270169 -0.030904878 4288387995
0.87398183 -2.0649199 -0.033181261 4288387997
0.8887924 -2.0226395 -0.033542313 4288125080
1.0538981 -2.0698342 -0.036136582 4288058005
1.3563637 -2.0761349 -0.039881036 4278216192
1.3988683 -2.0406859 -0.041933935 4278216192
1.4795967 -2.0071831 -0.038793996 4278216192
1.5583271 -2.025955 -0.042895697 4278216192
1.6451312 -2.0135787 -0.040867828 4278216192
-1.6822724 -1.9200027 -0.016618505 4288387995
-1.6340216 -1.9575764 -0.017755006 4288387995
-1.5636988 -1.9567732 -0.018426463 4288387739
-1.4792532 -1.9591506 -0.019757636 4288387995
-1.4007434 -1.9586807 -0.020709943 4288387739
-1.3200244 -1.9601425 -0.021811644 4288387995
-1.2417608 -1.9575332 -0.022777738 4288387995
-1.1574154 -1.9596022 -0.02388637 4288387995
-1.0771201 -1.9583317 -0.024897166 4288387995
-0.99610639 -1.9598422 -0.025955414 4288387995
-0.91994745 -1.9549894 -0.026863482 4288387995
-0.8462069 -1.9608705 -0.027889183 4288387995
-0.77542162 -1.9842632 -0.029119123 4288387995
-0.67555356 -1.9583529 -0.053697474 4288387995
-0.59955192 -1.9623898 -0.057391945 4288387995
-0.52283168 -1.9587097 -0.06071493 4288387995
-0.44015834 -1.9577152 -0.064451449 4288387995
-0.35912839 -1.9645098 -0.068520822 4288387995
-0.27563125 -1.9611914 -0.067020945 4286414205
-0.19822094 -1.951637 -0.070465155 4287598479
-0.1324503 -1.9606272 -0.078705296 4288387995
-0.069056988 -1.9249696 -0.079740912 4288387995
0.12566321 -1.9294943 -0.034897067 4288387995
0.19554566 -1.9477258 -0.043899525 4288387995
0.27955499 -1.9580797 -0.049126286 4288387995
0.38078105 -1.9586455 -0.049960822 4288387995
0.45385996 -1.9747072 -0.078079507 4288387995
0.4910222 -1.9624596 -0.037669636 4288387995
0.61513364 -1.9575889 -0.029206017 4288387995
0.74910665 -1.9701176 -0.03138224 4288124823
1.0981256 -1.9692799 -0.05789056 4278730505
1.1637433 -1.984633 -0.041539211 4278215936
1.2375085 -1.9888529 -0.040269881 4278216192
1.3178722 -1.9934233 -0.040377591 4278216192
1.3962429 -1.9978553 -0.041883923 4278216192
1.4413123 -1.9998603 -0.072771698 4278216192
-1.6960704 -1.8648993 -0.015679469 4288387995
-1.6389899 -1.8794 -0.016610894 4288387995
-1.5588452 -1.8780066 -0.017617868 4288387995
-1.4817162 -1.8771966 -0.018594354 4288387995
-1.4010878 -1.8765373 -0.019617759 4288387995
-1.3235403 -1.8803916 -0.020664003 4288387995
-1.2435777 -1.8765703 -0.021635246 4288387995
-1.1620853 -1.87799 -0.022698479 4288387995
-1.08495 -1.8826216 -0.023750173 4288387995
-1.0051163 -1.878472 -0.024715258 4288387995
-0.93033093 -1.8846262 -0.025758002 4288387995
-0.87164474 -1.9046904 -0.026786864 4288387995
-0.72012836 -1.8506343 -0.046008829 4288387995
-0.68102092 -1.8789629 -0.049285918 4288387995
-0.60066444 -1.8814706 -0.0530998 4288387995
-0.51865327 -1.8779992 -0.056676112 4288387995
-0.4400585 -1.8777092 -0.060262658 4288387995
-0.36248708 -1.8795614 -0.063914552 4288387995
-0.27773833 -1.8857342 -0.067032591 4287335307
-0.20787701 -1.8815951 -0.064305052 4287072135
-0.12085363 -1.8782952 -0.074921489 4288387995
-0.049382161 -1.8735449 -0.070049487 4288387995
0.040328354 -1.8684827 -0.043139465 4288387995
0.12941459 -1.8744974 -0.043455575 4288387995
0.21860392 -1.8856617 -0.045305252 4288387995
0.29543671 -1.8876354 -0.051114976 4288387995
0.33966476 -1.8669518 -0.055638343 4288387995
0.41921157 -1.8810111 -0.052147679 4288387995
0.51540101 -1.8898878 -0.027747212 4288256409
0.63079256 -1.9106486 -0.02959406 4287927444
1.0684248 -1.9026579 -0.065704025 4280099869
-1.6426419 -1.8010259 -0.015480596 4288387995
-1.5606182 -1.7962905 -0.016465623 4288387995
-1.4812 -1.8005391 -0.017541321 4288387995
-1.4030364 -1.7976224 -0.018501822 4288387995
-1.3234581 -1.7978199 -0.019523736 4288387995
-1.2395372 -1.7986269 -0.020609558 4288387995
-1.1627885 -1.7959999 -0.021556005 4288387995
-1.0824462 -1.8024809 -0.022674408 4288387995
-1.0174835 -1.8202724 -0.023752272 4288387995
-0.72827464 -1.8069175 -0.043344591 4288387995
-0.68089074 -1.8007625 -0.045193233 4288387995
-0.60145921 -1.7982006 -0.048699133 4288387995
-0.51986367 -1.7990237 -0.052481472 4288387995
-0.44358078 -1.804074 -0.056242008 4288387995
-0.36406189 -1.7995876 -0.059650879 4288387995
-0.28925082 -1.7998774 -0.063094392 4288387995
-0.19286583 -1.7948246 -0.056550313 4288256409
-0.11530843 -1.7972009 -0.051797919 4288387995
-0.03827573 -1.7930677 -0.053388637 4288387995
0.038287234 -1.7994521 -0.052871987 4288387995
0.10860512 -1.7955475 -0.045624204 4288387995
0.18523356 -1.8025886 -0.045183659 4288387995
0.26841018 -1.7972614 -0.052274637 4288256409
0.36283424 -1.8070685 -0.062102888 4288322202
0.42494965 -1.833204 -0.026410989 4287466893
1.0482908 -1.8178262 -0.072355762 4283453520
1.1582855 -1.8354555 -0.0018674808 4287341449
-1.6381243 -1.7191699 -0.014406956 4288387995
-1.5601747 -1.7189614 -0.015402217 4288387995
-1.4791472 -1.7164829 -0.016405566 4288387995
-1.3990283 -1.7184011 -0.01745821 4288387995
-1.3217683 -1.7198669 -0.018467659 4288387995
-1.2382666 -1.7182225 -0.019514192 4288387995
-1.1675756 -1.7265813 -0.020535178 4288387995
-1.1102457 -1.7520672 -0.021621406 4288387995
-0.64281434 -1.7591721 -0.044758789 4288387995
-0.59345931 -1.7527945 -0.04668574 4288387995
-0.51803541 -1.7461843 -0.049795937 4288387995
-0.44039348 -1.7380726 -0.052928638 4288387995
-0.3519733 -1.7232603 -0.051827211 4288387995
-0.27338856 -1.7139424 -0.043187886 4288387995
-0.19985853 -1.7186916 -0.043605596 4288322202
-0.1214703 -1.7202145 -0.045089822 4288322202
-0.040773559 -1.7217596 -0.04582845 4288387995
0.034007262 -1.7218422 -0.052643672 4288387995
0.11600841 -1.7226365 -0.062371705 4288387995
0.18994108 -1.7245309 -0.0637611 4288256409
0.27492926 -1.7198031 -0.073369704 4288387995
0.34060127 -1.7039734 -0.076871321 4288387995
0.40989557 -1.7496371 -0.079555154 4288387995
1.0874966 -1.7578517 -0.048458669 4288256920
1.1250739 -1.7003574 -0.025554679 4287996301
1.2715758 -1.6865715 -0.0021516252 4288387995
1.4872099 -1.7037891 -0.0029665099 4288387995
-1.6402241 -1.6396465 -0.013281018 4288387995
-1.5602266 -1.6397258 -0.014306218 4288387995
-1.4844491 -1.6396748 -0.015275876 4288387995
-1.398922 -1.6391679 -0.016364103 4288387995
-1.3218111 -1.6422974 -0.017395008 4288387995
-1.251341 -1.6636317 -0.018592294 4288387995
-0.49184027 -1.6071285 -0.028750762 4288387995
-0.43523872 -1.6221853 -0.027926408 4288387995
-0.3585344 -1.6372722 -0.028718662 4288387995
-0.27956551 -1.6381531 -0.031758904 4288387995
-0.20187028 -1.6417366 -0.033815697 4288387995
-0.11865741 -1.6457956 -0.042309228 4288387995
-0.043084789 -1.6523703 -0.050571792 4288387995
0.042792927 -1.6482146 -0.063789681 4288387995
0.12863028 -1.6419781 -0.069568537 4288387995
0.20805968 -1.6443086 -0.073389173 4288387995
0.28342187 -1.637323 -0.076374024 4288387995
0.36790338 -1.6608391 -0.078919157 4288387995
0.94448864 -1.6137527 -0.0018763104 4288387995
1.0967833 -1.6270288 -0.013642967 4288322202
1.161118 -1.6452197 -0.0035846978 4287864470
1.277215 -1.6726559 -0.0024684188 4288387995
1.2940584 -1.6311145 -0.003414484 4288387995
1.5105164 -1.6517808 -0.0041629574 4288387995
1.5267023 -1.6156684 -0.0049938597 4288387995
-1.6238049 -1.5813643 -0.012685867 4288387995
-1.5609734 -1.5626457 -0.013231337 4288387995
-1.4801024 -1.5603421 -0.014234929 4288387995
-1.408638 -1.5750183 -0.015352886 4288387995
-1.345787 -1.5950954 -0.016435251 4288387995
-0.64704907 -1.5220134 -0.0095809167 4288387995
-0.59134942 -1.5403464 -0.022030128 4288387995
-0.51993126 -1.5568932 -0.024602437 4288387995
-0.44110543 -1.5592738 -0.027744194 4288387995
-0.36380276 -1.5607402 -0.030504422 4288387995
-0.28384089 -1.5687261 -0.037020061 4288387995
-0.20273086 -1.5606687 -0.050605036 4288387995
-0.12147 -1.5564541 -0.057441395 4288387995
-0.038630806 -1.5635248 -0.050647624 4288322202
0.039511934 -1.5791062 -0.064017527 4288387995
0.0979385 -1.586246 -0.066788778 4288387995
0.16212368 -1.5931436 -0.069848433 4288387995
0.4901132 -1.5230381 -0.0012789564 4288387995
0.58680654 -1.5354325 -0.0015483154 4288387995
0.69582111 -1.546356 -0.001914653 4288387995
0.8177098 -1.5619614 -0.0022544381 4288387995
0.95430332 -1.5847342 -0.0025265859 4288387995
0.96846521 -1.5428696 -0.0034648788 4288387995
1.1056149 -1.5856938 -0.025178427 4288387995
1.1425576 -1.5450667 -0.015981069 4288322203
1.3230497 -1.5596195 -0.005042877 4288387995
1.363557 -1.5463306 -0.050063025 4288387995
1.5627124 -1.5606824 -0.02858183 4288387995
-1.5373203 -1.5033803 -0.012715337 4288387995
-1.4969443 -1.5045272 -0.013247957 4288387995
-0.90618593 -1.4935406 -0.0046628495 4288387995
-0.83527321 -1.4818312 -0.011468112 4288387995
-0.7569806 -1.4688138 -0.018896392 4288387995
-0.67876822 -1.4680023 -0.020544412 4288387995
-0.59888089 -1.4736152 -0.02933651 4288387995
-0.52399689 -1.4755346 -0.039019063 4288387995
-0.44381991 -1.4790833 -0.040038366 4288387995
-0.36238843 -1.484392 -0.045693882 4288387995
-0.28101751 -1.4967481 -0.049514331 4288387995
-0.20250094 -1.5032448 -0.053288609 4288387995
-0.1341514 -1.5178096 -0.0564299 4288387995
-0.024831459 -1.4843949 -0.069101669 4288387995
0.019666601 -1.4749732 -0.026128713 4288387995
0.13322186 -1.4491376 -0.0008644872 4288387995
0.19330227 -1.4564128 -0.0010404969 4288387995
0.2596488 -1.4606385 -0.0013133283 4288387995
0.3320286 -1.4673371 -0.0015679279 4288387995
0.41152355 -1.4758196 -0.0018244634 4288387995
0.50681889 -1.4742572 -0.0058810678 4288387995
0.60249639 -1.4766432 -0.0028430931 4288387995
0.6961329 -1.480324 -0.011532191 4288387995
0.74445164 -1.4559271 -0.024871532 4288387995
0.85002345 -1.4752233 -0.011458825 4288387995
0.88185561 -1.4808124 -0.041044045 4288387995
1.001694 -1.4789764 -0.021480495 4288387995
1.0670962 -1.4645435 -0.066904716 4288585374
1.1663786 -1.480827 -0.02329397 4288387739
1.3537323 -1.4804748 -0.032732159 4288387995
1.3631738 -1.4752398 -0.021627136 4288387995
1.5751383 -1.4820516 -0.032621928 4288387995
1.604751 -1.4415179 -0.0090004662 4288387995
-0.67738038 -1.4293057 -0.0075694495 4288387995
-0.59638381 -1.4236913 -0.016168291 4288387995
-0.52128005 -1.4157916 -0.028842445 4288387995
-0.44437009 -1.4064161 -0.037118636 4288387995
-0.36656711 -1.3848267 -0.037712771 4288387995
-0.28703547 -1.3713518 -0.038626652 4288387995
-0.20210719 -1.3739741 -0.00059275649 4288387995
-0.1164514 -1.3801112 -0.00093087438 4288387995
-0.032843143 -1.390957 -0.0011610268 4288387995
0.045541797 -1.3971739 -0.024447221 4288387995
0.11510047 -1.3935592 -0.0055905599 4288387995
0.20223306 -1.387967 -0.013436609 4288387995
0.27953103 -1.3939099 -0.015385517 4288387995
0.36180741 -1.3959281 -0.016269999 4288387995
0.4431749 -1.3983018 -0.017364241 4288387995
0.53348595 -1.4019382 -0.019405942 4288387995
0.6234296 -1.3982072 -0.0045705731 4288387995
0.64376265 -1.4000251 -0.036756966 4288387995
0.74498492 -1.3984276 -0.02200743 4288387995
0.87096119 -1.4008191 -0.023515115 4288387995
1.014617 -1.3983086 -0.020963047 4288387995
1.1012242 -1.4183978 -0.045990478 4288322202
1.1745567 -1.3996284 -0.027080828 4288387995
1.2026513 -1.3606846 -0.0084835337 4288387995
1.3491631 -1.3989341 -0.050306622 4288387995
1.3873252 -1.4011049 -0.0086531406 4288387995
1.5599961 -1.4002396 -0.054350711 4288387995
1.6240355 -1.3984927 -0.0099904183 4288387995
-0.65005112 -1.283597 -2.3390221e-05 4288387995
-0.59454775 -1.2897551 -0.00019740067 4288387995
-0.51393998 -1.297658 -0.0029541359 4288387995
-0.43825153 -1.3040003 -0.0046337843 4288387995
-0.35788861 -1.3228147 -0.0059914491 4288387995
-0.2839722 -1.3217565 -0.012136334 4288387995
-0.20114788 -1.3196884 -0.014624319 4288387995
-0.11713536 -1.3113737 -0.014542667 4287861651
-0.040025961 -1.3191419 -0.014590315 4288124823
0.043587927 -1.3203028 -0.020828269 4288387995
0.11718667 -1.3210487 -0.0175358 4288387995
0.20493731 -1.3149759 -0.019785326 4288387995
0.29401007 -1.3193148 -0.0166563 4288387995
0.36770672 -1.3225504 -0.018260719 4288387995
0.44964585 -1.3206764 -0.019296253 4288387995
0.53945482 -1.3215083 -0.019496078 4288387995
0.6361897 -1.3319525 -0.027512232 4288387995
0.64732993 -1.3086514 -0.0065429108 4288387995
0.75060463 -1.3252435 -0.024081837 4288387995
0.86664414 -1.3322054 -0.041276168 4288387995
0.89029247 -1.3288169 -0.0074454709 4288387995
1.0179309 -1.337752 -0.028495027 4288387995
1.0540956 -1.3198056 -0.027184196 4288387995
1.162959 -1.335247 -0.036804534 4288322459
1.2103121 -1.3399384 -0.0089519368 4288387995
1.3437067 -1.343063 -0.050398964 4288387995
1.40842 -1.3490863 -0.0098379934 4288387995
1.5553991 -1.3521483 -0.054432064 4288387995
1.6435456 -1.3549649 -0.010991957 4288387995
-0.65879166 -1.242231 -0.00082686514 4288387995
-0.59522271 -1.2373028 -0.005305103 4288387995
-0.51911688 -1.2396746 -0.0086878277 4288387995
-0.43838611 -1.2367548 -0.0094862068 4288387995
-0.3605046 -1.2380015 -0.011423883 4288387995
-0.2772657 -1.2364151 -0.011279371 4288387995
-0.20027795 -1.2377719 -0.012344896 4288387995
-0.12222841 -1.2338667 -0.01224251 4287401100
-0.053891949 -1.2476887 -0.014964634 4286611584
0.033364836 -1.2645003 -0.014839339 4288387995
0.12509966 -1.254898 -0.03187738 4288387995
0.19134879 -1.2571831 -0.01647049 4288387995
0.29594326 -1.2724482 -0.022142677 4288387995
0.37033892 -1.2762848 -0.018804021 4288387995
0.44659865 -1.2785268 -0.0333995 4288453788
1.1069174 -1.2776188 -0.044966839 4288387995
1.1378592 -1.2380813 -0.025962522 4288519581
-0.65624988 -1.1624398 -0.0024825335 4288387995
-0.59573734 -1.1587681 -0.0076203034 4288387995
-0.52251881 -1.1600538 -0.0095259538 4288387995
-0.44200465 -1.1596956 -0.01059678 4288387995
-0.35880411 -1.1587882 -0.011892589 4288387995
-0.27766275 -1.1576211 -0.012878701 4288387995
-0.20146881 -1.1601362 -0.014028818 4288322202
-0.14009613 -1.1626792 -0.012941484 4285558896
0.14365783 -1.1932222 -0.069712818 4288387995
0.19282392 -1.1565259 -0.039038796 4288387995
0.24505067 -1.1221358 -0.0035198652 4288387995
1.0968926 -1.1702759 -0.053349826 4288387995
1.167748 -1.1998898 -0.0076050311 4288322202
-0.65412074 -1.0818125 -0.0032771567 4288387995
-0.59580272 -1.0789454 -0.0088126948 4288387995
-0.52085513 -1.0797158 -0.010367396 4288387995
-0.43981394 -1.0789075 -0.01108907 4288387995
-0.36004612 -1.0783746 -0.012351506 4288387995
-0.28157496 -1.0783417 -0.014089847 4288387995
-0.20050441 -1.0775931 -0.014723617 4288059030
-0.13352121 -1.0798268 -0.01370417 4285164138
-0.046944506 -1.0579375 -0.013102918 4286545791
0.0423664 -1.0683597 -0.052006036 4290361785
0.2219466 -1.0787871 -0.056676209 4288322202
0.26149327 -1.0685002 -0.019708227 4288387995
1.0732372 -1.0890222 -0.069943935 4288322202
1.1553588 -1.0994778 -0.01736775 4288453788
-1.4768554 -0.98516703 -0.0041272114 4288387995
-0.66541225 -0.99683976 -0.0030951032 4288387995
-0.59634453 -0.99854296 -0.010514722 4288387995
-0.52042025 -0.99703366 -0.012122846 4288387995
-0.4391841 -0.99714899 -0.011870053 4288387995
-0.3597433 -1.0006114 -0.013026637 4288387995
-0.28113616 -1.0005054 -0.013798856 4288387995
-0.19998825 -1.0033739 -0.014418834 4288322202
-0.12396559 -0.99714476 -0.014759551 4286414205
-0.036739878 -0.98832166 -0.015626797 4287072135
0.029902378 -0.99938446 -0.044412654 4288519581
0.11162724 -0.99866629 -0.024771901 4284900966
0.20006388 -0.99484754 -0.026005298 4284900966
0.28465495 -0.9968645 -0.038608901 4287598479
0.36034623 -0.98345441 -0.023933306 4285427310
0.44564244 -0.97906363 -0.02958109 4284900966
0.53189236 -0.98069417 -0.030628216 4284900966
0.62951821 -0.96950531 -0.032192644 4284900966
0.73693323 -0.96501148 -0.033686802 4284900966
1.0919265 -1.0012823 -0.059648018 4288322202
1.1576585 -0.99189109 -0.01789384 4288322202
-1.5279168 -0.89705408 -0.02042605 4288387995
-1.5023849 -0.92103201 -0.0085155489 4288387995
-0.72636956 -0.89641362 -0.0010217498 4288387995
-0.67637163 -0.917144 -0.0041175308 4288387995
-0.59765136 -0.91904813 -0.012929767 4288387995
-0.5203433 -0.91922396 -0.014592154 4288387995
-0.43948424 -0.92030627 -0.014470021 4288387995
-0.36055109 -0.92067015 -0.015497365 4288387995
-0.28051707 -0.92076784 -0.014989356 4288387995
-0.20209804 -0.91737282 -0.015687492 4288387995
-0.12479331 -0.92169237 -0.01625184 4288322202
-0.041763764 -0.91908211 -0.028730618 4287532686
0.036357321 -0.91726387 -0.024175469 4288124823
0.11752518 -0.90690494 -0.02046934 4287927444
0.19917148 -0.9060418 -0.021945056 4287335307
0.29233503 -0.91205937 -0.037221536 4287203721
0.35415211 -0.91552305 -0.027575037 4287203721
0.45403937 -0.92005312 -0.031404149 4284900966
0.54138672 -0.92155439 -0.032468993 4284900966
0.63563186 -0.93566686 -0.033254489 4284900966
0.64306986 -0.89449471 -0.034546416 4284900966
0.74567825 -0.92193109 -0.035050653 4284900966
0.86730427 -0.91588348 -0.036770117 4284900966
1.0047967 -0.90804034 -0.038743168 4284900966
1.0721109 -0.89962721 -0.074170671 4288322202
1.1535751 -0.90820515 -0.034578819 4286348412
1.3391336 -0.89381725 -0.043399971 4284900966
1.5472832 -0.88143766 -0.046401579 4284900966
-1.5478259 -0.83454269 -0.021508258 4288387995
-1.5138062 -0.8530736 -0.0031237756 4288387995
-1.382328 -0.81390685 -0.00067133445 4288387995
-0.74548507 -0.83178931 -0.0021519593 4288387995
-0.67252845 -0.8359226 -0.008747437 4288387995
-0.60053807 -0.83984387 -0.014197767 4288387995
-0.52083457 -0.84022254 -0.014949989 4288387995
-0.44053802 -0.84204072 -0.013888829 4288387995
-0.36073634 -0.83962244 -0.014710025 4288387995
-0.27887794 -0.83941054 -0.016261291 4288387995
-0.20031951 -0.83863062 -0.017489541 4288387995
-0.11936846 -0.84209704 -0.022029929 4287993237
-0.04606146 -0.83960807 -0.021235812 4288190616
0.040080082 -0.83586293 -0.021590866 4288387995
0.11865105 -0.8348366 -0.019265603 4288387995
0.19424711 -0.83965892 -0.020812253 4288387995
0.28092125 -0.83787042 -0.021404553 4288387995
0.36739227 -0.84029919 -0.031011499 4288322202
0.44158071 -0.83340359 -0.024146214 4288190616
0.51294839 -0.83402413 -0.02770083 4287795858
0.58019561 -0.81800729 -0.022631986 4288387995
0.66713935 -0.82749307 -0.029496118 4287006342
0.76513237 -0.83373582 -0.035203561 4285690482
0.87782824 -0.86976314 -0.038245369 4284900966
0.88660675 -0.83128023 -0.03947613 4284900966
1.0215636 -0.84262657 -0.040858749 4284900966
1.0883186 -0.84120542 -0.064914525 4288256409
1.1701671 -0.8405025 -0.04124999 4285493103
1.3518499 -0.85466111 -0.044700302 4284900966
1.3639675 -0.81735736 -0.045939278 4284900966
1.5623953 -0.84025848 -0.047791276 4284900966
-1.6179813 -0.7430715 -0.049446974 4288387995
-1.5656009 -0.76472145 -0.019850798 4288387995
-1.3740948 -0.76915616 -0.00036212953 4288387995
-0.82860357 -0.74361444 -0.0027413564 4288387995
-0.7574963 -0.75698102 -0.0044613704 4288387995
-0.67644578 -0.75871795 -0.012455637 4288387995
-0.59972078 -0.76265872 -0.013607407 4288387995
-0.5223285 -0.75965333 -0.014392209 4288387995
-0.43851215 -0.76053476 -0.014477834 4288387995
-0.3597649 -0.7592445 -0.016171377 4288387995
-0.28059396 -0.75960898 -0.017818818 4288387995
-0.19795154 -0.76171947 -0.018999241 4288387995
-0.11791881 -0.75963688 -0.019514134 4288387995
-0.041668158 -0.76124042 -0.020327453 4288387995
0.040544245 -0.76140553 -0.01998686 4288387995
0.11914569 -0.75823724 -0.022606095 4288387995
0.19866897 -0.76013219 -0.024293737 4288387995
0.27692267 -0.7583304 -0.022796035 4288387995
0.36702597 -0.7587468 -0.025830602 4288387995
0.44362369 -0.75544351 -0.025727848 4288387995
0.51249307 -0.75155133 -0.022529796 4288387995
0.57762247 -0.76572406 -0.029147396 4288387995
0.67902231 -0.75891656 -0.027615845 4288387995
0.78617388 -0.75515592 -0.025215069 4288387995
0.81212461 -0.75832796 -0.032225873 4288387995
0.92743123 -0.75055903 -0.028405659 4288124823
1.0019513 -0.75917649 -0.047154482 4286611584
1.0781825 -0.73961002 -0.037478518 4288059030
1.1759247 -0.77497834 -0.036854308 4286348412
1.2137078 -0.74052304 -0.041194502 4285558896
1.3815304 -0.76328051 -0.047735147 4284900966
1.5874443 -0.77199835 -0.050094817 4284900966
1.6031921 -0.72908282 -0.051543027 4284900966
-1.6362001 -0.67634743 -0.048654448 4288387995
-1.5806297 -0.68396175 -0.014379859 4288387995
-0.88986468 -0.67953688 -0.00054060883 4288387995
-0.83763963 -0.68095225 -0.0023523145 4288387995
-0.75561839 -0.67747498 -0.0096597979 4288387995
-0.682702 -0.68214774 -0.013793839 4288387995
-0.60094064 -0.68082434 -0.013669661 4288387995
-0.52164119 -0.68345881 -0.013558527 4288387995
-0.43747795 -0.68012428 -0.014456241 4288387995
-0.3609753 -0.67885053 -0.016654426 4288387995
-0.28051928 -0.6821754 -0.018979661 4288387995
-0.20121154 -0.68019485 -0.019524684 4288387995
-0.12258909 -0.68307018 -0.020624612 4288387995
-0.037773173 -0.67902845 -0.021815069 4288387995
0.041589361 -0.6824047 -0.024602126 4288387995
0.11745086 -0.67906785 -0.022481974 4288387995
0.19567785 -0.68026751 -0.023827247 4288387995
0.27378136 -0.6787414 -0.025435938 4288387995
0.34860545 -0.68028873 -0.02604405 4288387995
0.43711913 -0.68028259 -0.033525813 4288387995
0.51584876 -0.67700905 -0.026518442 4288387995
0.59905744 -0.67710519 -0.022397934 4288387995
0.67298466 -0.67973036 -0.033510864 4288387995
0.76817954 -0.67404169 -0.02396537 4288387995
0.82168472 -0.6811471 -0.026876623 4288387995
0.92785561 -0.67868072 -0.032109614 4288387995
1.0230758 -0.64561117 -0.0140648 4288387995
1.0873413 -0.67825747 -0.033137146 4288387995
1.1518347 -0.68066931 -0.029376173 4288387995
1.2569196 -0.67393041 -0.031899538 4288322459
1.289382 -0.68202978 -0.048593991 4288387995
1.4063065 -0.6870001 -0.050268527 4286874756
1.4787383 -0.65656143 -0.031521652 4288387995
1.6212976 -0.67974275 -0.053208042 4285361517
-1.6899306 -0.5909825 -0.067185 4288387995
-1.6404265 -0.59949344 -0.036975298 4288387995
-1.5899091 -0.60950094 -0.0063951965 4288387995
-1.0424974 -0.5948422 -0.0012516138 4284900966
-1.0317556 -0.58132994 -0.0013460558 4284900966
-0.82742459 -0.61246359 -0.0024441513 4288387995
-0.7584064 -0.60352576 -0.0090376204 4288387995
-0.67997879 -0.60310543 -0.012542765 4288387995
-0.59985965 -0.60122454 -0.014000054 4288387995
-0.52093422 -0.59944528 -0.016146243 4288387995
-0.44040611 -0.6001789 -0.016862819 4288387995
-0.35935766 -0.60229176 -0.016416892 4288387995
-0.28090912 -0.5998888 -0.017213516 4288387995
-0.20305088 -0.59987783 -0.018699905 4288387995
-0.12065898 -0.60182077 -0.021543369 4288387995
-0.041081391 -0.60249901 -0.022967121 4288387995
0.03650539 -0.59800702 -0.021734547 4288387995
0.11925981 -0.60102761 -0.026139926 4288387995
0.20683803 -0.60179818 -0.027486658 4288387995
0.28553185 -0.59994763 -0.027269764 4288387995
0.35939464 -0.59848887 -0.027096184 4288387995
0.43397957 -0.60167384 -0.030864945 4288387995
0.51606888 -0.59702927 -0.032153878 4288387995
0.60378993 -0.60167557 -0.030816045 4288387995
0.6856972 -0.60264766 -0.029318746 4288387995
0.75203443 -0.60071146 -0.036262438 4288387995
0.84251189 -0.59465182 -0.025877042 4288387995
0.91209513 -0.60510916 -0.041677408 4288387995
1.0012809 -0.59197128 -0.022369076 4288387995
1.0798461 -0.60694027 -0.039606895 4288387995
1.1512579 -0.58406371 -0.020941647 4288387995
1.2498027 -0.60112458 -0.035322983 4288387995
1.2900001 -0.59622914 -0.029696809 4288387995
1.42597 -0.59579623 -0.037833422 4288387994
1.4759394 -0.59905839 -0.039606534 4288387739
1.6501304 -0.60116786 -0.055859592 4288387996
-1.6439997 -0.51992601 -0.024368141 4288387995
-1.5989629 -0.55420744 -0.0018561984 4288387995
-1.0075839 -0.52317542 -0.0015035373 4284900966
-0.81012553 -0.54820079 -0.00021089663 4288387995
-0.75420308 -0.52460986 -0.0035398181 4288387995
-0.67819321 -0.52400744 -0.010302139 4288387995
-0.60009629 -0.5219062 -0.013821004 4288387995
-0.51821339 -0.52117777 -0.016771276 4288387995
-0.44109637 -0.5199464 -0.017042739 4288387995
-0.35981891 -0.51919621 -0.018176751 4288387995
-0.28041717 -0.52248895 -0.017349957 4288387995
-0.19909914 -0.52160293 -0.019720968 4288387995
-0.12109656 -0.51951045 -0.017373124 4288387995
-0.040633537 -0.51981354 -0.022990452 4288387995
0.041859105 -0.52563262 -0.026356371 4288387995
0.12015267 -0.51968813 -0.026234655 4288387995
0.19668996 -0.51817483 -0.024026563 4288387995
0.27753988 -0.52137434 -0.026898798 4288387995
0.36430353 -0.52111441 -0.030415313 4288387995
0.45110947 -0.51828051 -0.030663958 4288387995
0.52430034 -0.5239712 -0.039038166 4288387995
0.59397268 -0.51900584 -0.028171813 4288387995
0.69201022 -0.51784062 -0.032186139 4288387995
0.75600541 -0.5254603 -0.032023743 4288387995
0.84718144 -0.51874995 -0.034872167 4288387995
0.93385416 -0.52621192 -0.035237066 4288387995
1.004295 -0.5175094 -0.035076205 4288387995
1.0876164 -0.52030766 -0.049223296 4288387995
1.1632245 -0.51871908 -0.028369604 4288387995
1.2387732 -0.52165735 -0.045884814 4288322459
1.3240073 -0.515172 -0.023105556 4288322459
1.409802 -0.51283383 -0.029005148 4288387995
1.4719179 -0.52550745 -0.0489893 4288322459
1.5652736 -0.49563822 -0.021115473 4288387739
1.6690851 -0.51855361 -0.025516883 4288387738
-1.6540506 -0.4440307 -0.016610643 4288387995
-0.97534359 -0.44599181 -0.0017147569 4284900966
-0.95645547 -0.41317052 -0.0018629326 4284900966
-0.73596191 -0.45407739 -0.00031918733 4288387995
-0.67777687 -0.44775054 -0.0059555881 4288387995
-0.59875917 -0.44419473 -0.011795666 4288387995
-0.52086902 -0.44436225 -0.016505351 4288387995
-0.43783528 -0.44276428 -0.01787251 4288387995
-0.360921 -0.43927827 -0.018055441 4288387995
-0.27992204 -0.43971291 -0.018767187 4288387995
-0.19905262 -0.43842974 -0.019797459 4288387995
-0.11866027 -0.44303951 -0.0207466 4288387995
-0.04208095 -0.44075117 -0.018666208 4288387995
0.036044195 -0.43858165 -0.021778444 4288387995
0.12082428 -0.44120064 -0.025826743 4288387995
0.20275299 -0.44064525 -0.025791766 4288387995
0.27218226 -0.44299659 -0.029912163 4288387995
0.34819269 -0.44443786 -0.029930511 4288387995
0.4387348 -0.44078737 -0.028004648 4288387995
0.53591418 -0.43674731 -0.034798928 4288387995
0.60051239 -0.44334614 -0.040739778 4288387995
0.66991591 -0.43735179 -0.031604066 4288387995
0.75900662 -0.43702078 -0.034218237 4288387995
0.83401901 -0.44136238 -0.037005946 4288387995
0.90991825 -0.43530816 -0.027632199 4288387995
0.98747289 -0.44131216 -0.039489895 4288387995
1.0784875 -0.44229603 -0.038309891 4288387995
1.1610903 -0.43714902 -0.03729805 4288387995
1.2519177 -0.43711349 -0.042258717 4288387995
1.3208456 -0.43831179 -0.040601127 4288387739
1.3940854 -0.44293204 -0.040652655 4288387995
1.4797648 -0.43357727 -0.054304104 4288387738
1.555392 -0.43792766 -0.036693271 4288322459
1.6528076 -0.43537703 -0.030004522 4288387995
-1.664977 -0.36772302 -0.0093382066 4288387995
-0.93396884 -0.35848919 -0.0020086116 4284900966
-0.66539824 -0.37005597 -0.00046468375 4288387995
-0.59185225 -0.36598268 -0.01001807 4288387995
-0.51946783 -0.36108926 -0.011820433 4288387995
-0.44113681 -0.36255184 -0.019154062 4288387995
-0.3595717 -0.36153039 -0.018857213 4288387995
-0.28031075 -0.35843518 -0.019405814 4288387995
-0.20190063 -0.3613095 -0.019362913 4288387995
-0.12027363 -0.359292 -0.020986009 4288387995
-0.039351311 -0.35965738 -0.023496645 4288387995
0.042384092 -0.36358964 -0.022678249 4288387995
0.12097508 -0.36097616 -0.022781732 4288387995
0.20397554 -0.36120522 -0.026737019 4288387995
0.29265171 -0.36064228 -0.027383503 4288387995
0.37229103 -0.35500035 -0.02500507 4288387995
0.4246358 -0.3674117 -0.036828168 4288387995
0.52103877 -0.35758078 -0.028857477 4288322202
0.619766 -0.36112162 -0.043031055 4288387995
0.66418141 -0.35757205 -0.033568393 4288387995
0.76834702 -0.35891894 -0.038647071 4288387995
0.83991098 -0.36292037 -0.038380075 4288387995
0.92834556 -0.35889041 -0.039660461 4288387995
0.99948597 -0.3684392 -0.035336755 4288387995
1.0852712 -0.34796208 -0.046628062 4288387995
1.1521865 -0.35507709 -0.037139554 4286616192
1.2299466 -0.34893689 -0.033055954 4286484862
1.3330823 -0.35839292 -0.041308217 4288387995
1.3737382 -0.36191025 -0.045395028 4288387995
1.4823152 -0.36248672 -0.040775832 4288322203
1.5715845 -0.35212007 -0.044364579 4288322458
1.6284027 -0.36460987 -0.042514332 4288387739
-1.6738487 -0.30655697 -0.0035816703 4288387995
-0.90295571 -0.28384775 -0.0022114296 4284900966
-0.87692493 -0.24891591 -0.0024351105 4284900966
-0.65123022 -0.31840879 -0.0002270871 4288387995
-0.59629977 -0.28788957 -0.00060820201 4288387995
-0.51503408 -0.28769717 -0.011314678 4288387995
-0.43951443 -0.28062937 -0.013361983 4288387995
-0.35600901 -0.2823759 -0.021118419 4288387995
-0.27572036 -0.28065661 -0.019535992 4288387995
-0.20084237 -0.28253418 -0.019644028 4288387995
-0.12302205 -0.28015387 -0.020593142 4288387995
-0.042519458 -0.2822077 -0.02163773 4288387995
0.036287494 -0.27948281 -0.023135206 4288387995
0.11781786 -0.28010368 -0.025731154 4288387995
0.19332542 -0.28214347 -0.025507703 4288387995
0.27228406 -0.283537 -0.027436277 4288387995
0.36229414 -0.28023112 -0.030607104 4288387995
0.45853928 -0.27356207 -0.022485491 4288387995
0.50598794 -0.29295385 -0.040482059 4288387995
0.60758698 -0.27817103 -0.028880384 4288387995
0.68457681 -0.28195477 -0.047727246 4288190616
0.75362843 -0.2764529 -0.031074524 4288059030
0.84982777 -0.28075343 -0.050085772 4288387995
0.91454512 -0.27823481 -0.037111506 4288322202
1.0065161 -0.28283873 -0.051935147 4288387995
1.078262 -0.28101337 -0.034808349 4284975719
1.1562234 -0.28596577 -0.024814358 4287534734
1.2299206 -0.2803238 -0.050665915 4288387995
1.318064 -0.28288662 -0.044972394 4288387739
1.404785 -0.27636656 -0.024331082 4288387995
1.4518995 -0.28830299 -0.048201755 4288387995
1.5648916 -0.27692428 -0.038297556 4288257177
1.6084776 -0.28965557 -0.051027883 4288387739
-1.0114459 -0.16233209 -0.063723981 4284900966
-0.89324474 -0.23786104 -0.0022312258 4284900966
-0.85979396 -0.1962415 -0.0025248046 4284900966
-0.5763998 -0.21716315 -0.00028864227 4288387995
-0.51483947 -0.20843983 -0.0024911424 4288387995
-0.43539396 -0.19886962 -0.012856318 4288387995
-0.36157894 -0.20127967 -0.013574905 4288387995
-0.2799153 -0.20584683 -0.02498691 4288387995
-0.19853717 -0.20151342 -0.02050525 4288387995
-0.11955743 -0.19986337 -0.021214774 4288322202
-0.03314057 -0.1985897 -0.021021662 4288256409
0.048607469 -0.19591585 -0.023344114 4288387995
0.12409496 -0.20423661 -0.024315784 4288387995
0.20202363 -0.20095755 -0.024095088 4288387995
0.28251362 -0.20048438 -0.025164207 4288387995
0.3448959 -0.20548619 -0.030010829 4288387995
0.43993708 -0.1987959 -0.031892583 4288387995
0.53481549 -0.20112562 -0.018326577 4288322202
0.57982969 -0.20570716 -0.04088996 4288387995
0.69323772 -0.19772474 -0.035132118 4287795858
0.75077277 -0.20099056 -0.038783845 4288124823
0.8653959 -0.1848751 -0.02106818 4288322202
0.90269184 -0.20586693 -0.044019289 4287730065
1.0276381 -0.2006619 -0.03222416 4285039465
1.0752852 -0.20380855 -0.040776074 4288387995
1.1620367 -0.20157263 -0.037825268 4288387995
1.2504687 -0.20053685 -0.039603516 4288322202
1.3034209 -0.20092869 -0.045618169 4288387995
1.4029179 -0.20362099 -0.04168123 4288387995
1.4676665 -0.19640747 -0.040816102 4288387995
1.553703 -0.20661655 -0.044761647 4288322458
1.6430118 -0.19696663 -0.0265637 4288387740
1.6943214 -0.20947295 -0.049279615 4288387995
-1.1289219 -0.092651531 -0.037310198 4284900966
-1.0850787 -0.13155617 -0.039632659 4285756275
-1.0232779 -0.15583099 -0.031378668 4284900966
-0.83244663 -0.1213868 -0.002685677 4284900966
-0.50373083 -0.13185509 -0.00044801703 4288387995
-0.43766373 -0.11884277 -0.003293534 4288387995
-0.35512993 -0.12023919 -0.017584927 4288387995
-0.28043672 -0.12058332 -0.014293881 4288387995
-0.19688447 -0.12869909 -0.025702188 4288387995
-0.11402888 -0.11392605 -0.020084267 4286743170
-0.041433334 -0.14436887 -0.02240454 4285822068
0.0320387 -0.14597668 -0.024020627 4286611584
0.12450553 -0.13579029 -0.027800886 4288190616
0.20693357 -0.11932372 -0.031299647 4288322202
0.28206819 -0.12599735 -0.028736701 4288387995
0.36708158 -0.11783582 -0.023453344 4288387995
0.42490289 -0.1291841 -0.034321684 4288387995
0.52615321 -0.11509021 -0.031155229 4288387995
0.59807861 -0.12653793 -0.022039179 4288387995
0.67958593 -0.1224481 -0.03831251 4288190616
0.77694279 -0.12450366 -0.05083853 4288059030
0.83222926 -0.11538814 -0.028964225 4288322202
0.90536356 -0.12486424 -0.060822826 4286019447
1.0105187 -0.11679383 -0.035164744 4285229931
1.0703522 -0.13422647 -0.032782841 4285427310
1.1456673 -0.13163482 -0.030816941 4287137928
1.2489005 -0.1288083 -0.045739241 4288059030
1.3169252 -0.11556308 -0.035874203 4288387739
1.4111322 -0.12308261 -0.064679153 4288387995
1.4897918 -0.11513056 -0.028114984 4288387739
1.5467948 -0.12506464 -0.041437671 4288387738
1.6402544 -0.12590967 -0.040550523 4288322459
1.6885276 -0.12063409 -0.063674219 4288322459
-1.1487017 -0.048987065 -0.040514447 4284900966
-0.80729288 -0.053276122 -0.0028353173 4284900966
-0.78655434 -0.029115364 -0.0030210924 4284900966
-0.4305757 -0.03888005 -0.00055401144 4288387995
-0.35304356 -0.038622387 -0.006651632 4288387995
-0.28286451 -0.042036992 -0.018776758 4288387995
-0.20465413 -0.04592948 -0.016944965 4288387995
-0.13766797 -0.044330105 -0.018581562 4285427310
0.18940954 -0.065450691 -0.025766274 4287795858
0.28240985 -0.039755195 -0.033811711 4288256409
0.35992071 -0.043945927 -0.026819898 4288387995
0.44632229 -0.036276434 -0.026847746 4288387995
0.51026148 -0.049311955 -0.035110384 4288387995
0.61165863 -0.033638179 -0.025184359 4288387995
0.6656068 -0.040386476 -0.037936036 4288387995
0.77800232 -0.041031081 -0.027774999 4288322202
0.83517253 -0.040488958 -0.0415994 4288322202
0.94354951 -0.024902675 -0.035869073 4285690482
0.96713668 -0.067681342 -0.036152311 4285164138
1.0750535 -0.048953298 -0.049729761 4284900966
1.1770883 -0.046885673 -0.023005746 4288387995
1.2127664 -0.015792966 -0.00082385552 4288387995
1.3286843 -0.074586868 -0.072053075 4288322202
1.4337029 -0.042268131 -0.029438071 4288190616
1.4780711 -0.043495882 -0.038967479 4288387995
1.5629494 -0.034117524 -0.038763806 4288322458
1.6411844 -0.042239551 -0.074146636 4288387739
-1.1600897 0.0019990206 -0.024384096 4284900966
-0.75687528 0.04713561 -0.0032053073 4284900966
-0.36070105 0.039673656 -0.00073371554 4288387995
-0.27945501 0.028963929 -0.012923785 4288387995
-0.20236814 0.032143906 -0.017530926 4288322202
-0.1360514 0.039456066 -0.016537661 4285295724
0.26202253 0.0060143298 -0.028023884 4287532686
0.36554822 0.040512178 -0.037761975 4288059030
0.44083446 0.03528538 -0.021978695 4288387995
0.52337581 0.046971273 -0.041047338 4288387995
0.60147554 0.036934555 -0.028574085 4288387995
0.68685955 0.043402426 -0.036834568 4288387995
0.76321095 0.038048461 -0.034065217 4288322202
0.85398233 0.024788752 -0.042324476 4288387995
0.93546826 0.038408428 -0.031183973 4286611584
0.96597028 0.062277727 -0.029662123 4285493103
1.0861591 0.043383282 -0.067451671 4284900966
1.1876284 0.032659277 -0.01775619 4288387995
1.2353059 0.047155589 -0.044421896 4286151033
1.4775448 0.0078310175 -0.04912293 4288387995
1.5624256 0.012347301 -0.078313686 4288322461
1.6753231 0.029374629 -0.061608873 4288387995
-0.72945035 0.12107289 -0.0033696396 4284900966
-0.71392345 0.11131707 -0.0035628928 4284900966
-0.35526073 0.084259212 -0.00045286404 4288387995
-0.27718464 0.10959797 -0.0011323205 4288387995
-0.18446791 0.12098043 -0.020136923 4288387995
-0.12183373 0.1171355 -0.02658355 4288322202
-0.062621057 0.13291337 -0.0093061179 4285887861
0.35832143 0.085650384 -0.0072858958 4288387995
0.45927498 0.12126604 -0.045566175 4287993237
0.51761097 0.11158235 -0.015207285 4288387995
0.59233528 0.11605965 -0.055985637 4288387995
0.6837346 0.1231856 -0.021855095 4288387995
0.75210053 0.11151943 -0.041145839 4288387995
0.86753792 0.14581496 -0.032929335 4288387995
0.92918706 0.11018934 -0.03347744 4288124823
0.99138236 0.12108158 -0.031018827 4285953654
1.0733217 0.13822836 -0.04492157 4286545791
1.1993272 0.10165906 -0.011571907 4288387995
1.2506809 0.1175278 -0.051594831 4285887861
1.4599824 0.13729711 -0.07492768 4284900966
-0.68729407 0.20295817 -0.0036831882 4284900966
-0.62237734 0.22122943 -2.6571577e-05 4288387995
-0.25810388 0.19589922 -0.00068414066 4288387995
-0.20709442 0.18982063 -0.0013016014 4288387995
-0.12161883 0.18579279 -0.011748445 4288387995
-0.036276389 0.21585512 -0.029590297 4288059030
0.015344421 0.1952213 -0.011578787 4284900966
0.46048582 0.16583371 -0.0077623832 4288387995
0.55260408 0.19250336 -0.050596178 4287335307
0.59754759 0.20256415 -0.038486604 4288322202
0.67870921 0.19554879 -0.02372974 4288387995
0.75394392 0.20950153 -0.06394922 4288387995
0.84793067 0.21720333 -0.028301744 4286677377
0.91990477 0.20107156 -0.040194634 4285887861
0.99583179 0.181622 -0.028605543 4286151033
1.0950203 0.1982962 -0.029558055 4288322202
1.1316873 0.22177957 -0.043660618 4288387995
1.2799562 0.16543615 -0.073461391 4284900966
1.2846791 0.18385416 -0.074057162 4284900966
1.4769416 0.19612627 -0.076854192 4284900966
-0.65660524 0.29633969 -0.0038456519 4284900966
-0.61425704 0.28671011 -0.0020684404 4286611584
-0.20528607 0.26327103 -0.00075875944 4288387995
-0.10011038 0.29425564 -0.0083275614 4288387995
-0.055688486 0.26936287 -0.011435948 4288387995
0.041142195 0.291668 -0.026156195 4287795858
0.090192735 0.27600375 -0.012260959 4284900966
0.57682669 0.24809882 -0.0088452529 4288387995
0.69192648 0.27297428 -0.059154365 4288124823
0.76459855 0.27999508 -0.030907597 4288387995
0.83505946 0.26611993 -0.033088487 4287401100
0.89224404 0.27464169 -0.07850226 4288387995
1.0148071 0.27859256 -0.031419363 4288387995
1.0716456 0.27725717 -0.029184211 4288387995
1.1439543 0.27627993 -0.02354856 4288387995
1.276274 0.31363398 -0.022424906 4288387995
1.2953937 0.29996273 -0.044683918 4288322202
1.4961513 0.26276696 -0.079036437 4284900966
-0.61913639 0.36083674 -0.0041401754 4284900966
-0.55612606 0.36403334 -8.7602617e-05 4288387995
-0.16610968 0.3539598 -0.00050188601 4288387995
-0.14161663 0.33375365 -0.00093105418 4288387995
-0.023118569 0.3651855 -0.011310702 4288387995
0.03723938 0.35297254 -0.015355015 4288387995
0.11537405 0.36975989 -0.034709923 4287993237
0.17114355 0.36878958 -0.012988423 4284900966
0.7031495 0.34047264 -0.035735253 4287795858
0.75749725 0.3347052 -0.0055357357 4288387995
0.83948547 0.3521125 -0.063619286 4288387995
0.93125403 0.37095529 -0.045016997 4288387995
0.99964637 0.36374032 -0.019636318 4288387995
1.0555239 0.33062014 -0.029144593 4288387995
1.1727647 0.3572869 -0.016576422 4288387995
1.2461978 0.36258435 -0.032644603 4288387995
1.2962061 0.35603032 -0.045169972 4288387995
1.3930026 0.37950063 -0.01775283 4288322202
-0.58489835 0.43609953 -0.0043777949 4284900966
-0.52083457 0.44755617 -8.5646716e-05 4288387995
-0.096935712 0.43373096 -0.00066456263 4288387995
-0.065454639 0.40839067 -0.0012111012 4288387995
0.057829361 0.44571003 -0.017013164 4288387995
0.11168215 0.42087677 -0.0030975363 4288322202
0.1815743 0.45663846 -0.050003752 4288387995
0.27035958 0.46996468 -0.013904244 4284900966
0.8645848 0.45116487 -0.041167751 4288387995
0.91540194 0.43195987 -0.014821912 4288387995
0.98675829 0.43212011 -0.040290534 4288387995
1.1754246 0.43972751 -0.035651013 4288387995
1.2358677 0.43839067 -0.025675954 4288387995
1.3198109 0.42827761 -0.016559858 4288387995
1.5105239 0.46060574 -0.006066469 4288387995
1.5521145 0.46706918 -0.019467801 4288387995
1.6387471 0.47102609 -0.0015576229 4288387995
-0.56368077 0.52896982 -0.0044351742 4284900966
-0.53023642 0.5211935 -0.003775018 4285558896
-0.46626091 0.53800797 -0.00026321766 4287466893
-0.017062187 0.52165109 -0.00088436267 4288387995
0.020026445 0.4926185 -0.0015218731 4288387995
0.14241384 0.51383162 -0.041639846 4288387995
0.19317493 0.52295285 -0.0078817178 4288322202
0.27791482 0.5321486 -0.04340674 4287927444
0.86430192 0.48276746 -0.0096444692 4288387995
0.97683167 0.48615897 -0.045835078 4288387995
1.0930246 0.52774465 -0.053130098 4288387995
1.1611915 0.52152276 -0.015246869 4288387995
1.2186894 0.50231892 -0.041860458 4288387995
1.4202524 0.55524683 -0.079901546 4288387995
1.4851092 0.52690417 -0.022776738 4288387995
1.563066 0.50064516 -0.018705821 4288387995
1.6406214 0.51717687 -0.012770182 4288387995
-0.51021719 0.61498666 -0.0048671425 4284900966
0.065790139 0.62695938 -0.0010043205 4288387995
0.11555231 0.58922702 -0.0018503637 4288387995
0.22754017 0.61764401 -0.052538283 4288387995
0.27262732 0.59894168 -0.038855929 4288387995
0.36337391 0.59928375 -0.011271884 4286216826
1.0310435 0.58088559 -0.071020104 4288387995
1.0740207 0.58773732 -0.015687382 4288387995
1.1617333 0.59712577 -0.035110313 4288387995
1.3498106 0.62866318 -0.078917079 4288387995
1.4061785 0.60032952 -0.033830427 4288387995
1.4785213 0.59805995 -0.039694339 4288387995
1.5591246 0.59504342 -0.017959442 4288387995
1.6602616 0.56729311 -0.024662485 4288387995
-1.1546042 0.68458414 -0.033339988 4279505940
-1.0794014 0.6981343 -0.045978073 4282006074
-1.0354571 0.71725875 -0.076828696 4288322202
-0.43747053 0.67752939 -0.0027907609 4286348412
0.044078529 0.643417 -0.00063501211 4288387995
0.21665826 0.70560205 -0.0020897326 4288387995
0.27308619 0.66435057 -0.0030373046 4288387995
0.37499455 0.6935764 -0.05667888 4288387995
0.40248942 0.66291416 -0.057044901 4288322202
0.52550566 0.71457642 -0.016289849 4284900966
1.2685058 0.71339667 -0.077780649 4288387995
1.31861 0.68331438 -0.050805535 4288387995
1.4014333 0.68453521 -0.019108806 4288387995
1.4555578 0.65889531 -0.042657375 4288387995
-1.0497648 0.73057169 -0.019412743 4279505940
-1.0171301 0.76496428 -0.0432995 4279505940
-0.47450888 0.72485566 -0.0050535831 4284900966
-0.3755374 0.76037997 -0.00022199223 4288190616
-0.038681831 0.79477 -0.071044967 4291151301
0.14384794 0.75881594 -0.00086661888 4288387995
0.17768884 0.73408532 -0.0014351715 4288387995
0.34437895 0.74865055 -0.047346219 4288387995
0.43913257 0.76537246 -0.0054891873 4288387995
0.50010562 0.72732991 -0.015980285 4284900966
1.2541474 0.75761825 -0.049456511 4288387995
1.3165166 0.74888176 -0.011442349 4288387995
1.3931657 0.75716984 -0.044151153 4288387995
-0.99855357 0.84102076 -0.039429996 4281084972
-0.41988647 0.84054744 -0.0054411334 4284900966
-0.39239436 0.82578725 -0.0057782037 4284900966
-0.027799921 0.81506354 -0.032477465 4291151301
0.040411327 0.84537452 -0.043042216 4290822336
0.29556111 0.86587983 -0.0017435688 4288387995
0.35420156 0.82480806 -0.0027150698 4288387995
0.46836224 0.86661798 -0.060432538 4288387995
0.50153643 0.83031785 -0.060880337 4288322202
0.67348957 0.87408066 -0.01763924 4284900966
1.3778809 0.80420935 -0.068093285 4288387995
1.651544 0.84703875 -0.011315966 4288387995
-1.0132335 0.91872168 -0.039471909 4289703855
-0.33130482 0.91636628 -0.0021199889 4287203721
-0.30031449 0.89162195 -0.00043588574 4288124823
0.072758026 0.89191681 -0.021978196 4288585374
0.090066478 0.92462665 -0.043541867 4288387995
0.23310459 0.90962923 -0.00070899905 4288387995
0.25956509 0.89109325 -0.0011472795 4288387995
0.44564149 0.89146882 -0.060125411 4288387995
0.54166937 0.94686484 -0.0038771019 4288387995
0.59746891 0.91176647 -0.0081543336 4287861651
0.65021473 0.8852725 -0.017356392 4284900966
1.579559 0.93577647 -0.014036338 4288387995
1.6448332 0.92017347 -0.015510302 4288387995
1.6954386 0.90456098 -0.05880902 4288387995
-1.2189807 1.0178336 -0.042228073 4284900966
-1.1811981 0.98794198 -0.041228443 4284900966
-1.0734569 1.0122879 -0.041545067 4284900966
-1.0307132 0.96544546 -0.012180409 4290624957
-0.36123592 0.97366118 -0.0058398256 4284900966
0.079774618 1.0399683 -0.065649949 4291414473
0.09341985 1.0005991 -0.039091889 4290690750
0.44014898 1.014508 -0.0022220323 4288387995
0.4996503 0.97486973 -0.0031922765 4288387995
0.62197268 1.0185665 -0.065405555 4288387995
0.66046733 0.9773795 -0.065933898 4288387995
1.5412599 0.97638023 -0.01375144 4288387995
1.6466695 0.98339981 -0.05358398 4288387995
-1.2474725 1.0686293 -0.037704069 4284835173
-1.1019675 1.069217 -0.040032603 4284900966
-0.26455444 1.0853766 -0.0038434549 4286348412
-0.22337215 1.0437642 -0.00057098031 4288059030
0.0557262 1.0835221 -0.043547224 4291414473
0.083756536 1.0494727 -0.023355564 4291282887
0.37108842 1.0605305 -0.00109636 4288387995
0.58627951 1.0567538 -0.064915575 4288387995
0.74610966 1.1054219 -0.004949409 4288322459
0.8331911 1.069952 -0.019049283 4285361517
-1.2610844 1.1288145 -0.077758178 4282269248
-0.29624346 1.1270745 -0.0062701441 4284900966
0.026078582 1.1259151 -0.016112769 4291480266
0.6198796 1.1846447 -0.0029289504 4288387995
0.67979896 1.1470404 -0.0038880589 4288387995
0.82325488 1.177436 -0.071557604 4288322202
-0.17979589 1.2247134 -0.00020528099 4288387995
-0.1406012 1.2210203 -0.0006529871 4288124823
0.51598978 1.2498622 -0.0012664746 4288387995
0.57732159 1.2113584 -0.0022478597 4288387995
0.76759124 1.2354605 -0.070780046 4288387995
1.0825086 1.2799307 -0.021436868 4284900966
-0.2066581 1.2973193 -0.0069435304 4284900966
0.92238677 1.3390596 -0.0051305722 4288387738
1.0102205 1.3068026 -0.017012369 4286611583
1.05926 1.2898939 -0.021156834 4284900966
-0.098932706 1.4330873 -0.00012099556 4288387995
-0.050643306 1.4295493 -0.00066801457 4288190616
0.77154738 1.4270802 -0.0027676434 4288387741
0.83897686 1.3877304 -0.0038238924 4288322459
1.0170983 1.4174846 -0.078271188 4288387995
1.0492877 1.3849609 -0.078729972 4288387995
-0.11489681 1.5028579 -0.0075726425 4284900966
0.68201226 1.4793326 -0.001365183 4288387996
0.73355907 1.4492493 -0.0021725881 4288387997
0.94517344 1.4901298 -0.077245176 4288387995
0.97704184 1.4579396 -0.077699691 4288387995
1.19254 1.5918899 -0.0062153637 4288453277
1.2404758 1.5844681 -0.01471795 4288387741
1.3173107 1.5679909 -0.023510611 4284900709
0.038400002 1.6781838 -0.00048581438 4288387995
0.092034936 1.6755543 -0.0010870784 4287927444
1.0301557 1.6783924 -0.0037351113 4288387995
1.079926 1.6518779 -0.004495271 4288322458
1.1527622 1.613075 -0.0056077004 4288322461
-0.018494487 1.7516277 -0.0081696874 4284900966
0.014949282 1.737298 -0.0085726278 4284900966
0.87945855 1.7586684 -0.0014333634 4288322715
0.9219836 1.7360151 -0.0020828869 4288387995
0.99197823 1.6987287 -0.0031519781 4288387994
-1.5260469 1.8305928 -0.052584395 4291480266
-0.042268276 1.7618085 -0.0078830672 4284900966
0.85840911 1.7698841 -0.0011119163 4288322715
-1.5228539 1.8534563 -0.023189127 4291480266
-1.5052832 1.8845776 -0.048646137 4291414473
1.5118034 1.9188975 -0.0072809882 4287669133
1.656015 1.9111781 -0.026641587 4284900966
1.6867319 1.900252 -0.027007397 4284900966
-1.4762205 1.9605664 -0.042286329 4291085508
0.13886158 1.9774586 -0.00019254243 4288387995
0.19860323 1.9762582 -0.00085459434 4288387995
0.24545455 1.9753077 -0.0013735036 4288387995
1.3479613 1.9964719 -0.0048530279 4286421884
1.4114525 1.9883578 -0.028335687 4280907562
1.4791181 1.9880266 -0.036717791 4279529236
1.5637519 1.9933661 -0.038579851 4278610182
1.6213405 1.9641857 -0.026737647 4281361457
-1.6373028 2.0193548 -0.037304893 4278216192
-1.5616076 2.0204718 -0.03698751 4278348290
-1.466766 2.024684 -0.036864828 4284389214
-1.4058971 2.0497403 -0.042130485 4281962297
-1.3172507 2.0458071 -0.041664265 4278423811
-1.2391617 2.0437598 -0.040586911 4279539988
-1.1937399 2.0703027 -0.056922704 4284900966
0.12005982 2.0412011 -0.0091599198 4284900966
1.1842146 2.0739985 -0.0024264604 4287996564
1.2402251 2.0474796 -0.0032564823 4287537806
1.3096048 2.0146306 -0.0042846072 4287341708
1.387884 2.0247614 -0.039376128 4278216192
-1.4088418 2.1170783 -0.040701058 4283142731
-1.3415695 2.137903 -0.040954299 4278422531
-1.166232 2.1197925 -0.040181831 4284900966
1.1047691 2.1116099 -0.0012491071 4288061333
1.1473646 2.09144 -0.0018802817 4287930261
-1.3048801 2.202363 -0.043522198 4278424835
-1.1290135 2.1789241 -0.036428247 4284900966
-1.10182 2.215215 -0.050373618 4284900966
-1.259352 2.2817338 -0.039914947 4278427651
-1.0669913 2.2762582 -0.033081718 4284900966
-1.0360547 2.3116074 -0.063276082 4284900966
-1.2200787 2.3501008 -0.035709187 4278429955
-1.1958385 2.3926754 -0.037265655 4278431235
-1.0254859 2.3411095 -0.031528685 4284900966
0.29738587 2.3746836 -0.00636457 4286282619
0.3537713 2.3511453 -0.0023032464 4287861651
0.42007869 2.3461604 -0.0015610821 4288322202
-1.1660408 2.4446244 -0.034927014 4278432771
0.2362113 2.416194 -0.0097326208 4284900966
0.26013455 2.4076862 -0.010017572 4284900966
-1.1342721 2.5014517 -0.048305433 4278434307
-1.1112459 2.5412505 -0.042697359 4278500611
0.3115958 2.5100222 -0.00027039798 4284900966
0.35432398 2.5091438 -0.0010667895 4284900966
0.77726191 2.5418854 -0.039938524 4278782217
0.80745929 2.5413048 -0.043945137 4279176975
-1.0893136 2.5686219 -0.036439102 4279384593
-1.6380823 -5.7918625 0.043831713 4289901234
-1.5618308 -5.7698879 0.043831717 4289901234
-1.4855801 -5.7479143 0.043831713 4289901234
-1.4008563 -5.7234983 0.043831713 4289901234
-1.322912 -5.7010312 0.050297618 4289901234
-1.2653044 -5.684413 0.070283137 4289901234
-1.2483598 -5.6795301 0.070283137 4289901234
0.37645283 -2.6413431 0.056097481 4278848010
0.44118917 -2.6436055 0.037756976 4278848010
0.5201363 -2.6476083 0.040185671 4278848010
0.6038025 -2.6517539 0.040844239 4278848010
0.6827687 -2.6554821 0.037773233 4278848010
0.756383 -2.6594143 0.04402978 4278848010
0.83975661 -2.6631761 0.037313554 4278848010
0.92189068 -2.6675427 0.043874063 4278848010
0.99825209 -2.6711242 0.040443957 4278848010
1.0670971 -2.6572201 0.040373046 4278848010
-1.0719866 -2.5622118 0.055572581 4278484228
-0.99687701 -2.5633233 0.043857448 4278783241
-0.91980392 -2.5652661 0.041120686 4278782217
-0.84050602 -2.5680113 0.042919051 4278782217
-0.75775719 -2.5693505 0.042330313 4278848010
-0.67904913 -2.5644767 0.045625724 4278848010
-0.59977776 -2.5651865 0.045972131 4278848010
-0.52148104 -2.5656981 0.04498668 4278848010
-0.43956849 -2.5657811 0.040769685 4278848010
-0.36018178 -2.5662465 0.039394073 4278848010
-0.27880228 -2.5719397 0.045224208 4281019179
-0.1990338 -2.5721118 0.04562176 4280492835
-0.1204409 -2.5730886 0.043741927 4278782217
-0.039182559 -2.5742092 0.044290807 4278848010
0.039948516 -2.5746131 0.04406919 4278848010
0.1192146 -2.5766978 0.045129173 4278848010
0.19848801 -2.5771387 0.044808663 4278782217
0.28258774 -2.5850701 0.044520516 4278782217
0.35830349 -2.5910208 0.040115569 4278848010
0.44008148 -2.5794213 0.043693475 4278848010
0.52075905 -2.5798926 0.044104427 4278848010
0.59946203 -2.5799792 0.043080956 4278848010
0.66588509 -2.5868375 0.048728198 4278848010
0.76301193 -2.61731 0.061320901 4278848010
0.8430481 -2.6198661 0.060683914 4278913803
0.91577542 -2.622189 0.060105093 4278782217
0.99427468 -2.608999 0.05967705 4278848010
1.0996538 -2.6072237 0.037702154 4278848010
1.1244203 -2.569983 0.04782391 4278782473
-1.4692713 -2.5162807 0.04081047 4281611316
-1.4084654 -2.5316119 0.042114042 4281545779
-1.3173249 -2.5407436 0.038536638 4278848010
-1.2411078 -2.5406816 0.037426673 4278782473
-1.1511493 -2.5199213 0.041300304 4278547973
-1.0814189 -2.5271866 0.037723154 4281236270
-0.99763978 -2.5230663 0.034394626 4282993225
-0.92098826 -2.5208325 0.034918673 4282598467
-0.83976883 -2.5216062 0.03773769 4282598211
-0.75965685 -2.5213263 0.039511096 4281742902
-0.67882901 -2.5202065 0.043187935 4282006074
-0.60081905 -2.5197906 0.043614194 4282335039
-0.52019203 -2.5216248 0.041578658 4281874488
-0.43969849 -2.5218349 0.0416921 4281677109
-0.35908353 -2.5212431 0.041603457 4281874488
-0.28063619 -2.5211766 0.041766986 4281874488
-0.2001563 -2.5214827 0.041554257 4281808695
-0.12122646 -2.5218456 0.041298497 4281808695
-0.040795311 -2.5254195 0.040798742 4281216558
0.041167177 -2.5264299 0.041501917 4280821800
0.12002011 -2.5246866 0.042188365 4280821800
0.19952404 -2.5242941 0.041200239 4281413937
0.28046688 -2.5265458 0.04250757 4280953386
0.35873204 -2.5260732 0.044319656 4280624421
0.43923381 -2.5273604 0.04632296 4279966491
0.51863319 -2.5268602 0.044943642 4280756007
0.59785855 -2.5315418 0.046117403 4279900698
0.67803073 -2.5311496 0.045400899 4280032284
0.75929159 -2.5297406 0.045660004 4280229663
0.83873016 -2.5305967 0.045408279 4280098077
0.9194445 -2.5332305 0.04478278 4280427042
1.0001742 -2.5338392 0.046051193 4280229663
1.084761 -2.5247824 0.046029933 4278992140
1.1494972 -2.5164747 0.040554456 4278279170
1.2612474 -2.4987354 0.055531628 4284900966
1.2889279 -2.4886072 0.055417068 4284900966
-1.5328474 -2.420814 0.051771637 4280295456
-1.485697 -2.4470167 0.038533416 4286282619
-1.424276 -2.4516406 0.028717501 4288387995
-1.153075 -2.4364636 0.042030018 4279943962
-1.0788928 -2.4396946 0.024220305 4287732113
-1.0019621 -2.4404292 0.019183116 4287467405
-0.91681576 -2.4420717 0.01727711 4288387995
-0.84049255 -2.440541 0.027303934 4288256409
-0.75880617 -2.4357176 0.03397705 4287598479
-0.68017805 -2.438678 0.037304737 4287072135
-0.59974575 -2.44068 0.041028302 4286808963
-0.52062613 -2.4421277 0.038946282 4287072135
-0.44037959 -2.4403808 0.030339932 4288256409
-0.35988307 -2.4397492 0.030320009 4288322202
-0.28014216 -2.4398236 0.028766707 4288387995
-0.20249498 -2.4423482 0.027139159 4288322202
-0.12096199 -2.4432056 0.021868123 4288322202
-0.037685491 -2.4402604 0.021757634 4288322202
0.038961321 -2.4374714 0.021774208 4288322202
0.12079277 -2.4423931 0.020181721 4288387995
0.19935951 -2.4396455 0.022186855 4288322202
0.27918449 -2.4392271 0.022491744 4288387995
0.35807768 -2.4398022 0.024134835 4288387995
0.43808717 -2.4334495 0.025751887 4288322202
0.52370769 -2.4391944 0.024874143 4288387995
0.60285735 -2.4431524 0.026095929 4288322202
0.68256533 -2.4375339 0.027058732 4288322202
0.75981724 -2.4363582 0.025763199 4288322202
0.83595508 -2.4421871 0.027739776 4288322202
0.9230178 -2.4397626 0.025986681 4288322459
1.0049319 -2.4390013 0.02875394 4288257177
1.0910201 -2.4476509 0.041336086 4283466576
1.1522732 -2.440439 0.043991603 4278412803
1.2183363 -2.4271507 0.037070777 4278740488
1.3118994 -2.4355142 0.051722102 4284900966
-1.6649892 -2.328156 0.07267572 4278546436
-1.5449193 -2.3783722 0.06292443 4284243036
-1.490085 -2.3600774 0.068487391 4288387995
-1.4260923 -2.3238995 0.079047538 4288387995
-1.2127712 -2.3503518 0.05066799 4278568197
-1.1641088 -2.3637524 0.034373332 4283740500
-1.0797795 -2.3600085 0.022006035 4287533967
-1.0002598 -2.3559511 0.018364681 4288585630
-0.91803479 -2.359529 0.022559728 4288716960
-0.84033555 -2.3629298 0.031613935 4287269514
-0.7587595 -2.3640075 0.036788389 4287532686
-0.67922699 -2.3598971 0.039220247 4288322202
-0.60101962 -2.3597972 0.038476758 4288387995
-0.52230668 -2.3603511 0.031731192 4288387995
-0.43862095 -2.3605583 0.029358542 4288124823
-0.36152524 -2.3624942 0.02791905 4288387995
-0.28230301 -2.3626101 0.022474051 4288387995
-0.20024888 -2.3574028 0.017299386 4288387995
-0.11798629 -2.3605549 0.017453168 4288387995
-0.034473814 -2.3601446 0.018477857 4288387995
0.039126959 -2.3590648 0.018760698 4288387995
0.11993895 -2.359298 0.021030508 4288322202
0.20129307 -2.3610418 0.021775534 4288387995
0.2787815 -2.3576562 0.021754498 4288322202
0.35870531 -2.3569794 0.023307376 4288387995
0.44005445 -2.3545303 0.02391696 4288322202
0.52351445 -2.3667359 0.027096026 4288322202
0.59697145 -2.3614576 0.026258925 4288387994
0.68226773 -2.3627346 0.028410491 4288322202
0.76137894 -2.3626227 0.027307864 4288387995
0.83802086 -2.3591456 0.028135885 4288387738
0.91642737 -2.361145 0.028133748 4288387994
0.9955759 -2.3598654 0.026334738 4288322202
1.0740099 -2.3569629 0.029556045 4288322458
1.1769071 -2.3668671 0.044454947 4279659798
1.2392126 -2.3528984 0.037414711 4278215936
1.3334764 -2.3570957 0.050960727 4283459152
1.364664 -2.3291535 0.055695646 4284900966
1.6674035 -2.338094 0.061601739 4278216192
-1.6388801 -2.2837555 0.036948014 4278415876
-1.5681301 -2.2603676 0.054034594 4278487556
-1.4750377 -2.2910559 0.074513361 4285307500
-1.4001362 -2.2975659 0.077387109 4288387995
-1.2275064 -2.2737517 0.040611684 4282234173
-1.1582485 -2.2784393 0.0247127 4287403916
-1.0819865 -2.2832522 0.019878063 4287796370
-0.99922913 -2.2777848 0.023632674 4288387995
-0.92254752 -2.2846761 0.014937857 4288387995
-0.84003639 -2.2856214 0.024548883 4288387995
-0.75934196 -2.2801728 0.033487275 4288190616
-0.68068731 -2.2839265 0.033540457 4288256409
-0.59847528 -2.2824843 0.028423382 4288387995
-0.5201937 -2.2833135 0.02717012 4288387995
-0.44216523 -2.2832706 0.022758124 4288387995
-0.35680702 -2.2762568 0.017817387 4288059030
-0.28344721 -2.2809651 0.017029874 4288387995
-0.20067175 -2.2783196 0.016631782 4288387995
-0.11741071 -2.2800407 0.015675675 4288387995
-0.037449744 -2.2780619 0.016365319 4288387995
0.035396468 -2.278177 0.016878063 4288453788
0.1190304 -2.279681 0.017744502 4288387995
0.19992059 -2.2796202 0.019960085 4288322202
0.27865854 -2.2801278 0.023011837 4288322202
0.35731781 -2.2768879 0.020138076 4288387995
0.44011208 -2.2787797 0.019895315 4288387995
0.5169881 -2.2807417 0.020642122 4288387995
0.59847832 -2.2826364 0.022118125 4288322459
0.67863888 -2.2817826 0.022230016 4288322459
0.75822914 -2.2775688 0.025347311 4288322459
0.8363201 -2.2789609 0.026613114 4288387995
0.91922379 -2.2815158 0.028276831 4288387995
1.0036916 -2.2799609 0.02917828 4288322203
1.0791907 -2.2723706 0.02880892 4288322202
1.1617 -2.2791877 0.035254478 4286354300
1.2333152 -2.281538 0.044212651 4278871818
1.304733 -2.2776515 0.036656547 4278347266
1.3867723 -2.2826314 0.054536987 4285098345
1.6437843 -2.2757761 0.040144574 4278216192
1.6845267 -2.3112578 0.0088326354 4278216192
-1.6041687 -2.2361608 0.0028843668 4278614022
-1.5523857 -2.2234123 0.020525476 4278487300
-1.4801664 -2.201129 0.039836574 4278426627
-1.408269 -2.1786683 0.058735739 4278363907
-1.2931789 -2.1760783 0.050888177 4279745303
-1.2425052 -2.2031839 0.029721346 4285376365
-1.162024 -2.1998878 0.022690365 4287602319
-1.0796899 -2.1968951 0.027071487 4288387994
-1.007291 -2.2027566 0.029925101 4288387995
-0.9205696 -2.1988633 0.018298924 4288387995
-0.84140712 -2.1955316 0.018326381 4288322202
-0.75951403 -2.202631 0.019169105 4288387739
-0.67790377 -2.2012231 0.016214248 4288387995
-0.59953302 -2.2059987 0.020850988 4288387995
-0.5222531 -2.1991205 0.017386205 4288387995
-0.43664816 -2.2029788 0.016148878 4288387995
-0.36079973 -2.2009816 0.013824066 4288190616
-0.2820017 -2.1965835 0.014407584 4288256409
-0.19828111 -2.1971147 0.017436884 4288387995
-0.12116023 -2.1997828 0.015157118 4288387995
-0.041368041 -2.2015321 0.015526842 4288387995
0.043944746 -2.2020266 0.018398128 4288387995
0.11819555 -2.2022409 0.019737599 4288387995
0.20013842 -2.2035928 0.017645931 4288387995
0.27919513 -2.2028282 0.019450625 4288322202
0.36302456 -2.2019544 0.022108525 4288387995
0.43935391 -2.198391 0.024181399 4288387995
0.51891059 -2.1995173 0.021524236 4288387995
0.60519296 -2.2030706 0.023564173 4288387738
0.68145305 -2.2030935 0.02168921 4288387994
0.76068485 -2.2009277 0.024449799 4288322458
0.84265393 -2.2003694 0.025348468 4288387994
0.91633272 -2.2025337 0.027260592 4288322459
1.0026909 -2.2059362 0.027555775 4288387738
1.0835454 -2.2019441 0.026953783 4288322203
1.1628057 -2.197046 0.020655593 4288256665
1.2529627 -2.208322 0.034390066 4282941512
1.3207515 -2.197551 0.038830183 4278609414
1.387377 -2.1915045 0.046878923 4281101356
1.5859127 -2.1903207 0.051361952 4278216192
1.6259767 -2.2054038 0.020890839 4278216192
-1.4488317 -2.1553848 0.0058208709 4278492676
-1.3947848 -2.1418762 0.02399537 4278363907
-1.3188435 -2.1184492 0.041327775 4281904952
-1.23548 -2.12342 0.026470024 4286947717
-1.1600296 -2.1200891 0.027071076 4288322458
-1.082583 -2.1220896 0.035786737 4288387995
-1.000541 -2.1249688 0.021859951 4288387995
-0.91870809 -2.114485 0.016897637 4288387995
-0.83745027 -2.1241572 0.017667571 4288256409
-0.76447612 -2.1158006 0.013493986 4288124823
-0.67325217 -2.1217213 0.01277622 4288387995
-0.60577071 -2.1194317 0.014976338 4288387995
-0.51567179 -2.1198521 0.019201031 4288453788
-0.44336337 -2.1177948 0.016741769 4288387995
-0.35749793 -2.1213694 0.020752888 4288256409
-0.27541021 -2.1171558 0.017679084 4288190616
-0.19873226 -2.1172659 0.016780043 4288387995
-0.11953855 -2.1192 0.020383919 4288387995
-0.039335657 -2.1207738 0.022840219 4288387995
0.045755539 -2.1193452 0.022469891 4288387995
0.11768114 -2.1191313 0.022611752 4288387995
0.19778372 -2.1182268 0.020954965 4288387995
0.28069976 -2.1225014 0.022394016 4288387995
0.35814303 -2.1200502 0.023001064 4288387995
0.43845332 -2.1209538 0.023236271 4288387995
0.52218425 -2.1222286 0.025717668 4288387995
0.59972239 -2.1179712 0.023647053 4288322203
0.6764766 -2.1142192 0.025489802 4288322203
0.7567066 -2.1147985 0.023859289 4288387995
0.84055406 -2.1121633 0.027660782 4288322203
0.92407453 -2.1220417 0.025580091 4288387738
0.99007899 -2.1150515 0.028850591 4288387739
1.0824627 -2.1176453 0.028563993 4288322203
1.1687202 -2.1247847 0.017757088 4288190616
1.2397445 -2.1220083 0.01727402 4288059542
1.3203024 -2.1183059 0.039816741 4280381473
1.3919189 -2.1228285 0.035901047 4278216192
1.5136132 -2.091516 0.072923027 4278216192
1.5523329 -2.1217675 0.039874438 4278216192
-1.6385946 -2.0062881 0.046090927 4278553605
-1.5588957 -2.0063472 0.04449296 4278492676
-1.480836 -2.0069258 0.04449347 4278429955
-1.3901523 -2.0216706 0.041207116 4280396833
-1.3246181 -2.0396411 0.029667925 4285965174
-1.243657 -2.0451515 0.025110265 4287209609
-1.1564664 -2.043221 0.029497067 4288387995
-1.0851108 -2.042213 0.032525532 4288387995
-0.99603873 -2.0365388 0.015712537 4288387995
-0.9240281 -2.0383091 0.016145611 4288387739
-0.83952755 -2.0390453 0.017113063 4288059030
-0.75901514 -2.0367265 0.016577717 4288322202
-0.67517036 -2.0363317 0.017515792 4288387995
-0.60790002 -2.040386 0.020602027 4288387995
-0.51708627 -2.0380502 0.026816957 4288387995
-0.43890068 -2.0421295 0.026293403 4288387995
-0.35953256 -2.0361207 0.025301276 4288387995
-0.27741012 -2.0401227 0.021445049 4288256409
-0.20286603 -2.0413182 0.021460207 4288256409
-0.11974175 -2.0411885 0.023357684 4288387995
-0.041857149 -2.0408044 0.023574999 4288387995
0.037567966 -2.0421722 0.023483481 4288387995
0.11770184 -2.0392902 0.021040658 4288387995
0.20304182 -2.0403309 0.02114903 4288387995
0.2790809 -2.0361822 0.02470517 4288387995
0.35912591 -2.0378578 0.023897156 4288387995
0.44318062 -2.0427983 0.024130147 4288387995
0.51871938 -2.0419872 0.025600398 4288387995
0.59858549 -2.0423095 0.025029194 4288387995
0.67618835 -2.0406854 0.029142147 4288387739
0.76174492 -2.0454869 0.029272245 4288387738
0.84009802 -2.0378211 0.032163244 4288387739
0.92779452 -2.0434728 0.034160204 4288322458
0.99775535 -2.0421343 0.028315451 4288322458
1.0765291 -2.0397871 0.035277594 4288322202
1.1616006 -2.0433898 0.030026592 4288059031
1.2376033 -2.0364859 0.020166561 4288322201
1.3275163 -2.0483451 0.02912174 4285106793
1.3933952 -2.0321195 0.041811522 4278675463
1.476878 -2.0175726 0.040238544 4278215936
1.5572567 -2.019779 0.039904471 4278413059
1.6467474 -2.0093057 0.043759149 4278216192
-1.6395741 -1.9677401 0.029112643 4285569392
-1.5591962 -1.9673755 0.030242287 4285373805
-1.4803355 -1.9672688 0.030698443 4285374317
-1.3995231 -1.966172 0.030568795 4285899125
-1.3252056 -1.9702303 0.026085045 4286292603
-1.2394507 -1.9669337 0.019711221 4288322458
-1.152642 -1.9646698 0.029720318 4288322203
-1.0803735 -1.9583619 0.020632911 4288387995
-0.99666256 -1.9581864 0.02101963 4288387738
-0.92488313 -1.9602481 0.020605415 4288322202
-0.84018397 -1.9589831 0.023921467 4288190616
-0.75580049 -1.9598312 0.020222988 4288387995
-0.68006235 -1.960096 0.020467862 4288387995
-0.60145921 -1.9583329 0.024593756 4288256409
-0.5204975 -1.9578315 0.026148679 4288387995
-0.43730542 -1.9589027 0.024779167 4288387995
-0.35678226 -1.9593709 0.022497175 4288387995
-0.27767488 -1.9595164 0.024799744 4288387995
-0.20159867 -1.9605438 0.023317451 4288059030
-0.11911495 -1.958742 0.024026342 4288387995
-0.039219968 -1.9577581 0.023861161 4288387995
0.040332071 -1.9575025 0.019407446 4288387995
0.11964099 -1.9610841 0.019617634 4288387995
0.20250386 -1.9596944 0.019925993 4288387995
0.2754873 -1.9586667 0.020909848 4288387995
0.36326647 -1.960598 0.022577589 4288387995
0.43983504 -1.9609361 0.023467602 4288387995
0.52047473 -1.9572799 0.02342741 4288387995
0.59952217 -1.9594284 0.025446612 4288387995
0.68006474 -1.9573909 0.025108084 4288322203
0.75760734 -1.9571372 0.029735889 4288387739
0.84112281 -1.9636039 0.027888911 4288322458
0.92029196 -1.9610864 0.036499977 4288387739
1.0034511 -1.9607067 0.035326183 4288387739
1.0842344 -1.9546269 0.030284815 4288256410
1.1578102 -1.9626762 0.032809909 4287403148
1.2413439 -1.9672699 0.025093177 4285696882
1.3175503 -1.9736973 0.028659895 4283728212
1.3973765 -1.9734541 0.029423714 4283991128
1.4812856 -1.9645791 0.028342437 4285500271
1.5572149 -1.9679781 0.028302101 4285041000
1.6404817 -1.97175 0.03109769 4284319069
-1.6405658 -1.8758914 0.025345737 4288322458
-1.5586499 -1.8790706 0.021613993 4288322458
-1.4798032 -1.8785555 0.022871792 4288322458
-1.4039675 -1.8800938 0.021104043 4288322458
-1.3195932 -1.8823806 0.019773731 4288387739
-1.2416137 -1.881048 0.021253515 4288322459
-1.1604763 -1.883559 0.01970871 4288322458
-1.0774833 -1.8813586 0.016753796 4288387995
-0.99901748 -1.8789173 0.020499708 4288387995
-0.9242416 -1.8777152 0.020237718 4288256409
-0.84009743 -1.8823045 0.021214338 4288322202
-0.76138753 -1.8817265 0.022524649 4288387995
-0.68076652 -1.8787233 0.025087157 4288256409
-0.59871995 -1.8802084 0.027338143 4287730065
-0.51989549 -1.8744966 0.024110541 4288387995
-0.43911582 -1.8784384 0.024277961 4288453788
-0.35822937 -1.8784639 0.022923278 4288387995
-0.27904239 -1.8797405 0.023655765 4288387995
-0.19962953 -1.8794839 0.025761692 4288256409
-0.11829631 -1.8802943 0.022029016 4288256409
-0.040531244 -1.8811857 0.0215097 4288387995
0.041146431 -1.8794287 0.020240299 4288387995
0.12176996 -1.879192 0.020279009 4288387995
0.19948252 -1.8821675 0.019737562 4288387995
0.28069505 -1.8822271 0.023988608 4288387995
0.36165285 -1.8807085 0.021819457 4288387995
0.43998277 -1.8792555 0.024002826 4288387995
0.51898253 -1.8822579 0.023530439 4288387995
0.59788924 -1.8823271 0.024012921 4288387995
0.68236953 -1.876668 0.02221445 4288387739
0.75773853 -1.8774796 0.024795609 4288387995
0.83880132 -1.878289 0.025576843 4288322202
0.91602606 -1.8766048 0.026647473 4288387995
1.0017579 -1.8731436 0.026878685 4288322203
1.0772034 -1.872627 0.027030656 4288387739
1.1611445 -1.8746819 0.024123009 4288124823
1.2407134 -1.8749708 0.027798539 4288059030
1.3200856 -1.8782856 0.017857101 4288322458
1.4009986 -1.8797563 0.018340368 4288387995
1.488145 -1.8769044 0.015943596 4288387995
1.5586845 -1.8793123 0.016011363 4288387995
1.6371053 -1.8754771 0.012684293 4288322202
-1.6399177 -1.8006468 0.031467736 4288387994
-1.5617571 -1.7976589 0.025440123 4288387738
-1.4833099 -1.7978121 0.017952058 4288387739
-1.3991588 -1.801631 0.017079614 4288387739
-1.3206999 -1.8023039 0.018440392 4288387995
-1.2411166 -1.8081949 0.020595063 4288322458
-1.1565223 -1.8032142 0.018014492 4288322459
-1.0723145 -1.8001918 0.018159583 4288387995
-0.99876994 -1.7974402 0.021481924 4288256409
-0.92336142 -1.7987167 0.021877341 4288256409
-0.8379122 -1.7960356 0.025947312 4288387995
-0.76013482 -1.7960058 0.02748543 4287993237
-0.67901796 -1.8011705 0.029960968 4287795858
-0.60042757 -1.7994798 0.024560377 4288322202
-0.51963985 -1.802516 0.024414117 4288387995
-0.44063351 -1.7986143 0.0237976 4288387995
-0.35881034 -1.8004158 0.024354272 4288387995
-0.27956766 -1.8030787 0.026066482 4288387995
-0.20025216 -1.7990507 0.025774112 4288387995
-0.1207524 -1.7994797 0.027473569 4288256409
-0.03832271 -1.8012966 0.023982536 4288387995
0.038091034 -1.8024739 0.021690436 4288387995
0.1209531 -1.7990789 0.022235796 4288387995
0.19503993 -1.8001537 0.023288483 4288387995
0.27976879 -1.797295 0.023092844 4288387995
0.35727566 -1.7970829 0.020928452 4288387995
0.43982518 -1.7983371 0.024898145 4288387995
0.52085429 -1.8006071 0.024109624 4288387995
0.60148597 -1.8030177 0.024920113 4288387995
0.67935616 -1.7996699 0.022391148 4288387995
0.76082122 -1.7962116 0.023367722 4288387995
0.84017938 -1.7993197 0.024095749 4288387995
0.92434978 -1.8013489 0.023947766 4288322202
1.0011929 -1.8003789 0.02162301 4288387995
1.0782005 -1.7998466 0.023329321 4288256409
1.1603997 -1.7991194 0.02332009 4288124823
1.241408 -1.7981678 0.019847251 4288256409
1.3191665 -1.8011454 0.015888235 4288322202
1.3988513 -1.8004222 0.01844392 4288387995
1.4873929 -1.7983886 0.015017319 4288387995
1.5603149 -1.7977915 0.01679102 4288387995
1.6370296 -1.7991608 0.014950765 4288387995
-1.6387435 -1.7248186 0.033059165 4288322203
-1.5601641 -1.7213165 0.030612506 4288322459
-1.483614 -1.7164899 0.027165102 4288387739
-1.4029002 -1.7179097 0.016407968 4288387995
-1.3201005 -1.7214324 0.016749091 4288387995
-1.2422789 -1.722643 0.017554723 4288387995
-1.1594675 -1.7187113 0.015742928 4288387739
-1.0751219 -1.7239989 0.019556256 4288387739
-0.99990135 -1.7225647 0.021169642 4288256409
-0.92086476 -1.7222639 0.025255086 4288322202
-0.83874893 -1.721594 0.029515384 4287927444
-0.76145196 -1.7197497 0.026189394 4287927444
-0.67976028 -1.7190095 0.026317852 4287993237
-0.60144579 -1.7210944 0.025089763 4288387995
-0.51911187 -1.7213843 0.026868246 4288387995
-0.44211987 -1.7207361 0.023456518 4288387995
-0.36167794 -1.7196165 0.026410332 4288387995
-0.2791895 -1.7202636 0.026099356 4288387995
-0.19882441 -1.7212452 0.027843121 4288387995
-0.11863336 -1.7221177 0.027013807 4288322202
-0.039787404 -1.7212573 0.025393218 4288387995
0.040935323 -1.7216973 0.024984166 4288322202
0.12292465 -1.7223011 0.024508892 4288453788
0.20019391 -1.7205275 0.024846794 4288387995
0.28205761 -1.7190793 0.023381067 4288387995
0.35532594 -1.7194206 0.023941705 4288387995
0.44059455 -1.7200754 0.023674529 4288387995
0.5190987 -1.7216493 0.025122538 4288387995
0.60148215 -1.7183642 0.025287414 4288322202
0.67535537 -1.7171965 0.021394297 4288387995
0.76117116 -1.7186124 0.02422937 4288387995
0.8405239 -1.7193022 0.024258528 4288387995
0.92364138 -1.7203699 0.027307183 4288387738
0.99775964 -1.7168405 0.019205308 4288322459
1.0782504 -1.7175372 0.022972122 4288190616
1.1627051 -1.7189782 0.023558699 4288059030
1.2412928 -1.7199609 0.017602038 4288190872
1.3136115 -1.7211975 0.017319964 4288387995
1.395619 -1.7201771 0.018156996 4288387994
1.4783157 -1.7220463 0.015553253 4288387995
1.5603666 -1.7201304 0.018002486 4288387995
1.6333338 -1.7173772 0.01287892 4288387995
-1.6384419 -1.6435045 0.033939708 4288387739
-1.5602233 -1.6419147 0.034647882 4288322458
-1.479056 -1.6450462 0.035055652 4288387738
-1.4049934 -1.648903 0.0258104 4288322203
-1.3205519 -1.6411341 0.020810321 4288387739
-1.2375939 -1.6474482 0.01901371 4288387738
-1.1615235 -1.6400497 0.018194456 4288387738
-1.0753921 -1.6382117 0.01146159 4288322202
-0.99927253 -1.6411307 0.016698312 4288059030
-0.91592902 -1.6431278 0.030295849 4287466893
-0.83961231 -1.6416684 0.03298565 4287730065
-0.76000243 -1.639894 0.027351948 4287993237
-0.68128145 -1.6394904 0.026744183 4288387995
-0.60071808 -1.6403164 0.027329596 4288387995
-0.51945698 -1.6406531 0.029032925 4288387995
-0.43861473 -1.6394932 0.024790129 4288387995
-0.36223516 -1.640662 0.024721183 4288453788
-0.27952009 -1.6385032 0.027346451 4288387995
-0.20151864 -1.6422564 0.026771218 4288387995
-0.11826596 -1.6399636 0.024212236 4288387995
-0.039043356 -1.6431574 0.024401242 4288387995
0.041076329 -1.6411328 0.025943575 4288387995
0.12055505 -1.6410618 0.025094433 4288387995
0.2008069 -1.6370068 0.023555942 4288387995
0.28111246 -1.640617 0.021872984 4288387995
0.36062098 -1.6345603 0.022694059 4288387995
0.43964407 -1.6324387 0.023525093 4288387995
0.51903498 -1.6339734 0.021974502 4288387995
0.60062391 -1.637095 0.019908654 4288387995
0.67365086 -1.6404792 0.019596465 4288387995
0.75720692 -1.6395909 0.021385744 4288387995
0.83708107 -1.6413486 0.02378588 4288387995
0.92257905 -1.6360583 0.02508641 4288387995
0.99627346 -1.6391445 0.021193139 4288387995
1.0767558 -1.6386219 0.017668178 4288124823
1.1552988 -1.6399899 0.023122355 4288124823
1.2435766 -1.6419573 0.018772399 4288322202
1.3196996 -1.640745 0.014988692 4288387995
1.4023043 -1.640311 0.020022251 4288322459
1.4794612 -1.6448087 0.016807355 4288387995
1.5633793 -1.6412299 0.0179212 4288387739
1.6364002 -1.6390492 0.014112577 4288387738
-1.6401043 -1.5565619 0.019363582 4288387738
-1.5596187 -1.5657374 0.029515918 4288387994
-1.4843725 -1.5612826 0.018798156 4288387995
-1.4004459 -1.5648358 0.016375836 4288387995
-1.3126838 -1.5556663 0.0409927 4288387995
-1.2450542 -1.5605252 0.032528318 4288387995
-1.1608824 -1.555465 0.017155658 4288387995
-1.0740174 -1.5580279 0.024348101 4287730065
-1.0012182 -1.5586656 0.018870341 4287269514
-0.9269008 -1.5598805 0.020642428 4287137928
-0.83909404 -1.5586042 0.022397196 4287466893
-0.75747335 -1.5592446 0.022504276 4288256409
-0.68079847 -1.560547 0.023090536 4288387995
-0.60329187 -1.5590669 0.025842169 4288387995
-0.52236658 -1.558939 0.028282544 4288387995
-0.4366219 -1.5612376 0.025315832 4288387995
-0.3636809 -1.5597992 0.025832014 4288387995
-0.28067586 -1.5593119 0.028608182 4288387995
-0.20183422 -1.5584855 0.024677714 4288387995
-0.1240344 -1.5606638 0.025419997 4288387995
-0.04094255 -1.5637572 0.025211554 4288387995
0.038362253 -1.5597754 0.022783319 4288387995
0.1193294 -1.5653932 0.02301768 4288387995
0.19851404 -1.5606704 0.02620467 4288387995
0.28018185 -1.5645969 0.022679245 4288387995
0.35949814 -1.5624176 0.020341881 4288387995
0.43880931 -1.5636709 0.019215804 4288322202
0.51901883 -1.5643626 0.021352977 4288387995
0.60162652 -1.5635611 0.021364152 4288387995
0.6806947 -1.5599803 0.022429349 4288387995
0.75905895 -1.5539656 0.021952285 4288322202
0.84075487 -1.5567057 0.021690242 4288387995
0.91701466 -1.5588332 0.024441553 4288387995
0.99700779 -1.5650523 0.022254096 4288322202
1.0799589 -1.5592104 0.021079944 4288124823
1.1542596 -1.5595311 0.019799965 4288059030
1.2345365 -1.5619181 0.020168656 4288322202
1.3207486 -1.5633333 0.0178767 4288387995
1.3987253 -1.5638818 0.019809749 4288387995
1.4837062 -1.5631975 0.021433676 4288322202
1.5651695 -1.5594795 0.022187496 4288387995
1.6457798 -1.5605568 0.014900926 4288387995
-1.6420656 -1.4767493 0.016713507 4288387995
-1.5598909 -1.4806787 0.017719086 4288322202
-1.4826052 -1.4823415 0.018255854 4288387995
-1.4003731 -1.4787563 0.020834509 4288387995
-1.3136909 -1.4814811 0.042171456 4288387995
-1.2478827 -1.478563 0.039823748 4288387995
-1.1513865 -1.4822217 0.031634659 4287927444
-1.0769699 -1.4839809 0.040317141 4287466893
-1.0011511 -1.4777262 0.036376782 4287795858
-0.9213863 -1.4740126 0.031285547 4287730065
-0.83954662 -1.4771199 0.023438195 4287927444
-0.75846809 -1.4794209 0.014408207 4288322202
-0.68020886 -1.4826896 0.019249108 4288387995
-0.60153109 -1.4806848 0.023689153 4288387995
-0.52004486 -1.4802467 0.024590403 4288387995
-0.43807918 -1.4816412 0.024450177 4288387995
-0.3623395 -1.4825914 0.025515754 4288387995
-0.28068656 -1.4809167 0.029920412 4288387995
-0.19875483 -1.4797875 0.026049931 4288387995
-0.12177758 -1.4821546 0.02141178 4288387995
-0.043674953 -1.4838305 0.021061439 4288387995
0.041246142 -1.4801228 0.017791858 4288387995
0.11738688 -1.4821488 0.020203818 4288453788
0.20261616 -1.4826434 0.019382669 4288387995
0.28272623 -1.4808089 0.022232415 4288322202
0.35811085 -1.4787798 0.020628059 4288387995
0.43761507 -1.476596 0.024064699 4288387995
0.52290213 -1.4791775 0.020657867 4288387995
0.60224706 -1.4822832 0.02066787 4288387995
0.68120438 -1.4827282 0.024633866 4288387995
0.76557165 -1.4797866 0.024139544 4288387995
0.84494376 -1.482778 0.023807475 4288387995
0.91947722 -1.4885944 0.02024653 4288387995
0.99595851 -1.4823135 0.025208946 4288322202
1.0815731 -1.4822819 0.027325917 4287993237
1.1631409 -1.4830443 0.01909288 4288190616
1.241267 -1.4783522 0.018825579 4288322202
1.3189441 -1.4805006 0.019493539 4288322202
1.3972144 -1.4770957 0.020692861 4288387995
1.4835303 -1.4835209 0.020644942 4288387738
1.5691617 -1.4787148 0.019837046 4288387994
1.6383592 -1.480267 0.014904286 4288387995
-1.6408446 -1.4006182 0.017243491 4288387995
-1.5620543 -1.3972998 0.01585127 4288322202
-1.4821836 -1.3955662 0.019312501 4288387995
-1.3978275 -1.3927783 0.019219328 4288387995
-1.311541 -1.39644 0.039953679 4288387995
-1.2443743 -1.3978635 0.042811982 4288387995
-1.160262 -1.3977381 0.026326369 4288190616
-1.0759882 -1.3916165 0.033116318 4287466893
-0.99644482 -1.4045247 0.031659532 4287664272
-0.9201957 -1.4089046 0.038204148 4287861651
-0.83971274 -1.4075412 0.03353557 4288190616
-0.7585789 -1.3992668 0.026147081 4288387995
-0.68195188 -1.3974973 0.022519061 4288387995
-0.60152262 -1.3992178 0.019404676 4288387995
-0.52623332 -1.3979094 0.02183276 4288387995
-0.43525898 -1.4037293 0.019871514 4288387995
-0.36230296 -1.4046189 0.016881678 4288387995
-0.28065568 -1.4019831 0.013915502 4288453788
-0.20525964 -1.39805 0.014079906 4288387995
-0.11958345 -1.4010409 0.017893797 4288387995
-0.035574649 -1.4012712 0.017287195 4288387995
0.040920757 -1.4015071 0.016379349 4288387995
0.12437099 -1.4010397 0.018908203 4288387995
0.19908999 -1.3987983 0.018885788 4288322202
0.27895373 -1.4013759 0.017452257 4288387995
0.35906854 -1.4003597 0.021772629 4288387995
0.4382621 -1.4023072 0.021629665 4288387995
0.51690096 -1.404812 0.021809392 4288322202
0.59792227 -1.4066408 0.022675101 4288387995
0.68044418 -1.4016637 0.023151487 4288387995
0.75768006 -1.3993824 0.024292978 4288387995
0.83925819 -1.3985114 0.026600152 4288387995
0.92387998 -1.4035947 0.025170561 4288387995
0.9991914 -1.4011837 0.018852377 4288190616
1.0782778 -1.3981143 0.019979451 4288059030
1.1578516 -1.3984782 0.021450527 4288322202
1.2384088 -1.3996396 0.022905637 4288322202
1.3326494 -1.4034657 0.019657081 4288387995
1.4027786 -1.402231 0.021811049 4288387995
1.4749669 -1.3988503 0.021801347 4288387995
1.5616755 -1.3985233 0.017898763 4288322202
1.6356598 -1.4016086 0.017227666 4288387995
-1.6430894 -1.3220469 0.019027278 4288387995
-1.5610679 -1.324291 0.016633371 4288387995
-1.4805553 -1.3218895 0.016918121 4288387995
-1.3969786 -1.3117864 0.020288089 4288387995
-1.3194779 -1.319068 0.029806573 4288387995
-1.2415153 -1.3265854 0.03659239 4288387995
-1.1518016 -1.3112351 0.031376205 4288059030
-1.0888349 -1.3296746 0.036905654 4288124823
-1.0077056 -1.3278884 0.043251622 4287137928
-0.90355968 -1.3207985 0.036893848 4287795858
-0.84009641 -1.321093 0.030060394 4288387995
-0.75281072 -1.322291 0.023973439 4288387995
-0.68028784 -1.3223943 0.024222396 4288387995
-0.59812701 -1.3253672 0.027307425 4288387995
-0.52071083 -1.3177105 0.026909519 4288387995
-0.44048873 -1.3178642 0.025165308 4288387995
-0.35671905 -1.3185506 0.023346748 4288387995
-0.28011417 -1.3184613 0.017642489 4288387995
-0.19562726 -1.3196882 0.01293882 4288387995
-0.11881556 -1.3147252 0.018600222 4287664272
-0.039814971 -1.3174827 0.017627483 4288256409
0.044092003 -1.3214915 0.017674534 4288322202
0.12111444 -1.3226744 0.015697611 4288387995
0.19986407 -1.3206178 0.020046633 4288453788
0.28302968 -1.3190542 0.015616405 4288387995
0.36181113 -1.3163921 0.014460573 4288387995
0.44133854 -1.3183891 0.016127972 4288387995
0.52128536 -1.3191569 0.018997261 4288387995
0.59578431 -1.3161694 0.020638432 4288387995
0.679447 -1.3168768 0.022551008 4288387995
0.75767714 -1.321438 0.020814063 4288387995
0.84238893 -1.322022 0.026304096 4288387995
0.92305332 -1.3189849 0.024968123 4288322202
0.9979009 -1.3182105 0.018372053 4288124823
1.0755498 -1.3235255 0.018750291 4288124823
1.1579163 -1.322655 0.015859624 4288190616
1.2363917 -1.3200337 0.016905108 4288322202
1.3122668 -1.3157816 0.020537222 4288322203
1.3968074 -1.3176498 0.024096536 4288387995
1.4835117 -1.3302892 0.020753508 4288387995
1.5700979 -1.3238097 0.02078101 4288387995
1.6401447 -1.3241712 0.016435513 4288387995
-1.6404881 -1.2462831 0.019723369 4288387995
-1.5613934 -1.248077 0.02008664 4288387995
-1.478238 -1.2449814 0.022816258 4288387995
-1.3982407 -1.2428792 0.024901021 4288387995
-1.3193406 -1.2415394 0.025634609 4288387995
-1.2370522 -1.2385999 0.029256152 4287664272
-1.1583716 -1.236481 0.041339267 4285558896
-1.0919284 -1.2499783 0.047622591 4286282619
-1.003864 -1.2276679 0.053466432 4288453788
-0.90680891 -1.2398036 0.01888356 4288322202
-0.84157586 -1.2351257 0.020330288 4288387995
-0.76107222 -1.2270972 0.026925629 4288387995
-0.68129104 -1.2364933 0.0233627 4288387995
-0.60022396 -1.2369744 0.024218699 4288387995
-0.51783258 -1.2413961 0.025388163 4288387995
-0.44153726 -1.2414682 0.027374569 4288387995
-0.35733041 -1.2378722 0.037376974 4288387995
-0.27662873 -1.2434537 0.04318016 4288387995
-0.20120272 -1.2416964 0.027053451 4288453788
-0.11412764 -1.2347349 0.033637166 4286216826
-0.04810755 -1.2437706 0.037678752 4285822068
0.038612306 -1.2512258 0.033758294 4287927444
0.12279626 -1.2364056 0.021645205 4288716960
0.20203441 -1.2375576 0.014912018 4288387995
0.2789827 -1.244635 0.016003907 4288387995
0.36013943 -1.2399803 0.018164415 4288322202
0.44090387 -1.2410159 0.017839476 4288387995
0.51963335 -1.2421495 0.019346824 4288387995
0.60167742 -1.2450453 0.021284332 4288387995
0.67985356 -1.242515 0.02255189 4288387995
0.76251137 -1.2407343 0.022795891 4288387995
0.8408519 -1.2462294 0.019518258 4288387995
0.91901171 -1.2421285 0.019432198 4288322202
1.0056221 -1.2312876 0.034689356 4286282619
1.0734813 -1.2329786 0.040844202 4285558896
1.1579771 -1.2412941 0.03225784 4287993237
1.2323433 -1.2432159 0.017190138 4288256409
1.3144944 -1.2402402 0.017391402 4288190616
1.3978356 -1.2349452 0.021541245 4288322202
1.4782857 -1.2322488 0.019502748 4288387995
1.5596796 -1.2386028 0.023135953 4288387995
1.6438833 -1.2469122 0.021058628 4288387995
-1.6399604 -1.1596019 0.016670164 4288387995
-1.5588154 -1.1548842 0.021513028 4288387995
-1.4795494 -1.16151 0.02406369 4288387995
-1.3973392 -1.1584511 0.026695142 4288387995
-1.3232849 -1.1582996 0.038936291 4288124823
-1.2306718 -1.1569265 0.038737454 4285493103
-1.1613113 -1.1667506 0.038400393 4284900966
-1.1045626 -1.1550826 0.048351597 4284900966
-0.96965903 -1.1727675 0.04854665 4291085508
-0.92677742 -1.1522762 0.034084108 4289243304
-0.83403283 -1.156988 0.023848856 4288322202
-0.75812542 -1.1602687 0.027904579 4288387995
-0.68008685 -1.1567971 0.027826326 4288387995
-0.60139614 -1.1595441 0.030813869 4288387995
-0.51896185 -1.1602756 0.034072481 4288387995
-0.44140685 -1.1595442 0.035953816 4288387995
-0.35818481 -1.1586353 0.038314618 4288387995
-0.27563158 -1.1588912 0.02818297 4288387995
-0.20435765 -1.1610498 0.016540021 4288387995
-0.13736771 -1.1641173 0.040103316 4285098345
-0.068771079 -1.1913462 0.07446374 4284835173
0.138578 -1.1608882 0.041765079 4290690750
0.20087668 -1.1668512 0.017276218 4288453788
0.27789274 -1.1659796 0.020199073 4288387995
0.36036646 -1.1635288 0.016652625 4288387995
0.43867761 -1.1589823 0.018665975 4288387995
0.52027482 -1.1603942 0.016905773 4288387995
0.59990621 -1.1628293 0.017214412 4288387995
0.67799896 -1.1652186 0.02020064 4288387995
0.7608934 -1.1633044 0.022223955 4288387995
0.84379727 -1.1608226 0.023503182 4288322202
0.93311656 -1.154065 0.03102126 4287006342
0.98829299 -1.1781514 0.042742588 4285098345
1.078355 -1.1925485 0.044065263 4285098345
1.1824261 -1.1802633 0.020731129 4285558896
1.257812 -1.1681532 0.017985865 4287400844
1.3240622 -1.1554676 0.018189212 4288322202
1.3941016 -1.159591 0.017292587 4287861651
1.4793895 -1.1615046 0.019489734 4288256409
1.5502809 -1.1623778 0.019937886 4288387995
1.6402472 -1.157391 0.023478482 4288387995
-1.6403681 -1.0779461 0.01778944 4288387995
-1.560728 -1.0803339 0.023087541 4288387995
-1.4804821 -1.0810983 0.024962388 4288124823
-1.3971164 -1.0788122 0.029186632 4287927444
-1.3248116 -1.0797424 0.040775277 4287664272
-1.2345287 -1.0843252 0.044177443 4285229931
-1.1612693 -1.0887606 0.033784676 4284900966
-1.083776 -1.0777451 0.025903154 4284900966
-0.97222906 -1.0578501 0.042851284 4289440683
-0.93204439 -1.0817344 0.040416446 4289769648
-0.83359212 -1.0804979 0.028410334 4288322202
-0.75760174 -1.0789264 0.029227261 4288387995
-0.68138653 -1.0791453 0.025583267 4288387995
-0.601466 -1.0800613 0.0313484 4288387995
-0.52148789 -1.0783203 0.031995777 4288387995
-0.43634501 -1.0814302 0.03705712 4288387995
-0.3599802 -1.0797855 0.03747509 4288387995
-0.28073397 -1.0783137 0.017166076 4288387995
-0.20007117 -1.0814197 0.013756429 4288453788
-0.13324015 -1.084816 0.040431324 4285098345
-0.052527267 -1.0562897 0.036114704 4285822068
0.14566566 -1.0822432 0.046090737 4290690750
0.20216163 -1.0773319 0.015890045 4288387995
0.28241551 -1.0792966 0.0186026 4288322202
0.3596051 -1.0769594 0.018926162 4288387995
0.44144386 -1.0791419 0.017616393 4288387995
0.52070516 -1.0794736 0.016523946 4288387995
0.59765601 -1.0853058 0.016772352 4288322202
0.67977989 -1.0815768 0.01827139 4288387995
0.76068908 -1.075779 0.0190796 4288387995
0.84242088 -1.0771016 0.022115232 4288387995
0.93567491 -1.0805062 0.038914863 4286019447
1.0054365 -1.0682956 0.038491763 4286216826
1.1968789 -1.049198 0.0081850579 4288387995
1.2523258 -1.0579441 0.034386043 4289177511
1.3273902 -1.0822959 0.019358426 4287730065
1.4013206 -1.0800769 0.018434212 4288190616
1.4788663 -1.0814337 0.01881573 4287861651
1.5625561 -1.0796353 0.019697087 4288322202
1.6444435 -1.0793437 0.02479179 4288059030
-1.6409578 -0.99952048 0.020964446 4288387995
-1.5567627 -0.99756497 0.023966569 4287861651
-1.4794478 -0.99662256 0.023177871 4287532686
-1.398949 -0.99608469 0.034067381 4287927444
-1.3241953 -0.99537545 0.041453492 4287730065
-1.2391226 -1.0004283 0.044661362 4286282619
-1.1702889 -0.97425175 0.04476165 4284966759
-1.0739985 -0.98933983 0.041635104 4285032552
-0.99710155 -0.99613994 0.044713903 4287861651
-0.92098951 -1.0027404 0.026334498 4288387995
-0.83736569 -1.0021787 0.030341836 4288322202
-0.75737 -0.99923015 0.029041251 4288387995
-0.67986387 -1.0019242 0.027407993 4288387995
-0.60165197 -0.9983359 0.028326949 4288387995
-0.5189324 -0.99660897 0.02849178 4288387995
-0.43898591 -0.99639529 0.028747087 4288387995
-0.36269248 -1.0004402 0.026050931 4288387995
-0.28179204 -1.0031335 0.01398903 4288387995
-0.20676109 -0.99924606 0.013532688 4288387995
-0.11711309 -0.99835831 0.036874618 4286545791
-0.055756558 -0.98133612 0.035829227 4288059030
0.062511005 -0.96720576 0.046411924 4286282619
0.11587155 -1.0003381 0.042643443 4287993237
0.20533654 -1.0079546 0.017359611 4288322202
0.28264323 -0.99969399 0.015065401 4288387995
0.36331615 -0.99424171 0.017138289 4288322202
0.44202289 -0.99622977 0.014433122 4288387995
0.52053946 -1.0002987 0.015607618 4288387995
0.59415257 -0.99802476 0.015932981 4288387995
0.67759144 -0.99675244 0.017577993 4288387995
0.75718915 -0.99712968 0.019492954 4288322202
0.84558868 -0.99884975 0.017786069 4288387995
0.92746425 -1.0048348 0.024374682 4287664272
0.99687117 -0.99563253 0.044146117 4285624689
1.0548178 -0.98143429 0.043703597 4287664272
1.1741168 -0.9733848 0.045242593 4287203721
1.2352003 -0.99904805 0.029635319 4288716960
1.3213201 -1.0005199 0.019673858 4288322202
1.3912152 -0.99858975 0.022351686 4288190616
1.4824626 -1.0015671 0.020427976 4287664272
1.5569867 -0.99990916 0.02295349 4287861651
1.6473269 -0.9944104 0.020621816 4288256409
-1.6392114 -0.91867065 0.023429133 4288387995
-1.5597892 -0.91907698 0.025921673 4287730065
-1.4787259 -0.91864991 0.024471393 4287598479
-1.3985695 -0.9201045 0.03577546 4287927444
-1.3230342 -0.92250544 0.038808256 4287861651
-1.2453243 -0.9211753 0.042234048 4288059030
-1.1580522 -0.93365896 0.037104763 4286743170
-1.0804105 -0.93256438 0.036403771 4286611584
-1.0018668 -0.91965806 0.020535249 4287730065
-0.92348969 -0.91396922 0.020532208 4287795858
-0.83916849 -0.91694111 0.023226293 4288322202
-0.75829947 -0.924106 0.026123848 4288387995
-0.67955923 -0.92042911 0.031047689 4288387995
-0.60133874 -0.92041308 0.033501349 4288387995
-0.52182102 -0.9227317 0.031510469 4288387995
-0.44081768 -0.92140192 0.029780652 4288387995
-0.36306512 -0.91964149 0.023148259 4288387995
-0.28662944 -0.91739154 0.01652872 4288387995
-0.20124274 -0.9151938 0.01657141 4288387995
-0.11419723 -0.91671497 0.027125634 4288453788
-0.03830393 -0.9323194 0.02958745 4286940805
0.032617826 -0.92913991 0.026006615 4287269514
0.12154151 -0.9176029 0.016805977 4288322202
0.20361303 -0.91559124 0.017159464 4288322202
0.28167713 -0.92345613 0.015642265 4288322202
0.36144125 -0.92503387 0.018113311 4288387995
0.43973544 -0.92077208 0.01903134 4288387995
0.52333558 -0.92028737 0.018706221 4288387995
0.60018665 -0.91767842 0.015897296 4288387995
0.67865795 -0.91954011 0.015025944 4288387995
0.75957388 -0.91829509 0.017338606 4288387995
0.84014618 -0.91664022 0.014799979 4288322202
0.9187628 -0.91807508 0.015640873 4288387995
1.0027962 -0.92107469 0.022353632 4287795858
1.0819083 -0.93330425 0.038180683 4286348412
1.1567476 -0.92655164 0.035721228 4287269514
1.2428101 -0.92373025 0.024290089 4287993237
1.3147013 -0.92846906 0.025395866 4288190616
1.3950456 -0.9188683 0.026050359 4288387995
1.4754155 -0.92541051 0.024755016 4288387995
1.5528605 -0.92268258 0.024917908 4287993237
1.640922 -0.92552423 0.018950138 4288059030
-1.6390784 -0.83595848 0.024569975 4288387995
-1.560102 -0.83768106 0.026338222 4288190616
-1.475358 -0.83976471 0.026001552 4287927444
-1.4015325 -0.84051806 0.033938475 4288256409
-1.3223577 -0.84164232 0.040807627 4288322202
-1.2398552 -0.84113777 0.033263449 4288387995
-1.1647542 -0.83908713 0.021110794 4288387995
-1.0832978 -0.84090352 0.017233122 4288585374
-0.99946189 -0.84267223 0.019328333 4287795858
-0.91608131 -0.84211349 0.021034183 4287795858
-0.83988184 -0.83990818 0.021101642 4288124823
-0.76284999 -0.83912951 0.022575177 4288387995
-0.68165588 -0.84158939 0.023088038 4288387995
-0.59920061 -0.84128159 0.03029659 4288387995
-0.52199644 -0.84210235 0.033570778 4288387995
-0.44121626 -0.84085351 0.027981941 4288387995
-0.36173105 -0.83976853 0.024529392 4288387995
-0.28405577 -0.83836448 0.02070594 4288387995
-0.1967102 -0.83754528 0.017408036 4288387995
-0.12281974 -0.84200352 0.020012332 4288453788
-0.035153393 -0.84025103 0.018817352 4288387995
0.035379477 -0.84079516 0.016287269 4288322202
0.1181109 -0.83810627 0.017834764 4288322202
0.20734125 -0.83879882 0.015904337 4288387995
0.27473396 -0.84056574 0.0152434 4288387995
0.36504868 -0.84123462 0.018655008 4288322202
0.43972966 -0.83757573 0.019788869 4288322202
0.52178156 -0.84021139 0.017683785 4288387995
0.60123944 -0.84026903 0.016788235 4288387995
0.67325318 -0.84237456 0.015341355 4288387995
0.75685185 -0.83986372 0.019773338 4288387995
0.84035653 -0.84054267 0.018329535 4288322202
0.92451662 -0.83924353 0.015923876 4288387995
1.001214 -0.84268618 0.0153504 4288387995
1.078743 -0.83843172 0.014730147 4288387995
1.1633027 -0.83980578 0.017343229 4288387995
1.2416608 -0.84576648 0.018232862 4288322458
1.3185904 -0.83450937 0.025266984 4288387738
1.3898075 -0.84383821 0.02099487 4288322202
1.4737219 -0.83349329 0.026417769 4288387995
1.5466809 -0.83760411 0.024482898 4288387995
1.6281579 -0.83966768 0.02138334 4288387995
-1.6394818 -0.75999475 0.025124634 4288387995
-1.5603247 -0.76209551 0.025455875 4288387995
-1.4777555 -0.75927681 0.028328475 4288387995
-1.4002895 -0.75902545 0.034120806 4288387995
-1.3219495 -0.75955021 0.040233377 4288387995
-1.2386123 -0.75624508 0.020825263 4288387995
-1.1608778 -0.75854731 0.023150478 4288453788
-1.0824406 -0.75893384 0.017896304 4288387995
-1.0025136 -0.76106751 0.019475263 4288256409
-0.91740257 -0.7560963 0.023580709 4287927444
-0.83877116 -0.76136631 0.023809349 4288059030
-0.76007229 -0.75861722 0.022949714 4288124823
-0.67854118 -0.75610977 0.022305273 4288387995
-0.59812671 -0.75367403 0.020803614 4288387995
-0.51845962 -0.75609571 0.022524249 4288387995
-0.44192028 -0.75824004 0.021963252 4288387995
-0.36323538 -0.75783861 0.022321684 4288387995
-0.28436211 -0.76019675 0.021434424 4288387995
-0.19735765 -0.75694388 0.018157 4288387995
-0.12094892 -0.75977594 0.020486759 4288387995
-0.039034463 -0.76242018 0.02043128 4288453788
0.037066422 -0.76393133 0.018427853 4288387995
0.1187921 -0.76108301 0.020512063 4288387995
0.20629118 -0.76070547 0.017880945 4288387995
0.27482051 -0.75960201 0.01865303 4288387995
0.36388478 -0.75659513 0.02720513 4288716960
0.44208109 -0.75815153 0.021664521 4288453788
0.52152652 -0.75982708 0.019374592 4288387995
0.60312438 -0.76075977 0.0155754 4288387995
0.67509776 -0.75889397 0.01636621 4288387995
0.75843167 -0.75831246 0.019332414 4288387995
0.8435691 -0.76017392 0.016320888 4288387995
0.92300767 -0.75991154 0.01576229 4288387995
0.9990111 -0.75937575 0.018846376 4288387995
1.0819993 -0.76294929 0.014923013 4288387995
1.1593063 -0.76150268 0.019019369 4288322202
1.2460816 -0.75434268 0.018213246 4288322458
1.3199579 -0.75825602 0.023034904 4288322458
1.4002675 -0.75958866 0.019847227 4288387995
1.4754317 -0.7588203 0.024468789 4288387995
1.5525233 -0.75708866 0.02221274 4288387995
1.6270605 -0.75440836 0.019443357 4288387995
-1.6375389 -0.68298519 0.024628753 4288387995
-1.558869 -0.68065923 0.021846822 4288387995
-1.4817921 -0.6810025 0.030272944 4288387995
-1.3986579 -0.6800251 0.028115293 4288387995
-1.3253222 -0.67953217 0.033153713 4288387995
-1.2382764 -0.67903149 0.015696121 4288387995
-1.1590186 -0.67844349 0.023146212 4288387995
-1.084633 -0.67565584 0.018827762 4288322202
-0.99861652 -0.67815918 0.018976329 4288387995
-0.91807431 -0.67947662 0.017877903 4288190616
-0.83987594 -0.68043828 0.023396822 4287993237
-0.760351 -0.67984182 0.024737494 4288124823
-0.67959386 -0.67951638 0.02112609 4288256409
-0.60085732 -0.68059546 0.020573674 4288387995
-0.51714438 -0.68048579 0.019619303 4288387995
-0.43835077 -0.68257964 0.020154899 4288387995
-0.36395645 -0.68286532 0.021623308 4288387995
-0.28287998 -0.6797688 0.024627605 4288387995
-0.1985368 -0.67772269 0.018959694 4288322202
-0.11783075 -0.67882824 0.01944831 4288387995
-0.04288112 -0.67757487 0.019207014 4288453788
0.040284134 -0.67886066 0.020533614 4288387995
0.12148777 -0.67822027 0.020866591 4288387995
0.20722263 -0.67881238 0.018378779 4288387995
0.27503303 -0.67772794 0.019199038 4288387995
0.36201105 -0.67933148 0.020404356 4288387995
0.44285342 -0.67761064 0.017268164 4288387995
0.52222461 -0.67851746 0.021559641 4288387995
0.59955597 -0.68079561 0.015599947 4288387995
0.6745404 -0.67748195 0.019915709 4288387995
0.76069295 -0.67728168 0.020738164 4288387995
0.84189022 -0.67372566 0.014443583 4288387995
0.91748488 -0.68079185 0.015710799 4288387995
1.0000029 -0.68048817 0.016063366 4288387995
1.0760597 -0.67877549 0.015082967 4288387995
1.1627214 -0.67883283 0.018048104 4288387995
1.2434517 -0.67818677 0.017705342 4288387739
1.3195845 -0.67726713 0.023982752 4288322459
1.4035633 -0.67374927 0.015294461 4288387995
1.4768541 -0.67756981 0.01698274 4288387995
1.556107 -0.68324935 0.018187568 4288387995
1.6296943 -0.68348086 0.017045496 4288387995
-1.6428208 -0.59909528 0.025661638 4288387995
-1.5581832 -0.5978561 0.021027658 4288387995
-1.4826008 -0.59997821 0.031942673 4288387995
-1.3982581 -0.59907871 0.030685689 4288387995
-1.3282845 -0.59779781 0.021998487 4288387995
-1.2394907 -0.59752512 0.015270526 4288387995
-1.1578004 -0.59904277 0.017784681 4288387995
-1.0835114 -0.5998075 0.014548698 4288322202
-0.99662709 -0.59887224 0.017860085 4288387995
-0.91953588 -0.60048318 0.018585926 4288387995
-0.84063137 -0.599347 0.023356412 4288059030
-0.7616424 -0.60050148 0.025327079 4288059030
-0.68014681 -0.6022051 0.025207102 4288124823
-0.60201544 -0.59825981 0.022301516 4288256409
-0.51600432 -0.59984118 0.020805635 4288387995
-0.44173262 -0.59927493 0.023257673 4288322202
-0.36272377 -0.60142368 0.024154495 4288387995
-0.28457773 -0.59828258 0.024062045 4288322202
-0.19984256 -0.60203201 0.020841433 4288387995
-0.11596956 -0.59865916 0.017907524 4288387995
-0.045378052 -0.59804159 0.019416016 4288387995
0.040337592 -0.59897316 0.019496277 4288387995
0.12036291 -0.59700334 0.019384133 4288387995
0.19977453 -0.60013932 0.018253939 4288387995
0.27521968 -0.60102862 0.019463247 4288387995
0.36188513 -0.6026358 0.018776758 4288387995
0.44329545 -0.59866506 0.016209472 4288387995
0.52176654 -0.60202801 0.015975572 4288387995
0.59577465 -0.60460377 0.020109436 4288387995
0.68027627 -0.60329813 0.017401503 4288387995
0.75708354 -0.60366827 0.019570282 4288387995
0.84166431 -0.60401064 0.015691776 4288387995
0.92042553 -0.60230964 0.017796608 4288322202
1.0017803 -0.59799421 0.014872256 4288387995
1.0760195 -0.59487849 0.01921965 4288387995
1.1623592 -0.59882975 0.017224068 4288387995
1.2462242 -0.59443879 0.018981349 4288322459
1.3163749 -0.59184146 0.020241708 4288387995
1.4080058 -0.59970009 0.015504816 4288387995
1.4780308 -0.59930533 0.016906105 4288387995
1.5548966 -0.60187256 0.016526025 4288387995
1.6331022 -0.60084444 0.017400505 4288387995
-1.6382915 -0.51797247 0.024311254 4288387995
-1.5560472 -0.51897585 0.021805495 4288387995
-1.4830432 -0.52091277 0.028690763 4288387995
-1.4002072 -0.52038687 0.02911428 4288387995
-1.3214428 -0.51875407 0.013322215 4288387995
-1.2402254 -0.5185675 0.015405892 4288387995
-1.158731 -0.51877707 0.016376546 4288322202
-1.0830154 -0.51959896 0.018083455 4288387995
-0.99542928 -0.52050889 0.015456224 4288322202
-0.92219687 -0.51992464 0.0187867 4288387995
-0.84221292 -0.52018118 0.021570386 4288322202
-0.76090699 -0.52073944 0.025357403 4288059030
-0.67966855 -0.51953155 0.025310567 4288059030
-0.60007906 -0.51891237 0.023301037 4288190616
-0.51750308 -0.51992911 0.022549195 4288322202
-0.44259581 -0.52026081 0.02361219 4288387995
-0.36129466 -0.51613772 0.023765652 4288322202
-0.28204954 -0.51777577 0.023563789 4288387995
-0.20243216 -0.52048379 0.024158895 4288387995
-0.1164498 -0.51891845 0.018412583 4288387995
-0.045000628 -0.51890576 0.018816695 4288387995
0.037473947 -0.52007586 0.019091651 4288387995
0.11930875 -0.5213728 0.018871548 4288387995
0.19805053 -0.52038884 0.019219188 4288387995
0.28094092 -0.51769978 0.022545045 4288387995
0.36551207 -0.51792717 0.021885073 4288387995
0.44160801 -0.51965952 0.016188459 4288387995
0.5269447 -0.52194959 0.018162183 4288387995
0.59617919 -0.52004993 0.017651986 4288387995
0.67596418 -0.51941568 0.022632258 4288387995
0.75816292 -0.51950032 0.019069228 4288322202
0.83959389 -0.51856172 0.022628354 4288387995
0.92153108 -0.52118957 0.016945768 4288387995
1.0025752 -0.51725912 0.017750992 4288387995
1.0741611 -0.5204193 0.015327117 4288387995
1.1631788 -0.51864946 0.017739793 4288387995
1.2447953 -0.52124006 0.017178718 4288387739
1.3218783 -0.5199734 0.016380565 4288387739
1.4020809 -0.51717263 0.015301383 4288387995
1.4754208 -0.52044249 0.01850909 4288387994
1.5563523 -0.52160752 0.016603276 4288387995
1.6314522 -0.52200621 0.017530063 4288387995
-1.6388106 -0.43954197 0.024093872 4288387995
-1.5553842 -0.43922979 0.025218848 4288387995
-1.4834248 -0.43955263 0.023890395 4288387995
-1.4035071 -0.43981242 0.024765145 4288387995
-1.319952 -0.43922198 0.0133941 4288387995
-1.2409371 -0.43965635 0.014646769 4288387995
-1.159886 -0.44077733 0.015955841 4288387995
-1.0828276 -0.4392679 0.018168254 4288387995
-1.0009691 -0.44083309 0.016861083 4288322202
-0.92066687 -0.43938324 0.020652065 4288387995
-0.8442055 -0.44049022 0.019905986 4288387995
-0.75662404 -0.44299978 0.024190053 4288190616
-0.67965698 -0.43586487 0.02216349 4288190616
-0.60004944 -0.43787706 0.021100231 4288190616
-0.52027184 -0.43815327 0.02335142 4288190616
-0.44220883 -0.43650568 0.023296982 4288322202
-0.35895869 -0.43955755 0.020706434 4288322202
-0.28470924 -0.43655092 0.024236143 4288387995
-0.19911283 -0.43689984 0.023217209 4288387995
-0.1188601 -0.43914902 0.01966455 4288387995
-0.045261174 -0.43976963 0.019396059 4288387995
0.038420301 -0.43922725 0.020503156 4288453788
0.12180928 -0.43892112 0.02079303 4288387995
0.19925904 -0.4399595 0.017415237 4288387995
0.2761063 -0.43691295 0.020758275 4288387995
0.36102432 -0.43891582 0.021845739 4288387995
0.4443422 -0.43808842 0.01802489 4288387995
0.5266903 -0.44160777 0.015268683 4288387995
0.59449428 -0.44007251 0.020848179 4288322202
0.67492694 -0.43791497 0.017356303 4288387995
0.75892389 -0.44014919 0.024875117 4288387995
0.8427614 -0.44021001 0.015269537 4288387995
0.92203206 -0.44019103 0.021332113 4288387995
1.0015005 -0.44133464 0.016758891 4288387995
1.0759777 -0.44087911 0.013614915 4288387995
1.1621009 -0.4396407 0.018324861 4288387995
1.240899 -0.43777642 0.014271561 4288387995
1.3231503 -0.4405961 0.017494187 4288322458
1.3947815 -0.43948838 0.015713409 4288387995
1.4768442 -0.43972015 0.017620536 4288387995
1.5550781 -0.44047716 0.016592963 4288387995
1.6355712 -0.44083515 0.018760368 4288387995
-1.6399046 -0.35981593 0.02422332 4288387995
-1.5584227 -0.35994944 0.027374864 4288387995
-1.4833579 -0.35956132 0.019932147 4288387995
-1.4072889 -0.36277041 0.01824154 4288387995
-1.3218429 -0.36136109 0.015044124 4288387995
-1.2403297 -0.36171347 0.014044201 4288387995
-1.1610249 -0.36141315 0.015436726 4288322202
-1.0796404 -0.36094782 0.01781998 4288387995
-0.9998458 -0.35851797 0.017824672 4288387995
-0.92175502 -0.35964409 0.020134419 4288387995
-0.83759737 -0.36099306 0.022637112 4288387995
-0.75754547 -0.36267173 0.02285785 4288387995
-0.67663181 -0.36164701 0.021435054 4288190616
-0.60167795 -0.36094886 0.020564115 4288190616
-0.5217768 -0.36300936 0.022201529 4288124823
-0.44129696 -0.36476606 0.024463452 4288190616
-0.35929075 -0.36107084 0.023129992 4288322202
-0.28291583 -0.35816342 0.020978255 4288387995
-0.20330112 -0.36120048 0.022946253 4288387995
-0.12474231 -0.36078414 0.023642661 4288387995
-0.041960396 -0.36203292 0.021246683 4288387995
0.040455204 -0.3581056 0.02028634 4288453788
0.11942094 -0.36067387 0.020027338 4288387995
0.201886 -0.359377 0.016834173 4288387995
0.27855098 -0.35892755 0.022151781 4288387995
0.3652038 -0.35975632 0.0219063 4288322202
0.44033173 -0.36393231 0.01864483 4288322202
0.52468473 -0.35683268 0.018807411 4288387995
0.59105766 -0.36087888 0.015087657 4288387995
0.68264961 -0.35959953 0.020484518 4288387995
0.75498718 -0.35880581 0.020081788 4288387995
0.84282368 -0.35846424 0.016042482 4288387995
0.91777354 -0.36154693 0.019750522 4288387995
1.0022525 -0.36278793 0.017841022 4288387995
1.0813079 -0.36085135 0.015999714 4288387995
1.1616509 -0.3529276 0.021977708 4286156665
1.2430011 -0.36023507 0.013484134 4288256665
1.3229127 -0.36098295 0.021988684 4288387995
1.3982674 -0.36195061 0.013400643 4288387995
1.4759465 -0.36352995 0.019454585 4288387739
1.5581416 -0.36480039 0.019121749 4288387995
1.6309628 -0.36017957 0.0206434 4288387995
-1.640992 -0.27992156 0.026360936 4288387995
-1.5624139 -0.2811588 0.028118284 4288387995
-1.4800185 -0.28179762 0.019860534 4288387995
-1.4034617 -0.28069833 0.01798219 4288387995
-1.3186471 -0.28047329 0.016113944 4288387995
-1.2380102 -0.28298208 0.015238934 4288387995
-1.159681 -0.28184804 0.015992561 4288322202
-1.0765517 -0.27959675 0.018106947 4288387995
-0.99644935 -0.28171179 0.020491589 4288322202
-0.92208892 -0.27972743 0.019503884 4288387995
-0.84036368 -0.27831909 0.023529468 4288387995
-0.75757879 -0.28203616 0.023268759 4288387995
-0.67832226 -0.28344166 0.023892093 4288059030
-0.60037386 -0.27916819 0.024148302 4288059030
-0.52064741 -0.27615798 0.024179287 4288190616
-0.43588194 -0.27950749 0.023465237 4288256409
-0.36092523 -0.28399581 0.023716502 4288256409
-0.28370029 -0.27967489 0.023439437 4288322202
-0.20180409 -0.27883568 0.023550844 4288387995
-0.1184833 -0.27746892 0.026623419 4288322202
-0.039624866 -0.27820629 0.024022 4288322202
0.041206885 -0.27933204 0.021914409 4288387995
0.12008082 -0.280132 0.020690082 4288387995
0.20175287 -0.28392422 0.021101901 4288322202
0.28131607 -0.28080702 0.020399584 4288387995
0.36251691 -0.28045285 0.022561353 4288387995
0.44284067 -0.27688876 0.021443442 4288387995
0.52521139 -0.28171256 0.016313957 4288387995
0.60004193 -0.27884734 0.017591752 4288387995
0.67618465 -0.27846828 0.015280944 4288387995
0.75872648 -0.27728173 0.016357811 4288387995
0.83836836 -0.27859366 0.017413322 4288387995
0.91872925 -0.28187934 0.017650733 4288387995
1.0023963 -0.27730989 0.019263381 4288387995
1.0762727 -0.28111604 0.030431427 4282481729
1.1597753 -0.28298706 0.019123031 4287469197
1.246889 -0.27966145 0.013955774 4288387995
1.3193818 -0.28050876 0.021363992 4288387739
1.390682 -0.29139853 0.014833529 4288387995
1.478616 -0.28136316 0.023436673 4288387739
1.5546067 -0.27876857 0.026034411 4288387995
1.6255447 -0.27836949 0.021072162 4288256409
-1.6398998 -0.20030919 0.028790759 4288387995
-1.5607795 -0.20011863 0.027297648 4288387995
-1.4788898 -0.19678393 0.018603494 4288387995
-1.4008147 -0.20049459 0.017450996 4288387995
-1.3187435 -0.19847889 0.015739631 4288387995
-1.2366538 -0.20150341 0.016130742 4288322202
-1.1571016 -0.19046672 0.025431259 4287401100
-1.0821475 -0.19129999 0.027544651 4287730065
-1.0059928 -0.20355949 0.020898391 4288387995
-0.92075777 -0.1992493 0.021535583 4288322202
-0.83711821 -0.19823849 0.027590636 4288387995
-0.76204336 -0.19817653 0.019873539 4288387995
-0.68353128 -0.20254467 0.019285923 4288387995
-0.60112268 -0.20359705 0.018917704 4288387995
-0.52031398 -0.20286447 0.022618743 4288256409
-0.4414193 -0.19857077 0.026512112 4288124823
-0.35889474 -0.19748999 0.025427138 4288190616
-0.28535193 -0.2035521 0.024998374 4288256409
-0.19957936 -0.19832616 0.027685815 4288322202
-0.11997635 -0.19423643 0.029968472 4287598479
-0.037211999 -0.19961242 0.03279848 4287401100
0.037700027 -0.19372946 0.036406752 4287927444
0.11458965 -0.19674727 0.028013155 4288519581
0.20014682 -0.19747472 0.022412652 4288387995
0.27632311 -0.19780791 0.024622686 4288387995
0.36430308 -0.19899707 0.02380939 4288387995
0.44245693 -0.20082097 0.020095252 4288387995
0.52262038 -0.1989456 0.022462908 4288387995
0.59563512 -0.20303361 0.022119632 4288387995
0.6738677 -0.19951284 0.016233347 4288387995
0.75874227 -0.20122901 0.019233614 4288322202
0.83773357 -0.19804646 0.017523358 4288387995
0.92103994 -0.20107779 0.018812977 4288322202
1.0152212 -0.20158999 0.030593436 4284908646
1.0804005 -0.19917126 0.013710127 4288387995
1.1648053 -0.20048659 0.017423822 4288387995
1.2455484 -0.20098545 0.014836474 4288387995
1.3101825 -0.20187221 0.024587214 4288387739
1.3971407 -0.18982196 0.015168699 4288387995
1.4802408 -0.1969485 0.019071721 4288387739
1.5510299 -0.19501999 0.021678586 4288387995
1.6341586 -0.20231199 0.022315763 4288256409
-1.6377089 -0.11995317 0.030236978 4288387995
-1.559605 -0.12194157 0.023641525 4288453788
-1.4765754 -0.12539469 0.01877922 4288387995
-1.3981243 -0.12023626 0.015863407 4288322202
-1.3231219 -0.1177122 0.015339362 4288387995
-1.2330912 -0.12022696 0.032437578 4287598479
-1.1575054 -0.13428004 0.039812855 4285887861
-1.082444 -0.14146256 0.041286755 4286743170
-0.9979642 -0.1198969 0.040840451 4289309097
-0.91928971 -0.11676366 0.029483557 4288519581
-0.83439875 -0.12107346 0.025912827 4288387995
-0.7626518 -0.11978251 0.021719646 4288322202
-0.68025732 -0.11698066 0.020224284 4288387995
-0.59844834 -0.11759986 0.019036485 4288387995
-0.51908648 -0.11846294 0.021982851 4288322202
-0.44132921 -0.11678726 0.021964768 4288256409
-0.36300233 -0.12162659 0.025362991 4288059030
-0.27859488 -0.11456007 0.024024192 4288256409
-0.199999 -0.12101557 0.025269587 4288059030
-0.11949094 -0.12030117 0.038640656 4286348412
-0.045327902 -0.14382844 0.040256836 4285427310
0.041827429 -0.14428735 0.042001519 4287598479
0.11597523 -0.11978364 0.039506156 4289309097
0.20198676 -0.12017177 0.028281735 4288387995
0.27457553 -0.12048883 0.023788663 4288387995
0.36306211 -0.12274856 0.023858009 4288387995
0.44245386 -0.11940385 0.02017363 4288387995
0.52457482 -0.11864419 0.020471295 4288387995
0.59532809 -0.12004411 0.016138522 4288387995
0.68066955 -0.11885592 0.017587284 4288387995
0.75770313 -0.1196093 0.018793136 4288387995
0.84129423 -0.12060943 0.015845133 4288322202
0.91742468 -0.1237582 0.021793025 4288387995
1.0039477 -0.11617355 0.039901208 4285427310
1.0725785 -0.13472646 0.039529748 4285493103
1.1564858 -0.13687037 0.038924184 4287993237
1.2336733 -0.11802205 0.026196806 4289111718
1.323433 -0.1225515 0.022957515 4288387739
1.4031348 -0.11851636 0.017904172 4288322202
1.4823158 -0.12448858 0.016902182 4288387739
1.5546471 -0.11706596 0.016285824 4288387995
1.6257149 -0.11268993 0.01882579 4288387995
-1.6415765 -0.038485829 0.026248544 4288387995
-1.5628068 -0.040386539 0.022077661 4288387995
-1.4803679 -0.040292621 0.020059999 4288387995
-1.3995031 -0.043060325 0.018388888 4288387995
-1.3162239 -0.043144315 0.013342832 4288387995
-1.2589453 -0.039703209 0.033840355 4286940549
-1.1554558 -0.047733538 0.040410619 4285229931
-0.97783518 -0.057666425 0.046033446 4291019715
-0.92856383 -0.036533866 0.037654817 4289835441
-0.84662485 -0.044721507 0.02540113 4288322202
-0.76337135 -0.04178733 0.018449534 4288387995
-0.67995739 -0.040293228 0.019766055 4288387995
-0.59999889 -0.038844109 0.021886867 4288387995
-0.5216288 -0.040818308 0.022617953 4288387995
-0.43776992 -0.043412287 0.025869671 4288256409
-0.35787761 -0.041710258 0.023539836 4288322202
-0.28403512 -0.043581281 0.024118112 4288124823
-0.19656429 -0.042777907 0.024229757 4287927444
-0.13698438 -0.039989531 0.040282421 4285229931
0.14705892 -0.04418271 0.047154259 4291019715
0.19240902 -0.037483174 0.026348412 4289045925
0.2790221 -0.043645937 0.026917312 4288387995
0.36098149 -0.039206821 0.021117473 4288387995
0.44185796 -0.038924903 0.019278556 4288387995
0.52216446 -0.041562963 0.014891922 4288387995
0.6012184 -0.038690228 0.0157515 4288387995
0.6768114 -0.039801408 0.016370488 4288387995
0.75927806 -0.038266804 0.01840286 4288322202
0.84155446 -0.041089676 0.019690329 4288322202
0.93868703 -0.032544415 0.040090915 4285822068
0.97845244 -0.050302148 0.044447377 4284900966
1.0648644 -0.050550077 0.045621529 4284900966
1.245265 -0.041533284 0.037481867 4290493371
1.3210169 -0.03747515 0.026006907 4288387995
1.3984219 -0.042719174 0.016894195 4288387995
1.4802607 -0.039657753 0.014796942 4288387995
1.5626786 -0.046262462 0.01437478 4288387995
1.6359526 -0.03574435 0.014853965 4288387995
-1.6389651 0.033191405 0.025663327 4288453788
-1.5619651 0.040275361 0.023736423 4288387995
-1.4795641 0.042450055 0.02001798 4288387995
-1.4008435 0.038189579 0.017162666 4288387995
-1.3240852 0.039781641 0.015255183 4288322202
-1.2469962 0.045304988 0.034836009 4286019447
-1.1698376 0.0084508657 0.039046813 4284900966
-0.9661687 0.064483978 0.044100098 4289835441
-0.92957968 0.03533417 0.031736825 4289440683
-0.83964348 0.038262002 0.021808628 4288322202
-0.75820988 0.039046414 0.017111216 4288387995
-0.67792785 0.036309663 0.019440031 4288322202
-0.60203332 0.038744386 0.017457511 4288387995
-0.52200955 0.041185696 0.01677314 4288322202
-0.43915972 0.038346142 0.019957727 4288387995
-0.35956818 0.035749052 0.024972811 4288124823
-0.2792103 0.043324549 0.02126261 4288387995
-0.20099059 0.03677446 0.025521878 4288059030
-0.13617188 0.038132109 0.041798104 4285164138
-0.047860246 0.058850568 0.07317134 4284900966
0.14384477 0.038731862 0.045656729 4290098613
0.20630418 0.041613322 0.017333291 4288453788
0.28416455 0.034275312 0.019432474 4288387995
0.35963663 0.038394317 0.023633586 4288322202
0.43707395 0.046288818 0.014662671 4288322202
0.5208655 0.045938671 0.014574319 4288322202
0.59793633 0.04430801 0.01512444 4288387995
0.67844266 0.045363847 0.013841804 4288322202
0.75740218 0.043424942 0.016794188 4288387995
0.83584422 0.034881324 0.021582646 4288322202
0.94301093 0.035771675 0.037304517 4285624689
0.9763909 0.052968144 0.046463903 4284637794
1.2475231 0.041287072 0.034866288 4289703855
1.3168112 0.042872541 0.02611099 4288387995
1.3990192 0.040533174 0.015833931 4288322202
1.48014 0.039574057 0.014622561 4288322202
1.5592842 0.040602382 0.015448453 4288322202
1.6373712 0.034349721 0.019893041 4288322202
-1.6405714 0.1187373 0.027798845 4288387995
-1.5590477 0.12310176 0.023803566 4288387995
-1.4776316 0.11560985 0.019503715 4288387995
-1.3981743 0.11715361 0.017066943 4288322202
-1.3193936 0.11838413 0.014577406 4288322202
-1.2333339 0.11172712 0.021843936 4287203721
-1.1569352 0.13321334 0.049409121 4285164138
-1.0751938 0.14565127 0.05038375 4285427310
-0.99669009 0.11874305 0.035208836 4288256409
-0.91908866 0.113686 0.018024635 4288322202
-0.84045571 0.11773115 0.018028725 4288322202
-0.75996482 0.12138062 0.01240679 4288387995
-0.68054444 0.11834072 0.017845409 4288387995
-0.59974581 0.12047284 0.01773048 4288387995
-0.51879996 0.12212474 0.018851081 4288387995
-0.43809396 0.11907227 0.019044969 4288453788
-0.36040959 0.12031394 0.019595755 4288387995
-0.27939445 0.11966987 0.025616519 4288059030
-0.20112623 0.12086118 0.023529146 4288322202
-0.11477908 0.11518133 0.039011721 4286151033
-0.042105742 0.14444356 0.045599844 4285164138
0.04049623 0.14502992 0.043872505 4285887861
0.116826 0.11761334 0.032159857 4288059030
0.20675707 0.12556963 0.017378841 4288322202
0.28445721 0.12146519 0.01760192 4288322202
0.36143669 0.11947394 0.017219329 4288387995
0.44226876 0.11489077 0.021200949 4288387995
0.52308148 0.11577955 0.017208032 4288387995
0.59949946 0.11267339 0.017054895 4288387995
0.67927712 0.11255801 0.01439931 4288387995
0.75590789 0.11546306 0.025574515 4288585374
0.84424657 0.13156709 0.033914324 4288585374
0.9333033 0.11911699 0.040028531 4288124823
0.99402571 0.12308188 0.042557947 4285822068
1.0757135 0.15018634 0.043525789 4285164138
1.161503 0.14025189 0.03940998 4286677377
1.2396346 0.11846343 0.023737302 4288453788
1.320346 0.12325912 0.027406774 4288322202
1.3960725 0.12287363 0.017244039 4288322202
1.4768307 0.12075284 0.018706806 4288322202
1.5594206 0.11988025 0.02002882 4288322202
1.6376116 0.12072478 0.024302192 4288322202
-1.6388117 0.2010206 0.025125448 4288387995
-1.5643343 0.20302778 0.023230443 4288387995
-1.4812822 0.200287 0.026313577 4288387995
-1.3989494 0.19650318 0.022508187 4288322202
-1.3219669 0.19772676 0.021189591 4288256409
-1.2330761 0.21139976 0.020611687 4288387995
-1.158677 0.20326431 0.027918361 4288322202
-1.0653309 0.20241982 0.014114525 4288322202
-0.9982273 0.19958322 0.014878983 4288453788
-0.91894096 0.19611371 0.014870187 4288387995
-0.84180689 0.1999938 0.01383601 4288387995
-0.75744236 0.19721535 0.013455671 4288387995
-0.68006098 0.20114568 0.013542243 4288387995
-0.5987342 0.20339586 0.015157701 4288387995
-0.52163684 0.20571892 0.016610231 4288387995
-0.43929341 0.20442876 0.015766757 4288387995
-0.3625038 0.20182344 0.01822014 4288387995
-0.28058916 0.19680029 0.021467995 4288256409
-0.19726126 0.20221995 0.023340674 4288322202
-0.12213579 0.19906384 0.026543215 4288124823
-0.03810009 0.20344049 0.021677721 4288124823
0.042025767 0.1986779 0.025031496 4287927444
0.1252878 0.19816834 0.016186055 4288387995
0.19976939 0.20115899 0.016409975 4288387995
0.28096259 0.20124243 0.016969645 4288387995
0.35887238 0.20072539 0.016404843 4288387995
0.43551421 0.20057355 0.016269438 4288387995
0.51913756 0.20089529 0.020394275 4288322202
0.60252434 0.19948201 0.019910911 4288387995
0.68451691 0.20185196 0.018676214 4288387995
0.76034611 0.19846129 0.022203546 4288387995
0.84579027 0.19646654 0.033788871 4288256409
0.91946703 0.19324131 0.027948523 4287795858
1.0037271 0.19270828 0.028581748 4287467149
1.07709 0.20311551 0.036623549 4287993749
1.1585193 0.20065822 0.019877791 4288322202
1.2438911 0.19787966 0.018513758 4288387995
1.3211197 0.20193118 0.028445506 4288387995
1.4008216 0.19960086 0.019998614 4288387995
1.4749928 0.19964401 0.01955181 4288387995
1.5627586 0.19999385 0.023082566 4288387995
1.6413546 0.19985616 0.024515077 4288387995
-1.6391398 0.28424412 0.019783759 4288387995
-1.5596731 0.28058413 0.018431321 4288387995
-1.4769697 0.27826291 0.02388473 4288322202
-1.4011286 0.27989474 0.020931294 4288322202
-1.3192823 0.27714747 0.02190277 4288322202
-1.2381345 0.27928248 0.027215105 4288387995
-1.1577582 0.28349647 0.022358745 4288387995
-1.0714363 0.27923247 0.016575117 4288387995
-1.0006742 0.27952611 0.013148432 4288387995
-0.91926873 0.27728704 0.014806665 4288387995
-0.84076047 0.27642295 0.013820232 4288387995
-0.75523174 0.27547765 0.013085251 4288387995
-0.68423086 0.282251 0.011865436 4288387995
-0.60057575 0.27963373 0.018761942 4288387995
-0.51887816 0.28113374 0.017795319 4288387995
-0.4383724 0.28199798 0.019467134 4288387995
-0.36498541 0.28043267 0.01549523 4288387995
-0.27945277 0.27927354 0.020842269 4288322202
-0.19926889 0.27796265 0.023916293 4288124823
-0.11849383 0.27767968 0.02415809 4288387995
-0.039198056 0.28598657 0.022578748 4288124823
0.040940199 0.28186685 0.022163006 4288124823
0.11795582 0.28213114 0.015021579 4288387995
0.19960962 0.281012 0.016013335 4288387995
0.27960908 0.27879676 0.015294699 4288387995
0.3564873 0.28075126 0.015069779 4288387995
0.43804845 0.27859369 0.015645299 4288387995
0.51722425 0.28183165 0.015219482 4288387995
0.60267013 0.27905419 0.017644791 4288387995
0.6795339 0.28177819 0.021908037 4288387995
0.75676292 0.28007957 0.02042494 4288387995
0.8436504 0.28395101 0.019299682 4288387995
0.91998571 0.28082058 0.017844358 4288322202
1.0013536 0.28029084 0.018043464 4288322202
1.0887902 0.27619082 0.030816417 4288322202
1.1485502 0.2827692 0.027903674 4288322202
1.2431697 0.27936846 0.019999675 4288387995
1.3209796 0.28077552 0.030538319 4288387995
1.3984245 0.28323689 0.021073632 4288387995
1.4741695 0.27984217 0.018959217 4288387995
1.5588579 0.28362575 0.021092666 4288387995
1.6419406 0.28108311 0.024421722 4288322459
-1.6385521 0.35416278 0.020502517 4288387995
-1.5628589 0.35793641 0.021667885 4288322202
-1.4799867 0.3632015 0.024064494 4288322202
-1.3972529 0.36096966 0.018351771 4288387995
-1.3250854 0.35609165 0.023922823 4288387995
-1.2577299 0.35518011 0.022804976 4288387995
-1.1569993 0.36443073 0.020341754 4288387995
-1.080269 0.35303944 0.016400557 4288387995
-0.99163425 0.35464981 0.014240475 4288387995
-0.92205942 0.35702363 0.014697725 4288387995
-0.84034711 0.35694066 0.015149185 4288387995
-0.75763363 0.35836393 0.013924859 4288322202
-0.67929262 0.35930747 0.012426135 4288387995
-0.60121495 0.36142328 0.016231408 4288387995
-0.52143794 0.35716304 0.017463993 4288387995
-0.44047308 0.36333129 0.02093173 4288322202
-0.35873976 0.3621369 0.016776856 4288387995
-0.28235906 0.36359569 0.016930345 4288387995
-0.20007169 0.36272436 0.02104138 4288387995
-0.1226504 0.35620487 0.021262679 4288387995
-0.040818382 0.35915381 0.022606932 4288190616
0.041983921 0.36069679 0.018288683 4288256409
0.11525238 0.36484906 0.013953216 4288322202
0.19873676 0.36067846 0.014995115 4288387995
0.28074276 0.361485 0.015368704 4288387995
0.35821131 0.36041966 0.012918657 4288387995
0.4379338 0.36310986 0.013649818 4288387995
0.51853019 0.36519012 0.013375824 4288387995
0.6000123 0.36320657 0.01577629 4288387995
0.67840654 0.35708806 0.016175829 4288387995
0.75803888 0.36189082 0.020376762 4288387995
0.84572595 0.36048451 0.017286772 4288322202
0.91917378 0.36093888 0.014942769 4288322202
1.000926 0.36153632 0.017650869 4288387995
1.0792975 0.35689917 0.019462846 4288387995
1.1556393 0.35960248 0.027797228 4288387995
1.2389003 0.35775685 0.017392371 4288387995
1.3195118 0.35913172 0.03193479 4288387995
1.398376 0.35803464 0.02096851 4288322202
1.4762923 0.36246035 0.017567696 4288387995
1.5630529 0.36138594 0.016385546 4288387995
1.6412489 0.36241883 0.01815859 4288387739
-1.6376693 0.44018698 0.021699566 4288387995
-1.5610716 0.44036782 0.02174218 4288322202
-1.4744213 0.4352808 0.02012131 4288387995
-1.3949187 0.44001108 0.017942151 4288322202
-1.3311228 0.42973575 0.025239941 4288387995
-1.2335869 0.44656155 0.019993186 4288387995
-1.1672773 0.43830872 0.021564564 4288387995
-1.0738714 0.43695888 0.017892243 4288387995
-0.99500209 0.43248925 0.019459158 4288453788
-0.9227013 0.43611553 0.015466648 4288387995
-0.83731258 0.43857771 0.017578119 4288387995
-0.7625885 0.44131109 0.014478813 4288387995
-0.67441225 0.44423574 0.015092507 4288322202
-0.60386795 0.44157282 0.014784886 4288322202
-0.52121252 0.43675324 0.019738249 4288387995
-0.43960902 0.44203302 0.01751902 4288387995
-0.3557218 0.43870994 0.020492868 4288387995
-0.28574118 0.43996608 0.015539281 4288387995
-0.19804673 0.4439092 0.019829534 4288387995
-0.11604894 0.44473672 0.025432197 4288190616
-0.044409018 0.43955401 0.01758983 4288387995
0.039609108 0.4390057 0.02066597 4288387995
0.11568399 0.43817326 0.020978678 4288322202
0.20081377 0.44090757 0.014895963 4288322202
0.28257588 0.44244945 0.013007408 4288387995
0.35907599 0.43994826 0.012572404 4288387995
0.43700126 0.43703553 0.014416636 4288387995
0.52031541 0.43463489 0.014814214 4288387995
0.59895337 0.4352968 0.015754037 4288387995
0.68418342 0.44195566 0.015263195 4288387995
0.7545988 0.44262999 0.017836688 4288387995
0.84430373 0.43884259 0.017594555 4288322202
0.92505646 0.43739861 0.016562643 4288387995
1.0038682 0.43696305 0.016753312 4288387995
1.0788379 0.44135013 0.017285971 4288387995
1.1696974 0.43874878 0.025378626 4288387995
1.2379904 0.44060868 0.018132642 4288387995
1.3226885 0.43823037 0.03319316 4288322202
1.4004014 0.43898061 0.019940896 4288387995
1.4805295 0.43710831 0.017233936 4288387995
1.5591279 0.44317251 0.0138509 4288387995
1.6434999 0.44078812 0.016782155 4288387739
-1.6376673 0.51335746 0.021473086 4288322202
-1.5597794 0.51022714 0.017657463 4288322202
-1.4823755 0.51195848 0.021274492 4288387995
-1.4012911 0.50819498 0.019426756 4288387995
-1.3123589 0.52215302 0.027847279 4288322202
-1.2407458 0.52448881 0.023994127 4288387995
-1.1549089 0.52220178 0.019046947 4288387995
-1.0746899 0.51749516 0.023678893 4288519581
-0.99733555 0.52019161 0.020256823 4288387995
-0.91854936 0.51602566 0.019132765 4288387995
-0.8357324 0.51493055 0.016343193 4288322202
-0.75660163 0.5167045 0.013645397 4288387995
-0.67854023 0.52144843 0.013650292 4288387995
-0.59694582 0.52175403 0.014017367 4288387995
-0.52139485 0.52527678 0.017133247 4288387995
-0.44260988 0.52672541 0.017932657 4288387995
-0.35422194 0.52356607 0.018909259 4288387995
-0.28311762 0.52270818 0.018925102 4288387995
-0.20298915 0.51729071 0.019546611 4288387995
-0.1182294 0.52197772 0.017463194 4288387995
-0.04310827 0.52323383 0.018290488 4288387995
0.040408529 0.52113473 0.022800969 4288387995
0.11294006 0.52087384 0.017101001 4288387995
0.19865991 0.52046245 0.020982923 4288256409
0.2839886 0.52143151 0.016333152 4288387995
0.35926002 0.51943344 0.012211191 4288387995
0.43599114 0.52035934 0.016414355 4288387995
0.52123475 0.52220482 0.01758376 4288387995
0.60227656 0.51469117 0.015936729 4288387995
0.68927091 0.51986533 0.015140757 4288387995
0.75646883 0.52180994 0.014811842 4288387995
0.84442621 0.51960588 0.013713797 4288387995
0.92174453 0.52039713 0.01819711 4288387995
1.0054059 0.51939589 0.017058348 4288387995
1.0804106 0.51675111 0.017483931 4288387995
1.164127 0.51989973 0.016340185 4288387995
1.2319901 0.51928711 0.028125668 4288387995
1.3280852 0.51805872 0.029707672 4288387995
1.4027647 0.51921743 0.018214056 4288387995
1.4817884 0.51880127 0.0157119 4288387995
1.5575194 0.51892114 0.017525673 4288387995
1.6501292 0.52068621 0.019076863 4288322202
-1.6392412 0.59430999 0.024014276 4288322202
-1.5591149 0.59841001 0.024861367 4288387995
-1.4886682 0.60549515 0.030821545 4288322202
-1.4051267 0.59422207 0.040112011 4288322202
-1.3209033 0.60235083 0.030385191 4288387995
-1.2462491 0.60259378 0.024884308 4288387995
-1.1591024 0.60101497 0.021572879 4288387995
-1.0730298 0.61087918 0.018253958 4288453788
-1.000003 0.60602593 0.017711135 4288387995
-0.92169029 0.60139382 0.018115861 4288387995
-0.83858114 0.59883362 0.017365038 4288387995
-0.75489861 0.60094196 0.014318331 4288387995
-0.67855185 0.59934151 0.01344306 4288387995
-0.60331517 0.60070437 0.013730609 4288387995
-0.51962775 0.59410727 0.015535674 4288387995
-0.44176421 0.59710211 0.018528249 4288387995
-0.35691178 0.6005407 0.018994236 4288387995
-0.28302011 0.60210359 0.016216457 4288387995
-0.19868483 0.60115844 0.021534104 4288387995
-0.11783326 0.59761757 0.021021653 4288387995
-0.044359058 0.59684855 0.01540531 4288387995
0.041034825 0.6015746 0.016793747 4288387995
0.1163564 0.60286486 0.016440202 4288387995
0.19891152 0.60202605 0.015430824 4288322202
0.28220871 0.60083359 0.01435829 4288256409
0.35901746 0.59882551 0.015207653 4288387995
0.43624967 0.59928221 0.016976489 4288387995
0.52234632 0.60142082 0.037960492 4288387995
0.5987308 0.60100514 0.023805687 4288387995
0.68618947 0.59991205 0.014734483 4288387995
0.76067436 0.59653229 0.015351634 4288387995
0.84225148 0.59898335 0.013119113 4288387995
0.91770917 0.60027105 0.017006587 4288387995
1.0031215 0.59835833 0.01673018 4288387995
1.0851434 0.60023326 0.017277995 4288387995
1.1627477 0.59869003 0.016617455 4288387995
1.2405678 0.59857184 0.028753588 4288387995
1.3246899 0.5987922 0.022859152 4288387995
1.4073039 0.60135907 0.016167613 4288387995
1.4784387 0.59924579 0.015029621 4288322202
1.5610088 0.60113704 0.019527655 4288387995
1.6462624 0.6024226 0.021261757 4288387994
-1.6400321 0.67622179 0.01496412 4288387995
-1.5598871 0.67752588 0.030511493 4288322202
-1.4869109 0.67782438 0.030493302 4288387995
-1.3979557 0.68431324 0.032186933 4288387995
-1.3131518 0.67493933 0.03037818 4288322202
-1.2453972 0.67726201 0.023718597 4288387995
-1.1554067 0.69020551 0.020916926 4287137928
-1.0798832 0.68205643 0.016456367 4287927444
-0.99874747 0.67920953 0.015467589 4288387995
-0.91993523 0.67624027 0.017858662 4288387995
-0.84174389 0.67829877 0.017147573 4288387995
-0.75521129 0.67978841 0.01522048 4288387995
-0.68320674 0.67857319 0.01323259 4288387995
-0.60013717 0.67420191 0.014011539 4288387995
-0.51799303 0.67665631 0.017906995 4288387995
-0.44198236 0.67947727 0.01738425 4288387995
-0.35857451 0.67887199 0.020376911 4288387995
-0.27672443 0.6708675 0.022936696 4288387995
-0.20144968 0.67687237 0.018498758 4288387995
-0.11863384 0.68304068 0.018100586 4288387995
-0.03954361 0.68199039 0.021837905 4288387995
0.038417745 0.67726922 0.02163855 4288387995
0.1162851 0.67351753 0.019843839 4288387995
0.19797041 0.67684984 0.020805057 4288387995
0.28451309 0.67565453 0.021359546 4288322202
0.3584215 0.67749619 0.018257009 4288256409
0.43740225 0.67921585 0.015783014 4288387995
0.52702123 0.67809868 0.036181539 4288387995
0.59902227 0.67824745 0.023170089 4288387995
0.68390357 0.67910582 0.01374056 4288387995
0.75819159 0.67972815 0.016789479 4288387995
0.84711957 0.67704612 0.015667873 4288387995
0.9180547 0.68019527 0.015201339 4288387995
1.000424 0.67975634 0.015032619 4288387995
1.082474 0.67955196 0.017261324 4288387995
1.1577539 0.67536926 0.016166866 4288387995
1.2389064 0.67594594 0.018186066 4288387995
1.3203812 0.67754567 0.01944199 4288387995
1.4061044 0.67889881 0.017109362 4288387995
1.47601 0.6786195 0.017607311 4288387995
1.5594153 0.68157208 0.027452165 4288322202
1.6429912 0.68077183 0.030488446 4288256409
-1.6426612 0.76730555 0.018852491 4288387995
-1.564972 0.76560742 0.024565822 4288256409
-1.4835799 0.7623331 0.028834051 4288322202
-1.389339 0.76499939 0.037412841 4288387995
-1.3179284 0.75982517 0.029254068 4288387995
-1.2416914 0.76023275 0.023289517 4288387995
-1.1546034 0.75247937 0.026304346 4287795858
-1.0763106 0.75747806 0.026266472 4285624689
-1.00717 0.76158732 0.020514013 4286479998
-0.92207414 0.75903511 0.019775288 4288322202
-0.83823878 0.75931501 0.016561987 4288387995
-0.7552774 0.76026058 0.015478637 4288387995
-0.68354034 0.76068062 0.015724959 4288387995
-0.59890008 0.75847471 0.016174451 4288387995
-0.52049977 0.75945085 0.016143411 4288387995
-0.43940768 0.76360965 0.020571306 4288387995
-0.3622191 0.7606107 0.019820601 4288387995
-0.27773881 0.76164639 0.020446531 4288387995
-0.20006391 0.76195937 0.025849687 4288387995
-0.12105083 0.75943768 0.025597293 4288387995
-0.037045695 0.75554818 0.019341083 4288453788
0.041605886 0.76268125 0.01707598 4288387995
0.11991597 0.76291525 0.019262657 4288387995
0.19695245 0.76088542 0.021939488 4288387995
0.2840552 0.75567663 0.020875433 4288387995
0.36255869 0.75942189 0.018898498 4288190616
0.43805489 0.7553525 0.017599374 4288387995
0.52844089 0.75911772 0.027400093 4288387995
0.60575324 0.76078832 0.017237023 4288387995
0.68246943 0.75532961 0.017015468 4288387995
0.7599591 0.75746042 0.017345851 4288387995
0.84544146 0.76012653 0.018267814 4288387995
0.92190164 0.75561202 0.016274551 4288387995
0.99927062 0.75896746 0.017190101 4288387995
1.0836583 0.75958967 0.017187029 4288387995
1.158529 0.75881481 0.016582675 4288387995
1.2404474 0.75980449 0.017622393 4288387995
1.3215591 0.75687927 0.020621214 4288387995
1.4037941 0.75991833 0.017670486 4288322202
1.4741459 0.75913346 0.018165741 4288190616
1.557887 0.75527889 0.026235688 4288124823
1.640535 0.75391841 0.032572176 4288190616
-1.639724 0.83643436 0.011939629 4288387995
-1.5691947 0.84045577 0.020370124 4288322202
-1.4817765 0.84690315 0.027748318 4288387995
-1.4065979 0.85023946 0.03574004 4288322202
-1.3213335 0.83212954 0.031864651 4288387995
-1.2341005 0.84765857 0.025976531 4288387995
-1.1577978 0.84232152 0.022281615 4288322202
-1.0807959 0.8408224 0.015794296 4288387995
-1.0025471 0.83948094 0.028831994 4285032552
-0.91851825 0.84292573 0.024581185 4287993237
-0.83944499 0.83733362 0.015292083 4288387995
-0.75883323 0.83428258 0.014699373 4288322202
-0.68048561 0.83821845 0.015002866 4288387995
-0.59999061 0.84188855 0.014798569 4288387995
-0.52082282 0.84378827 0.016197257 4288387995
-0.44442979 0.83962268 0.017875139 4288387995
-0.36328912 0.84319937 0.024186853 4288387995
-0.28352699 0.84030402 0.026160359 4288387995
-0.20082049 0.84342247 0.021596909 4288387995
-0.12071665 0.84473348 0.021656677 4288387995
-0.034897935 0.84014845 0.030381249 4289506476
0.037634607 0.84488034 0.02422961 4289309097
0.12163923 0.8446247 0.017080385 4288387995
0.19853714 0.8423726 0.01545154 4288387995
0.2798292 0.84274876 0.02022111 4288387995
0.36354676 0.8356685 0.020542562 4288387995
0.43773288 0.83641768 0.020227427 4288124823
0.53076857 0.8326211 0.016262731 4288387995
0.5994764 0.84005654 0.014469632 4288387995
0.67989022 0.83970982 0.015892748 4288387995
0.75927317 0.83837837 0.017578688 4288387995
0.84498048 0.83750862 0.018415282 4288387995
0.92033702 0.83877683 0.016992765 4288387995
0.99712151 0.83923554 0.018348601 4288387995
1.0781757 0.83375061 0.019329732 4288387995
1.1609966 0.83878034 0.018233789 4288387995
1.2424083 0.839423 0.018240316 4288322202
1.3240101 0.83947867 0.020097533 4288059030
1.3997406 0.83736473 0.016446682 4288124823
1.4747022 0.8405531 0.017929418 4288059030
1.5573957 0.84053528 0.019182637 4288124823
1.6446581 0.84110713 0.021258418 4288190616
-1.6401823 0.92511088 0.012479377 4288322202
-1.5636057 0.92691481 0.014261711 4288387995
-1.4788865 0.92124683 0.027304331 4288387995
-1.4031256 0.92996508 0.036908161 4288387995
-1.3177135 0.90375942 0.031655014 4288387995
-1.2308253 0.93623304 0.01863184 4288387995
-1.1499617 0.94028902 0.039427951 4286479998
-1.0828595 0.93458402 0.039587326 4287861651
-0.99808681 0.92401063 0.027224511 4287269514
-0.91810781 0.92178446 0.024570554 4287730065
-0.83850926 0.92307347 0.016872624 4288256409
-0.7585296 0.91929573 0.016538899 4288322202
-0.67811644 0.91614062 0.017118448 4288322202
-0.60130882 0.91989666 0.015999667 4288387995
-0.51913971 0.91825104 0.015668573 4288387995
-0.44117171 0.91807365 0.016245602 4288387995
-0.36711898 0.91395098 0.018916829 4288387995
-0.2805877 0.9173646 0.01937828 4288387995
-0.19957988 0.92225909 0.025585221 4288387995
-0.1186247 0.92357284 0.041446351 4287072135
-0.033734605 0.9221372 0.042834338 4286611584
0.043623406 0.92201769 0.04124251 4288651167
0.11501279 0.92501271 0.026005222 4288256409
0.19109583 0.92005587 0.029362062 4288322202
0.2810922 0.92370301 0.022046845 4288387995
0.36270618 0.918244 0.021726621 4288387995
0.44402054 0.92092216 0.019637372 4288190616
0.51758659 0.92060053 0.02159543 4288124823
0.61262918 0.91005737 0.013901358 4288387995
0.67886579 0.92017275 0.015803335 4288387995
0.75956059 0.9216066 0.017722009 4288387995
0.84073454 0.9195677 0.019559624 4288387995
0.91806781 0.91804397 0.019398913 4288322202
0.99996352 0.91906273 0.02226522 4287993237
1.077381 0.93415576 0.035228051 4286940549
1.1576889 0.92380261 0.024839081 4287861651
1.2474798 0.91400403 0.020182919 4287664272
1.3290143 0.91702366 0.021589689 4287927444
1.3991675 0.91740483 0.017812666 4288059030
1.4819337 0.91988558 0.036276683 4288124823
1.5584959 0.9168669 0.03466253 4288190616
1.6384821 0.91968811 0.023726283 4288190616
-1.6421825 0.99320519 0.012930675 4288322202
-1.5608716 0.99625891 0.015249093 4288387995
-1.4845264 1.0090801 0.017840542 4288387995
-1.4107201 1.0101342 0.028746964 4288387995
-1.31586 1.0043743 0.02938473 4288387995
-1.228284 1.006775 0.036724027 4286085240
-1.1791974 0.98059678 0.04359914 4285098345
-1.0675001 0.98991328 0.041207571 4286414205
-0.99647814 0.99321693 0.040377166 4289769648
-0.92622077 1.0031111 0.029736489 4288848546
-0.84069818 1.0038853 0.017369824 4288387995
-0.76182353 1.0006596 0.017278478 4288387995
-0.68017185 0.99895924 0.016727064 4288256409
-0.59862369 0.99810112 0.017427223 4288256409
-0.51925594 1.0000745 0.018319558 4288322202
-0.44084206 0.99850219 0.019381491 4288322202
-0.35864055 0.99647146 0.021075729 4288322202
-0.28207693 0.99438661 0.02783845 4288387995
-0.188575 1.0037491 0.039882828 4287335307
-0.12090563 0.99825519 0.047970425 4285624689
-0.041924629 0.98416847 0.046490483 4284966759
0.046636596 0.98656237 0.049025938 4286348412
0.11363357 0.99753487 0.039845169 4288980132
0.19630355 1.0021043 0.030793956 4288256409
0.27496845 0.99946529 0.020912785 4288059030
0.36353087 0.99723512 0.021451345 4288190616
0.43703744 1.0001454 0.02007135 4288322202
0.52555454 1.0013173 0.02091031 4288124823
0.60305691 1.0002695 0.020029327 4288322202
0.68024015 0.99318624 0.01813736 4288387995
0.75375837 0.9976961 0.016463816 4288387995
0.84671313 0.99608755 0.019923477 4288322202
0.92292887 0.99670869 0.01943819 4288322202
0.99967492 0.99226892 0.044164799 4285229931
1.0644168 0.98887658 0.029674534 4284966759
1.1619326 0.98767167 0.025352834 4286085240
1.2437073 0.987849 0.021945741 4286743170
1.3245828 0.99369973 0.021595789 4287466893
1.4005513 0.99834824 0.020166688 4287664272
1.4777817 0.99344099 0.02343487 4287795858
1.5587695 0.9960022 0.023278093 4287993237
1.6401037 0.99607599 0.02171907 4288059030
-1.6404284 1.0832669 0.012892453 4288256409
-1.5603596 1.0802661 0.012649679 4288322202
-1.4823087 1.0783783 0.01585375 4288256409
-1.4049518 1.0838742 0.015996389 4288387995
-1.3179146 1.0848122 0.013990114 4288322202
-1.2497277 1.0752184 0.041878976 4285558896
-1.1087281 1.0660548 0.030934893 4284900966
-0.97775286 1.0496575 0.051908929 4290953922
-0.93271673 1.0788664 0.035159085 4289638318
-0.83773106 1.0792243 0.017984234 4288387995
-0.7598784 1.0765154 0.018072434 4288387995
-0.68016994 1.074733 0.01899763 4288387995
-0.59980404 1.0734674 0.018480135 4288322202
-0.52122909 1.0752426 0.017763233 4288322202
-0.43971652 1.0777428 0.017847102 4288256409
-0.3597151 1.0794259 0.020095741 4288190616
-0.28164279 1.0798413 0.02073122 4288256409
-0.19687189 1.0800575 0.039018285 4287466893
-0.14717984 1.0767858 0.04874767 4285361517
0.069359988 1.1029205 0.033047386 4291348680
0.12908968 1.0760869 0.046373975 4290690750
0.19562308 1.0776097 0.027425438 4289177511
0.27481392 1.0804809 0.022687165 4288322202
0.35870945 1.0773075 0.019370157 4287795858
0.44279128 1.0760707 0.019920435 4287927444
0.52621007 1.083943 0.017876865 4287664272
0.60526723 1.0875497 0.014132261 4288059030
0.67412263 1.0813054 0.01540381 4288124823
0.76136875 1.0782868 0.015842451 4288124823
0.83979797 1.0776299 0.018296055 4288322202
0.93681818 1.0802656 0.036680982 4286414205
0.99322617 1.0749235 0.041226976 4284835173
1.0707144 1.0672388 0.030636504 4284900966
1.1539543 1.084501 0.016224641 4284900966
1.2393072 1.0727553 0.019632431 4284835173
1.3270643 1.079237 0.017934877 4286348412
1.4008927 1.0691234 0.018669752 4287532686
1.4810249 1.071534 0.022015972 4287598479
1.5607178 1.0743711 0.020877274 4288256409
1.6406817 1.0753921 0.025474196 4288387995
-1.6424778 1.1557362 0.015915016 4288387995
-1.5633214 1.1612927 0.015906982 4288322202
-1.4851818 1.1598877 0.019382397 4288190616
-1.3885901 1.1622838 0.024191545 4288190616
-1.3251458 1.1621593 0.019405678 4288322202
-1.2489951 1.161288 0.0344612 4286808963
-1.1223994 1.123799 0.043655165 4284900966
-0.97480774 1.1763545 0.045670524 4289901234
-0.92836267 1.1564082 0.026564095 4288848802
-0.84093261 1.1649283 0.017397804 4288322202
-0.75966942 1.1659069 0.015492825 4288322202
-0.68032706 1.1653399 0.016136453 4288387995
-0.59896743 1.1632856 0.016348939 4288387995
-0.5207445 1.1607726 0.016781397 4288387995
-0.44301167 1.1563565 0.018079882 4288387995
-0.35953549 1.1583632 0.018496646 4288387995
-0.27915564 1.1642746 0.019748604 4288256409
-0.19266149 1.1568478 0.030597186 4287203721
-0.13848171 1.1720492 0.042101383 4285427310
-0.032824077 1.1523015 0.029619113 4288124823
0.045130264 1.1472831 0.044236612 4290427578
0.13026075 1.1577599 0.041926414 4289901234
0.19618185 1.1548539 0.013522088 4288322202
0.28045473 1.1615882 0.020410355 4288387995
0.3543303 1.1590455 0.021827774 4288387995
0.44017464 1.1621435 0.014592637 4288387995
0.53030658 1.1569635 0.015352684 4288387995
0.59571147 1.1619259 0.012263419 4288387995
0.68034303 1.1584437 0.013177358 4288124823
0.75723225 1.1634392 0.016004585 4288059030
0.83916992 1.1645126 0.018457888 4288387995
0.92850494 1.1609507 0.037493795 4286414205
0.99413431 1.1585989 0.016273607 4285164138
1.0793936 1.168988 0.023418698 4284900966
1.1518284 1.1557771 0.025646506 4284900966
1.2365108 1.1315024 0.016903155 4284900966
1.3219463 1.1479565 0.018623319 4287861651
1.3984088 1.1532336 0.018826533 4288387995
1.4769619 1.1554046 0.018830741 4288387995
1.5577122 1.1487814 0.019743497 4288387995
1.6361078 1.1515745 0.021427307 4288387995
-1.6415075 1.242165 0.018125756 4288387995
-1.5569265 1.2416573 0.017141232 4288387995
-1.4825894 1.2394789 0.018002013 4288387995
-1.3939631 1.2408079 0.026329353 4288322202
-1.3186553 1.2397337 0.01730356 4288256409
-1.2399348 1.2407928 0.015134436 4288190616
-1.1643305 1.2466594 0.029440759 4286677377
-1.0806985 1.2493527 0.042548217 4286151033
-0.99616182 1.2322844 0.036198799 4288256409
-0.91720265 1.2363523 0.019773064 4288387995
-0.84136176 1.2364873 0.017737247 4288387995
-0.76030546 1.2371824 0.016549192 4288322202
-0.6820358 1.2347226 0.016615756 4288322202
-0.60006577 1.2351818 0.016696826 4288322202
-0.52073878 1.2381265 0.017591828 4288387995
-0.44176874 1.2385908 0.01827414 4288387995
-0.36044589 1.2395191 0.020769039 4288387995
-0.28229615 1.2402226 0.019336477 4288387995
-0.19927819 1.2410856 0.018541204 4288387995
-0.12164774 1.235129 0.02857098 4287598479
-0.039529156 1.2471887 0.037745345 4285887861
0.04125578 1.247496 0.037794299 4286282619
0.10958465 1.2275125 0.028630506 4288190616
0.20043765 1.2437141 0.021348419 4288256409
0.27837089 1.2467476 0.021234585 4288190616
0.36078104 1.2458571 0.021406148 4288519581
0.43541256 1.2378467 0.020780869 4288387995
0.52749836 1.236529 0.012481718 4288387995
0.60015953 1.2425455 0.01282607 4288387995
0.67898655 1.2390912 0.013754219 4288190616
0.75980985 1.2371747 0.014085372 4288387995
0.83740407 1.2450368 0.012103809 4288387995
0.92072886 1.2344584 0.019734824 4287795858
1.015821 1.2453588 0.03547724 4286085240
1.0542912 1.2118858 0.045375913 4284900966
1.2714813 1.2729037 0.020230502 4288387995
1.3299204 1.2481016 0.013406348 4288387995
1.398402 1.250475 0.012535134 4288387995
1.4764942 1.2569655 0.013950016 4288387995
1.5540383 1.233201 0.017742891 4288387995
1.6427016 1.2358609 0.022498596 4288387995
-1.641595 1.3218831 0.017310018 4288387995
-1.5599129 1.318664 0.018048964 4288387995
-1.4818754 1.3234636 0.016854016 4288387995
-1.406463 1.3217779 0.019697817 4288387995
-1.3192909 1.3199971 0.018750424 4288387995
-1.2374415 1.3221946 0.014745574 4288387995
-1.1690518 1.3190535 0.018491693 4288256409
-1.0912862 1.3242391 0.0197521 4288190616
-0.99883509 1.3236589 0.022938251 4288387995
-0.91568667 1.3246452 0.018852148 4288387995
-0.84067565 1.3236278 0.018777352 4288387995
-0.75937653 1.3211514 0.018359605 4288387995
-0.6794818 1.318584 0.018433571 4288387995
-0.59980172 1.3169812 0.018211275 4288322202
-0.51817632 1.3160956 0.018126829 4288387995
-0.44007456 1.3175627 0.01763594 4288387995
-0.36401922 1.3165313 0.018107308 4288387995
-0.28118747 1.3207411 0.015852146 4288387995
-0.2001708 1.3218915 0.013660915 4288387995
-0.12512803 1.3179067 0.014299494 4288322202
-0.040295597 1.3210682 0.015034014 4288387995
0.036420386 1.3163179 0.014222908 4288387995
0.11428522 1.3249831 0.016877133 4288322202
0.20345432 1.3151803 0.018967738 4288322202
0.28140756 1.3201953 0.019729929 4288387995
0.36004514 1.3217111 0.018208489 4288387995
0.44314435 1.3158274 0.01543585 4288387995
0.51792264 1.3289307 0.017807085 4288387995
0.6046052 1.3186826 0.011524043 4288387995
0.67851555 1.3205419 0.01257438 4288387995
0.7596941 1.323712 0.01301806 4288124823
0.83795232 1.3195317 0.011070403 4288256409
0.91587096 1.3153028 0.0124105 4288387995
1.00086 1.3186623 0.039270345 4288256409
1.1081944 1.3495898 0.0098924926 4288387995
1.1520486 1.3404285 0.0095251417 4288387995
1.2600142 1.3412662 0.013985341 4288387995
1.3212305 1.3226538 0.01207091 4288387995
1.4009669 1.3219856 0.011684765 4288387995
1.4801596 1.3222044 0.011381839 4288387995
1.5603518 1.3206426 0.012051494 4288387995
1.6271048 1.3245751 0.01581591 4288387995
-1.6411961 1.4006349 0.015947308 4288387995
-1.5578295 1.4022138 0.015934076 4288387995
-1.4773543 1.3994995 0.015978456 4288387995
-1.4080687 1.3991599 0.019407935 4288387995
-1.3175811 1.4015024 0.021231551 4288387995
-1.2390829 1.3979514 0.018603049 4288387995
-1.1627612 1.4008775 0.019058775 4288387995
-1.0772055 1.4038796 0.018519947 4288387995
-1.0036277 1.396929 0.021934228 4288585374
-0.91926765 1.4009421 0.020982947 4288387995
-0.83915836 1.4040538 0.018845655 4288387995
-0.75953567 1.4035507 0.01789544 4288387995
-0.68092608 1.402995 0.018387748 4288387995
-0.60154396 1.4037985 0.018425262 4288387995
-0.51897031 1.398296 0.019458257 4288322202
-0.43930313 1.3987225 0.020384841 4288387995
-0.35831216 1.3981869 0.020520765 4288322202
-0.27549657 1.3951859 0.018003421 4288387995
-0.19875771 1.3977203 0.017722001 4288387995
-0.11891965 1.4045405 0.016406033 4288322202
-0.045298371 1.3975481 0.013467434 4288387995
0.038085125 1.3980263 0.016615318 4288387995
0.12246028 1.4046317 0.013274384 4288387995
0.20019527 1.4068556 0.015225163 4288322202
0.28232166 1.3989532 0.021368355 4288322202
0.35497984 1.408679 0.020409802 4288256409
0.4408935 1.402963 0.017977679 4288453788
0.51977897 1.397595 0.015375443 4288387995
0.60490841 1.3984517 0.01193835 4288387995
0.67475551 1.399071 0.012403606 4288387995
0.7605679 1.3952639 0.011667719 4288387995
0.82727528 1.3832355 0.010485301 4288387995
0.92111117 1.374397 0.012595738 4288387995
1.0102184 1.3878806 0.029739382 4288190616
1.0829637 1.4076158 0.014432894 4288256409
1.1593524 1.400092 0.010617523 4288322202
1.2415493 1.4059905 0.011538479 4288387995
1.3180014 1.4059011 0.012694814 4288387995
1.4008281 1.4031917 0.012944106 4288387995
1.4864503 1.4031669 0.01151856 4288387995
1.5599219 1.4044552 0.011419201 4288387995
1.6336632 1.4076201 0.013082332 4288387995
-1.6401125 1.4796472 0.016176512 4288387995
-1.5600672 1.476458 0.016556228 4288387995
-1.4756893 1.4819372 0.019394506 4288387995
-1.4069165 1.4816792 0.016142493 4288387995
-1.319275 1.4820404 0.020907551 4288387995
-1.2392938 1.4806191 0.019789454 4288322202
-1.1620272 1.4791203 0.017704157 4288387995
-1.0770472 1.4795723 0.017830241 4288387995
-1.0034918 1.4838364 0.01892204 4288387995
-0.9199912 1.4790552 0.019298464 4288387995
-0.83693105 1.4763027 0.01672167 4288387995
-0.75750858 1.4793571 0.015814424 4288387995
-0.67986584 1.4804114 0.015356611 4288387995
-0.59950447 1.4811943 0.015995888 4288387995
-0.52127242 1.4818769 0.016690014 4288387995
-0.44430295 1.4790688 0.017847545 4288387995
-0.35982814 1.4757493 0.018967593 4288322202
-0.28012741 1.4737403 0.018348327 4288387995
-0.20019753 1.4774613 0.017131478 4288387995
-0.12447359 1.4775349 0.014267634 4288387995
-0.040785562 1.4798747 0.014905814 4288387995
0.047485825 1.4832093 0.013609333 4288387995
0.11474437 1.4775081 0.013796874 4288387995
0.19716512 1.479804 0.012826969 4288387995
0.28143898 1.4849703 0.014632041 4288256409
0.36266521 1.4843835 0.019762481 4288387995
0.44123793 1.4842716 0.021804042 4288387995
0.52239412 1.4789323 0.01548144 4288387995
0.60448831 1.4772111 0.016261209 4288322202
0.68144923 1.4823116 0.011176145 4288387995
0.75145143 1.4771053 0.0096852472 4288387995
0.85495138 1.4954531 0.036529597 4287796115
0.92410856 1.4838217 0.025954889 4287598222
1.000072 1.4757562 0.016904183 4288387739
1.0791277 1.4788824 0.012014681 4288387995
1.1646737 1.4788855 0.011463619 4288387995
1.2411668 1.4793235 0.012327364 4288387995
1.3207834 1.4807631 0.011847662 4288387995
1.3982879 1.4907845 0.012409011 4288387995
1.4808408 1.4886081 0.011894963 4288387995
1.5609503 1.4879584 0.012727803 4288387995
1.638342 1.4884481 0.01335681 4288387995
-1.6397074 1.5605075 0.019077612 4288387995
-1.558413 1.5605798 0.017332066 4288387995
-1.4764111 1.5616823 0.019614227 4288322202
-1.4042206 1.5611601 0.017595628 4288387995
-1.3184875 1.5597639 0.020576026 4288387995
-1.2389098 1.5609034 0.01865571 4288387995
-1.1569746 1.5622416 0.015039624 4288387995
-1.0795631 1.561782 0.016333023 4288387995
-1.0069981 1.5590719 0.016485617 4288387995
-0.91963559 1.5558933 0.018793598 4288387995
-0.8395167 1.5562642 0.018059377 4288387995
-0.75863892 1.5575652 0.017670911 4288387995
-0.67586595 1.558867 0.01732948 4288387995
-0.60452396 1.5607206 0.017846366 4288387995
-0.52115691 1.5599523 0.01981589 4288387995
-0.44059485 1.5568213 0.020258399 4288387995
-0.3600651 1.5592588 0.019763162 4288387995
-0.28060454 1.5617777 0.019048074 4288322202
-0.19770689 1.5608082 0.017367458 4288387995
-0.12231406 1.5594428 0.019793108 4288387995
-0.037327833 1.561765 0.014017783 4288387995
0.035372689 1.5571142 0.012577487 4288387995
0.12178879 1.5597903 0.014272445 4288387995
0.20262006 1.5637496 0.014239987 4288387995
0.27458286 1.556591 0.013316922 4288322202
0.35997438 1.5604457 0.018165778 4288453788
0.43890771 1.5567682 0.018539181 4288387995
0.52024049 1.5658517 0.018069176 4288387995
0.60103083 1.5620092 0.015696999 4288387995
0.68337053 1.5588253 0.010254277 4288387995
0.7505706 1.5620106 0.014751617 4288322202
0.85200363 1.5690031 0.016194746 4288387995
0.91853982 1.5637316 0.012727354 4288387995
1.0015315 1.5573455 0.012551495 4288387995
1.0817276 1.5619587 0.012315496 4288387995
1.1620495 1.5624931 0.013196646 4288387995
1.2416338 1.5614492 0.011886447 4288387995
1.3202378 1.5581833 0.011301402 4288387995
1.4025608 1.5559576 0.010946892 4288387995
1.4805367 1.5549127 0.010790909 4288387995
1.5610855 1.5552201 0.010730402 4288387995
1.6390471 1.557092 0.010317567 4288387995
-1.6407733 1.6395422 0.019095559 4288322459
-1.5582736 1.640355 0.019797947 4288387995
-1.4776238 1.6392318 0.019129375 4288322458
-1.4045548 1.6394141 0.018260207 4288387739
-1.3163935 1.6405082 0.019132094 4288387995
-1.2389473 1.637476 0.017319493 4288387995
-1.1598158 1.6404518 0.015351542 4288387995
-1.0794593 1.6408815 0.016751269 4288387995
-1.0050473 1.6401917 0.020266276 4288387995
-0.9211936 1.6430463 0.021513756 4288387995
-0.8401624 1.6431231 0.020809345 4288387995
-0.76088965 1.641072 0.020398948 4288387995
-0.6756354 1.6422609 0.017649645 4288387995
-0.60453326 1.6427444 0.017223658 4288387995
-0.52042168 1.6418656 0.018744346 4288387995
-0.44170588 1.6390507 0.018489849 4288387995
-0.36161104 1.6374545 0.016247977 4288387995
-0.28396225 1.6396321 0.013808465 4288387995
-0.20460634 1.6388477 0.014969184 4288387995
-0.11749287 1.641821 0.017833374 4288387995
-0.038383987 1.6398734 0.016570758 4288387995
0.042149719 1.6411545 0.013109103 4288387995
0.11755887 1.6385163 0.012659961 4288387995
0.20501393 1.6396598 0.013210278 4288387995
0.2711803 1.6385335 0.01556717 4288387995
0.36328429 1.6422125 0.015926855 4288190616
0.43579417 1.6402614 0.013958528 4288322202
0.51748002 1.6405154 0.019580867 4288453788
0.6012277 1.6435357 0.013615928 4288387995
0.68231046 1.6423665 0.01500231 4288387995
0.75523835 1.6422623 0.013089532 4288387995
0.84385818 1.6389171 0.011269346 4288387995
0.913275 1.6453304 0.011342702 4288387995
1.001659 1.6395744 0.021142827 4287730065
1.080242 1.6395851 0.013615422 4288387995
1.160593 1.6408572 0.01328744 4288387995
1.2419575 1.6339804 0.014184251 4288387995
1.3208767 1.636301 0.013556211 4288387995
1.401193 1.6368531 0.013117386 4288387995
1.4799597 1.6366353 0.013687147 4288387739
1.5605316 1.6389959 0.014427131 4288387739
1.6409808 1.6382701 0.014286838 4288387739
-1.6409538 1.719258 0.018134071 4288387995
-1.5574235 1.7184939 0.019489346 4288387995
-1.4806647 1.7184595 0.018242009 4288387995
-1.401 1.7197536 0.01792497 4288387995
-1.3193516 1.7212147 0.018879781 4288387995
-1.2391129 1.7204849 0.017123239 4288322202
-1.1583037 1.7211928 0.016485671 4288387995
-1.0817956 1.719972 0.015857689 4288387995
-1.0046515 1.7188463 0.01862138 4288387995
-0.92151666 1.7205211 0.019977691 4288387995
-0.83823001 1.7216119 0.019199293 4288387995
-0.75752765 1.7201338 0.019222204 4288387995
-0.67423183 1.7204453 0.018188935 4288387995
-0.60103357 1.7184085 0.01881266 4288387995
-0.51690155 1.7213725 0.020117609 4288387995
-0.43897295 1.7171669 0.021290304 4288387994
-0.35902286 1.7163857 0.0195427 4288387994
-0.2839852 1.717999 0.019318921 4288387995
-0.20053294 1.7137262 0.020725498 4288387995
-0.1216872 1.7165529 0.019333402 4288387995
-0.037305381 1.7179273 0.015111484 4288322202
0.038721032 1.7224457 0.012481287 4288387995
0.1183265 1.7240806 0.012570508 4288387995
0.19648325 1.7183734 0.011788484 4288387995
0.28692731 1.7233852 0.014259611 4288387995
0.3569282 1.7203615 0.013629219 4288387995
0.44080389 1.7180663 0.016717352 4288387995
0.52109206 1.7226143 0.015921609 4288387995
0.60169226 1.7236006 0.017007494 4288387995
0.68042624 1.7216226 0.013075834 4288387995
0.75317818 1.7218863 0.013211912 4288387995
0.84365237 1.7208401 0.01511953 4288387995
0.92074633 1.7201679 0.013899593 4288387995
0.99312079 1.7247614 0.015018375 4288387995
1.0877273 1.7211028 0.012079707 4288387995
1.156224 1.7238925 0.013346074 4288387995
1.2385433 1.7190989 0.017933708 4288322202
1.3195142 1.7193971 0.015935592 4288256409
1.4036641 1.723453 0.012891578 4288387995
1.4791687 1.7265296 0.012735468 4288387995
1.556463 1.7248558 0.013031387 4288387995
1.6380644 1.7240568 0.013144474 4288387995
-1.6439233 1.8015983 0.017332394 4288387739
-1.5589038 1.8003348 0.020461231 4288387995
-1.4803879 1.7986847 0.017120296 4288387995
-1.402629 1.800553 0.017655769 4288387739
-1.3180685 1.8002859 0.017438674 4288387995
-1.2431946 1.8018894 0.017454343 4288387995
-1.1550469 1.7997483 0.016542284 4288387995
-1.0829575 1.7978392 0.017328441 4288387738
-0.99884456 1.7993722 0.02102484 4288322203
-0.918926 1.8015616 0.020436836 4288387739
-0.83907729 1.8031687 0.020636374 4288387995
-0.75834149 1.8022552 0.019047612 4288387995
-0.67568696 1.8012699 0.017559467 4288387995
-0.59945726 1.7997233 0.020695433 4288387995
-0.51830423 1.8026236 0.020986421 4288387995
-0.43934813 1.7998488 0.02154945 4288387995
-0.35687688 1.7974448 0.020934688 4288387738
-0.28492066 1.7992229 0.017420329 4288387995
-0.19819807 1.797411 0.017417988 4288387995
-0.1207763 1.7978555 0.01514901 4288387995
-0.036066875 1.7995985 0.012049294 4288387995
0.045720387 1.7981423 0.013498084 4288387995
0.11477966 1.7978243 0.013418054 4288322202
0.2003433 1.7990725 0.012764528 4288387995
0.27809599 1.7995443 0.011776177 4288387995
0.35864776 1.7998286 0.012606317 4288322202
0.43444902 1.8015161 0.016764015 4288387995
0.5180164 1.7971303 0.016157946 4288387995
0.6009711 1.8002352 0.016737878 4288453788
0.68289059 1.8005105 0.014480975 4288387995
0.7599172 1.8078973 0.016803419 4288387995
0.83534122 1.7952939 0.017679838 4288387995
0.92130101 1.8007737 0.012739899 4288387995
1.0009969 1.8038194 0.014127324 4288387739
1.0802994 1.8014858 0.017618069 4288322458
1.1634814 1.8000406 0.016100928 4288256409
1.2376773 1.8034688 0.016661724 4288322202
1.3195046 1.8060012 0.01527423 4288387995
1.4036527 1.8042229 0.01333412 4288387995
1.4803774 1.8073033 0.012270252 4288387995
1.5603696 1.8040348 0.01293983 4288322202
1.6383557 1.8045264 0.011699648 4288387995
-1.6367834 1.8796878 0.01535556 4288322202
-1.5569555 1.880893 0.021429133 4288716960
-1.4863508 1.8839345 0.019044494 4288980132
-1.401173 1.8800538 0.016852872 4288322458
-1.3204249 1.8802958 0.01618276 4288387995
-1.2441813 1.8819083 0.016210662 4288387995
-1.1586951 1.8741221 0.018720476 4288387995
-1.083333 1.8772501 0.01901344 4288387995
-0.99995333 1.8772254 0.019904077 4288387995
-0.92146242 1.8769758 0.019571982 4288387995
-0.84060276 1.879684 0.018834863 4288387995
-0.75766283 1.8799677 0.019351823 4288387995
-0.67885602 1.8791752 0.0195178 4288387995
-0.59915745 1.8798988 0.019224213 4288387995
-0.52062088 1.882575 0.01873783 4288387995
-0.43996838 1.8802637 0.01852686 4288387995
-0.35807571 1.8768802 0.018041953 4288387995
-0.28329521 1.876181 0.019861475 4288387995
-0.20067157 1.8800391 0.019082427 4288387995
-0.11928579 1.878621 0.016985917 4288387995
-0.043200836 1.8783081 0.013758947 4288387995
0.043822777 1.8794947 0.011872821 4288387995
0.11452763 1.879267 0.014249996 4288387995
0.20035547 1.8782191 0.014845517 4288322202
0.27751142 1.8774363 0.011915626 4288387995
0.35898203 1.8797847 0.012207946 4288387995
0.43831852 1.8783468 0.012128698 4288256409
0.51754302 1.8816061 0.015520549 4288256409
0.59966964 1.8802512 0.017342512 4288387995
0.68117452 1.8793005 0.016126601 4288387995
0.75395542 1.880915 0.015172743 4288387995
0.84007818 1.8862597 0.014148153 4288387995
0.92587018 1.884346 0.013880927 4288387995
0.99559039 1.8804672 0.015022052 4288387995
1.0803941 1.8799013 0.016439408 4288387995
1.1596591 1.8780308 0.014706086 4288124823
1.242421 1.8795305 0.011662782 4288387995
1.3148143 1.8817581 0.012758781 4288387995
1.4034712 1.8781086 0.012374518 4288387995
1.482287 1.8743812 0.01511834 4288387739
1.5588301 1.8725381 0.014558335 4288322203
1.6394066 1.8730329 0.013318488 4288322203
-1.6382927 1.970776 0.033959087 4283335247
-1.5603789 1.9670185 0.031324033 4284319838
-1.4841316 1.967147 0.031737469 4286488190
-1.4002808 1.9646188 0.022194909 4286748290
-1.3220868 1.9582981 0.015625475 4288322202
-1.2423013 1.9559553 0.017610932 4288387995
-1.1573975 1.9589686 0.024137562 4288387995
-1.0780644 1.9635948 0.023610933 4288453788
-1.0044947 1.9596802 0.022160618 4288387995
-0.921969 1.9586688 0.024210436 4288387995
-0.83835244 1.9617488 0.023420243 4288387995
-0.75679952 1.9606055 0.020338135 4288387995
-0.67985415 1.9620256 0.01996248 4288387739
-0.59806091 1.9614736 0.019375456 4288387995
-0.52095836 1.9598299 0.0182043 4288387995
-0.44496101 1.9613236 0.019049659 4288387995
-0.36212727 1.9592353 0.019440724 4288387995
-0.2777501 1.9599327 0.017365439 4288387995
-0.2000733 1.9578266 0.018209333 4288387995
-0.11663485 1.9606509 0.01528163 4288387995
-0.04381701 1.9603872 0.015468874 4288387995
0.041488025 1.9604795 0.014358048 4288387995
0.1135915 1.9604396 0.012549138 4288387995
0.20097335 1.9579964 0.016436979 4288387995
0.27903631 1.9629544 0.013693 4288322202
0.36137319 1.9590815 0.011713699 4288387995
0.43596357 1.9628472 0.013382476 4288387995
0.52271235 1.9578274 0.015357684 4288387995
0.59638959 1.9633218 0.016787607 4288453788
0.6810596 1.9592482 0.014837723 4288387995
0.76156253 1.9591587 0.01222471 4288387995
0.84141189 1.9600176 0.012267395 4288387995
0.91630465 1.9617478 0.015057269 4288387995
1.0008289 1.9585589 0.016153695 4288387995
1.0758165 1.9625217 0.015893379 4288387995
1.1593724 1.9623829 0.01464832 4288387995
1.2406501 1.9585893 0.016624041 4288322458
1.3238624 1.9583155 0.016182188 4287797394
1.3969638 1.9698356 0.024856269 4285106281
1.4817597 1.9716328 0.023995159 4283925591
1.5603967 1.9705734 0.021591298 4284384862
1.6366241 1.958675 0.022491366 4285630321
-1.6426787 2.0202069 0.04217574 4278215936
-1.560634 2.0137258 0.040559348 4278282241
-1.4729201 2.0244975 0.039292064 4282879303
-1.3874199 2.0307887 0.041336793 4279009037
-1.3218577 2.047471 0.025981445 4284323165
-1.239601 2.0456672 0.025643062 4285504623
-1.1585709 2.0371106 0.019885765 4288322203
-1.0799466 2.037601 0.018146291 4288322459
-0.99893022 2.0397124 0.016928948 4288387995
-0.92277795 2.0431011 0.021247216 4288387995
-0.83799338 2.0388916 0.02234368 4288387995
-0.75926685 2.0409443 0.020543851 4288387995
-0.68260396 2.0389996 0.020128982 4288387995
-0.60006768 2.0392241 0.020889159 4288322458
-0.51688802 2.0360901 0.020962775 4288387995
-0.43916795 2.0379786 0.022703409 4288387995
-0.36026368 2.0366852 0.024462823 4288387995
-0.28174892 2.0386176 0.024448825 4288387995
-0.20226021 2.0380278 0.025011094 4288387995
-0.12109493 2.0342069 0.023133505 4288387995
-0.039688114 2.036361 0.020034894 4288387995
0.044388853 2.0355968 0.013570195 4288387995
0.11698937 2.037308 0.012958381 4288387995
0.2024437 2.0379767 0.012718789 4288387995
0.27836379 2.0416768 0.013452333 4288387995
0.36625251 2.0400815 0.013332172 4288387995
0.43490249 2.0409307 0.014019568 4288387995
0.52149397 2.0353026 0.015309311 4288322202
0.59796768 2.0412757 0.012947788 4288387995
0.67890549 2.0415022 0.01489769 4288387995
0.76553398 2.0377331 0.013248189 4288387995
0.83633399 2.0415521 0.014167805 4288387995
0.92013991 2.0406291 0.015364856 4288387995
1.0002592 2.0393353 0.014514448 4288387995
1.0811968 2.0404062 0.013024666 4288387995
1.1573347 2.040926 0.01616328 4288322458
1.240368 2.0397239 0.016078075 4288322458
1.3284225 2.0484104 0.032379989 4283334478
1.3875498 2.0259409 0.042239163 4278872330
1.4807996 2.013176 0.045384768 4278215936
1.560028 2.0135291 0.0447473 4278281473
1.6394488 2.0078993 0.046828173 4278215936
-1.6479995 2.1196237 0.04659982 4278216192
-1.557096 2.1068809 0.021043003 4278282241
-1.4624946 2.0930579 0.039287154 4284388703
-1.4185357 2.1232436 0.033722382 4286816644
-1.3227099 2.1184158 0.038204201 4281044780
-1.2363808 2.1214139 0.023094514 4287994261
-1.1628699 2.1219609 0.022547992 4287927444
-1.0806546 2.1205115 0.019498101 4288322203
-0.99898201 2.1228471 0.01820668 4288322203
-0.9184221 2.1230209 0.01695588 4288387994
-0.84186709 2.127404 0.019230507 4288322203
-0.76156944 2.1271024 0.018575974 4288387995
-0.68140364 2.1259522 0.021071589 4288387995
-0.59697992 2.1188059 0.02054666 4288387995
-0.52123904 2.1179199 0.021514237 4288387995
-0.43998203 2.1198874 0.020003848 4288387995
-0.36328533 2.1216609 0.017712468 4288387995
-0.28121659 2.1240366 0.020689877 4288387995
-0.19522384 2.1198187 0.021929586 4288387995
-0.12092262 2.1156416 0.022669306 4288387995
-0.041173723 2.1170609 0.021846242 4288387995
0.037369866 2.1191308 0.01810704 4288387995
0.11867952 2.1203578 0.014939144 4288387995
0.20114779 2.1197541 0.014644891 4288387995
0.28535879 2.1191013 0.013507309 4288387995
0.35811552 2.1194298 0.013817539 4288387995
0.437751 2.1170752 0.014873696 4288387995
0.52077234 2.1206548 0.015261561 4288387995
0.6032483 2.1197479 0.018246135 4288190616
0.67790353 2.1197648 0.018874161 4288387995
0.76014787 2.1192253 0.019710852 4288387995
0.84230089 2.1169806 0.015963769 4288387995
0.9206683 2.1209233 0.014262023 4288387995
0.99475396 2.1187634 0.013658392 4288387995
1.0816486 2.1180701 0.015469797 4288387995
1.1567726 2.1204805 0.01730283 4288322458
1.2413675 2.1201921 0.022741925 4287469453
1.3164928 2.1194091 0.042521495 4280643365
1.3697476 2.098001 0.063330382 4284900966
-1.6235619 2.1962805 0.049223475 4278216192
-1.5573387 2.1868682 0.021929879 4278282241
-1.4844818 2.168443 0.021930024 4278415620
-1.4011111 2.2047415 0.036305271 4282484288
-1.2979617 2.1865625 0.042869348 4278817289
-1.2501953 2.2097323 0.033265244 4283407183
-1.1558112 2.2048903 0.020647239 4287796114
-1.0821139 2.1986187 0.019019928 4288256409
-1.0002577 2.1990085 0.019337283 4288322458
-0.91637212 2.1959586 0.017684581 4288322203
-0.84252208 2.1966581 0.018443186 4288322203
-0.75777328 2.2001607 0.01727883 4288387995
-0.67835277 2.2000339 0.020692961 4288387995
-0.60013622 2.1980278 0.022084652 4288387995
-0.51946938 2.197578 0.022895291 4288387995
-0.44132507 2.1999226 0.022660865 4288387995
-0.35713777 2.1999192 0.019938307 4288387995
-0.28419259 2.1987443 0.019381976 4288387995
-0.20135215 2.1947324 0.021356467 4288387995
-0.11986723 2.1970313 0.020473745 4288387995
-0.038403511 2.1971867 0.019606516 4288387995
0.041088611 2.2008653 0.019041389 4288322202
0.11956474 2.2026889 0.01447184 4288387995
0.1979025 2.2025828 0.016010577 4288387995
0.280718 2.1968353 0.01537217 4288387995
0.3608889 2.1991992 0.014039918 4288387995
0.4390913 2.2017295 0.015317443 4288387995
0.51916897 2.2016208 0.01551986 4288387995
0.59891182 2.2040331 0.015676981 4288322202
0.68159384 2.1999207 0.018339593 4288387995
0.75982338 2.1971424 0.016950635 4288387995
0.84136444 2.1974359 0.015904594 4288387995
0.91346437 2.1975327 0.013761628 4288387995
0.99878174 2.1963208 0.015792128 4288387995
1.0821999 2.2020152 0.017058086 4288322458
1.1604966 2.2005131 0.019949844 4288322458
1.2490717 2.2029796 0.040077623 4281891128
1.2991606 2.1848347 0.0493786 4278740744
-1.6049989 2.2522635 0.049830746 4278216192
-1.5763345 2.2853336 0.039903108 4278216192
-1.4789163 2.2554221 0.022910753 4278480899
-1.4297347 2.2429867 0.022910707 4278416644
-1.3143574 2.3120687 0.02400147 4278420483
-1.2319566 2.2779443 0.041980896 4280000283
-1.158455 2.2805314 0.02173019 4287929749
-1.0851535 2.2790134 0.023549244 4288124823
-0.99820805 2.2793133 0.023468919 4288322458
-0.9178347 2.2797055 0.022395348 4288322203
-0.84004945 2.2796609 0.022385912 4288322203
-0.75662017 2.2813497 0.020755617 4288387738
-0.68256783 2.2815208 0.021553669 4288387995
-0.60092968 2.2846169 0.022732858 4288387995
-0.52002263 2.2831798 0.022105135 4288387995
-0.43842378 2.2842505 0.02216772 4288387995
-0.36183125 2.2841423 0.02138062 4288322202
-0.28291973 2.2830772 0.019191362 4288387995
-0.20022124 2.2819092 0.022791384 4288322202
-0.119209 2.2808211 0.020001536 4288322202
-0.041274343 2.2821314 0.018380964 4288387995
0.041330423 2.279408 0.019260611 4288322202
0.12100391 2.2809362 0.017836567 4288322202
0.19578429 2.2816913 0.014503399 4288387995
0.28000337 2.2797933 0.016606441 4288387995
0.36292851 2.2788191 0.015424469 4288387995
0.43919048 2.2773509 0.016280035 4288387995
0.51882911 2.2794971 0.015598792 4288387995
0.60450393 2.2781739 0.01598643 4288322202
0.67624348 2.2821565 0.015982183 4288387995
0.76081717 2.2775998 0.019349694 4288387995
0.83709484 2.2771175 0.015973642 4288387995
0.91874784 2.2809637 0.017532904 4288387995
1.0027201 2.28298 0.01926617 4288322458
1.0799981 2.2785838 0.022680881 4288322458
1.1660945 2.2845755 0.027495615 4286353788
1.2297437 2.2777498 0.045722768 4279856666
1.2853289 2.2524619 0.062106609 4278216192
-1.5647625 2.3578668 0.046752926 4278216192
-1.4819337 2.3544476 0.024001215 4278414851
-1.3941476 2.3322475 0.02400133 4278482692
-1.3517241 2.3215218 0.024001263 4278418179
-1.2107751 2.338115 0.044971928 4278691591
-1.1690372 2.3618693 0.036564477 4282230333
-1.0824564 2.3563626 0.020035308 4288191128
-1.0006052 2.3564065 0.025138348 4288125079
-0.9220984 2.3572807 0.024169633 4288322458
-0.84137309 2.3582261 0.021265145 4288322203
-0.75756216 2.3591259 0.020099513 4288387994
-0.68598408 2.3601098 0.019604888 4288387995
-0.59840286 2.3566923 0.022459866 4288387739
-0.51844972 2.361414 0.022554431 4288322202
-0.44153234 2.3633122 0.020873196 4288387995
-0.35898039 2.3594646 0.022201272 4288322202
-0.28127545 2.3554459 0.023343269 4288322202
-0.20092043 2.3579693 0.024512814 4288322202
-0.11985024 2.3594534 0.023826601 4288322202
-0.041273899 2.359374 0.02355092 4288322202
0.038155641 2.3570507 0.02040231 4288322202
0.12034288 2.3599825 0.016340619 4288387995
0.20157529 2.35813 0.014492716 4288387995
0.27508321 2.3625448 0.015101975 4288387995
0.3607083 2.3592162 0.017158397 4288387995
0.43836659 2.3621862 0.017126152 4288387995
0.52177328 2.3622401 0.016414665 4288387995
0.59971875 2.3596294 0.015863404 4288387995
0.6836769 2.3554006 0.014811899 4288387995
0.75357175 2.3629801 0.015459976 4288387995
0.83918685 2.3616197 0.018424122 4288387995
0.92180955 2.3608141 0.019644216 4288387738
0.99803966 2.3574803 0.022732221 4288387995
1.0782846 2.3614511 0.019612886 4288322458
1.1670201 2.3640661 0.042316169 4281169453
1.2177725 2.3466039 0.055881143 4278281729
-1.539019 2.4384625 0.048926342 4278216192
-1.4763445 2.4629312 0.025220674 4278414851
-1.3985245 2.4432509 0.025220787 4278482180
-1.3231497 2.4241886 0.025220936 4278418691
-1.2566566 2.4073734 0.025220994 4278423556
-1.1426435 2.4335766 0.044748157 4279808280
-1.086681 2.4425921 0.02487316 4286423677
-0.99753982 2.4390292 0.026591517 4287993237
-0.91843688 2.4387317 0.02336699 4288322202
-0.84042102 2.4404547 0.022384061 4288387995
-0.76028454 2.4406888 0.022037523 4288387995
-0.67893529 2.4417732 0.025246715 4287795858
-0.59901482 2.4457188 0.025158325 4287466893
-0.5210613 2.4446044 0.024131864 4287598479
-0.43684962 2.442045 0.021906763 4287664272
-0.36199355 2.445662 0.021523155 4287730065
-0.27965885 2.4465973 0.029081909 4287269514
-0.20034172 2.4464021 0.030563012 4286940549
-0.11860961 2.4455342 0.028767917 4287006342
-0.036905084 2.4426596 0.026035827 4287203721
0.038834244 2.4377158 0.021800732 4288124823
0.11960116 2.4375429 0.017575473 4288322202
0.20120776 2.4387169 0.015837006 4288322202
0.27863285 2.4347444 0.015893053 4288387995
0.35984462 2.4414437 0.017871724 4288387995
0.44141224 2.4405599 0.017065458 4288322202
0.52003616 2.4384971 0.017420517 4288387995
0.59888339 2.440263 0.017006848 4288322202
0.67885101 2.4390163 0.01661676 4288322202
0.7624684 2.4387097 0.015563149 4288322202
0.84053081 2.4408612 0.022484444 4288387995
0.91999292 2.4375212 0.022736905 4288256409
0.99892813 2.4390347 0.023747675 4288124823
1.0889281 2.4466631 0.032252613 4284713315
1.1437426 2.4345696 0.051029783 4279003661
1.2036556 2.4019003 0.060922634 4278216192
-1.5226138 2.4859498 0.055124093 4278413571
-1.5083477 2.5264251 0.05247983 4278348291
-1.3671985 2.5590534 0.026593747 4278548229
-1.3221593 2.5476649 0.026593739 4278417924
-1.2370311 2.5261357 0.02659389 4278422787
-1.1372138 2.5004861 0.042627852 4280595748
-1.0806488 2.5149016 0.044887375 4280714278
-0.9992699 2.5239875 0.045894142 4281349680
-0.92105454 2.523988 0.045528065 4281611316
-0.83965886 2.522846 0.044708304 4281742902
-0.75915682 2.524749 0.044452894 4281677109
-0.67916459 2.5239675 0.043268487 4281940281
-0.5997656 2.5255821 0.043515217 4281677109
-0.52121824 2.5271046 0.042023003 4281874488
-0.44055033 2.5264649 0.041126322 4282335039
-0.3604928 2.5256789 0.039225161 4282598211
-0.28353238 2.5257945 0.039033182 4282598211
-0.19989616 2.5255842 0.042424001 4282203453
-0.12188915 2.528533 0.040767655 4281611316
-0.040898152 2.527386 0.040188834 4281742902
0.04003226 2.5275671 0.038944371 4281545523
0.11913214 2.527441 0.040136043 4281348144
0.19893974 2.5257874 0.039346866 4281479730
0.28108895 2.5256178 0.038969982 4281677109
0.36053419 2.5254745 0.040588677 4281413937
0.44045994 2.5264931 0.038696956 4281479730
0.51965535 2.5284674 0.040574796 4281019179
0.59990561 2.5277262 0.040779576 4281216558
0.68163645 2.5299864 0.042137589 4280624421
0.76103544 2.5300102 0.042351957 4281150765
0.84021515 2.5308731 0.04317899 4281479730
0.91808879 2.5270774 0.045881834 4281677109
0.99957764 2.5279596 0.04684737 4280624421
1.0781914 2.5161841 0.047231495 4280898601
1.1452727 2.4934371 0.060278442 4278216192
-1.4692866 2.6046462 0.049554389 4278414595
-1.4184014 2.6154196 0.045805253 4278481156
-1.1306353 2.6395638 0.02815141 4278691844
-1.0841216 2.5931728 0.033673771 4278806537
-0.99707663 2.6057906 0.028151469 4279374354
-0.9199 2.586272 0.028151605 4279440147
-0.85027152 2.5686634 0.028151691 4279440147
-0.43214637 2.6374464 0.031991147 4279242768
-0.32926372 2.5603304 0.060161091 4279176975
-0.27693695 2.5622494 0.062299967 4279176975
-0.19731618 2.5704024 0.052132603 4279111182
-0.12309091 2.578373 0.055582982 4279045389
-0.04039735 2.571033 0.061375361 4279045389
0.043209851 2.5734107 0.056949068 4278913803
0.12031361 2.5872467 0.049110893 4278848010
0.17103751 2.5871208 0.055920068 4278848010
0.28132463 2.6314082 0.052183893 4278782217
0.36130375 2.6262774 0.04943718 4278848010
0.44442731 2.625505 0.050638124 4278848010
0.52198786 2.6141717 0.047853265 4278848010
0.60245198 2.6131122 0.050749041 4278848010
0.68537194 2.6051493 0.048228636 4278782217
0.75998068 2.6006875 0.048337337 4280032284
0.84185064 2.5973125 0.051708769 4281742902
0.91940504 2.594033 0.050975028 4279900698
0.98204422 2.5866687 0.050575897 4278848010
-1.3845541 2.6448679 0.054407109 4278481923
-1.3180301 2.6572769 0.051281102 4278417668
-1.2433515 2.6698771 0.049832925 4278419971
-1.1627293 2.6806624 0.050778005 4278425859
-1.0811336 2.7013271 0.054350909 4278432515
-1.0099126 2.7145722 0.0551253 4279244047
-0.8085016 2.7186353 0.029933235 4279440147
-0.75924492 2.7061791 0.029933274 4279440147
-0.69951558 2.6910715 0.029933443 4279440147
-0.50081098 2.6951108 0.056395315 4279242768
-0.43942401 2.6870465 0.054959897 4279176975
-0.35846543 2.6823945 0.05385942 4279111182
-0.27475002 2.6784661 0.054824535 4279045389
-0.19616103 2.6726737 0.05494323 4279045389
-0.11845601 2.6654003 0.052529406 4278979596
-0.043144308 2.6613476 0.054420419 4278913803
0.038748592 2.6553671 0.054444432 4278848010
0.12159012 2.6492612 0.05466754 4278848010
0.20142442 2.6433671 0.051448617 4278782217
0.24165696 2.6404383 0.051677983 4278848010
-0.96850097 2.7222753 0.055422448 4279440147
-0.91611451 2.7320116 0.055029307 4279440147
-0.84224337 2.744072 0.052024867 4279440147
-0.76097375 2.7608941 0.055134118 4279440147
-0.68059933 2.7758546 0.054661594 4279440147
-1.6380998 -5.791801 0.12318598 4289901234
-1.5618484 -5.7698269 0.12318598 4289901234
-1.4855973 -5.7478542 0.123186 4289901234
-1.4008737 -5.7234373 0.12318598 4289901234
-1.3161505 -5.6990218 0.12318598 4289901234
-1.2653162 -5.6843729 0.12318598 4289901234
-1.2326378 -5.6749535 0.12570517 4289901234
-1.1735367 -5.6579075 0.14228979 4289901234
-1.1128218 -5.6403971 0.15845455 4289901234
-0.94478792 -2.7919908 0.15243848 4279352591
0.31916094 -2.6405189 0.095812678 4278848010
0.35558212 -2.6436412 0.12237452 4278848010
0.43904841 -2.6476252 0.11999745 4278848010
0.52059084 -2.6516712 0.12074014 4278848010
0.5958342 -2.6553438 0.12022337 4278848010
0.67678446 -2.6593375 0.12050783 4278848010
0.76232702 -2.6634681 0.11902565 4278848010
0.83909833 -2.6673925 0.12202206 4278848010
0.91587269 -2.6708469 0.11565133 4278848010
1.0037348 -2.6755881 0.12406434 4278848010
1.0723776 -2.6600072 0.12070032 4278848010
-1.4500213 -2.5609605 0.14486952 4278848010
-1.4280974 -2.5614946 0.14501975 4278848010
-1.0733848 -2.5658243 0.12488222 4278423299
-0.99804932 -2.5674088 0.12607066 4278783753
-0.91901678 -2.5691369 0.12088357 4278848010
-0.84583217 -2.5724399 0.12013491 4278848010
-0.75696081 -2.5775537 0.12212335 4278848010
-0.68000531 -2.5750699 0.12023155 4278848010
-0.59997106 -2.5758092 0.12074564 4278848010
-0.52034783 -2.5764434 0.1205408 4278848010
-0.43907005 -2.5770648 0.12014504 4278848010
-0.3580161 -2.5777018 0.11988399 4278848010
-0.2797493 -2.5802097 0.11610106 4281874488
-0.20122845 -2.5816607 0.11611659 4281413937
-0.12010312 -2.5830984 0.11632091 4278848010
-0.039004624 -2.5849142 0.1205726 4278848010
0.039685726 -2.5859201 0.12096597 4278848010
0.11947802 -2.5875847 0.11954074 4278848010
0.19764195 -2.5889554 0.12167194 4278848010
0.27929363 -2.5918972 0.12078311 4278848010
0.36122143 -2.591888 0.12121248 4278848010
0.44099373 -2.5930448 0.11935641 4278848010
0.52224785 -2.5945351 0.11856455 4278848010
0.60066134 -2.591274 0.12209903 4278848010
0.67362285 -2.5942094 0.1228652 4278848010
0.76265901 -2.5981166 0.12530622 4278848010
0.84149694 -2.5978761 0.12648475 4278848010
0.91581589 -2.598479 0.1270819 4278848010
0.99600714 -2.5922496 0.12425921 4278848010
1.0974013 -2.5993383 0.12416997 4278848010
1.1322199 -2.5712633 0.12313382 4278653703
-1.4724107 -2.5172148 0.12093192 4279637526
-1.4039992 -2.5325861 0.11893132 4280558628
-1.3218247 -2.5305505 0.12312009 4281150765
-1.2402443 -2.5310593 0.1250758 4280887593
-1.158018 -2.5215726 0.12371326 4279264784
-1.0880611 -2.5293036 0.11879679 4278677255
-0.995435 -2.5344539 0.12194694 4278782473
-0.92018127 -2.5295186 0.12292252 4278782729
-0.83904141 -2.5318325 0.12445862 4278782473
-0.75860548 -2.527638 0.12390187 4278848010
-0.67855257 -2.522826 0.12187085 4279769112
-0.60231811 -2.5226297 0.12188645 4279834905
-0.51956582 -2.5257382 0.12156768 4279242768
-0.44015417 -2.5265059 0.12118661 4279176975
-0.35994938 -2.5274532 0.12145102 4278848010
-0.28052649 -2.5268252 0.12181208 4278848010
-0.19975212 -2.5270395 0.12157463 4278979596
-0.12017579 -2.527986 0.1224644 4279045389
-0.03940066 -2.528415 0.12186641 4279374354
0.038194217 -2.5293524 0.12214343 4279176975
0.12042176 -2.5289397 0.12192568 4278848010
0.19978267 -2.5324051 0.12159914 4278848010
0.28061152 -2.5321186 0.12137523 4278848010
0.35877347 -2.5303245 0.12127138 4278848010
0.43888494 -2.5296745 0.12053814 4278848010
0.5181976 -2.5304813 0.12142664 4278848010
0.59785867 -2.5324764 0.12011602 4278848010
0.67866522 -2.5324125 0.11980784 4278848010
0.75955695 -2.5318129 0.11983914 4278848010
0.84019399 -2.5324404 0.11940976 4278848010
0.91964668 -2.5364714 0.11886265 4278848010
0.99956852 -2.5364158 0.11885623 4278847754
1.0839269 -2.524534 0.11811495 4278531845
1.15813 -2.5138931 0.11924198 4278215424
1.2577236 -2.4974096 0.12233549 4284507744
1.2887053 -2.4877801 0.12045937 4284900966
-1.67451 -2.4040411 0.15585351 4278484487
-1.5337038 -2.4226179 0.12188698 4279045389
-1.4962075 -2.4506567 0.11210109 4282269246
-1.3999691 -2.4382472 0.097221553 4288387995
-1.3197411 -2.4398696 0.10378574 4288387995
-1.2514867 -2.4491723 0.11048649 4288387995
-1.1550792 -2.4381523 0.11952404 4278373122
-1.0951618 -2.4547544 0.11338373 4278489347
-1.0216964 -2.4433451 0.1204939 4278848010
-0.74980432 -2.4165707 0.11421268 4288387995
-0.67688441 -2.4307401 0.12369256 4287401100
-0.60117495 -2.4264517 0.12695844 4284177243
-0.52256054 -2.4335639 0.1206922 4281677109
-0.44920897 -2.4451752 0.11078536 4281348144
-0.37953568 -2.4132385 0.13421601 4278848010
1.1127827 -2.4689686 0.1201736 4278216192
1.1515812 -2.4385841 0.11943908 4278216192
1.221028 -2.437382 0.1201233 4278216192
1.3128674 -2.4369125 0.12041132 4284900966
1.6679398 -2.4196172 0.13809294 4278216192
-1.6410326 -2.3567727 0.12139603 4278485253
-1.558641 -2.371057 0.12675932 4278790921
-1.4727995 -2.3758581 0.085674599 4287994773
-1.4003019 -2.3599148 0.086158805 4288387995
-1.3262362 -2.3688931 0.093272679 4288387995
-1.2150965 -2.3485765 0.11976209 4278371843
-1.1791375 -2.3707881 0.11982801 4278438659
-1.0713909 -2.3656244 0.12284063 4278848010
-0.98634702 -2.3256638 0.093940251 4291217094
-0.91455358 -2.3340187 0.10720261 4283585106
-0.83790326 -2.3495808 0.1088342 4283716692
-0.76082695 -2.3640411 0.11634283 4284045657
-0.68124789 -2.3725977 0.12651655 4283782485
-0.60291469 -2.3679969 0.14868318 4285953654
-0.40127665 -2.3713992 0.083525777 4278848010
-0.37399697 -2.3445005 0.096364848 4278848010
-0.084365845 -2.3219273 0.1014506 4278848010
-0.019498765 -2.3847361 0.12946789 4278848010
0.037877407 -2.3859646 0.13041781 4278848010
0.12318195 -2.3808179 0.13446368 4278848010
0.20186776 -2.3753324 0.14087279 4278848010
0.27473262 -2.3712714 0.14373925 4278848010
0.35691828 -2.3631978 0.14753017 4278848010
0.43943667 -2.3624802 0.15448698 4278848010
0.49350214 -2.3510611 0.15502402 4278848010
0.89170164 -2.3285496 0.11162317 4288387995
1.0778334 -2.351927 0.12013235 4288061078
1.1798747 -2.3677163 0.11971202 4278215936
1.2360317 -2.3571625 0.11950167 4278215936
1.3266563 -2.354012 0.12113874 4282672708
1.3644161 -2.3283782 0.12080933 4284900966
1.6423874 -2.3598928 0.12217902 4278216192
1.6896361 -2.3999679 0.08484856 4278216192
-1.6116937 -2.3140709 0.089699358 4278551557
-1.5531075 -2.2979529 0.10766657 4278424835
-1.4835662 -2.2746403 0.12408039 4278428419
-1.4048942 -2.2668657 0.12909845 4280723494
-1.3508672 -2.3121569 0.083333373 4288387995
-1.2314646 -2.2777042 0.12044016 4278437891
-1.1427388 -2.2670093 0.12800539 4281424689
-1.0879949 -2.295593 0.12812053 4286282619
-1.000506 -2.2987056 0.11530232 4290295992
-0.9212423 -2.2821782 0.09464559 4287532686
-0.84120566 -2.2814834 0.10681007 4288387995
-0.76042253 -2.2808776 0.12438351 4288387995
-0.68203384 -2.2818828 0.14128964 4288387995
-0.61626506 -2.288748 0.15492055 4288387995
-0.3341237 -2.3051825 0.11513033 4278848010
-0.11298251 -2.2711878 0.10171824 4278848010
-0.020224413 -2.2668304 0.11079236 4278848010
0.038313985 -2.2800705 0.11557745 4278848010
0.09909264 -2.2945311 0.12050366 4278848010
0.19920325 -2.2795269 0.13090365 4278848010
0.29747939 -2.2521107 0.14186013 4278848010
0.33022928 -2.2982202 0.14225839 4278848010
0.44885233 -2.2720306 0.13355996 4282006074
0.57716143 -2.265347 0.097936928 4288387995
0.70512319 -2.2608433 0.10438885 4288387995
0.72734392 -2.3020577 0.10428044 4288387995
0.85978764 -2.2725575 0.11168507 4288387995
0.88267338 -2.3127084 0.11164068 4288387995
1.0252298 -2.2650275 0.12007663 4288387995
1.0512651 -2.3080387 0.12010422 4288387995
1.1993045 -2.3122718 0.11988191 4278216192
1.2310114 -2.2782862 0.12015982 4278281729
1.3158637 -2.2793174 0.11444596 4278216192
1.3865142 -2.2818627 0.12038914 4285098345
1.5794171 -2.2652757 0.13283533 4278216192
1.6131469 -2.2953563 0.10758232 4278216192
-1.4574482 -2.2315438 0.089890324 4278428675
-1.3926811 -2.2138278 0.10987425 4278365186
-1.3103112 -2.1844025 0.12120444 4278434819
-1.263018 -2.2138233 0.12200326 4279222544
-1.1721017 -2.1989367 0.12643142 4281187373
-1.0788182 -2.2047174 0.15015687 4288387995
-0.98672771 -2.192313 0.097765952 4288387995
-0.92109197 -2.2010436 0.096881047 4288387995
-0.84026247 -2.1991954 0.11457881 4288387995
-0.75854093 -2.2011907 0.13211673 4288387995
-0.68149209 -2.198935 0.14903198 4288387995
-0.63369727 -2.2176485 0.15767623 4288387995
-0.27099738 -2.1925137 0.095594205 4278848010
-0.18866117 -2.1888452 0.099372648 4278848010
-0.14622974 -2.2122316 0.10202919 4278848010
-0.062210381 -2.1964865 0.1109433 4278848010
0.039297879 -2.1999254 0.12039016 4278848010
0.14124291 -2.1929924 0.13048957 4278848010
0.21815605 -2.1903512 0.091067307 4286743170
0.28032407 -2.18905 0.11001956 4284243036
0.3436552 -2.2089093 0.1020073 4286216826
0.42629454 -2.2022009 0.099327348 4287269514
0.54073429 -2.1941941 0.098219551 4288387995
0.56130528 -2.2343802 0.098059952 4288387995
0.67195857 -2.1993244 0.10455063 4288387995
0.79798996 -2.1641307 0.11180495 4288387995
0.81993926 -2.2026479 0.11176237 4288387995
0.98560482 -2.1995711 0.12003467 4288387995
1.1770806 -2.1960154 0.12959591 4287864725
1.2667611 -2.2130985 0.11989323 4278215936
1.3081529 -2.1933327 0.11790483 4278347266
1.3895054 -2.1943915 0.11908981 4280839208
1.5145345 -2.1716466 0.14643881 4278216192
1.5509052 -2.1994436 0.1191483 4278216192
-1.3231068 -2.1188343 0.12006661 4278828041
-1.2307583 -2.1222072 0.12313836 4281122092
-1.1609646 -2.1229322 0.13696283 4288387995
-1.0755062 -2.1179435 0.13864371 4288387995
-0.99753118 -2.1164663 0.098485112 4288387995
-0.92084354 -2.118721 0.11159924 4288387995
-0.83827573 -2.1165264 0.12559243 4288387995
-0.7594353 -2.1205299 0.13933739 4288387995
-0.69560027 -2.1195674 0.15326841 4288387995
-0.5097006 -2.0883708 0.11648765 4288387995
-0.43760452 -2.0999758 0.12960458 4288387995
-0.36050659 -2.1107011 0.13982029 4287730065
-0.29198867 -2.1190712 0.14350595 4286348412
-0.2067478 -2.1150501 0.099306926 4278848010
-0.1078124 -2.1200824 0.11110725 4278848010
-0.016849121 -2.1110945 0.1202836 4278848010
0.040498972 -2.1207347 0.12516749 4278848010
0.099994101 -2.1314037 0.13019486 4278848010
0.20160884 -2.1197937 0.10264143 4285164138
0.29431978 -2.1164153 0.10079747 4286546815
0.37555507 -2.120188 0.10786936 4285953654
0.40586853 -2.151309 0.092813089 4288387995
0.5039916 -2.1224222 0.098504618 4288387995
0.62694061 -2.1158228 0.10477026 4288387995
0.64505875 -2.1494303 0.10468186 4288387995
0.77322769 -2.1206954 0.11185299 4288387995
0.93619454 -2.1179507 0.11998235 4288387995
0.96062934 -2.158314 0.12000822 4288387995
1.1110283 -2.0938139 0.12932374 4288256921
1.1358473 -2.1322141 0.129426 4288322203
1.3257629 -2.1198449 0.12009248 4278412802
1.4053613 -2.1192789 0.11751612 4278216192
1.492546 -2.1209683 0.12181263 4278216192
1.5318111 -2.1460433 0.095634781 4278216192
-1.6390496 -2.0068088 0.11960374 4278356483
-1.5588788 -2.0072374 0.11979635 4278361090
-1.4808291 -2.0079668 0.12001026 4278364418
-1.3903321 -2.0226433 0.11917233 4278627846
-1.3295912 -2.0480661 0.12002154 4280464930
-1.2529174 -2.0529761 0.12210703 4282758213
-1.1589203 -2.0400751 0.13013804 4288387995
-1.0657041 -2.036273 0.10374592 4288387995
-1.0000788 -2.0407386 0.1032967 4288387995
-0.91999584 -2.0391972 0.11894359 4288387995
-0.84012771 -2.0411532 0.13225932 4288387995
-0.76263702 -2.0410283 0.14641607 4288387995
-0.67440724 -2.0319517 0.11063936 4288387995
-0.59666342 -2.0335968 0.098523982 4288387995
-0.52052766 -2.0393755 0.11096668 4288059030
-0.44095013 -2.0409985 0.12353899 4287795858
-0.35922027 -2.0438933 0.13495235 4287335307
-0.28157449 -2.0397038 0.14629368 4287072135
-0.20638625 -2.0417039 0.11368578 4280163870
-0.13094032 -2.0426087 0.11347069 4278848010
-0.058050513 -2.0459065 0.12020539 4278848010
0.055178098 -2.0310252 0.10862435 4282927176
0.12365168 -2.0332122 0.099348657 4285493103
0.18039349 -2.0533118 0.091649085 4287137928
0.25899503 -2.0447936 0.11124521 4287072135
0.35013664 -2.0370708 0.09340281 4288387995
0.46011814 -2.0367258 0.098845005 4288387995
0.48141754 -2.0783324 0.098679751 4288387995
0.58650494 -2.0408194 0.1049675 4288387995
0.71040893 -2.0104852 0.11197485 4288387995
0.73437643 -2.0525324 0.11192835 4288387995
0.87285882 -2.0133243 0.11991526 4288387995
0.89498347 -2.0498719 0.11993869 4288387995
1.0772747 -2.0415843 0.12918466 4288322460
1.2715614 -2.0055332 0.13983549 4287930262
1.3462933 -2.0620995 0.12406494 4279069453
1.3883277 -2.0317132 0.11881359 4278215936
1.4650149 -2.0349996 0.11780749 4278216192
1.5594718 -2.0175252 0.12171615 4278215936
1.645004 -2.0095015 0.12094674 4278215936
-1.6345074 -1.9905573 0.11696615 4279669014
-1.5597939 -1.9852599 0.1185272 4280786727
-1.4798106 -1.9863002 0.1210083 4280395809
-1.4035734 -1.9842981 0.11874187 4280790311
-1.327338 -1.9788909 0.11698977 4281447472
-1.2385285 -1.9575504 0.11707642 4288387995
-1.1601645 -1.9602284 0.12331466 4288387995
-1.0736626 -1.9582465 0.09714058 4288387995
-0.99989229 -1.9601554 0.10764854 4288387995
-0.92112708 -1.9625403 0.12030054 4288387995
-0.84257954 -1.9624676 0.13678415 4288387995
-0.76503056 -1.9660045 0.15232852 4288387995
-0.65720087 -1.9574172 0.084020443 4288387995
-0.59909475 -1.9579374 0.094128214 4288387995
-0.51921314 -1.9588668 0.10592941 4287598479
-0.44192743 -1.9601861 0.1179598 4287335307
-0.36341619 -1.9616724 0.13088128 4287269514
-0.28169569 -1.961081 0.14417425 4287269514
-0.21450667 -1.9541548 0.13021889 4283124555
-0.12118948 -1.9544678 0.11488223 4278848010
-0.019464493 -1.9530439 0.12934141 4278848009
0.049974147 -1.9577321 0.095868282 4286874756
0.12215939 -1.96618 0.099645406 4286283387
0.21050568 -1.9576007 0.10939473 4287203721
0.30681995 -1.9482832 0.093861163 4288387995
0.32517678 -1.9859107 0.093666926 4288387995
0.42053136 -1.959399 0.099152133 4288387995
0.54119623 -1.9567789 0.10518856 4288387995
0.56084335 -1.9932175 0.10509271 4288387995
0.68143332 -1.9596484 0.11203106 4288387995
0.84305423 -1.9640893 0.11988369 4288387994
1.0215909 -1.9554265 0.12895522 4288387738
1.0448773 -1.9914573 0.12905118 4288322713
1.2375162 -1.9564906 0.1395888 4288322458
1.3360211 -1.9931195 0.099932835 4279003660
1.4035431 -1.9919815 0.1132696 4279528468
1.4804393 -1.9917268 0.12207465 4279397138
1.5584515 -1.9901006 0.11544704 4279397394
1.6410664 -1.9954672 0.11773694 4278216192
-1.6221 -1.8931497 0.082220182 4288387995
-1.5601426 -1.8789017 0.085773379 4288387995
-1.4831123 -1.8782853 0.091631509 4288387995
-1.4022971 -1.8805842 0.098025814 4288387995
-1.3196788 -1.879869 0.10430463 4288387995
-1.2387794 -1.8790797 0.11044511 4288387995
-1.1616321 -1.8817939 0.116593 4288387995
-1.0927529 -1.8870927 0.12232437 4288387995
-1.0320755 -1.9136826 0.12922026 4288387995
-0.89061832 -1.8625164 0.14748771 4288387995
-0.84221274 -1.872699 0.15208483 4288387995
-0.76303852 -1.8666409 0.15560792 4288387995
-0.65976942 -1.8757216 0.10861777 4288387995
-0.59829837 -1.8755454 0.093313813 4288059030
-0.51878345 -1.8790162 0.1020464 4287335307
-0.44038236 -1.8794676 0.11492522 4287335307
-0.35939839 -1.881753 0.12764268 4287137928
-0.2765145 -1.8810883 0.14120844 4287072135
-0.21046133 -1.8752165 0.14805223 4286348412
-0.10879636 -1.8725944 0.1143963 4280821800
-0.05973506 -1.8929205 0.1290537 4278586631
0.025857696 -1.8774358 0.099378601 4287269514
0.10881937 -1.8806262 0.1064773 4287203721
0.18301632 -1.8796546 0.10255079 4287664272
0.27345732 -1.8798941 0.094214186 4288387995
0.38063878 -1.8814778 0.099461645 4288387995
0.49968866 -1.8797915 0.10539106 4288387995
0.62797606 -1.8658617 0.11213477 4288387995
0.64974743 -1.9040548 0.11209253 4288387995
0.78215379 -1.8634846 0.1198192 4288387995
0.80744606 -1.9052672 0.11984599 4288387995
0.95235908 -1.8483003 0.12866995 4288387995
0.97929126 -1.8899752 0.12878092 4288387995
1.1778923 -1.870603 0.13915676 4288387995
1.2040563 -1.9082904 0.13934633 4288387995
1.352751 -1.8567612 0.082467854 4288387995
1.398134 -1.873508 0.11329208 4288257177
1.4895139 -1.8808327 0.10332946 4288387995
1.5253352 -1.9044815 0.087948889 4288387995
1.6576687 -1.8548837 0.088859528 4288519581
-1.5460373 -1.8208172 0.08196146 4288387995
-1.4787161 -1.7983453 0.08523307 4288387995
-1.4004862 -1.7995502 0.091336839 4288387995
-1.3198506 -1.8010927 0.097653687 4288387995
-1.2432474 -1.8013834 0.10355565 4288387995
-1.1702236 -1.8239926 0.11106344 4288387995
-0.96726352 -1.7729139 0.12727927 4288387995
-0.91501957 -1.7965373 0.13446377 4288387995
-0.84147173 -1.7971058 0.13882679 4288387995
-0.7616424 -1.7951517 0.1447843 4288387995
-0.68558377 -1.7972609 0.14957558 4288387995
-0.59878743 -1.8058348 0.11493205 4287532686
-0.51929307 -1.8026245 0.11290246 4287664272
-0.44560707 -1.7962832 0.11629347 4287466893
-0.36447752 -1.801573 0.12404788 4287137928
-0.28494507 -1.8011984 0.13686526 4287072135
-0.20421335 -1.7975494 0.14790951 4286875012
-0.12440481 -1.7963638 0.12859169 4284900966
-0.023625517 -1.7951747 0.10138541 4287203721
0.054356992 -1.7997395 0.10190592 4287401100
0.13274279 -1.8050182 0.10165448 4287664272
0.22315229 -1.7943851 0.11317788 4287335307
0.26512992 -1.8097939 0.095853969 4288387995
0.33814067 -1.7984658 0.099791348 4288387995
0.45674324 -1.8001305 0.10560057 4288387995
0.58929324 -1.7979925 0.11220981 4288387995
0.71951938 -1.76001 0.11975286 4288387995
0.74511427 -1.8022995 0.11977998 4288387995
0.92106247 -1.7998823 0.12854099 4288387995
1.1111566 -1.7744737 0.13867319 4288387995
1.1459601 -1.8035486 0.12521435 4288387995
1.2363846 -1.7933347 0.083393775 4288387995
1.3313262 -1.7976295 0.093585774 4288322458
1.3902801 -1.7970511 0.13103181 4288387995
1.4927541 -1.8046074 0.088666581 4288387995
1.5646219 -1.824867 0.089655817 4288322202
1.6589988 -1.7965295 0.094320275 4288387995
-1.4634614 -1.7424623 0.081694879 4288387995
-1.396998 -1.7194395 0.084854305 4288387995
-1.3263981 -1.7301186 0.091170989 4288387995
-1.2687378 -1.7522289 0.097458191 4288387995
-0.98969167 -1.7091935 0.11576646 4288387995
-0.91840827 -1.7155688 0.12309493 4288387995
-0.83922964 -1.7196763 0.12989622 4288387995
-0.76013571 -1.7184579 0.13665354 4288387995
-0.68448436 -1.716556 0.1360916 4287927444
-0.60237008 -1.7179732 0.1272371 4286216826
-0.51687086 -1.7224671 0.13405235 4286348412
-0.43241948 -1.7229944 0.13629182 4286611584
-0.35759845 -1.7301581 0.13914216 4287401099
-0.28064001 -1.7247114 0.14240493 4287927444
-0.19952548 -1.7250352 0.14828208 4287927444
-0.13529506 -1.7048627 0.14556283 4286611584
-0.050421592 -1.7239307 0.095615193 4287598479
0.026319588 -1.726337 0.10166103 4287466893
0.10250532 -1.7170155 0.090536185 4288387995
0.19314414 -1.7152702 0.095064022 4288387995
0.29661998 -1.7173656 0.1001135 4288387995
0.39605784 -1.68757 0.10589662 4288387995
0.41481265 -1.7223533 0.10580512 4288387995
0.54052764 -1.7124386 0.11230441 4288387995
0.56237245 -1.7507625 0.11226203 4288387995
0.69529927 -1.7200094 0.11972722 4288387995
0.77114487 -1.6927742 0.08133325 4288387995
0.85350788 -1.7115755 0.11394223 4288387995
0.90702832 -1.7253602 0.11182044 4288387995
0.99346328 -1.7086664 0.08624123 4288387995
1.0753156 -1.7274417 0.11908204 4288387995
1.1507503 -1.7092609 0.091012813 4288387995
1.2399503 -1.7201276 0.092434287 4288387995
1.3159288 -1.7254517 0.11243043 4288322458
1.4122 -1.6958796 0.10069717 4288387995
1.4685781 -1.7182611 0.090459839 4288387995
1.5561371 -1.7385387 0.099925987 4288387995
1.6446811 -1.7204096 0.096654773 4288387995
-1.3907773 -1.6740793 0.081509747 4288387995
-1.2238572 -1.6072913 0.084933519 4288387995
-1.1591607 -1.619578 0.094016567 4288387995
-1.0722823 -1.6325239 0.10212042 4288387995
-0.99950188 -1.6383675 0.10743373 4288387995
-0.92089081 -1.6395806 0.11275175 4288387995
-0.84280264 -1.6398835 0.1195394 4288387995
-0.75842249 -1.6400508 0.12347753 4287795858
-0.68311614 -1.6381605 0.12168284 4286940549
-0.60280877 -1.6392924 0.11892226 4286611584
-0.52344525 -1.6375406 0.12320522 4286611584
-0.44205728 -1.642454 0.12902047 4287006854
-0.36707485 -1.6552992 0.13394035 4287335307
-0.28758869 -1.6505555 0.12884811 4285756275
-0.19488063 -1.6379904 0.10756065 4286348412
-0.11348768 -1.6421261 0.095983811 4287466893
-0.026689323 -1.6417674 0.086356729 4288387995
0.050836638 -1.6423032 0.090576619 4288387995
0.13001217 -1.6389002 0.094180264 4288387995
0.16805272 -1.6638418 0.095329523 4288387995
0.25857598 -1.6430542 0.10040865 4288387995
0.37413323 -1.6375474 0.10319617 4288387995
0.43591833 -1.6089069 0.091010951 4288387995
0.51160288 -1.6399524 0.10684609 4288387995
0.61004519 -1.6238339 0.095809527 4288387995
0.67295635 -1.6484536 0.10081697 4288387995
0.76284057 -1.631952 0.093525566 4288387995
0.83243686 -1.6459543 0.11205426 4288387995
0.90948153 -1.6353612 0.092597686 4288387995
1.0066899 -1.6352428 0.12348157 4288387995
1.0811347 -1.6514288 0.10259026 4288387995
1.1601012 -1.6211653 0.10204786 4288387995
1.2527831 -1.632982 0.12501475 4288387995
1.2992337 -1.6563447 0.095472567 4288387738
1.4048774 -1.6233921 0.10930315 4288256920
1.4582498 -1.6486839 0.097611316 4288387995
1.5626379 -1.6557426 0.11022657 4288387995
1.6212066 -1.6441927 0.096089996 4288387995
-1.2267277 -1.564128 0.083667733 4288387995
-1.1617068 -1.5588663 0.092439763 4288387995
-1.0776795 -1.5634961 0.094704904 4288387995
-1.0006485 -1.5599952 0.097436592 4288387995
-0.92033327 -1.5583252 0.1038054 4288387995
-0.83993977 -1.5598054 0.10900477 4288387995
-0.75964302 -1.5593868 0.10914216 4287203721
-0.68337595 -1.5589932 0.1148117 4286940805
-0.60246837 -1.5668726 0.10905389 4287138184
-0.52622747 -1.5731698 0.11413829 4287072135
-0.44751379 -1.5638837 0.11409618 4285361517
-0.36406946 -1.5617388 0.11962457 4284900966
-0.26223505 -1.5905766 0.12760696 4284900966
-0.18691431 -1.5585991 0.080876447 4288387995
-0.12115128 -1.5605867 0.084066257 4288387995
-0.051197827 -1.5570589 0.08762455 4288387995
0.034651965 -1.5671848 0.090625212 4288387995
0.11434091 -1.5504278 0.089705542 4288387995
0.21720621 -1.5537771 0.094254546 4288387995
0.29008934 -1.5478565 0.089078836 4288387995
0.3506439 -1.5654861 0.091443084 4288387995
0.4482159 -1.5568173 0.10152336 4288387995
0.50949359 -1.5618627 0.089245401 4288387995
0.6035074 -1.5620785 0.10689482 4288387995
0.67580533 -1.5604711 0.094537109 4288387995
0.76480418 -1.5621599 0.11582872 4288387995
0.84221143 -1.5592602 0.099809624 4288387995
0.93371129 -1.5427951 0.12231127 4288387995
0.98690927 -1.5769331 0.12031119 4288387995
1.0808231 -1.5542823 0.10776551 4288387995
1.1753191 -1.5467081 0.13273802 4288387995
1.2407838 -1.56818 0.10601915 4288387995
1.3149493 -1.5797533 0.10852791 4288322203
1.4072864 -1.5484442 0.097770289 4288387995
1.479578 -1.5498613 0.1205853 4288387995
1.5778075 -1.5529462 0.10312871 4288387995
1.6175512 -1.5866985 0.10755534 4288387995
-1.2220604 -1.4785556 0.08257255 4288387995
-1.158648 -1.4748206 0.091293305 4288387995
-1.0840014 -1.4734056 0.097957961 4288387995
-0.99908435 -1.4845483 0.10895582 4288387995
-0.92005771 -1.4897126 0.10420263 4288387995
-0.8395291 -1.4857759 0.10222584 4288124823
-0.76105636 -1.4870815 0.10933291 4287269770
-0.68582433 -1.491609 0.11921587 4287401100
-0.60702503 -1.4759246 0.1015821 4284900966
-0.52066118 -1.4868555 0.10914835 4284900966
-0.47060597 -1.5122443 0.11241154 4284900966
-0.39441085 -1.5137317 0.11956698 4284900966
-0.26722276 -1.4402646 0.080158964 4288387995
-0.2040197 -1.4730494 0.082146056 4288387995
-0.12002885 -1.4744517 0.08409813 4288387995
-0.032739036 -1.4717016 0.087454975 4288387995
0.042508144 -1.4806465 0.087291904 4288387995
0.11492147 -1.4788619 0.090383708 4288387995
0.19252557 -1.4834431 0.093669035 4288387995
0.28048629 -1.4810641 0.097421512 4288387995
0.37148869 -1.4719081 0.099424034 4288387995
0.42879018 -1.4837942 0.10183077 4288387995
0.53288072 -1.4777352 0.11003368 4288387995
0.58796889 -1.4818648 0.10514817 4288387995
0.69279921 -1.4695251 0.11717279 4288387995
0.75937277 -1.4881164 0.11270797 4288387995
0.83775407 -1.4731219 0.11018074 4288387995
0.91007942 -1.4797621 0.12865429 4288387995
1.0053285 -1.4910692 0.11315204 4288387995
1.0893465 -1.4628532 0.12690698 4288387995
1.1504018 -1.4845237 0.13910674 4288387995
1.2321231 -1.4795849 0.093897775 4288387995
1.3256855 -1.5089824 0.12033761 4288387738
1.391024 -1.4708848 0.10281863 4288387995
1.4854026 -1.4666833 0.13091184 4288387995
1.5665715 -1.4796751 0.10174562 4288387995
1.6392778 -1.4998981 0.13159885 4288387995
-1.2142839 -1.4027559 0.082099743 4288387995
-1.1562507 -1.4022411 0.094164111 4288387995
-1.0761462 -1.3964813 0.11600831 4287271306
-1.0028921 -1.3960668 0.11287589 4288387995
-0.92195058 -1.3915311 0.10893447 4288256409
-0.84125912 -1.3880982 0.11017119 4287927444
-0.76307213 -1.3919013 0.11611035 4287137928
-0.68870008 -1.4033668 0.13117072 4286940549
-0.58896416 -1.4271685 0.10617001 4284900966
-0.42915064 -1.3828673 0.082174107 4288387995
-0.35453707 -1.3867406 0.08399947 4288387995
-0.27821198 -1.4004508 0.084633283 4288387995
-0.19762926 -1.4064585 0.086365111 4288387995
-0.12003604 -1.401239 0.089366339 4288387995
-0.04351965 -1.4021685 0.091925561 4288387995
0.040311642 -1.3987468 0.095398977 4288387995
0.12900865 -1.3960822 0.099353552 4288387995
0.20190287 -1.3977292 0.09960968 4288387995
0.27785075 -1.4014891 0.1038411 4288387995
0.35731646 -1.4036542 0.10735114 4288387995
0.44462919 -1.4021298 0.10673405 4288387995
0.51104409 -1.401454 0.11365557 4288387995
0.60284793 -1.3907206 0.11443345 4288387995
0.67333734 -1.4035895 0.12096146 4288387995
0.75668728 -1.3923624 0.11753614 4288387995
0.85039419 -1.4006063 0.13158827 4288387995
0.91988504 -1.4138547 0.1199401 4288387995
1.0013816 -1.3977791 0.12441123 4288387995
1.0788549 -1.3989488 0.14318861 4288387995
1.1703763 -1.3876909 0.11383518 4288387995
1.2196134 -1.4109626 0.098340787 4288387995
1.3339472 -1.4017756 0.10697464 4288256666
1.3879781 -1.3986735 0.11615528 4288387739
1.4764688 -1.3794202 0.14128214 4288387995
1.5454885 -1.3998592 0.10733552 4288387995
1.646739 -1.4114976 0.14261283 4288387995
-1.2117943 -1.3441454 0.081253149 4288387995
-1.1437459 -1.3173403 0.10497501 4286282619
-1.0912174 -1.3356135 0.11020025 4286151801
-0.99506855 -1.3319185 0.12299694 4288322202
-0.91864038 -1.3281343 0.12755388 4287993237
-0.83943158 -1.328622 0.12543446 4287861651
-0.75932908 -1.3221703 0.12505968 4288256409
-0.68111122 -1.3135828 0.11956729 4288387995
-0.6020264 -1.3011068 0.10202384 4288387995
-0.52808046 -1.2924289 0.09155225 4288387995
-0.4361698 -1.3157623 0.086232886 4288387995
-0.35246143 -1.3364618 0.090197004 4288387995
-0.28157449 -1.324795 0.093803249 4288387995
-0.20414115 -1.3180144 0.097015284 4288387995
-0.12149188 -1.3196533 0.099360727 4288387995
-0.057146113 -1.3085839 0.11042345 4286348412
0.035052303 -1.3177471 0.10317416 4288387995
0.10752684 -1.3273444 0.10403457 4288387995
0.20041868 -1.3119502 0.1089308 4288387995
0.28234503 -1.3161844 0.11150592 4288387995
0.36119086 -1.3210588 0.11473469 4288387995
0.44606268 -1.3194896 0.11807928 4288387995
0.52883631 -1.3124301 0.12119872 4288387995
0.60348392 -1.3196826 0.12583463 4288387995
0.67647213 -1.3140532 0.12854184 4288387995
0.77764827 -1.3046737 0.13551782 4288387995
0.82563621 -1.3338821 0.1339587 4288387995
0.93032348 -1.3256208 0.14015128 4288387995
1.0066537 -1.3112265 0.1433835 4288387995
1.070923 -1.3181489 0.14051689 4288387995
1.1731093 -1.3214291 0.10305634 4288387995
1.2492459 -1.3174273 0.14766173 4288387995
1.3338723 -1.330484 0.10303988 4288387739
1.4086238 -1.2945561 0.14357589 4288453532
1.5008826 -1.2985528 0.11356306 4288387995
1.5414809 -1.3258162 0.12356359 4288387995
1.6377788 -1.3189931 0.15362182 4288387995
-1.6651961 -1.2026352 0.1256934 4288387995
-1.2069697 -1.2051696 0.11941639 4284835173
-1.1511418 -1.2320136 0.11963802 4285229931
-1.0957693 -1.2507181 0.12098835 4286348412
-1.0080535 -1.2198157 0.11962353 4289835441
-0.91924846 -1.2687831 0.1056418 4286874756
-0.8366726 -1.2620527 0.13081418 4288387995
-0.75391418 -1.2564411 0.14253704 4288387995
-0.67253512 -1.2569566 0.15066239 4288387995
-0.59700513 -1.2582681 0.14168026 4288387995
-0.52215016 -1.2511235 0.12951319 4288387995
-0.43963876 -1.2397858 0.11940985 4288387995
-0.36320701 -1.2326742 0.10681076 4288387995
-0.2851803 -1.2228713 0.099142306 4288387995
-0.1919598 -1.2340277 0.091986991 4288387995
-0.1127459 -1.2201558 0.11834759 4286085240
-0.04586998 -1.2428094 0.12362439 4285295724
0.034371547 -1.2472638 0.12114269 4287140233
0.11252744 -1.2283435 0.11585064 4289506476
0.19706324 -1.2534236 0.11437514 4288387995
0.28314951 -1.2422631 0.11848855 4288387995
0.36501211 -1.2371958 0.1221819 4288387995
0.43074077 -1.2507291 0.12299883 4288387995
0.53591186 -1.2336686 0.12833236 4288387995
0.59358102 -1.2439281 0.13040376 4288387995
0.68662924 -1.2257367 0.13518782 4288387995
0.75134057 -1.2450624 0.13591872 4288387995
0.84557903 -1.260568 0.13635167 4288387995
0.9326092 -1.2332683 0.14365475 4288387995
1.0143889 -1.2196311 0.1241978 4284900966
1.0737511 -1.2290715 0.12173636 4285229931
1.1546206 -1.2390041 0.11770565 4288453788
1.2302393 -1.2510991 0.15607169 4288387995
1.3181885 -1.2481952 0.10641239 4288387995
1.3929901 -1.2757727 0.14761102 4288387993
1.4907104 -1.2410783 0.094416022 4288387995
-1.6400851 -1.1574756 0.12479492 4288387995
-1.5555437 -1.1548781 0.10577981 4288387995
-1.4795165 -1.1609513 0.098943599 4288387995
-1.4197985 -1.1545804 0.096332356 4288387995
-1.2910445 -1.1476256 0.12215437 4286151033
-1.2340912 -1.1544598 0.11901143 4285098345
-1.1580561 -1.1698356 0.1215354 4284900966
-1.115916 -1.1592358 0.11414143 4284900966
-0.97043878 -1.1751593 0.11881521 4291151301
-0.94223982 -1.139761 0.1191006 4290032820
-0.423673 -1.1966388 0.15658401 4288387995
-0.35585478 -1.1858028 0.14972931 4288387995
-0.27847758 -1.1746472 0.12821774 4288387995
-0.20024526 -1.1630455 0.11370566 4288387995
-0.13567483 -1.1610278 0.12154021 4285558896
-0.039020725 -1.1703149 0.10791622 4285164138
0.01185973 -1.1444497 0.11804156 4284900966
0.13748953 -1.1565055 0.12039421 4290822336
0.2250772 -1.1946379 0.12528494 4288387995
0.28748 -1.1683275 0.13041666 4288387995
0.36272165 -1.1737075 0.12962615 4288387995
0.43990397 -1.1553875 0.13668932 4288387995
0.51218069 -1.1604751 0.13347071 4288387995
0.6014573 -1.1525573 0.14200999 4288387995
0.68330067 -1.1622399 0.13819511 4288387995
0.75602269 -1.1773813 0.14374188 4288322202
0.85008544 -1.1584599 0.14749131 4288387995
0.94266182 -1.1400129 0.12485789 4285165162
0.98639315 -1.1822859 0.1201522 4284835173
1.0833938 -1.1977472 0.11959366 4284900966
1.2981294 -1.1707977 0.085771702 4288256665
1.3805146 -1.1670469 0.12750293 4288321946
1.4653599 -1.1632047 0.094430961 4288387995
1.6667997 -1.1440259 0.10985065 4288256666
1.6850629 -1.192176 0.10177648 4288387995
-1.6414587 -1.08464 0.13554657 4288387995
-1.5610607 -1.0797781 0.12475913 4288387995
-1.4831159 -1.0808295 0.11903175 4288387995
-1.4084834 -1.0746851 0.11531812 4288387995
-1.2966099 -1.0826651 0.11077974 4286940549
-1.2328978 -1.0805855 0.1208707 4284901478
-1.190804 -1.1059183 0.11387992 4284900966
-0.96241194 -1.0529176 0.1175183 4290493371
-0.94202936 -1.0828223 0.12044006 4289572269
-0.26901266 -1.0741732 0.081519276 4288387995
-0.20300472 -1.083361 0.085813366 4288387995
-0.13473244 -1.0854286 0.12139749 4285098345
-0.053311292 -1.0682396 0.12409321 4285690482
0.044529878 -1.0946491 0.13523018 4287006342
0.14290279 -1.0819368 0.12172297 4290098613
0.1859615 -1.0583591 0.13401701 4285493103
0.24661458 -1.0460663 0.13037267 4284900966
0.38790065 -1.1182597 0.13961712 4288387995
0.51975507 -1.0789801 0.14846967 4288387995
0.61104435 -1.0900843 0.14553547 4288387995
0.67143983 -1.1030437 0.14639132 4288387995
0.75623536 -1.1103104 0.15193048 4288387995
0.83076239 -1.0865918 0.14656703 4288387995
0.94517314 -1.0810554 0.11930522 4284638562
1.0098487 -1.0636952 0.11878271 4286545791
1.2411932 -1.0455551 0.11399026 4290427578
1.3467956 -1.086328 0.10449947 4288257178
1.4176533 -1.1137289 0.15020464 4288191129
1.4482563 -1.1106681 0.094441056 4288387995
1.6615528 -1.0768253 0.12692723 4290098356
1.6948538 -1.0639408 0.098980248 4290427578
-1.6820234 -1.0024554 0.15238599 4288387995
-1.6384189 -1.0016345 0.14953075 4288387995
-1.5575129 -1.0009443 0.14402689 4288387995
-1.4790018 -1.0021588 0.13821937 4288387995
-1.3968116 -0.99948251 0.13311705 4288387995
-1.3148841 -0.9980728 0.1027174 4288387995
-1.2301179 -1.0049984 0.12113746 4284835173
-1.1718988 -0.97048736 0.12032271 4284900966
-1.0713668 -0.98204112 0.12085736 4285098345
-0.99807978 -0.99679422 0.11964733 4288190616
-0.94459605 -1.031799 0.12038245 4287335307
-0.61622739 -0.96573061 0.1307492 4284900966
-0.53970653 -0.97505617 0.13747457 4284900966
-0.45751521 -0.9833824 0.14479749 4284900966
-0.35739651 -0.98803109 0.13500103 4285756275
-0.28086773 -1.0007817 0.083734922 4288387995
-0.19636977 -0.99739355 0.093879849 4288585374
-0.11553436 -0.99964827 0.11731983 4286085240
-0.063804016 -0.96554148 0.11998272 4282137917
0.063197844 -0.96689051 0.12005014 4286216826
0.11016995 -1.001148 0.12034119 4287927444
0.20407224 -1.0329863 0.15366425 4288256409
0.27242497 -1.0237098 0.14518403 4285822068
0.35213837 -1.0018525 0.14584143 4285032552
0.45194483 -0.97244561 0.14861414 4284900966
0.61546606 -1.0277643 0.15766519 4288387995
0.67979985 -1.0344582 0.15882996 4288387995
0.7621063 -1.0328385 0.15232614 4288387995
0.80160487 -1.0360301 0.14498943 4288519581
0.95416296 -1.0261884 0.12010472 4284900966
0.99661624 -0.99595773 0.11975365 4284637794
1.0542355 -0.97965962 0.11822173 4279769112
1.1752585 -0.97296304 0.11996742 4287203721
1.2204756 -1.0087801 0.12029568 4289047205
1.3396082 -0.98029244 0.097950689 4288387742
1.4065992 -1.0054621 0.14114808 4288322458
1.6541374 -1.0317079 0.12716769 4289045925
-1.6130916 -0.95748496 0.15868467 4288387995
-1.5530742 -0.94652212 0.15718867 4288387995
-1.4773078 -0.93721521 0.15417832 4288387995
-1.3982868 -0.92445409 0.14619926 4288387995
-1.3264161 -0.92064267 0.12129073 4288387995
-1.2298348 -0.92244065 0.11263166 4287269514
-1.1540922 -0.92865938 0.11934516 4285098345
-1.085979 -0.94498575 0.12002815 4285361517
-1.0287795 -0.95007145 0.11773774 4286282619
-0.90605682 -0.8925004 0.10751026 4284900966
-0.83592975 -0.90016848 0.11372492 4284900966
-0.76012903 -0.90112901 0.12087414 4284900966
-0.67963612 -0.91590583 0.12765564 4284900966
-0.5983398 -0.9245826 0.13487284 4284900966
-0.51306242 -0.92438412 0.14299104 4284900966
-0.42774284 -0.92177677 0.15125515 4284900966
-0.35269752 -0.91161025 0.10689554 4287269514
-0.28096446 -0.92003733 0.087089732 4288387995
-0.20181136 -0.91953391 0.09271843 4288387995
-0.12274835 -0.92860371 0.098852836 4289243304
-0.034950219 -0.94915265 0.1185542 4285098857
0.026809575 -0.94901872 0.11939597 4285098345
0.12123474 -0.90241557 0.11631871 4284900966
0.20766404 -0.89366424 0.12280639 4284900966
0.30550563 -0.88459808 0.13011597 4284900966
0.52399099 -0.94903833 0.15269773 4284900966
0.59828925 -0.92663741 0.15524872 4284900966
0.69801486 -0.89556015 0.15963776 4284900966
1.0205371 -0.95395184 0.12430892 4285032552
1.0834924 -0.94286245 0.1196093 4284111450
1.1512642 -0.93475449 0.12023631 4283256141
1.2433649 -0.92553192 0.11885843 4278848010
1.2880671 -0.94407153 0.11616787 4279900698
1.3858386 -0.92122197 0.12634525 4288387998
-1.3745142 -0.8329888 0.090123445 4288387995
-1.3193409 -0.84164184 0.1259426 4288387995
-1.2339458 -0.83679998 0.098538533 4288322202
-1.1713421 -0.83659708 0.089852765 4286611584
-1.0872635 -0.86387223 0.11425836 4284900966
-0.99736428 -0.83482677 0.10222675 4284900966
-0.92130089 -0.84334689 0.10895564 4285032552
-0.84112775 -0.83982539 0.11678406 4284900966
-0.76145953 -0.83713472 0.12451579 4284900966
-0.68318295 -0.83918726 0.13183592 4284900966
-0.59584749 -0.84571332 0.13975397 4284900966
-0.51320773 -0.85140508 0.14727461 4284900966
-0.42170739 -0.8407197 0.10404427 4287269514
-0.36410761 -0.84277827 0.094841473 4287861651
-0.28085363 -0.84039509 0.09041325 4288387995
-0.20097873 -0.83763349 0.096187271 4288387995
-0.12388261 -0.84391063 0.10138805 4288387995
-0.039676368 -0.83935612 0.10754363 4288387995
0.043932017 -0.84772354 0.11311884 4287203721
0.12005907 -0.84217471 0.11874343 4285361517
0.19382875 -0.8400234 0.12405947 4284900966
0.2781015 -0.84154189 0.12996691 4284900966
0.36923313 -0.83864772 0.13654399 4284900966
0.46364558 -0.81839436 0.14512035 4284966759
0.52260709 -0.81229204 0.13653643 4288980132
0.57979786 -0.8280068 0.14496572 4289835441
1.1867361 -0.85946834 0.088205457 4288256409
1.3444946 -0.87045157 0.099032819 4288387995
1.4033978 -0.84808528 0.13619071 4288256924
-1.3860109 -0.7559135 0.097174495 4288387995
-1.3208687 -0.76266432 0.13323876 4288387995
-1.2355477 -0.76039457 0.09058553 4288387995
-1.1732978 -0.75903326 0.10200268 4288256409
-1.0874345 -0.7768442 0.097078733 4287006342
-1.0118997 -0.78328145 0.10388009 4288124823
-0.92731589 -0.7859326 0.11176469 4286611584
-0.85367423 -0.78711814 0.1186953 4284900966
-0.76586312 -0.7955519 0.12654582 4284900966
-0.42453521 -0.77588642 0.082919262 4288387995
-0.36087641 -0.76351655 0.087944321 4288387995
-0.27880192 -0.7597661 0.093915373 4288387995
-0.19920392 -0.76031667 0.099531934 4288387995
-0.12462195 -0.76631594 0.10456628 4288387995
-0.039828092 -0.7526806 0.11114147 4288387995
0.039207619 -0.76230043 0.11634054 4288387995
0.1250086 -0.76081747 0.12248117 4288387995
0.20837717 -0.76070029 0.12839265 4287598479
0.28660753 -0.75333822 0.13424166 4286611584
0.36145508 -0.75832331 0.12316235 4286677377
0.43653348 -0.77709079 0.121714 4287795858
0.50833893 -0.77448034 0.13421558 4287730065
0.6039806 -0.78062814 0.15501265 4289045925
0.64339519 -0.7415278 0.14590439 4290822336
1.344319 -0.7694785 0.098108314 4288322202
1.4061775 -0.76529717 0.13643032 4288387739
-1.4403651 -0.64250708 0.083495826 4288387995
-1.3955644 -0.6786617 0.10550609 4288387995
-1.3211066 -0.67776108 0.1212775 4288387995
-1.240302 -0.67882073 0.09745153 4288387995
-1.1639062 -0.67866749 0.11605516 4288322202
-1.1196314 -0.65602356 0.12896284 4287598479
-0.27778774 -0.69771224 0.096570782 4288387995
-0.19919284 -0.68075758 0.10284496 4288387995
-0.12199181 -0.68328905 0.10820921 4288387995
-0.04601296 -0.68230277 0.11363335 4288387995
0.033987712 -0.67334944 0.11967398 4288387995
0.10555429 -0.68202496 0.12438324 4288387995
0.18651658 -0.68035531 0.13018885 4288387995
0.26418522 -0.67980582 0.13571447 4288387995
0.3622306 -0.67691809 0.14278115 4288387995
0.46386543 -0.66096878 0.15064582 4288387995
0.49446833 -0.70342457 0.15104651 4285756275
0.58884257 -0.65629226 0.15969512 4287335307
0.66506433 -0.68589079 0.15145691 4290953922
1.342466 -0.69429058 0.09447556 4288387996
1.4046733 -0.674568 0.13379009 4288387995
1.5087489 -0.65353513 0.10184619 4288322202
-1.4494019 -0.5939495 0.086785167 4288387995
-1.4009409 -0.60028517 0.1167317 4288387995
-1.3213438 -0.60063356 0.10713778 4288387995
-1.2404344 -0.60163623 0.10469592 4288387995
-1.1601437 -0.60041422 0.12434801 4288387995
-1.1089922 -0.59365708 0.13743182 4288322202
-0.1801616 -0.63309729 0.10617776 4288387995
-0.11315465 -0.61149335 0.1118243 4288387995
-0.038149405 -0.60532266 0.11739536 4288387995
0.048765346 -0.60385823 0.12361414 4288387995
0.12331048 -0.59834993 0.12912492 4288387995
0.21137252 -0.599949 0.13529742 4288387995
0.30358645 -0.59183317 0.14216854 4288387995
0.35016206 -0.60640943 0.14486158 4288387995
0.42450577 -0.60636735 0.15013047 4288387995
0.53604221 -0.58653331 0.15885852 4288387995
0.56732196 -0.62785304 0.15935417 4288387995
0.69955456 -0.60515106 0.1513415 4290953922
1.3367169 -0.62286574 0.089485228 4288387994
1.3976051 -0.59596252 0.12782541 4288387993
1.4473212 -0.57938194 0.15923022 4288322713
-1.4618007 -0.51610845 0.093398593 4288387995
-1.3971082 -0.51906931 0.12549055 4288387995
-1.3231887 -0.52100646 0.097200043 4288387995
-1.2407687 -0.5215171 0.11216795 4288387995
-1.1604744 -0.52157599 0.13170022 4288387995
-1.0964004 -0.51631683 0.14778695 4288322202
0.041146219 -0.52953863 0.12616841 4288387995
0.12753025 -0.51638454 0.13283627 4288387995
0.1948456 -0.521276 0.13740192 4288387995
0.26273686 -0.53256756 0.14174181 4288387995
0.36486322 -0.52362889 0.14934951 4288387995
0.46548757 -0.49331775 0.15774059 4288387995
0.50015956 -0.53912574 0.15828995 4288387995
0.73804706 -0.51407051 0.15232629 4290953922
1.2460568 -0.51192236 0.084891453 4288387995
1.3297751 -0.52876043 0.091002375 4288387740
1.4067694 -0.52205312 0.13230191 4288387739
1.4929543 -0.49235579 0.091579653 4288387995
-1.472627 -0.43749908 0.10116648 4288387995
-1.4006826 -0.44149649 0.12004886 4288387995
-1.3197769 -0.44182819 0.10045554 4288387995
-1.2416573 -0.44141454 0.11950336 4288387995
-1.1620234 -0.44164008 0.13885939 4288387995
-1.0963924 -0.44814467 0.15421613 4288322202
0.12673712 -0.47197479 0.13462907 4288387995
0.20832784 -0.45362931 0.14117344 4288387995
0.29621169 -0.4283911 0.1484506 4288387995
0.34394428 -0.45326966 0.15079667 4288387995
0.42650092 -0.44180876 0.15712287 4288387995
0.76914895 -0.44047537 0.15312418 4290953922
1.17222 -0.43394238 0.08524204 4288387995
1.2093015 -0.47310293 0.085065968 4288387995
1.344169 -0.4391762 0.090835966 4288387739
1.4067979 -0.42776203 0.11157039 4288387738
1.4571105 -0.45569557 0.10084371 4288387995
-1.524727 -0.35137269 0.083826214 4288387995
-1.4800676 -0.36140081 0.11063927 4288387995
-1.4050863 -0.36162198 0.10783938 4288387995
-1.3210791 -0.36177924 0.10768556 4288387995
-1.2412341 -0.36320603 0.12697947 4288387995
-1.1613245 -0.36066344 0.14666337 4288387995
-1.1068643 -0.3838526 0.15772909 4288387995
0.27274919 -0.39584666 0.14814338 4288387995
0.37420145 -0.37271142 0.15629421 4288387995
0.7954796 -0.38095343 0.15061231 4290888129
0.84354407 -0.34054437 0.10758001 4289309097
0.89306998 -0.37125432 0.080058381 4288387995
1.0887492 -0.34579331 0.085638411 4288387995
1.1599449 -0.33144394 0.11579504 4279331601
1.3442866 -0.34490398 0.092130937 4288387994
1.3942758 -0.36608768 0.11259694 4288322459
1.4486138 -0.35113496 0.15582678 4288387740
1.6568029 -0.34042946 0.099914536 4288387995
1.6989486 -0.38138303 0.099814139 4288387995
-1.5366988 -0.27511629 0.090417571 4288387995
-1.4740096 -0.28148693 0.12095537 4288387995
-1.4055902 -0.28162235 0.10311411 4288387995
-1.320361 -0.28156155 0.11542289 4288387995
-1.2395612 -0.28183827 0.13505764 4288387995
-1.1665055 -0.28178662 0.15283914 4288387995
-0.83608723 -0.25577682 0.11552053 4279045389
-0.66034508 -0.31266704 0.12032537 4284900966
-0.62143087 -0.28734925 0.11993293 4284900966
0.78855807 -0.25709894 0.080660813 4288387995
0.83066165 -0.29125348 0.11734209 4289638062
1.0146061 -0.26749191 0.085990451 4288387995
1.0773867 -0.28356576 0.11660643 4278544133
1.1298039 -0.31761038 0.11955065 4278216192
1.2645917 -0.26032189 0.09240789 4288387995
1.320442 -0.29616633 0.090525486 4288387995
1.4031481 -0.2733435 0.12538475 4288322459
1.4510192 -0.26944613 0.15584788 4288387995
1.5780751 -0.2639302 0.10010204 4288387995
1.6192825 -0.30397144 0.1000039 4288387995
-1.548864 -0.19822487 0.097003579 4288387995
-1.4775492 -0.20092957 0.12526822 4288387995
-1.4003849 -0.20015772 0.10362542 4288387995
-1.3203571 -0.20089468 0.12302886 4288387995
-1.242063 -0.200234 0.14214224 4288322202
-1.1564401 -0.17631152 0.12573487 4285032552
-1.0976233 -0.16646682 0.12017933 4285361517
-0.81821036 -0.19656108 0.11633279 4279045389
-0.10884123 -0.18353544 0.12121105 4284900966
-0.032418352 -0.19813351 0.12077055 4285953654
0.038148511 -0.1899018 0.12118618 4285361517
0.091771752 -0.16915041 0.12122551 4280445731
0.37885797 -0.17661068 0.15599196 4288387995
0.42709899 -0.1684261 0.15750709 4288387995
0.48404002 -0.16045517 0.15991743 4288387995
0.70899367 -0.17019129 0.081119411 4288387995
0.74856001 -0.21340804 0.080891348 4288387995
0.86809903 -0.207059 0.15483339 4290953922
0.92008728 -0.17821629 0.10647863 4289111718
1.0282851 -0.19590665 0.11673854 4282085434
1.0416871 -0.23444612 0.12429709 4278216192
1.1813328 -0.17572281 0.092709854 4288387995
1.2231568 -0.21821976 0.092558168 4288387995
1.3498901 -0.19478884 0.089958273 4288387995
1.4021579 -0.19796596 0.12335686 4288387995
1.4813399 -0.19267358 0.11820175 4288387995
1.5373085 -0.22431874 0.10019916 4288387995
-1.6037973 -0.090321541 0.08192201 4288387995
-1.5572639 -0.12015179 0.10622945 4288387995
-1.4809799 -0.12427124 0.13039194 4288387995
-1.3997722 -0.12076014 0.11125989 4288387995
-1.320051 -0.12103979 0.13063186 4288387995
-1.2312322 -0.11744541 0.12518349 4283321934
-1.1544151 -0.13325754 0.12033188 4284177243
-1.0808672 -0.13972007 0.12074 4286414205
-0.99767166 -0.11739958 0.12046474 4290032820
-0.93577319 -0.1060727 0.12033971 4290295992
-0.82918012 -0.12122084 0.12085796 4279045389
-0.16403487 -0.094728053 0.12067097 4284900966
-0.11678078 -0.11696196 0.12020684 4284835173
-0.046939503 -0.13562827 0.12038928 4284966759
0.04286366 -0.14389333 0.11974351 4287598479
0.10906058 -0.11551602 0.12073307 4288784289
0.39061952 -0.15177372 0.14795671 4288387995
0.44233337 -0.12279624 0.14214654 4288387995
0.51800132 -0.11738446 0.14725567 4288387995
0.60033256 -0.10409162 0.14722481 4288387995
0.67313164 -0.10350574 0.13647914 4288387995
0.73927414 -0.087905847 0.15717244 4288387995
0.85770226 -0.10179076 0.086735502 4288387995
0.90118527 -0.13007043 0.11748912 4289506476
1.0029542 -0.1111961 0.11997644 4284835173
1.0736052 -0.13386831 0.11952207 4285295980
1.1536275 -0.13571735 0.12088989 4288125079
1.2124645 -0.099731028 0.12007075 4290559164
1.3481263 -0.11828378 0.087415963 4288387995
1.4026209 -0.11632037 0.11389795 4288387739
1.452824 -0.12785766 0.1306406 4288387995
-1.625981 -0.026611844 0.093754277 4288387995
-1.558853 -0.04151956 0.11993626 4288387995
-1.4766376 -0.042530552 0.12618601 4288387995
-1.4000138 -0.04143415 0.11867977 4288387995
-1.3157378 -0.039458938 0.14022765 4287927444
-1.2584757 -0.039499529 0.12201013 4283982936
-1.165416 -0.042750809 0.12034156 4284900966
-0.97983944 -0.055532742 0.11908849 4291019715
-0.93108481 -0.038560171 0.11955882 4289374890
-0.86442739 -0.069039173 0.11917102 4279111182
-0.16653396 -0.057835639 0.11987057 4284900966
-0.13615586 -0.039511833 0.12051141 4284769380
-0.07431002 -0.047605835 0.11997922 4284900966
0.14693843 -0.043379951 0.11861444 4291217094
0.16226816 -0.025675209 0.1204455 4291414473
0.46643364 -0.057209726 0.12027453 4288387995
0.51964915 -0.041897073 0.11922908 4288387995
0.59820932 -0.038603842 0.1205334 4288387995
0.68125588 -0.040992923 0.13446583 4288387995
0.7503379 -0.036975693 0.13557233 4288387995
0.81801951 -0.059881162 0.08692392 4288387995
0.94629985 -0.033100672 0.12075242 4285032552
0.9851228 -0.0464366 0.12135043 4284835173
1.0778064 -0.066672541 0.11953656 4284900966
1.2419608 -0.042174604 0.11886729 4291348680
1.3511174 -0.04327352 0.089362733 4288387995
1.3959813 -0.043301225 0.11604859 4288387995
1.4482156 -0.035567094 0.14972714 4288387995
1.6755279 -0.0022227764 0.10986435 4288387995
-1.6370565 0.044564571 0.11796102 4288387995
-1.5626277 0.042994544 0.13465658 4288387995
-1.4550002 0.038042996 0.11279282 4288387995
-1.4005905 0.039489582 0.12616871 4288387995
-1.3234361 0.038996316 0.144896 4288322202
-1.240154 0.043837823 0.1190838 4284900966
-1.1823071 0.013636921 0.12160962 4284900966
-0.96605247 0.068462774 0.11936731 4289835441
-0.94788718 0.027917193 0.12028485 4290822336
-0.33892018 0.073315576 0.081929982 4288387995
-0.27814803 0.056666613 0.082079612 4288387995
-0.19666132 0.034343988 0.082280211 4288387995
-0.13562693 0.03772537 0.11978085 4284703587
0.14364135 0.038134437 0.12024725 4290295992
0.5334909 0.031098226 0.092308946 4288387995
0.59913045 0.038764022 0.097411655 4288387995
0.6785261 0.029119313 0.10729305 4288387995
0.74329728 0.016226107 0.11035305 4288387995
0.85675973 0.064081132 0.11274029 4290493371
0.94470471 0.037182409 0.12045826 4285361517
0.97851872 0.049601801 0.12310023 4285295724
1.241953 0.039019011 0.12054239 4290624957
1.3518183 0.038894631 0.086859271 4288387995
1.4005897 0.042387832 0.11790426 4288387995
1.4550476 0.038089871 0.15272063 4288387995
1.640088 0.030453494 0.10989951 4288387995
-1.6392803 0.121838 0.12172821 4288387995
-1.5664942 0.1161169 0.14085172 4288387995
-1.4788394 0.12257314 0.13875915 4288387995
-1.4026202 0.1229082 0.13728747 4288387995
-1.3279645 0.11622845 0.15107529 4288387995
-1.2121972 0.098725758 0.11948057 4284900966
-1.1555448 0.13342766 0.1204058 4284900966
-1.0768266 0.14577633 0.11949303 4285164138
-1.0016081 0.11044153 0.11962099 4287927444
-0.82319421 0.14608534 0.081400111 4288256409
-0.65023112 0.15859509 0.081163645 4288387995
-0.5988515 0.1445199 0.081290126 4288387995
-0.52221769 0.12352706 0.081478775 4288387995
-0.4412266 0.10134012 0.08167816 4288387995
-0.38257301 0.085272253 0.081822552 4288387995
-0.10849599 0.10924177 0.11997078 4284770404
-0.042658877 0.14603147 0.118999 4284835173
0.039559625 0.14577924 0.11920052 4285361517
0.10716069 0.10499258 0.12152602 4288059030
0.44912136 0.11366428 0.08261732 4288387995
0.61836189 0.1306189 0.086426988 4288387995
0.66240519 0.10445861 0.087662831 4288387995
0.78988713 0.11607877 0.083695881 4290295992
0.84694767 0.12968269 0.10651314 4286611584
0.91761309 0.12414341 0.10249285 4288914339
0.99634343 0.11969555 0.11882287 4285493103
1.0779645 0.15052211 0.12193102 4284966759
1.1556647 0.13966618 0.12149175 4286216826
1.2154839 0.093999237 0.11975794 4288256409
1.3536167 0.122235 0.086462744 4288387995
1.403481 0.12225051 0.11826905 4288387995
1.4546279 0.11865847 0.15096045 4288387995
-1.6386021 0.19950961 0.13105239 4288387995
-1.5644745 0.19867903 0.15016671 4288387995
-1.47857 0.19482543 0.14625384 4288387995
-1.4017993 0.19829991 0.14084674 4288387995
-1.3402672 0.19376323 0.15539156 4288387995
-0.88328338 0.22247809 0.080526188 4288387995
-0.84109282 0.20235342 0.081303418 4288387995
-0.76983422 0.19417301 0.081765927 4288322202
-0.69139719 0.16987135 0.081062309 4288387995
-0.33678854 0.23453945 0.087410271 4288387995
-0.28374419 0.21940744 0.087520443 4288387995
-0.19929248 0.19531412 0.087695867 4288387995
-0.11992425 0.17267099 0.087860741 4287006342
-0.076548755 0.16029549 0.087950855 4284900966
0.55072677 0.22239995 0.088193119 4288387995
0.5809952 0.19043373 0.088049404 4288387995
0.78907347 0.22284259 0.094132513 4288387995
0.85001886 0.17803441 0.13655718 4281677109
0.92366242 0.18293086 0.13351724 4284835173
1.0084784 0.18454228 0.12377483 4282870343
1.0722449 0.20025955 0.11549944 4285235051
1.128437 0.20249638 0.12230923 4287137928
1.3525822 0.20406304 0.084286951 4288387995
1.4001166 0.20157117 0.11465368 4288387995
1.4558685 0.19576606 0.15032336 4288387995
-1.6414939 0.27929756 0.14143759 4288387995
-1.5724877 0.26574773 0.15623729 4288387995
-1.4607803 0.27749652 0.13396159 4288387995
-1.4025067 0.27803311 0.14819166 4288387995
-1.352136 0.26444528 0.15916723 4288387995
-0.83530158 0.2720024 0.084649868 4288387995
-0.76685369 0.30093473 0.089431807 4288190616
-0.59546328 0.30834165 0.086872876 4288387995
-0.51842177 0.28636098 0.087032929 4288387995
-0.43988869 0.26395535 0.087196074 4288387995
-0.37745368 0.24614295 0.087325774 4288387995
-0.023681594 0.28288898 0.15477732 4288387995
0.028227776 0.31071812 0.12891281 4287203721
0.20049649 0.30980802 0.084157854 4284900966
0.70629501 0.30695328 0.094432749 4288387995
0.7491709 0.26338515 0.094277248 4288387995
1.0088773 0.28915071 0.10145786 4288387995
1.0909532 0.27622902 0.11935551 4287403660
1.1350309 0.26260209 0.091139637 4288387995
1.3503484 0.28846517 0.088614702 4288387995
1.400125 0.28233272 0.11316311 4288387995
1.4567971 0.28205976 0.14932106 4288387995
-1.6510637 0.35417458 0.14660794 4288387995
-1.4635459 0.35238847 0.14034922 4288387995
-1.4177777 0.35992837 0.15219668 4288387995
-0.88743436 0.39164114 0.086266346 4288387995
-0.83314425 0.37556666 0.087250583 4288387995
-0.76088709 0.35756344 0.088724472 4288387995
-0.68773526 0.3346667 0.086681195 4288387995
-0.63934028 0.32085824 0.086781755 4288387995
-0.25054473 0.39688754 0.093915045 4288387995
-0.20183292 0.38234749 0.093994468 4288387995
-0.11857509 0.35749292 0.094130248 4288387995
-0.026375592 0.34723109 0.13248587 4287401100
0.037584949 0.35685956 0.14593594 4288256409
0.11904391 0.37303066 0.12751395 4287861651
0.17754821 0.36780825 0.10381907 4286611584
0.68741989 0.32613 0.094501205 4288387995
0.92671096 0.36899054 0.10165358 4288387995
0.96749163 0.32936642 0.10155645 4288387995
1.111122 0.34337738 0.132946 4288387995
1.1307062 0.37040424 0.11133093 4288387995
1.2629747 0.3781991 0.1102737 4288387995
1.3320019 0.35183269 0.095565937 4288387995
1.3977365 0.36313301 0.11015004 4288387995
1.4576222 0.35819858 0.14844763 4288387995
-1.6635753 0.44010115 0.13447201 4288387995
-1.4645915 0.44071627 0.14842212 4288387995
-1.4281168 0.4353435 0.15679097 4288387995
-0.76593542 0.43868256 0.09378916 4288387995
-0.50488174 0.4728058 0.093500353 4288387995
-0.43680409 0.45248613 0.093611345 4288387995
-0.35966989 0.42946082 0.093737118 4288387995
-0.29162368 0.40915057 0.093848057 4288387995
-0.002276659 0.40313733 0.15786181 4288387995
0.044729631 0.43950036 0.15129329 4288387995
0.12181988 0.44031158 0.12531693 4287598479
0.20086803 0.44044921 0.12244973 4288387995
0.27350888 0.45500985 0.10985814 4288387995
0.33872548 0.47263435 0.097425245 4287466893
0.85978633 0.4340224 0.101813 4288387995
0.88969457 0.40495926 0.10174176 4288387995
1.1585758 0.44184843 0.11927717 4288387995
1.2165602 0.42100263 0.11031973 4288387995
1.3555683 0.43771476 0.081876218 4288387995
1.3989372 0.44144812 0.10947261 4288387995
1.4587158 0.4395313 0.14763883 4288387995
1.5888537 0.47331738 0.12104458 4288387995
-1.6633188 0.51285028 0.15665385 4288387995
-1.4679197 0.52143693 0.1552223 4288387995
-0.80106932 0.49032688 0.09341339 4288387995
-0.75468469 0.54166168 0.094879158 4288387995
-0.68883228 0.51410198 0.095850229 4288387995
-0.59754688 0.50046825 0.093349248 4288387995
-0.5438056 0.48442468 0.093436889 4288387995
-0.037714295 0.55004615 0.10159397 4288387995
0.047452349 0.52063102 0.13214014 4287137928
0.11720325 0.51712847 0.1371372 4287993237
0.2019877 0.51873386 0.12683018 4288387995
0.28206131 0.52213866 0.11115181 4288124823
0.35669449 0.52032703 0.097488143 4288124823
0.42849174 0.53768533 0.086017907 4288387995
1.0107054 0.5461846 0.081568114 4288387995
1.0787656 0.53210479 0.10078046 4288387995
1.1828429 0.51222062 0.12648588 4288387995
1.2075255 0.53988963 0.099230789 4288387995
1.358116 0.52065319 0.08196716 4288387995
1.4025689 0.51914996 0.11034989 4288387995
1.4638089 0.52122986 0.14534771 4288387995
1.5475661 0.50908798 0.12102108 4288387995
-1.6661682 0.59893715 0.083907336 4288387995
-1.482733 0.56914729 0.1561161 4288387995
-0.89029461 0.58785313 0.092871904 4288387995
-0.84045708 0.57297695 0.092953183 4288387995
-0.76445043 0.57912171 0.097729564 4288387995
-0.65774894 0.61171865 0.10532618 4288387995
-0.28120473 0.62651157 0.10132497 4288387995
-0.19580582 0.59969425 0.1014193 4288387995
-0.11978046 0.57581663 0.10150331 4288387995
-0.074840844 0.56170583 0.10155295 4288387995
0.053843405 0.59531325 0.13761446 4287466893
0.1201432 0.6003387 0.14676075 4288387995
0.19956626 0.60090768 0.13209394 4288387995
0.27972895 0.59940106 0.113439 4287861651
0.35971123 0.59986889 0.10239243 4288387995
0.44667727 0.60425365 0.096641831 4287532686
0.48332405 0.62443507 0.080953099 4288387995
1.0021548 0.57898313 0.096086413 4288322202
1.0526704 0.5721283 0.11048235 4288387995
1.1980863 0.56594616 0.15440445 4288387995
1.2258828 0.60018808 0.11900973 4288387995
1.358789 0.59204775 0.08107385 4288387995
1.4017094 0.60032898 0.10834066 4288387995
1.4619548 0.59588385 0.14300373 4288387995
-1.6453604 0.68531328 0.083829321 4288387995
-0.6951735 0.67276645 0.10511427 4288387995
-0.59258753 0.69405413 0.094095342 4288322202
-0.51777649 0.70080543 0.10106359 4288387995
-0.44173002 0.67692327 0.10114761 4288387995
-0.35504904 0.64970249 0.10124338 4288387995
0.074429967 0.6614123 0.15880062 4288387995
0.12324713 0.67793149 0.15073335 4288387995
0.20384446 0.68121493 0.12988898 4287861651
0.27957723 0.67853057 0.1204543 4288190616
0.36109567 0.68021351 0.10684463 4288387995
0.44539934 0.67598993 0.097549617 4287861651
0.49332085 0.68624753 0.085153334 4287927444
1.1951051 0.71835804 0.088947318 4288387995
1.2441809 0.66516024 0.11024968 4288387995
1.3307101 0.69698328 0.12089762 4288387995
1.3928276 0.64986694 0.11013926 4288387995
1.4625535 0.64645624 0.14625342 4288387995
-1.6386967 0.75805038 0.08525718 4288387995
-1.1330141 0.75854683 0.11969781 4279505940
-1.079567 0.77640802 0.11513337 4279505940
-1.035813 0.79552841 0.08285328 4279505940
-0.9598192 0.79666919 0.12042604 4287598479
-0.81483853 0.7940942 0.10073541 4288387995
-0.75303811 0.77003825 0.10125943 4288387995
-0.6789214 0.75141263 0.10088556 4288387995
-0.61493534 0.74749523 0.10620829 4288322202
-0.0085974932 0.79907084 0.11036137 4288453788
0.041005723 0.78256947 0.11038505 4288387995
0.12836258 0.76121753 0.14154635 4287466893
0.19824035 0.75986916 0.13118622 4287730065
0.28273526 0.76406556 0.12031683 4288387995
0.36078003 0.76250851 0.10879777 4288387995
0.44148642 0.76253551 0.0954649 4288256409
0.50531608 0.76227766 0.086029261 4288059030
1.1798109 0.72599161 0.088979885 4288387995
1.2627424 0.75587517 0.12085892 4288322202
1.2922977 0.73026675 0.12087575 4288387995
1.6644659 0.76078159 0.081706136 4288387995
-1.6418322 0.83327973 0.088113211 4288387995
-1.5897198 0.8209669 0.080548294 4288387995
-1.0505216 0.81021059 0.14431806 4279505940
-1.0176316 0.8443051 0.11606466 4279505940
-0.91690725 0.84625721 0.11953534 4286743170
-0.859079 0.80798894 0.10068653 4288387995
-0.66521007 0.83735907 0.11195604 4288387995
-0.54654545 0.87401623 0.10504414 4288322202
-0.24301592 0.8770318 0.11024956 4288387995
-0.19849887 0.86222756 0.11027079 4288387995
-0.11998219 0.83611256 0.11030824 4288387995
-0.040606465 0.85505629 0.09796755 4290098613
0.14186643 0.81858897 0.14979009 4288059030
0.19761157 0.81771815 0.13377933 4288387995
0.28263819 0.82013196 0.12956564 4288387995
0.36192203 0.82301855 0.11190157 4288387995
0.43959051 0.82471645 0.09642981 4287730065
0.5073778 0.81444275 0.086743765 4288387995
1.513963 0.8783257 0.097656876 4288387995
1.5313611 0.87005401 0.097631931 4288387995
1.6550354 0.8678726 0.13375482 4288387995
-1.6399306 0.91800785 0.090582512 4288387995
-1.1445152 0.94961649 0.12130941 4285493103
-1.0857129 0.94793636 0.12020744 4287532686
-1.0072379 0.92829275 0.12026369 4282269246
-0.89953893 0.92023522 0.12025582 4283782485
-0.57665187 0.93031645 0.11987835 4288387995
-0.53069633 0.91050434 0.11660758 4288387995
-0.43941367 0.94235349 0.11015585 4288387995
-0.35819966 0.91534168 0.11019459 4288387995
-0.2828832 0.89029312 0.11023053 4288387995
-0.11197572 0.91923946 0.1203739 4284900966
-0.02939998 0.91758484 0.12305124 4286414205
0.036522437 0.92869622 0.12087641 4288256409
0.11554839 0.9285121 0.12677972 4284900966
0.1875165 0.93787473 0.12094004 4287269514
0.27644312 0.92783207 0.083568402 4288387995
0.36571455 0.923033 0.091834433 4286940549
0.43313053 0.939156 0.093267888 4287598479
0.51909339 0.94961995 0.091224618 4288387995
0.59892291 0.94457775 0.090829238 4288387995
0.65550381 0.94100446 0.090548985 4288387995
1.037895 0.95971972 0.12009695 4284900966
1.0801339 0.95286626 0.12013646 4285558896
1.132674 0.956622 0.11446639 4287401100
1.4276831 0.9193812 0.097780399 4288387995
1.4828432 0.9204548 0.091034003 4288387995
1.5643985 0.9459362 0.096363202 4288387995
1.6310463 0.93872315 0.094978966 4288387995
1.691455 0.95858884 0.094832532 4288387995
-1.6489608 1.0004126 0.094480604 4288387995
-1.5894557 0.99642503 0.086167186 4288387995
-1.2214769 1.0100204 0.11838729 4284835429
-1.1800959 0.97974253 0.1164637 4284900966
-1.0571601 0.9661392 0.12013588 4287598479
-1.0004519 0.99868643 0.12036964 4290164406
-0.92439055 1.0024966 0.12180097 4287335307
-0.86375463 1.0229909 0.13137461 4286545791
-0.72573996 1.0375814 0.11001926 4288387995
-0.67814058 1.0217533 0.11004196 4288387995
-0.60671103 0.99766493 0.11500607 4288387995
-0.52307826 0.97669208 0.10838252 4288387995
-0.17588083 1.0207437 0.1217621 4282335039
-0.12239241 1.0007726 0.1208628 4284308829
-0.040506013 0.98546779 0.12209757 4284835173
0.045427036 0.98546606 0.12019392 4286085240
0.10972757 1.0008723 0.11837413 4287795858
0.19859059 1.0017306 0.11984324 4283979864
0.29297206 0.9997195 0.10467155 4286151033
0.33754909 0.98236156 0.096679486 4286019447
0.55418766 1.0384481 0.090310492 4288387995
0.60002458 1.0155593 0.090212971 4288387995
0.68469995 1.0011371 0.10350553 4285887861
0.72203183 0.96418059 0.10927425 4284900966
0.99926972 0.99272066 0.12028771 4284900966
1.0469186 0.96307135 0.12035234 4284900966
1.1487166 0.96132755 0.12732236 4288124823
1.4171557 1.012686 0.094415367 4288387995
1.4792944 0.99936235 0.094167143 4288387995
1.5578853 0.99995393 0.10074408 4288387995
1.639415 0.99941415 0.10455619 4288387995
-1.6254554 1.0794039 0.093793489 4288387995
-1.564292 1.0748049 0.085232265 4288387995
-1.245001 1.0743322 0.11654396 4284769892
-0.98316336 1.055143 0.11981098 4290953922
-0.9514274 1.0819577 0.12098863 4289904562
-0.83145958 1.0669092 0.1219848 4287335307
-0.76303107 1.0499853 0.11000147 4288387995
-0.63592863 1.0405164 0.11996452 4288387995
-0.498925 1.0773066 0.12887587 4288387995
-0.18982919 1.08345 0.11964574 4280690214
-0.14736846 1.0748365 0.11986006 4284374622
-0.038009718 1.0622833 0.13760565 4284900966
0.079223454 1.1127651 0.089580975 4291282887
0.12703666 1.0796306 0.12187833 4290559164
0.1802939 1.0698518 0.12049233 4291151301
0.39907396 1.11593 0.090640299 4288387995
0.43979692 1.0955937 0.090553664 4288387995
0.51672202 1.0571728 0.090390079 4288387995
0.63612807 1.1097748 0.10920534 4284900966
0.65853941 1.0717933 0.10922332 4284900966
0.95333475 1.0818077 0.1223345 4284966759
0.99082202 1.0734652 0.12033907 4284900966
1.0581712 1.0477908 0.12037112 4284900966
1.4089891 1.0739741 0.11354443 4288387995
1.4788629 1.0796778 0.1199001 4288387995
1.5605172 1.0793349 0.12507963 4288387995
1.6413709 1.0792089 0.13027693 4288387995
-1.6436535 1.1493762 0.098551944 4288387995
-1.5493346 1.1618295 0.085979708 4288387995
-1.3673152 1.1766721 0.12111857 4280295456
-1.3576834 1.1463131 0.12006262 4280492835
-1.2420946 1.155346 0.11853448 4283716692
-0.97142076 1.1758686 0.1196878 4290032820
-0.95511961 1.1391884 0.1222819 4290625469
-0.53742939 1.154786 0.12911621 4288387995
-0.44055319 1.1725624 0.10314486 4288387995
-0.24629429 1.1970721 0.12104006 4288387995
-0.17962369 1.1529619 0.11682098 4284900966
-0.13953674 1.1642221 0.11919376 4284966759
-0.03003479 1.1340487 0.12086336 4287401100
0.051347807 1.1597319 0.12109184 4290756543
0.1274493 1.1523657 0.11964381 4290230455
0.23895311 1.1958976 0.090980865 4288387995
0.28029361 1.1752515 0.090892933 4288387995
0.35868651 1.136101 0.090726182 4288387995
0.45068961 1.1503731 0.10023544 4288387995
0.52026945 1.1486393 0.10000831 4288387995
0.60607404 1.1532004 0.10482062 4286479998
0.68540883 1.1445391 0.099469163 4288387995
0.76142555 1.1426578 0.099220954 4288387995
0.83281857 1.1591107 0.0988786 4288387995
0.94157928 1.1591247 0.12136334 4285032552
1.0840575 1.1911207 0.11965053 4284900966
1.4292907 1.1302845 0.13292085 4288387995
1.482015 1.1574078 0.14503603 4288387995
1.5564592 1.1539496 0.14874931 4288387995
1.6373335 1.1460624 0.15145844 4288387995
-1.6466614 1.2327675 0.10165351 4288387995
-1.577655 1.2400432 0.09239617 4288387739
-1.5090076 1.2470071 0.08317823 4288387995
-1.36938 1.2289665 0.12202152 4280098077
-1.1485777 1.2393949 0.11857117 4284966759
-1.0801301 1.2457528 0.12049159 4285624689
-1.0111117 1.2187741 0.12045851 4288124823
-0.56874728 1.2178037 0.1293117 4288387995
-0.43349561 1.2642033 0.12656485 4288322202
-0.36281177 1.2384548 0.12107331 4288387995
-0.27961868 1.2103648 0.1090432 4288387995
-0.11354618 1.2234775 0.12051981 4281817911
-0.034859911 1.243987 0.11853635 4284835173
0.040145092 1.2422489 0.12199251 4285822068
0.097549997 1.2173817 0.12009819 4287927444
0.54867762 1.257991 0.10913519 4284900966
0.57149732 1.2193135 0.10915349 4284900966
0.69804543 1.2665577 0.098825097 4288387995
0.75969201 1.237224 0.09873683 4288387995
0.81668735 1.2100978 0.098655269 4288387995
0.93590468 1.2026777 0.12018047 4284900966
1.0235828 1.2501073 0.11991186 4284111450
1.0539675 1.2119203 0.11999965 4284900966
1.4855664 1.2010839 0.15927508 4288387995
-1.6245495 1.3135051 0.10121432 4288387995
-1.5536938 1.3205669 0.091695733 4288322456
-1.4830633 1.3278201 0.082214274 4288387995
-0.6713233 1.3480148 0.12116138 4288387995
-0.60163242 1.3232653 0.12114149 4288387995
-0.52114201 1.2946842 0.12111851 4288387995
-0.44304842 1.321505 0.13967375 4288387995
-0.37446177 1.3563811 0.11111552 4288322202
-0.085850596 1.3581169 0.091671653 4288387995
-0.071267784 1.3508338 0.091640636 4288387995
0.38573396 1.3506333 0.13364986 4284900966
0.52744395 1.3260614 0.10363194 4286743170
0.60169703 1.3123988 0.098963074 4288387995
0.65727538 1.2859534 0.098883487 4288387995
0.94794208 1.3434896 0.12169272 4284900966
1.0029303 1.3185056 0.11994775 4279176975
-1.6444767 1.3976176 0.1066663 4288387995
-1.5476861 1.400809 0.093455672 4288387740
-1.4603237 1.3986492 0.081369415 4288387995
-0.81871718 1.4003606 0.12120344 4288387995
-0.7594164 1.3793 0.12118652 4288387995
-0.71228087 1.3625605 0.12117307 4288387995
-0.49008569 1.4252347 0.14025126 4288387995
-0.47214568 1.3856713 0.140031 4288387995
-0.1753069 1.4027923 0.091861926 4288387995
-0.12176242 1.3760527 0.091748029 4288387995
0.38886428 1.413664 0.099267833 4288387995
0.44264829 1.3880732 0.099190816 4288387995
0.49187911 1.3646502 0.099120311 4288387995
0.61854327 1.3743771 0.1097599 4288387995
0.68290025 1.3755414 0.10967205 4288387995
0.75623518 1.3768721 0.10957193 4288387995
0.8392899 1.378376 0.10945854 4288387995
0.92038292 1.3903416 0.11608715 4286479998
1.0091772 1.3722825 0.11755536 4281084972
1.0623993 1.3824446 0.10915391 4288387995
-1.6517379 1.4823041 0.11039458 4288387995
-1.5805776 1.4740652 0.10034093 4288322715
-1.4909098 1.4717631 0.087933108 4288453276
-1.4314872 1.4884706 0.080298014 4288387995
-0.50529093 1.4587712 0.14043799 4288387995
-0.32741311 1.5009198 0.1518323 4288387995
-0.03179846 1.510581 0.13416395 4284900966
0.027725488 1.4877777 0.13409066 4284900966
0.8641144 1.4923651 0.12173454 4284900966
0.91988152 1.486082 0.11412604 4286940549
0.99874181 1.4850132 0.10902626 4288387995
1.0631714 1.4561441 0.10898673 4288387995
-1.6317385 1.5623127 0.11022248 4288387995
-1.5588859 1.5532684 0.099910103 4288322459
-1.4823409 1.5603558 0.089609921 4288322713
-0.35095409 1.5587498 0.15230606 4288387995
-0.27003571 1.5883455 0.12977777 4288387995
-0.2012364 1.5754892 0.13437258 4288387995
-0.12205765 1.5451578 0.13427508 4288387995
-0.073752418 1.5266502 0.13421561 4287072135
0.025268257 1.5866623 0.099788465 4288387995
0.76958346 1.587672 0.10916688 4288387995
0.83181214 1.559206 0.11495388 4286743170
0.90033174 1.5290983 0.10908665 4288387995
-1.6904026 1.6391603 0.12076867 4288387995
-1.6107439 1.6463044 0.11004181 4288387995
-1.5361228 1.6363845 0.099457979 4288387996
-1.457522 1.6437601 0.088884436 4288453531
-0.43783492 1.6661268 0.13466391 4288387995
-0.37247705 1.6388694 0.14306672 4288387995
-0.29367083 1.6109 0.13448641 4288387995
-0.088266015 1.6406761 0.099951066 4288387995
-0.039111771 1.6172975 0.099880643 4288387995
0.60297972 1.6622998 0.10926913 4288387995
0.68019378 1.6277148 0.10922173 4288387995
0.76908422 1.6343713 0.11857265 4286151033
0.83921951 1.641121 0.12142114 4287795858
0.92171979 1.6531907 0.12141088 4288387995
0.9985553 1.6583288 0.12147133 4288387995
1.0774449 1.6636045 0.12153339 4288387995
1.1586397 1.6690336 0.12159727 4288387995
1.2420683 1.6746135 0.12166291 4288387995
1.3120728 1.672087 0.12957077 4286611584
-1.6703924 1.7277668 0.12087213 4288387996
-1.569355 1.7074094 0.1063183 4288453529
-1.5121071 1.7240716 0.098980978 4288387997
-1.4314473 1.73139 0.088122174 4288584604
-0.66289729 1.7523456 0.13494103 4288387995
-0.59789318 1.7274418 0.13486098 4288387995
-0.52062678 1.6978436 0.13476586 4288387995
-0.42783633 1.7106044 0.14983121 4288387995
0.55380511 1.6843319 0.1092993 4288387995
0.75721979 1.6821928 0.12178786 4284900966
1.2760389 1.7583665 0.13754499 4284900966
1.3098582 1.7056596 0.132992 4285887861
-1.6535444 1.8023694 0.12095924 4288322458
-1.5746549 1.7906795 0.10973126 4288453532
-1.4918348 1.7980947 0.098578326 4288387995
-1.4095074 1.8051195 0.087480836 4288388252
-0.82135773 1.8130469 0.13513614 4288387995
-0.7549355 1.7876019 0.13505435 4288387995
-0.70218009 1.7673913 0.13498938 4288387995
-0.20512545 1.8273528 0.13153821 4288387995
0.53278106 1.770424 0.14957893 4284900966
1.190024 1.8375932 0.12179755 4288387995
1.2439981 1.8107003 0.12898819 4286743170
1.3164511 1.785161 0.12184357 4288387995
1.3635918 1.7656162 0.12186073 4288387997
-1.6359211 1.8804054 0.12105036 4287930516
-1.5304887 1.9020108 0.10305472 4291019971
-1.4653349 1.8948528 0.098051995 4287930515
-1.3865707 1.8822037 0.086810321 4288061334
0.057571363 1.9066362 0.10960381 4288387995
0.12317549 1.8772445 0.10956356 4288387995
0.17406422 1.8544464 0.10953233 4288387995
1.0145125 1.9103851 0.12173369 4288387995
1.0789968 1.8836409 0.12175716 4288387995
1.1634734 1.8699896 0.12633863 4287335307
1.2186953 1.8665135 0.13767479 4284900966
1.3488612 1.9188533 0.15408111 4284900966
1.3990113 1.9060307 0.15432641 4284900966
1.4839606 1.8843101 0.15474196 4284900966
-1.6403186 1.9840006 0.12045462 4278347265
-1.557669 1.9792926 0.12108634 4279464211
-1.4916331 1.981087 0.1161242 4284127322
-1.411869 1.9959142 0.12087605 4278614534
-1.3564281 1.9835025 0.08592917 4287473035
-0.0074236095 1.9965982 0.15089479 4288387995
0.037748363 1.9673738 0.14392018 4286216826
0.12000728 1.9432471 0.15058441 4284900966
0.83737296 1.9838524 0.12166923 4288387995
0.91903549 1.9499834 0.12169894 4288387995
0.97612637 1.9263052 0.12171972 4288387995
1.0745029 1.9875213 0.14288875 4285822067
1.1555519 1.9716949 0.1423945 4285691250
1.229167 1.9566923 0.15061931 4285362029
1.3436927 1.9696667 0.12205064 4279395858
1.3987881 1.9804028 0.122143 4279133198
1.4788157 1.9992911 0.12774251 4278215936
1.5603743 1.9992796 0.13206312 4278216192
1.6367373 1.9789909 0.13214105 4280051228
-1.6440226 2.0219278 0.12062181 4278216192
-1.5615268 2.0160236 0.12070175 4278282241
-1.4781694 2.0265837 0.11914428 4282748485
-1.3871691 2.0307729 0.11970054 4278353154
-1.3280723 2.0677047 0.12153354 4278619142
-1.2540545 2.0684052 0.11685488 4278427395
-0.18575028 2.0712636 0.15132919 4288387995
-0.11665267 2.042331 0.15116085 4288387995
-0.048184484 2.013664 0.15099408 4288387995
0.77524328 2.0096166 0.12164661 4288387995
1.0084925 2.0060496 0.14488375 4284900966
1.2420672 2.0047305 0.13623488 4287668366
1.3364064 2.0501354 0.11961099 4278478596
1.3896233 2.0270131 0.12064143 4278215936
1.4806356 2.0179858 0.12010419 4278215936
1.5619071 2.0184441 0.12003003 4278215936
1.6403836 2.0135589 0.11909448 4278215936
-1.6518787 2.1190755 0.12003604 4278216192
-1.4500443 2.1082246 0.12005851 4289311913
-1.4121703 2.1239939 0.1144297 4284061529
-1.3265889 2.1197097 0.12138765 4278356482
-1.2178943 2.1074514 0.12293785 4280194334
-1.1867943 2.1472976 0.10298888 4284900966
-0.36158043 2.1448784 0.15175746 4288387995
-0.28369528 2.1122682 0.15156774 4288387995
-0.2275371 2.0887566 0.15143095 4288387995
-0.087669134 2.1370957 0.14495656 4287466893
1.2644855 2.1293113 0.12313569 4278216192
1.3190014 2.1217856 0.11994164 4279199247
1.3693826 2.0975032 0.12104715 4284900966
-1.6247358 2.1960719 0.11970321 4278216192
-1.427514 2.1657786 0.12230881 4280255263
-1.2940612 2.1825461 0.11885629 4278358786
-1.2665246 2.2162569 0.12199552 4278360066
-1.1574205 2.1983714 0.11658496 4284900966
-0.5710817 2.232595 0.15226777 4288387995
-0.51997089 2.2111938 0.15214327 4288387995
-0.44035175 2.1778586 0.15194933 4288387995
0.23084819 2.2353992 0.1214485 4288387995
0.28208557 2.2141471 0.12146715 4288387995
0.33367419 2.1927509 0.12148593 4288387995
1.2547064 2.2070236 0.12179596 4278216192
1.3033053 2.18873 0.12030557 4278478340
-1.6050249 2.2519846 0.12017058 4278216192
-1.5910051 2.2917542 0.12025028 4278216192
-1.2326069 2.2787807 0.11989904 4278362370
-1.1763272 2.2925868 0.12289935 4280390434
-1.0993501 2.2877033 0.11537229 4284900966
-0.74920893 2.3071723 0.15270166 4288387995
-0.68191707 2.2789965 0.15253773 4288387995
-0.61521763 2.2510717 0.15237528 4288387995
0.19134006 2.2517848 0.12143413 4288387995
1.1901047 2.2873695 0.12132815 4278216192
1.232091 2.2804682 0.12077572 4278216192
1.284971 2.2519252 0.12113938 4278216192
-1.5685 2.3555946 0.11978588 4278216192
-1.2097758 2.3333702 0.11625051 4278429699
-1.1803275 2.3661466 0.12037979 4278365442
-1.058305 2.3524654 0.11842773 4284900966
-1.0298132 2.3893058 0.10096152 4284900966
-0.82472241 2.338788 0.1528856 4288387995
-0.78684932 2.3229287 0.15279332 4288387995
1.119846 2.3966675 0.13735729 4288322713
1.1728024 2.3645115 0.12178668 4278347266
1.2203908 2.350626 0.12091888 4278216192
-1.5400909 2.4361801 0.12081575 4278216192
-1.1433796 2.4342356 0.11981316 4278433027
-1.1119341 2.4645693 0.12033192 4278434051
-1.003378 2.4389005 0.12195953 4284900966
-0.66174012 2.4731762 0.11496373 4279374354
-0.59569895 2.4731977 0.11495584 4279374354
-0.51579159 2.4732223 0.11494628 4279308561
-0.43513462 2.473248 0.11493664 4279308561
-0.36054125 2.4732711 0.11492773 4279242768
-0.28626457 2.4732845 0.11591655 4279176975
-0.20244823 2.473248 0.12191208 4279111182
-0.11881912 2.4732745 0.12193555 4279045389
-0.041464761 2.4732978 0.12195724 4279045389
0.00099889038 2.4733112 0.12196915 4278979596
1.0266352 2.4315619 0.1372126 4288322200
1.1063564 2.4570525 0.12101004 4279791640
1.1474725 2.4342952 0.12044218 4278216192
1.203305 2.401325 0.12122859 4278216192
-1.5226482 2.4856589 0.12106158 4278413571
-1.5088123 2.524909 0.12028281 4278413571
-1.1280779 2.4999433 0.11789276 4284398942
-1.0808469 2.5187027 0.11973959 4279270160
-0.99931592 2.5266383 0.11968481 4279573781
-0.92092896 2.5287075 0.11946008 4279505940
-0.84024376 2.5296719 0.11976726 4279440147
-0.75931531 2.5309086 0.11996978 4279374354
-0.67960489 2.5315714 0.1198094 4279374354
-0.59881639 2.5327339 0.11965456 4279374354
-0.52285445 2.5368099 0.12007061 4279308561
-0.43999106 2.5396211 0.12012278 4279242768
-0.36089543 2.5403357 0.12036373 4279242768
-0.28071243 2.5361021 0.11993235 4279176975
-0.20013426 2.5358775 0.11978555 4279111182
-0.12041635 2.5357318 0.1196038 4279045389
-0.040556174 2.5352857 0.11982601 4279045389
0.040777601 2.5350077 0.11961935 4278979596
0.11984253 2.535151 0.12020563 4278913803
0.19958274 2.5325236 0.11910927 4278848010
0.28149569 2.5303891 0.12008586 4279769112
0.35991365 2.5299976 0.12072518 4279834905
0.44170871 2.5343144 0.12063207 4278979596
0.52036101 2.534739 0.1201136 4278848010
0.59954178 2.5352814 0.12006428 4278848010
0.68052179 2.5352116 0.1202457 4278848010
0.76180524 2.5378859 0.11953532 4279176975
0.8408668 2.5368724 0.11872057 4279900698
0.91879427 2.531965 0.11985899 4280295456
1.0005819 2.5319214 0.11947015 4278848010
1.0774699 2.51826 0.12003555 4279781144
1.1449555 2.4928861 0.12127737 4278216192
-1.4696367 2.6099951 0.11998761 4278414595
-1.4236109 2.6369359 0.12242205 4278481155
-1.0658871 2.5867391 0.12810306 4279714583
-0.99928856 2.5910184 0.14375038 4279440147
-0.92858958 2.589211 0.1445718 4280032284
-0.32457289 2.5601788 0.091801755 4279242768
-0.27628216 2.5616748 0.12039184 4279176975
-0.19908097 2.5645313 0.12114787 4279111182
-0.12023851 2.5674558 0.12117112 4279045389
-0.040530544 2.5704124 0.12119459 4279045389
0.040103879 2.5734026 0.12121835 4278979596
0.12163354 2.5764267 0.12124237 4278913803
0.17224656 2.5783043 0.12125729 4278848010
0.27522483 2.6373799 0.12166503 4278848010
0.3611103 2.6310649 0.11998288 4278848010
0.44404331 2.6249557 0.11990792 4278848010
0.52007288 2.6193497 0.12019012 4278848010
0.60015535 2.6134419 0.12099972 4278848010
0.67894113 2.6076229 0.12266348 4278848010
0.76401556 2.6013525 0.12233072 4281150765
0.83899301 2.598958 0.11974017 4283256141
0.92093384 2.5967669 0.12075894 4280492835
0.98178887 2.5868278 0.12046185 4278848010
-1.3835272 2.6444261 0.11921979 4278416387
-1.3181614 2.6565711 0.12104732 4278417667
-1.2442284 2.6703372 0.12015296 4278419971
-1.1627246 2.6855128 0.11916329 4278425859
-1.0810003 2.7007031 0.12091578 4278432515
-1.0083126 2.7142231 0.121435 4279243791
-0.50014532 2.6945341 0.11962377 4279242768
-0.44133651 2.6902006 0.11958652 4279176975
-0.35599008 2.6839123 0.11953249 4279111182
-0.27413929 2.6778791 0.11965861 4279111182
-0.19556876 2.6720831 0.12048603 4279045389
-0.12009937 2.6665223 0.12041748 4278979596
-0.041663654 2.660742 0.12041786 4278913803
0.039268691 2.654778 0.12041504 4278848010
0.12208007 2.6486778 0.12019715 4278848010
0.2012509 2.6428397 0.12066318 4278848010
0.24193186 2.6400847 0.091578186 4278848010
-0.96826464 2.7217062 0.11821454 4279440147
-0.91432303 2.7317321 0.11936273 4279440147
-0.84157056 2.7452593 0.12040272 4279440147
-0.76104319 2.7602441 0.12037802 4279440147
-0.68090886 2.7751539 0.12050225 4279440147
-1.6381171 -5.7917409 0.20254028 4289901234
-1.5618659 -5.7697678 0.20254029 4289901234
-1.4856148 -5.7477927 0.20254025 4289901234
-1.4008912 -5.7233763 0.20254028 4289901234
-1.316168 -5.6989617 0.20254025 4289901234
-1.2653337 -5.6843119 0.20254025 4289901234
-1.2314442 -5.6745453 0.20254026 4289901234
-1.1636655 -5.6550121 0.20254025 4289901234
-1.0842383 -5.6321197 0.20805097 4289901234
-1.0196412 -5.6134858 0.22899167 4289901234
0.51809168 -5.1703434 0.22458306 4288328859
-0.87740028 -2.9161747 0.16318798 4280593955
-0.98802674 -2.8117695 0.19339795 4280923175
-1.0667492 -2.7087152 0.20105773 4279875096
0.36356828 -2.6478643 0.19873801 4278848010
0.43981355 -2.6516683 0.19985026 4278848010
0.51931399 -2.6555412 0.1991407 4278848010
0.6038608 -2.6597922 0.20103364 4278848010
0.68359452 -2.6635723 0.19826297 4278848010
0.75645888 -2.6674588 0.20433097 4278848010
0.84014159 -2.6713371 0.19963638 4278848010
0.92260647 -2.6754022 0.19986467 4278848010
0.99273598 -2.6788223 0.19932279 4278848010
1.0725332 -2.6648316 0.2013686 4278848010
-1.4465803 -2.5670307 0.20612065 4278848010
-1.4263992 -2.5678833 0.19999415 4278848010
-1.1376106 -2.6158516 0.20790443 4279546389
-1.0726219 -2.5696442 0.19913095 4278425091
-0.99905366 -2.5701632 0.20008458 4278783753
-0.91909927 -2.5727584 0.19970584 4278848010
-0.84310263 -2.5751076 0.2014688 4278782473
-0.75965959 -2.5790632 0.20666523 4278848010
-0.68018723 -2.5803058 0.20666358 4278848010
-0.59923989 -2.5817666 0.20524468 4278848010
-0.51959527 -2.5770054 0.20487955 4278848010
-0.43981913 -2.5766385 0.20434187 4278848010
-0.36124283 -2.5781095 0.20601127 4278848010
-0.28083798 -2.5811889 0.20833972 4281019179
-0.2013533 -2.5847023 0.20882979 4280821800
-0.12194137 -2.5893722 0.20501962 4278848010
-0.044209767 -2.5912747 0.20078783 4278848010
0.039503027 -2.5923316 0.19638272 4278848010
0.12119734 -2.5936158 0.19772917 4278848010
0.19965254 -2.5948291 0.19923148 4278848010
0.28242174 -2.596837 0.19968982 4278848010
0.36062369 -2.5980713 0.2010612 4278848010
0.44104391 -2.5995467 0.19947828 4278848010
0.52107078 -2.6012363 0.19711307 4278848010
0.60150939 -2.5882101 0.19885142 4278848010
0.67838567 -2.5884869 0.1994561 4278848010
0.76048714 -2.5865707 0.1978645 4278848010
0.83915329 -2.5849519 0.19850753 4278848010
0.91829044 -2.5860145 0.19875771 4278848010
0.99627495 -2.5878632 0.19842543 4278848010
1.0917146 -2.5926363 0.19915326 4278848010
1.1397232 -2.5732658 0.20472242 4278591238
-1.4731919 -2.5170281 0.20029107 4278848010
-1.4047348 -2.5330217 0.20232449 4278782473
-1.3207083 -2.5329254 0.20024601 4278848010
-1.2394559 -2.5334518 0.20018075 4278782729
-1.1587611 -2.5212557 0.19954571 4278607622
-1.0856087 -2.5294576 0.20180674 4278872585
-0.99476784 -2.5308678 0.20159021 4279506196
-0.92009825 -2.5289998 0.2003753 4278979852
-0.83986562 -2.5307205 0.1981426 4279111182
-0.758654 -2.5273089 0.19851504 4278913803
-0.68007052 -2.5240102 0.19901034 4279769112
-0.6014061 -2.5253522 0.19903509 4279834905
-0.51929557 -2.529645 0.19933872 4278979596
-0.44000328 -2.5291827 0.19950299 4279045389
-0.36140892 -2.5294304 0.20002328 4278979596
-0.2799781 -2.5296159 0.19924153 4279045389
-0.20027809 -2.528758 0.19921376 4278848010
-0.1207701 -2.530247 0.19863059 4278782217
-0.039980788 -2.5314777 0.1982628 4278979596
0.038904581 -2.5317619 0.20021003 4278979596
0.11983247 -2.5312369 0.199903 4278848010
0.19890054 -2.5340619 0.20021674 4278848010
0.2803393 -2.5335326 0.19999637 4278848010
0.35893446 -2.5313015 0.20001502 4278848010
0.4385142 -2.5306056 0.20032607 4278848010
0.51759875 -2.5308776 0.20051537 4278848010
0.59780139 -2.5302589 0.19931366 4278848010
0.67880571 -2.5302618 0.19959179 4278848010
0.75953501 -2.5302086 0.19906861 4278848010
0.83998907 -2.530941 0.1991979 4278848010
0.91957372 -2.5351894 0.19874224 4278848010
0.99957156 -2.5348842 0.19949909 4278847754
1.0837095 -2.5239236 0.19933838 4278532101
1.1607991 -2.5163598 0.20223998 4278216192
1.2383808 -2.4971278 0.20385168 4281951801
1.2884351 -2.4867747 0.19948064 4284900966
1.6633551 -2.4996467 0.22133352 4278215936
1.698195 -2.5344296 0.2003054 4278408451
-1.6433175 -2.4292457 0.20512398 4287867795
-1.5412543 -2.423701 0.19643773 4279903514
-1.5053054 -2.4566312 0.19409765 4278848010
-1.2421402 -2.4476128 0.20296648 4278498565
-1.1535934 -2.4390562 0.20019856 4278373122
-1.0696844 -2.4398212 0.19950707 4286489726
-1.0070097 -2.4392791 0.20933113 4285690482
-0.92694932 -2.4278417 0.22088416 4288387995
-0.83672565 -2.4498401 0.189386 4288387995
-0.77695739 -2.4240782 0.19180104 4288387995
-0.67166322 -2.4452307 0.20166229 4288387995
-0.60808283 -2.4293754 0.20520443 4288387995
-0.50899994 -2.426898 0.18219703 4285493103
-0.44487077 -2.4369757 0.17828424 4285690482
-0.36259541 -2.438942 0.20469101 4288322202
-0.28200582 -2.4423716 0.21328275 4288322202
-0.20314789 -2.4429162 0.23167804 4287466893
1.1134251 -2.4684348 0.2002283 4278216192
1.1514714 -2.4368577 0.20052244 4278216192
1.2329842 -2.4362469 0.20446733 4278216192
1.3125836 -2.4359138 0.20054398 4284900966
1.6391875 -2.437042 0.20047963 4278216192
1.6817183 -2.4774575 0.17099556 4278216192
-1.6188636 -2.3899646 0.17436807 4278489092
-1.5527323 -2.3759153 0.18778299 4278668807
-1.4841751 -2.3460019 0.2075571 4278429955
-1.4149349 -2.3281858 0.22828579 4278431746
-1.2961973 -2.3781238 0.20884059 4278498048
-1.2128811 -2.3513598 0.18966554 4278306305
-1.1785721 -2.3679171 0.19982225 4278438915
-1.0694903 -2.36497 0.1865433 4284440415
-1.0002762 -2.3597147 0.19177154 4288387995
-0.91984326 -2.3570967 0.20787589 4288190616
-0.8416391 -2.3471854 0.20773898 4285690482
-0.76035953 -2.3400769 0.19912353 4280558628
-0.68170208 -2.3542216 0.19831325 4279834905
-0.59800571 -2.3716261 0.19807521 4280756007
-0.52400893 -2.3702793 0.18801861 4283979864
-0.44578889 -2.3616059 0.19217166 4288387995
-0.35993817 -2.3616977 0.20437257 4288387995
-0.28097171 -2.3619177 0.22154427 4288387995
-0.21770321 -2.3646257 0.23437327 4288387995
-0.004709363 -2.3964355 0.20365784 4278848010
0.040607214 -2.3929584 0.19840251 4278848010
0.12113298 -2.387285 0.19866091 4278848010
0.20385249 -2.3814619 0.19903524 4278848010
0.28262931 -2.3758857 0.19879581 4278848010
0.35809824 -2.3706462 0.20052831 4278848010
0.43910149 -2.3647473 0.19714402 4278848010
0.52261156 -2.3591778 0.20339842 4278848010
0.60601091 -2.3524399 0.20192099 4278848010
0.68569523 -2.3476758 0.20371354 4278782473
0.75939399 -2.3426168 0.20820734 4283195211
0.84043175 -2.3373303 0.21480699 4284900710
0.92011172 -2.3310914 0.21678203 4284900966
0.99392974 -2.3270292 0.22508544 4284900966
1.0599957 -2.3223388 0.22462928 4284900966
1.1789721 -2.3677177 0.20019473 4278215936
1.2341465 -2.363765 0.19850886 4278216192
1.3154995 -2.3517528 0.20034745 4280968746
1.3641117 -2.327424 0.20089246 4284900966
1.5810761 -2.3480215 0.20869589 4278216192
1.6106881 -2.3748479 0.1869228 4278216192
-1.4639083 -2.3067024 0.1741423 4278364419
-1.3987188 -2.2868497 0.19188069 4278366210
-1.3438457 -2.2634778 0.18143097 4278366978
-1.2301921 -2.278357 0.20106311 4278437890
-1.1363785 -2.2594476 0.19664243 4282214462
-1.0860528 -2.2767758 0.19837019 4286940549
-0.99455971 -2.2842374 0.18650503 4285164138
-0.92025638 -2.2858508 0.19235621 4284900966
-0.84806389 -2.2971001 0.20699929 4284966759
-0.76335108 -2.2993507 0.19760683 4285953654
-0.67638099 -2.2838254 0.18769994 4288387995
-0.59297484 -2.2661872 0.18705389 4288387995
-0.52163118 -2.2793984 0.18595821 4288387995
-0.43922898 -2.278605 0.19424304 4288387995
-0.36330375 -2.2810142 0.21048594 4288387995
-0.28187388 -2.2787185 0.22835498 4288387995
-0.23525149 -2.2892261 0.23749918 4288387995
0.040691227 -2.251718 0.22055115 4288387995
0.11277211 -2.2678382 0.23390292 4288387995
0.55930901 -2.2526371 0.16671902 4278847501
0.58920801 -2.2899568 0.16736358 4278782473
0.71219873 -2.2593644 0.18085662 4284900966
0.74550939 -2.2984514 0.18172163 4284900966
0.86715496 -2.2533731 0.19593969 4284900966
0.90394282 -2.2938972 0.19705065 4284900966
1.0354228 -2.2467341 0.21232626 4284900966
1.0913982 -2.3039856 0.21757379 4284900966
1.1900042 -2.3143737 0.20557702 4279723543
1.2325938 -2.2794461 0.20109543 4278216192
1.3274074 -2.2811425 0.19783829 4278216192
1.3858202 -2.2803552 0.20062418 4285032808
1.5147525 -2.2504129 0.2218616 4278542596
1.5499049 -2.2855501 0.19913696 4278215936
-1.2940556 -2.178915 0.19808877 4278436099
-1.2658262 -2.2153928 0.20057847 4278371587
-1.1763008 -2.1996064 0.20121162 4278635270
-0.9699769 -2.2258315 0.16028677 4288387995
-0.9253394 -2.2179646 0.16741429 4288387995
-0.84004229 -2.1943822 0.16760638 4288387995
-0.7624554 -2.2016094 0.17416836 4288387995
-0.66309929 -2.2002001 0.19918399 4288387995
-0.59711856 -2.201756 0.18811239 4288387995
-0.52180058 -2.2029917 0.19957636 4288387995
-0.44124338 -2.2011909 0.21145175 4288387995
-0.36175114 -2.1918247 0.22454786 4288387995
-0.28567359 -2.1919947 0.23107374 4288387995
-0.20097955 -2.1719801 0.18230964 4288387995
-0.11664809 -2.1858468 0.18979557 4288387995
-0.039389476 -2.1933279 0.20359184 4288387995
0.036820471 -2.1998942 0.21715784 4288387995
0.11895495 -2.1949139 0.23114535 4288387995
0.1617204 -2.1650364 0.23699503 4288387995
0.52078038 -2.2045424 0.16588838 4283457103
0.62769294 -2.1602063 0.17866221 4284900966
0.66932791 -2.2090619 0.17974336 4284900966
0.78498697 -2.1628602 0.19345836 4284900966
0.8195864 -2.2009759 0.19450322 4284900966
0.99571157 -2.2057319 0.21096569 4284900966
1.2663537 -2.2137823 0.20046021 4278412803
1.3029032 -2.1905031 0.20024508 4278281729
1.3911979 -2.2015078 0.20042177 4280511267
1.5025059 -2.198216 0.19187008 4278478597
1.5545925 -2.1977353 0.17336561 4278216192
1.6319252 -2.1712697 0.21575388 4278216192
-1.3225081 -2.1205251 0.19967921 4278435331
-1.2255419 -2.1240058 0.19992097 4278241792
-0.89156938 -2.152252 0.16010296 4288387995
-0.84451073 -2.1352165 0.16227816 4288387995
-0.75718212 -2.1106234 0.17775455 4288387995
-0.67246675 -2.1192298 0.18680933 4288387995
-0.59921163 -2.1180253 0.18766953 4288387995
-0.51948637 -2.1225152 0.20117038 4288387995
-0.44221118 -2.1211226 0.21271695 4288387995
-0.35978821 -2.1137595 0.22429152 4288387995
-0.27747568 -2.1192279 0.20550518 4288387995
-0.19986148 -2.1157486 0.19526502 4288387995
-0.12163982 -2.1149464 0.20365606 4288387995
-0.04086889 -2.107326 0.20974472 4288387995
0.036508009 -2.1186926 0.21456824 4288387995
0.11954282 -2.1148958 0.22704449 4288387995
0.17979211 -2.1375699 0.23868768 4288387995
0.4472529 -2.1127632 0.16430323 4284835431
0.48330879 -2.1577697 0.16508055 4284835684
0.58768922 -2.1132686 0.17762344 4284900966
0.71859956 -2.0897334 0.19145358 4284900966
0.7513994 -2.125864 0.19244407 4284900966
1.3263059 -2.1205027 0.2014212 4278347266
1.4140419 -2.1204221 0.19461152 4278216192
1.4605879 -2.1081393 0.19605446 4278609670
-1.6390734 -2.0068278 0.20056687 4278420483
-1.5586593 -2.0075967 0.20050997 4278360066
-1.4806302 -2.0090704 0.19965234 4278363906
-1.3898398 -2.0229757 0.19968973 4278430723
-1.3324338 -2.0510969 0.20012645 4278369538
-1.2649127 -2.062444 0.20011275 4278306817
-0.75303775 -2.0266409 0.18434055 4288387995
-0.67721492 -2.0331142 0.17540567 4288387995
-0.60173124 -2.0406706 0.18522808 4288387995
-0.52302134 -2.0424438 0.19834413 4288387995
-0.44163597 -2.0397968 0.2111081 4288387995
-0.36311403 -2.0397823 0.2224149 4288387995
-0.27997991 -2.0341263 0.20952713 4288387995
-0.20146285 -2.0362806 0.18670951 4288387995
-0.12059674 -2.0341914 0.19658776 4288387995
-0.040993467 -2.0330148 0.20655376 4288387995
0.03912659 -2.0343118 0.21867147 4288387995
0.11885446 -2.0386021 0.22707072 4288387995
0.18585552 -2.0402794 0.23462963 4288387995
0.37834597 -2.0267496 0.16281767 4284900966
0.41216516 -2.0689597 0.16354674 4284900966
0.52074242 -2.0347133 0.17588498 4284900966
0.68673587 -2.054637 0.19049138 4284900966
1.3505695 -2.0644128 0.19953179 4278216192
1.382055 -2.0330634 0.20068422 4278215936
1.4728433 -2.0390518 0.19558129 4278215936
1.5594064 -2.0201423 0.19800347 4278216192
1.6472059 -2.0101225 0.20017791 4278216192
-1.6358786 -1.9962324 0.19994074 4278358274
-1.5603193 -1.9906631 0.20010503 4278362370
-1.4805658 -1.990729 0.19990496 4278299649
-1.4062632 -1.9912804 0.20110486 4278432515
-1.3311369 -1.9880356 0.20044881 4278370050
-0.82434601 -1.9500161 0.16672495 4288387995
-0.75410068 -1.9547973 0.16924259 4288387995
-0.68051326 -1.9612218 0.17262082 4288387995
-0.60007048 -1.965555 0.18573289 4288387995
-0.52062601 -1.9638684 0.19613498 4288387995
-0.4385882 -1.9617333 0.20719533 4288387995
-0.36718461 -1.9662191 0.21000822 4288387995
-0.28117523 -1.9553418 0.20478413 4288387995
-0.19462696 -1.9601822 0.18644211 4288387995
-0.12461849 -1.9531003 0.19521068 4288387995
-0.039727136 -1.9546776 0.2001988 4288387995
0.035672002 -1.9553244 0.209663 4288387995
0.1193112 -1.9662657 0.22232829 4288387995
0.19976662 -1.970193 0.23167592 4288387995
0.28097314 -1.9617084 0.22386496 4287861651
0.33674592 -1.9594618 0.19736996 4286611584
0.45735931 -1.9603395 0.17423905 4284900966
1.4122527 -1.9966097 0.20191804 4278216192
1.4726107 -1.9950726 0.1989053 4278674951
1.5620193 -1.995259 0.19987668 4278216192
1.6405568 -1.9944787 0.19967404 4278216192
-0.81942683 -1.9170766 0.16121417 4288387995
-0.75081879 -1.9018011 0.1625028 4288387995
-0.67749262 -1.8892281 0.16454071 4288387995
-0.6017639 -1.8839552 0.16800222 4288387995
-0.51704919 -1.8707013 0.17458872 4288387995
-0.44170353 -1.8713279 0.18050459 4288387995
-0.36214814 -1.8805792 0.18899456 4288387995
-0.28605929 -1.8782473 0.19342838 4288387995
-0.20021352 -1.8831263 0.1913951 4288387995
-0.12286165 -1.8776842 0.19209601 4288387995
-0.040661145 -1.8757489 0.19219166 4288387995
0.040205173 -1.880198 0.20243505 4288387995
0.11947711 -1.8845003 0.21296625 4288387995
0.19846204 -1.8914871 0.22446081 4288387995
0.25684521 -1.874106 0.20119934 4286874756
0.42265916 -1.9196258 0.173338 4284900966
1.4949145 -1.8894025 0.21385553 4287996822
-0.67168438 -1.7883857 0.16399932 4288387995
-0.6005916 -1.8043751 0.17054909 4288387995
-0.51688558 -1.8125283 0.17839909 4288387995
-0.43555886 -1.8044276 0.17630103 4288387995
-0.35891315 -1.8015579 0.17693883 4288387995
-0.28456485 -1.7974277 0.1850602 4288387995
-0.19774324 -1.8009695 0.19003314 4288387995
-0.12142655 -1.7995256 0.17969887 4288387995
-0.042061768 -1.802183 0.18395044 4288387995
0.037639 -1.8031095 0.1958141 4288387995
0.11483499 -1.8046176 0.20906569 4288387995
0.20052479 -1.7990527 0.2245046 4288387995
0.27279556 -1.7984308 0.23700969 4288387995
1.4141811 -1.8092346 0.16087359 4287407244
1.5252211 -1.8266956 0.23202547 4288519581
1.6598606 -1.7842181 0.16548905 4288387995
1.6957525 -1.8280016 0.16598071 4288387995
-0.6596719 -1.7235743 0.16432756 4288387995
-0.59461534 -1.7210095 0.17315909 4288387995
-0.52040446 -1.7236865 0.18334681 4288387995
-0.44013101 -1.7238501 0.19431143 4288387995
-0.3510496 -1.7128351 0.20625253 4288387995
-0.26583484 -1.7307551 0.1942654 4288387995
-0.20122628 -1.7277392 0.18800922 4288387995
-0.11927032 -1.722891 0.16562131 4288387995
-0.040330157 -1.7181934 0.17847306 4288387995
0.036635451 -1.7208658 0.19196568 4288387995
0.11721005 -1.7198206 0.20588931 4288387995
0.19880877 -1.7172582 0.21991077 4288387995
0.26672071 -1.7256067 0.2321309 4288387995
1.4603735 -1.7213647 0.18871038 4287995287
1.590114 -1.6991309 0.16453362 4288387995
1.6202877 -1.73594 0.16494697 4288387995
-1.6564914 -1.6170685 0.23636673 4288387995
-0.64620453 -1.6509308 0.16469567 4288387995
-0.6004442 -1.6386707 0.1706962 4288387995
-0.52882564 -1.6391665 0.18048565 4288387995
-0.44812283 -1.6383953 0.1914901 4288387995
-0.37247989 -1.6441637 0.2019359 4288387995
-0.27186182 -1.6339135 0.21546783 4288387995
-0.16796905 -1.64039 0.22978553 4288387995
-0.1180031 -1.6539948 0.18123747 4288387995
-0.045216702 -1.6672443 0.17494935 4288387995
0.037429117 -1.6544141 0.18861319 4288387995
0.12039418 -1.642687 0.20239022 4288387995
0.19698067 -1.6353022 0.21528906 4288387995
0.27952451 -1.6480776 0.23028012 4288387995
0.3321307 -1.6129962 0.23756379 4288387995
1.5094714 -1.6228044 0.18927121 4288322716
1.5479857 -1.6477371 0.16395654 4288387995
-1.6389856 -1.5603945 0.22798042 4288387995
-1.5709516 -1.5454475 0.23721199 4288387995
-0.60710675 -1.5574346 0.16814171 4288387995
-0.51728898 -1.562335 0.18050553 4288387995
-0.43727171 -1.5556229 0.19129615 4288387995
-0.37195778 -1.5639582 0.20038347 4288387995
-0.30367875 -1.5570829 0.20956777 4288387995
-0.23108575 -1.561903 0.21957788 4288387995
-0.14889386 -1.5595262 0.23075312 4288387995
0.21317244 -1.596027 0.21603516 4288387995
0.28539616 -1.581221 0.22778714 4288387995
0.35195193 -1.5788698 0.23921013 4288387995
1.4298496 -1.5708649 0.16645235 4288583834
1.476317 -1.5583873 0.16529633 4288387995
1.5316471 -1.5857911 0.23166187 4288387997
-1.6412261 -1.478817 0.2109587 4288387995
-1.5639887 -1.4781049 0.22475022 4288387995
-1.4952538 -1.4581473 0.23308744 4288387995
-0.65216994 -1.4631619 0.16007961 4288387995
-0.59226668 -1.4783475 0.16856696 4288387995
-0.52350366 -1.4818816 0.17802811 4288387995
-0.44328013 -1.4787086 0.1889185 4288387995
-0.35455409 -1.4820751 0.20110211 4288387995
-0.28694063 -1.4808509 0.21030997 4288387995
-0.21369 -1.4853731 0.22040388 4288387995
-0.13007119 -1.4797316 0.2317079 4288387995
1.4080664 -1.4770447 0.16203988 4288387995
1.4641767 -1.4962082 0.18132654 4288387995
-1.6436642 -1.3981999 0.19409701 4288387995
-1.5619442 -1.3994954 0.20910613 4288387995
-1.4866098 -1.4084558 0.22452462 4288387995
-1.4323492 -1.4184382 0.23634911 4288387995
-1.0657557 -1.3706962 0.19884109 4282019130
-1.0009392 -1.3740913 0.22367242 4288124823
-0.94721329 -1.3709055 0.23051858 4288387995
-0.64357984 -1.4157292 0.16029236 4288387995
-0.60175437 -1.3965127 0.16561452 4288387995
-0.52575564 -1.395061 0.17596275 4288387995
-0.43785048 -1.4054718 0.18817703 4288387995
-0.35595706 -1.3914458 0.19907571 4288387995
-0.2691215 -1.3996937 0.21110006 4288387995
-0.19450738 -1.4009818 0.22131471 4288387995
-0.11159925 -1.4014299 0.23264492 4288387995
1.336154 -1.3893176 0.16105478 4288387995
1.3700714 -1.4306918 0.16151941 4288387995
1.4883286 -1.3874511 0.19420333 4288256921
1.5370785 -1.3821671 0.23135439 4288387997
1.6625793 -1.3842057 0.17732677 4288387995
-1.6438102 -1.3251624 0.1791929 4288387995
-1.5766671 -1.3455791 0.19546685 4288387995
-1.1296628 -1.3030025 0.19296621 4283914071
-1.0821059 -1.345651 0.19410624 4283851862
-0.99989474 -1.3425436 0.1849793 4288322202
-0.92415202 -1.3221822 0.19067052 4288387995
-0.84297824 -1.2919134 0.1719465 4288387995
-0.78962314 -1.284245 0.1657351 4288387995
-0.60349303 -1.3162613 0.16375242 4288387995
-0.51983112 -1.3215095 0.17528263 4288387995
-0.43916529 -1.3180463 0.18622759 4288387995
-0.36331919 -1.3276883 0.19677956 4288387995
-0.27311531 -1.3136708 0.20881313 4288387995
-0.17584009 -1.3188586 0.22220108 4288387995
-0.092823297 -1.3218368 0.23359735 4285953654
-0.034818351 -1.2858181 0.1811336 4284900966
1.0966455 -1.3271856 0.1677411 4288387995
1.2709708 -1.3192109 0.17216431 4288387995
1.2941972 -1.3435516 0.16717716 4288387995
1.4871726 -1.3304619 0.19483334 4288387739
1.5833888 -1.2966144 0.17597818 4288387995
1.6225538 -1.3399332 0.17664513 4288387995
-1.6884146 -1.2744801 0.16082053 4288387995
-1.6772789 -1.2785983 0.16366869 4288387995
-1.2079835 -1.2045026 0.20001215 4284900966
-1.1499747 -1.2338628 0.19577222 4285229931
-1.098177 -1.248826 0.19869588 4286151033
-1.0079216 -1.2176323 0.20001423 4289967027
-0.88585335 -1.2787418 0.19541088 4288387995
-0.82999527 -1.2570161 0.20199549 4288387995
-0.75972539 -1.2430983 0.19746335 4288387995
-0.68338853 -1.2294157 0.19116688 4288387995
-0.59965342 -1.2256299 0.17519988 4288387995
-0.52375782 -1.2270802 0.17152524 4288387995
-0.44266003 -1.2338873 0.18404645 4288387995
-0.36646795 -1.2422653 0.19462007 4288387995
-0.29589832 -1.242056 0.20425221 4288387995
-0.21231692 -1.2447878 0.21572046 4288322202
-0.10879014 -1.2197464 0.20309664 4284045657
-0.04161245 -1.2480695 0.19781658 4284506208
0.029826686 -1.2490765 0.19994502 4286679937
0.10497527 -1.2103102 0.19939835 4290229943
0.6328125 -1.2344209 0.23366256 4284900966
1.0111572 -1.2223023 0.20106223 4284835173
1.0740401 -1.2337635 0.19983622 4285229931
1.1521032 -1.2387325 0.2003094 4288322202
1.429671 -1.2343872 0.16010556 4288256150
1.4923686 -1.2146261 0.17559129 4288322202
1.5482366 -1.2358155 0.17739221 4288322458
1.6453121 -1.2281024 0.16494177 4288387995
-1.3200667 -1.1513711 0.18574512 4284900966
-1.22917 -1.1562387 0.19653185 4284900966
-1.1581372 -1.1663779 0.19867997 4284900966
-1.1176717 -1.1595808 0.20035021 4284900966
-0.97048753 -1.1765319 0.20009221 4291085508
-0.94303679 -1.1404123 0.20069894 4290098613
-0.73202193 -1.1947773 0.23660246 4288387995
-0.67426372 -1.1869898 0.2293878 4288387995
-0.59907138 -1.1798798 0.21643952 4288387995
-0.51794022 -1.1678766 0.20741262 4288387995
-0.44172964 -1.1631554 0.19425406 4288387995
-0.36048111 -1.1526572 0.18846549 4288387995
-0.28045934 -1.1447906 0.18400246 4288387995
-0.20113598 -1.1468867 0.20416443 4287664272
-0.13759793 -1.1626879 0.20071325 4284177243
0.13773911 -1.1571159 0.20056108 4290888129
0.21531391 -1.1446097 0.19926311 4284900966
0.40785551 -1.1860287 0.21512771 4284900966
0.95281726 -1.144454 0.2022448 4284704355
0.98399115 -1.1826304 0.19932312 4284900966
1.083009 -1.1979713 0.19979541 4284900966
1.4152212 -1.1976173 0.16157448 4288387995
1.4787573 -1.1733739 0.17999989 4288387738
1.6510801 -1.1387835 0.17518178 4286808963
-1.6572169 -1.0645604 0.16744876 4288387995
-1.3283056 -1.0996855 0.18866366 4284966759
-1.233263 -1.082969 0.19857687 4284967015
-1.1956718 -1.1134821 0.18561743 4284900966
-0.96273357 -1.0479219 0.2001863 4290361785
-0.9439736 -1.0835768 0.19894327 4289967027
-0.42046654 -1.1146668 0.23409191 4288387995
-0.35829484 -1.1056228 0.22695741 4288387995
-0.27940577 -1.0997863 0.21251674 4288387995
-0.18954568 -1.090232 0.20741177 4287203721
-0.13243198 -1.0800635 0.19979434 4285229931
-0.051736847 -1.0613918 0.19813389 4285756275
0.039573625 -1.0608441 0.17688929 4287927444
0.14573802 -1.0808103 0.19894655 4290624957
0.76521462 -1.0433443 0.16037638 4288387995
0.83856642 -1.050976 0.16170442 4288387995
0.94445843 -1.0806592 0.19953971 4284704355
1.0125643 -1.0617924 0.20067944 4286611584
1.2423726 -1.0463274 0.20009959 4290427578
1.452826 -1.0632312 0.17170466 4288322970
1.5766253 -1.0862789 0.22987856 4290230199
1.6292197 -1.0674793 0.19766858 4290559164
-1.6619482 -1.0002701 0.1843331 4288387995
-1.2291901 -1.0038897 0.2001722 4284637794
-1.1713732 -0.96967518 0.19918299 4284900966
-1.0719407 -0.98120093 0.20014369 4285098345
-0.99674135 -0.99662662 0.19965951 4288190616
-0.94854915 -1.0296036 0.19566195 4287598479
-0.2714476 -0.99916261 0.16155592 4284900966
-0.18213415 -0.98956853 0.17061098 4284900966
-0.11432205 -1.003551 0.20234695 4285164138
-0.06253773 -0.98111194 0.20646159 4284769380
0.056778643 -0.97748017 0.20281392 4286677377
0.11182153 -1.0014834 0.20078065 4288059286
0.19591081 -0.99749261 0.18964824 4288387995
0.26190048 -0.99304873 0.17715004 4288387995
0.34192589 -0.97491723 0.17416865 4288059030
0.42111933 -0.96702218 0.16161762 4284900966
0.75666451 -0.97373211 0.1686053 4288387995
0.83930576 -0.97995079 0.17039172 4288387995
0.95075786 -1.0225776 0.19654725 4285229931
0.99655056 -0.99579042 0.20008874 4284638050
1.0521361 -0.98044699 0.19991677 4279834905
1.1753587 -0.97234762 0.20003465 4287203721
1.220461 -1.0075771 0.19864197 4289112998
1.3000114 -0.96623689 0.20059349 4278848010
1.4973137 -0.9993611 0.19889872 4288453532
1.6574985 -1.0187482 0.209337 4288980132
-1.648806 -0.92104888 0.18111265 4288387995
-1.5618945 -0.90858245 0.16719992 4288387995
-1.4885167 -0.89947784 0.16430712 4288387995
-1.4049503 -0.88714635 0.16149853 4288387995
-1.2043884 -0.95228165 0.1999899 4284900966
-1.1545517 -0.93171322 0.19899289 4285032552
-1.0871334 -0.94159293 0.20070118 4285098345
-1.0322546 -0.9589113 0.20089868 4286611584
-0.27862978 -0.91817743 0.16564183 4284900966
-0.19956811 -0.91936809 0.17308746 4284900966
-0.11969757 -0.92160267 0.20623195 4284900966
-0.032804381 -0.95228654 0.20007981 4284572769
0.025668675 -0.95289737 0.19990009 4285032552
0.21436366 -0.95041871 0.22994372 4288387995
0.27780545 -0.941163 0.22268941 4288387995
0.35158452 -0.92934489 0.21440524 4288453788
0.44498196 -0.92172933 0.1988382 4287927444
0.52230597 -0.91012764 0.19030322 4287335307
0.59759688 -0.89983791 0.18103045 4286019447
0.69803059 -0.88710129 0.16771604 4284900966
0.8785435 -0.90980786 0.18015741 4288387995
0.92899072 -0.91213179 0.18142723 4288387995
1.0205622 -0.95077866 0.20031159 4285164138
1.0818865 -0.94267339 0.19969878 4284243036
1.1512884 -0.93516988 0.20050801 4283519313
1.2375321 -0.92195147 0.20149799 4278979596
1.2830658 -0.94868833 0.20028982 4278848010
1.4727015 -0.91607517 0.18165658 4288518556
1.5391378 -0.93931961 0.22446465 4288387992
-1.6429265 -0.84369457 0.19520144 4288387995
-1.5593724 -0.83955663 0.1841116 4288387995
-1.4788804 -0.84026748 0.1782898 4288387995
-1.3987451 -0.83957577 0.17284025 4288387995
-1.3259411 -0.83570719 0.16869149 4288387995
-1.2692045 -0.81119394 0.16186097 4288322202
-1.081724 -0.87778318 0.19619656 4284900966
-0.30379727 -0.86394674 0.1664426 4284900966
-0.19775116 -0.87069654 0.17612612 4284900966
-0.10327832 -0.87595391 0.20955728 4284900966
0.30414268 -0.82471257 0.19386484 4288914339
0.36258978 -0.83013195 0.20451441 4288716960
0.44140443 -0.83064413 0.20613477 4287927444
0.51933205 -0.83570838 0.20017628 4286743170
0.5884704 -0.83959562 0.1981248 4286743170
0.69858146 -0.83953714 0.1959739 4286611584
0.76332366 -0.8374238 0.19861338 4286282619
0.83203071 -0.82582921 0.1922581 4285493103
0.90451747 -0.81360644 0.18554381 4284900966
1.0835385 -0.83923388 0.19507988 4288387995
1.1746566 -0.84788066 0.1904636 4288387995
1.2333033 -0.85071021 0.19213077 4288387995
1.3231753 -0.84322071 0.20197368 4288387995
1.3789709 -0.84414846 0.20357879 4288322202
1.4849396 -0.82885915 0.18784736 4288387739
1.5428734 -0.82118934 0.2246591 4288387995
-1.6425399 -0.761545 0.20925817 4288387995
-1.5600091 -0.76217091 0.20331441 4288387995
-1.4835068 -0.75891227 0.1987552 4288387995
-1.4000282 -0.76237673 0.19204228 4288387995
-1.3175875 -0.75900918 0.18365139 4288387995
-1.2719017 -0.75488865 0.17454363 4288256409
0.31744894 -0.78289014 0.16852652 4287927444
0.35913342 -0.78850961 0.17151184 4287598479
0.42772463 -0.79522395 0.16828251 4286611584
0.61631042 -0.75455707 0.20226198 4287269514
0.66747421 -0.76017594 0.16094103 4284900966
0.77931076 -0.7629391 0.20410775 4286611584
0.82301253 -0.76730418 0.1855917 4285756275
0.90631264 -0.78024167 0.21696682 4286414205
0.98090619 -0.75398993 0.1995756 4285427310
1.0664083 -0.74107504 0.21376678 4284835173
1.1528502 -0.73032284 0.20210642 4284900966
1.2599664 -0.75590569 0.21067879 4288387995
1.3277802 -0.75501019 0.21287651 4288387995
1.3986254 -0.75407481 0.2151725 4288387995
1.475844 -0.75867033 0.19522464 4288387738
1.5465833 -0.7439639 0.21985634 4288322459
1.6167089 -0.75119418 0.22224022 4288518556
-1.6374995 -0.68425995 0.2280378 4288387995
-1.5608277 -0.67694438 0.22447117 4288387995
-1.4789585 -0.68186218 0.21751136 4288387995
-1.3989564 -0.68183297 0.2119071 4288387995
-1.3074884 -0.67929476 0.18992917 4288387995
-1.2626482 -0.67685568 0.19568783 4288387995
0.62719446 -0.69693577 0.18802278 4286348412
0.65512025 -0.67168742 0.19441128 4288585374
0.75526452 -0.67957062 0.1705168 4284900966
0.92844373 -0.67948735 0.18278979 4284900966
1.1093111 -0.65361375 0.19668134 4284900966
1.1480457 -0.69595021 0.20732018 4284900966
1.2489693 -0.68570614 0.22034675 4284900966
1.3492328 -0.65292758 0.21990891 4284900966
1.3695364 -0.67169893 0.2143649 4284900966
1.487903 -0.6673547 0.20231724 4288322459
1.5486913 -0.66751432 0.22590376 4288387740
1.6414056 -0.65202731 0.23509841 4288387995
-1.6091563 -0.63128394 0.23916484 4288387995
-1.5461696 -0.6243363 0.236467 4288387995
-1.4731643 -0.61468381 0.23373619 4288387995
-1.3977108 -0.60571009 0.23066528 4288387995
-1.312975 -0.59950775 0.19611557 4288387995
-1.257828 -0.59806776 0.21250466 4288387995
0.68568873 -0.59797531 0.19073792 4288387995
0.85372221 -0.59124458 0.18116964 4286808963
0.88824821 -0.63201571 0.18191825 4284900966
1.0325434 -0.56867057 0.19477877 4284900966
1.0646207 -0.6041621 0.19557378 4284900966
1.270781 -0.57010061 0.21159811 4284900966
1.3114004 -0.61188847 0.21273614 4284900966
1.4771954 -0.60167414 0.20063496 4287203721
1.5623871 -0.59196877 0.22780621 4286216569
1.6108099 -0.61884087 0.23365952 4284900966
-1.3663138 -0.48459363 0.16064613 4288387995
-1.3186493 -0.52273196 0.18777798 4288387995
-1.2576942 -0.52732921 0.22338006 4288322202
-1.1941439 -0.53058243 0.23498626 4288387995
0.61965191 -0.50971943 0.16798009 4288387995
0.7004956 -0.53753477 0.20091207 4288519581
0.75159258 -0.50216079 0.18357857 4288651167
0.81319124 -0.54337853 0.18029082 4288387995
0.95342588 -0.48113102 0.19281793 4288387995
0.99732083 -0.52969724 0.19390583 4287598479
1.1915016 -0.48853633 0.20937701 4288387995
1.2276065 -0.5256812 0.21038854 4284900966
1.488289 -0.50773877 0.20796882 4286479998
1.5436447 -0.53282928 0.22824663 4286611584
-1.3704408 -0.43570924 0.1671502 4288387995
-1.3198071 -0.441351 0.1986229 4288387995
-1.2669933 -0.44362661 0.23212615 4288322202
-1.0628426 -0.42669529 0.16440175 4288322202
0.20927155 -0.42640516 0.23199384 4288387995
0.27507848 -0.41714478 0.23476145 4288387995
0.34851125 -0.40615982 0.23761019 4288387995
0.54807568 -0.4200736 0.16664124 4288387995
0.57700986 -0.45631346 0.16718248 4288387995
0.70411986 -0.41457143 0.17792583 4288387995
0.74961096 -0.44230199 0.19633545 4288453788
0.91836041 -0.44232988 0.19194889 4288387995
1.1125118 -0.40726694 0.207164 4288387995
1.1511871 -0.44705901 0.20824756 4288387995
1.4119934 -0.43040353 0.22741888 4286874756
1.4762533 -0.4489162 0.20065056 4287072134
1.5537283 -0.43578881 0.22444387 4288387995
-1.3824642 -0.35723656 0.17412347 4288387995
-1.3206357 -0.3623836 0.21288052 4288387995
-1.2749333 -0.38981086 0.23710458 4288387995
-1.0742613 -0.35481104 0.16840033 4288387995
-1.027953 -0.35219666 0.17991476 4288387995
0.22885725 -0.38375211 0.21813674 4288387995
0.28035051 -0.35999811 0.21422814 4288387995
0.36122429 -0.35846269 0.22125222 4288387995
0.44083974 -0.35334036 0.22470553 4288387995
0.51680338 -0.34881681 0.21886581 4288387995
0.59774089 -0.33386174 0.22960836 4288387995
0.66695881 -0.34603268 0.20738479 4288387995
0.78183097 -0.36536017 0.20510352 4288453788
0.8267957 -0.34931394 0.18334894 4288782753
1.0340053 -0.32650095 0.20496453 4288387995
1.0695864 -0.36310592 0.20596141 4288387995
1.1721168 -0.32266507 0.19625793 4278216192
1.3292522 -0.3519792 0.22482169 4288387995
1.3694819 -0.39011103 0.22608444 4288387995
1.4900428 -0.36285168 0.18246996 4288387995
1.5530877 -0.35545608 0.22254705 4288387995
-1.3931167 -0.27807724 0.18210585 4288387995
-1.3297535 -0.28409633 0.2216858 4288387995
-1.1276242 -0.27352938 0.16307849 4288387995
-1.0795971 -0.27884671 0.17426336 4288387995
-1.0154738 -0.27560306 0.19017227 4288322202
-0.83484036 -0.25463545 0.20389169 4279045389
-0.66066945 -0.31312388 0.20012668 4284900966
-0.62414491 -0.28942257 0.19574213 4284900966
0.29910713 -0.29298812 0.19133101 4288387995
0.35976064 -0.27938092 0.19201565 4288387995
0.44118747 -0.28118661 0.19886208 4288387995
0.52044523 -0.28009155 0.20735537 4288387995
0.59924847 -0.27920994 0.20956196 4288387995
0.68014836 -0.27729255 0.22131155 4288387995
0.74433547 -0.27446231 0.21448138 4288387995
0.82155842 -0.27794781 0.19852741 4288519581
0.95621395 -0.24646702 0.20278512 4288387995
0.99357677 -0.2849074 0.2038319 4288387995
1.0787956 -0.28060919 0.1987915 4278216192
1.1322126 -0.3151184 0.20829979 4278216192
1.245388 -0.27249283 0.22218928 4288387995
1.2894859 -0.31428736 0.22357348 4288387995
1.4870067 -0.28192675 0.17903429 4288322459
1.5535642 -0.27893609 0.22143368 4288387995
-1.4465445 -0.18890727 0.16448306 4288387995
-1.4009237 -0.20118421 0.19149196 4288387995
-1.3429006 -0.206829 0.22771114 4288387995
-1.1518043 -0.17689404 0.19216789 4285229931
-1.091727 -0.17685321 0.19593039 4286151033
-1.0059211 -0.19782706 0.19982901 4288387995
-0.95868582 -0.16367495 0.21454236 4288322202
-0.81752729 -0.19946928 0.20313799 4279045389
-0.10897321 -0.18451191 0.20078002 4284900966
-0.032756954 -0.1985168 0.19984758 4285887861
0.039069913 -0.18972521 0.19978049 4285295724
0.09131895 -0.17023562 0.19893795 4279856921
0.36911875 -0.21748048 0.17011659 4288387995
0.44183797 -0.20454256 0.1721797 4288387995
0.51881492 -0.2003397 0.17785661 4288387995
0.60001624 -0.19900124 0.18498383 4288387995
0.68121445 -0.20107277 0.19288807 4288387995
0.73951554 -0.20018277 0.19732855 4288387995
0.85454959 -0.19886534 0.20076784 4288519581
0.91614002 -0.20523618 0.20166242 4288387995
1.0334946 -0.19327354 0.19967774 4281692725
1.0440872 -0.23540901 0.19880252 4278216192
1.1647729 -0.19608538 0.21965885 4288387995
1.2040076 -0.23327309 0.22089037 4288387995
1.4928557 -0.1977341 0.18120557 4288387995
1.5526423 -0.19574434 0.2193045 4288387995
-1.4577026 -0.11684426 0.17081136 4288387995
-1.3987972 -0.12127247 0.2078252 4288387995
-1.3216106 -0.11470922 0.23094057 4286874756
-1.234198 -0.11666763 0.19937544 4282729797
-1.1591706 -0.13712744 0.20036586 4284637794
-1.0792389 -0.13561925 0.20087796 4286874756
-0.99834043 -0.11786046 0.20132372 4289967027
-0.93567377 -0.10522488 0.20201884 4290559164
-0.82771659 -0.12306575 0.20213997 4279045389
-0.16422316 -0.095551677 0.19960983 4284900966
-0.11652443 -0.11491608 0.20004636 4284900966
-0.046700973 -0.1361637 0.19975962 4284966759
0.040945739 -0.14434974 0.19972657 4287335307
0.10939663 -0.11504921 0.20014876 4288915619
0.5396474 -0.15439901 0.16290694 4288387995
0.60397387 -0.14413902 0.16516782 4288387995
0.68474597 -0.13451427 0.16920577 4288387995
0.74320585 -0.1252723 0.1712908 4288387995
0.8617453 -0.13698803 0.21255277 4288387995
0.90290982 -0.10732871 0.19506375 4288124823
1.0028636 -0.11066745 0.20029651 4284966759
1.0743418 -0.13462023 0.20071162 4285427310
1.1552058 -0.13509662 0.1991988 4287862674
1.2136379 -0.099709459 0.20209004 4290559164
1.3531582 -0.082001865 0.23775521 4288387995
1.3858902 -0.11026195 0.23889787 4288387995
1.4913585 -0.11593066 0.1787352 4288387995
1.5548091 -0.12097093 0.21930158 4288387995
-1.4676851 -0.041017152 0.17860019 4288387995
-1.406296 -0.04309072 0.21765071 4288387995
-1.2932284 -0.042826179 0.20429772 4284835173
-1.2594833 -0.041422978 0.1967236 4282668869
-1.1687719 -0.044757567 0.19943589 4284900966
-0.9818846 -0.053230081 0.2025104 4290888129
-0.93059498 -0.039437167 0.20089777 4288716960
-0.86451036 -0.067836717 0.19970952 4279111182
-0.56383467 -0.028311282 0.23651561 4288387995
-0.55414957 -0.013391793 0.23559684 4288387995
-0.16673243 -0.058730721 0.19991563 4284900966
-0.13585635 -0.040050849 0.20149007 4284703587
-0.075711608 -0.045926012 0.1978375 4284900966
0.1472663 -0.045562621 0.19918916 4291282887
0.16258669 -0.028996579 0.19937153 4291414473
0.94063997 -0.036481593 0.20190366 4285887861
0.98190022 -0.046406448 0.20103459 4284900966
1.083789 -0.061180376 0.2074156 4284900966
1.2431221 -0.040381543 0.20175892 4291348680
1.3390694 -0.06984663 0.23726329 4288387995
1.4912003 -0.037397981 0.17717962 4288387995
1.5554923 -0.040344324 0.21824372 4288387995
1.6715477 -0.019154334 0.22704795 4291348680
1.6954879 -0.020837864 0.18961094 4291217094
-1.4784638 0.038714636 0.18660894 4288387995
-1.4164724 0.036844674 0.22608446 4288387995
-1.2404989 0.043550968 0.20001537 4284900966
-1.1923928 0.01549924 0.19458871 4284900966
-0.96657223 0.064383864 0.201748 4289769648
-0.94760275 0.028553771 0.20091794 4290756543
-0.51917702 0.040816445 0.23230089 4288387995
-0.43869698 0.057209272 0.2183657 4288387995
-0.13611814 0.039535526 0.20016763 4284572257
0.1438164 0.039885025 0.19865841 4290295992
0.9467023 0.032503285 0.20066758 4284966759
0.97613078 0.046910409 0.19853769 4284966759
1.2425748 0.038421728 0.19995958 4290624957
1.4932586 0.043023136 0.17700268 4288387995
1.5554031 0.040943399 0.21668109 4288387995
1.6751589 0.018197712 0.23121552 4290888129
-1.5347697 0.12941132 0.16742265 4288387995
-1.4784046 0.11846946 0.20158432 4288387995
-1.4218137 0.12496134 0.2186552 4288387995
-1.2901288 0.12789479 0.16138174 4288387995
-1.2107401 0.10147729 0.20205267 4284900966
-1.1576372 0.13304 0.19820665 4284900966
-1.076504 0.14563417 0.19926669 4285164138
-1.0005577 0.11021992 0.1995918 4287993237
-0.95809883 0.091684878 0.23875991 4288387995
-0.51195341 0.11148386 0.23510528 4288387995
-0.44331554 0.12196718 0.22301547 4288387995
-0.36303544 0.11669178 0.20784761 4288387995
-0.28237879 0.14264846 0.19444036 4288387995
-0.10956784 0.10839324 0.20077978 4284639074
-0.04548981 0.14593752 0.20031001 4284900966
0.039814442 0.14658929 0.19915141 4285361517
0.10534853 0.10755783 0.2010752 4287861651
0.78890729 0.15206245 0.17291196 4278848010
0.95726514 0.080109596 0.23012522 4284900966
0.99594659 0.12047838 0.20022117 4285229931
1.0821834 0.14700042 0.20021121 4285624689
1.1505332 0.13806967 0.20029576 4286348412
1.2149314 0.094803371 0.19995444 4288124823
1.4954438 0.12193406 0.17693475 4288387995
1.5558659 0.1217581 0.21547915 4288387995
-1.540313 0.20723908 0.17843817 4288387995
-1.4758213 0.20165204 0.19877072 4288387995
-1.4010587 0.19798681 0.16589579 4288387995
-1.3172891 0.21020666 0.17069437 4288387995
-1.2778329 0.19747213 0.17450912 4288322202
-0.49447584 0.20953593 0.23761627 4288387995
-0.44262934 0.1966455 0.22726479 4288387995
-0.36490262 0.2027266 0.21323505 4288387995
-0.28247049 0.20010599 0.19782442 4288387995
-0.20751257 0.19742033 0.18379326 4288387995
-0.12894917 0.22266443 0.17073157 4288387995
-0.07839787 0.23870465 0.16231512 4288387995
0.71977258 0.1926282 0.2358551 4278848010
0.7684235 0.20189379 0.21164788 4278913803
0.8362 0.21074992 0.18904065 4282335039
0.92176676 0.22185539 0.19591585 4284900966
1.0092101 0.1960547 0.20028165 4284905318
1.0627542 0.20028609 0.19673666 4283200588
1.495441 0.1991182 0.17550327 4288387995
1.5585063 0.20201549 0.21568424 4288387995
-1.5479667 0.28521317 0.17634466 4288387995
-1.4871004 0.2779741 0.1909539 4288387995
-1.3950278 0.2841295 0.17261033 4288387995
-1.3150151 0.28338546 0.17712386 4288387995
-1.2494936 0.27721232 0.18783833 4288322202
-1.1700046 0.2941376 0.19867502 4288387995
-0.48237526 0.24096954 0.23721884 4288387995
-0.43816146 0.27562174 0.23106629 4288387995
-0.35774097 0.27861908 0.21635693 4288387995
-0.27843121 0.2796489 0.20173824 4288387995
-0.19870618 0.27827471 0.18690164 4288387995
-0.12136389 0.27973494 0.1726722 4288387995
-0.063143447 0.28948033 0.16246742 4288387995
0.78495544 0.24424057 0.23614949 4282400832
0.839634 0.24696188 0.22979079 4284900966
0.89951515 0.24393557 0.23182863 4284900966
1.0358107 0.24907836 0.22702889 4288387995
1.0663079 0.27776143 0.19815998 4287206537
1.4974195 0.27604052 0.17535102 4288387995
1.5608336 0.28223169 0.21568966 4288387995
-1.6185008 0.3820596 0.16353558 4288387995
-1.5624177 0.35959706 0.17868179 4288387995
-1.4858332 0.35962635 0.18608241 4288387995
-1.3902693 0.36164227 0.1766067 4288387995
-1.320353 0.36101645 0.18252136 4288387995
-1.2494413 0.3587454 0.19600363 4288387995
-1.1574426 0.35946715 0.20665699 4288387995
-1.0980355 0.3606863 0.21266066 4288387995
-1.0265223 0.38819295 0.22257364 4288387995
-0.43383586 0.35867974 0.23513307 4288387995
-0.35693735 0.35935423 0.22093958 4288387995
-0.27336246 0.35462758 0.20519397 4288387995
-0.20020178 0.36476862 0.19224723 4288387995
-0.12130395 0.36000583 0.17736518 4288387995
-0.056630272 0.36493474 0.16568375 4288387995
1.0921572 0.35760224 0.20012395 4288387995
1.1217872 0.39576983 0.16431785 4288387995
1.498224 0.35923469 0.17432684 4288387995
1.5595444 0.36233884 0.21338311 4288387995
-1.6355225 0.44059801 0.16839795 4288387995
-1.5588455 0.44075534 0.18939264 4288387995
-1.4802705 0.44420326 0.18815157 4288387995
-1.3937587 0.44081175 0.18188393 4288387995
-1.3233749 0.43813998 0.19007336 4288387995
-1.2509415 0.44257039 0.2034208 4288387995
-1.1702404 0.43042645 0.21271051 4288387995
-1.0776783 0.43763757 0.22261262 4288387995
-0.98477173 0.45453444 0.23354797 4288387995
-0.95344865 0.42423734 0.23352173 4288387995
-0.41584334 0.44153044 0.23665787 4288387995
-0.35729998 0.43958309 0.22570832 4288387995
-0.28267026 0.43972117 0.21190344 4288387995
-0.19791821 0.43924561 0.19618912 4288387995
-0.11594258 0.44008082 0.18106544 4288387995
-0.045288533 0.44070521 0.16802497 4288387995
0.0037718713 0.46835381 0.16056456 4288387995
1.1113009 0.41818485 0.21813095 4288387995
1.1331427 0.44891343 0.19469495 4288387995
1.4978887 0.44227105 0.17257467 4288387995
1.5568868 0.44292372 0.21019536 4288387995
1.6033901 0.45412165 0.23965058 4288387995
-1.6340437 0.52261806 0.17734596 4288387995
-1.5604812 0.52177179 0.19586712 4288387995
-1.4819828 0.518731 0.19097525 4288387995
-1.3997167 0.51985317 0.18595976 4288387995
-1.3187766 0.52095103 0.19862255 4288387995
-1.2556875 0.51810151 0.21169893 4288387995
-1.1602029 0.5174005 0.22267538 4288387995
-1.0706936 0.53765017 0.23362036 4288387995
-1.0249184 0.49337164 0.23358187 4288387995
-0.36178175 0.51748705 0.23110321 4288387995
-0.28084061 0.52110434 0.21633415 4288387995
-0.20353553 0.52035362 0.2019819 4288387995
-0.11363824 0.5161922 0.18509929 4288387995
-0.034805819 0.51707691 0.1705603 4288387995
0.011527528 0.52650118 0.16253698 4288387995
1.1611516 0.51673323 0.1971824 4288387995
1.5003597 0.51866728 0.17273583 4288387995
1.5562903 0.51666731 0.20844856 4288387995
-1.6401529 0.60303247 0.18571651 4288387995
-1.5689777 0.59640199 0.20213558 4288387995
-1.4749156 0.60413933 0.18796113 4288387995
-1.398903 0.5991534 0.19583073 4288387995
-1.3212878 0.59518677 0.20652489 4288387995
-1.2446079 0.59424847 0.22071886 4288387995
-1.1469821 0.61144221 0.23368436 4288387995
-1.1072493 0.57301021 0.23365104 4288387995
-0.34895507 0.59718996 0.23339987 4288387995
-0.27758312 0.60157537 0.2204469 4288387995
-0.19845423 0.59811449 0.20559843 4288387995
-0.11617334 0.59683263 0.19029422 4288387995
-0.038701296 0.597444 0.17599098 4288387995
0.026419958 0.60217708 0.16421539 4288387995
0.46839309 0.61131918 0.1987204 4284900966
1.1891119 0.58184361 0.19669549 4288387995
1.2094477 0.61648673 0.18178588 4288387995
1.5017302 0.5948478 0.1721988 4288387995
1.5444658 0.59508252 0.1994538 4288387995
-1.638559 0.68251479 0.19703703 4288387995
-1.5640652 0.67616248 0.20329571 4288387995
-1.4798756 0.67791283 0.19035421 4288387995
-1.4082377 0.67455626 0.19927455 4288387995
-1.3221686 0.67749792 0.21432665 4288387995
-1.2351924 0.6840111 0.23013687 4288387995
-1.1857504 0.64894491 0.23371704 4288387995
-0.34346578 0.67080629 0.23669784 4288387995
-0.28623858 0.67918992 0.22659738 4288387995
-0.20333 0.68189144 0.21141042 4288387995
-0.11908232 0.68137574 0.19578706 4288387995
-0.036848526 0.68145937 0.18057168 4288387995
0.034541253 0.68484658 0.16755684 4288387995
0.080690265 0.71826655 0.16097409 4288387995
0.47384465 0.65644497 0.19964921 4284900966
0.49602848 0.70557225 0.21705826 4284900966
1.222176 0.64938825 0.18529978 4288387995
1.5017704 0.64442432 0.17130607 4288387995
1.5392622 0.64332432 0.195241 4288387995
-1.6432004 0.76142478 0.20547034 4288387995
-1.5649018 0.75650883 0.20729896 4288387995
-1.4787445 0.75984657 0.19905515 4288387995
-1.4017463 0.75514829 0.20966284 4288387995
-1.3163946 0.77095443 0.22496656 4288387995
-1.2700567 0.73616403 0.22883049 4288387995
-1.13094 0.79207438 0.1886961 4279505940
-1.1013665 0.79418576 0.17601874 4279505940
-0.95973039 0.79671705 0.20073263 4287598479
-0.3326804 0.74539298 0.23907273 4288387995
-0.27729195 0.76154399 0.22976756 4288387995
-0.19345006 0.76320982 0.21434717 4288387995
-0.11896152 0.76054245 0.20040414 4288387995
-0.041140996 0.7569766 0.18579164 4288387995
0.040359821 0.75861388 0.17080283 4288387995
0.09086737 0.76630908 0.16190553 4288387995
-1.6434602 0.83924037 0.21174406 4288387995
-1.565302 0.83353257 0.21520478 4288387995
-1.4851812 0.83493942 0.2075049 4288387995
-1.3972157 0.84653914 0.22097836 4288387995
-1.3288894 0.82765645 0.22564737 4288387995
-1.2555019 0.83198375 0.23618704 4288322202
-1.1305549 0.81082457 0.22724558 4279505940
-1.0687189 0.82658702 0.20405434 4279505940
-1.0282546 0.86031801 0.19144085 4279505940
-0.9172951 0.84788388 0.19998513 4286677377
-0.28079388 0.83276451 0.23458941 4288387995
-0.19840194 0.83033377 0.21919742 4288387995
-0.11656303 0.83037668 0.20405261 4288387995
-0.042124007 0.82424808 0.18991588 4288387995
0.039387364 0.82203233 0.17469932 4288387995
0.10314957 0.82429045 0.16303 4288387995
-1.6318706 0.91713125 0.22136113 4288387995
-1.5706515 0.91411507 0.22298792 4288387995
-1.4778529 0.92729884 0.21624628 4288387995
-1.4090021 0.90531802 0.21468259 4288387995
-1.3198969 0.92070401 0.22888228 4288387995
-1.2672534 0.8975873 0.23951228 4288322202
-1.1448207 0.94947302 0.19998711 4285493103
-1.0860229 0.94718766 0.20043343 4287401100
-1.0114881 0.92748368 0.2001256 4281479730
-0.89880246 0.91800052 0.19966708 4283848278
-0.11244931 0.91867709 0.19798696 4284900966
-0.030747183 0.92466182 0.19989431 4284111450
0.034875635 0.93113482 0.1994153 4287269514
0.11764205 0.92417759 0.20050855 4283190348
0.18636595 0.93473762 0.20079345 4286808963
1.0373321 0.95949936 0.19950549 4284900966
1.0796655 0.95269382 0.19993798 4285558896
1.128956 0.95489305 0.20028234 4287466893
-1.6782053 1.0039781 0.23907524 4288322715
-1.5504018 1.0016733 0.23402353 4288387995
-1.490541 0.98778272 0.20961539 4288387995
-1.4063632 0.99970037 0.21529011 4288387995
-1.3393465 1.0008633 0.23170689 4288387995
-1.2219208 1.007642 0.19948415 4284835428
-1.1808846 0.97030759 0.19900629 4284900966
-1.0558505 0.96627277 0.19617905 4287664272
-0.9995445 0.99836659 0.19988509 4288980132
-0.92155033 1.0006487 0.20007358 4285295724
-0.86373925 1.021956 0.20052171 4279440147
-0.17659576 1.0203874 0.19968139 4282269246
-0.12254129 1.0000278 0.20015238 4283979864
-0.039481863 0.98462188 0.20016785 4284900966
0.052166887 0.98764735 0.2027107 4285558896
0.11191575 1.0019917 0.19946216 4287664272
0.20065226 0.9963997 0.19967522 4283321934
0.99916476 0.99256253 0.19983096 4284900966
1.0467987 0.96294272 0.20077157 4284900966
1.1467545 0.9612574 0.20098893 4287269514
-1.5245049 1.1044209 0.19641584 4288387995
-1.4722418 1.0687211 0.20576723 4288387995
-1.392041 1.0804824 0.22639111 4288387995
-1.3338833 1.064411 0.23902726 4288387995
-1.2485068 1.0759751 0.19934607 4284770147
-1.0046067 1.058531 0.20102932 4288190616
-0.9512527 1.0817914 0.20017487 4289838769
-0.843364 1.0662347 0.20181035 4279440147
-0.18962353 1.0844971 0.20005979 4280887593
-0.14786129 1.0732499 0.19969292 4284308829
-0.038674939 1.0595523 0.19877002 4284900966
0.12825872 1.0816783 0.19950868 4290296248
0.18094955 1.0703943 0.20065552 4291151301
0.3939932 1.0746554 0.21365303 4288387995
0.44352072 1.0832864 0.20136033 4288387995
0.49771351 1.1035348 0.19129407 4288387995
0.95303881 1.0792847 0.19986492 4284966759
0.99220079 1.075193 0.19879623 4284900966
1.057882 1.047762 0.1999028 4284900966
-1.4808303 1.1483301 0.2111827 4288387995
-1.3709489 1.1754264 0.20227695 4280032284
-1.3584775 1.1466254 0.2000846 4279374354
-1.2426673 1.1561545 0.20005192 4283190348
-0.97284067 1.1801623 0.19849078 4289967027
-0.9536826 1.1370609 0.20002346 4290429114
-0.17352605 1.1462901 0.19986427 4283979864
-0.14214574 1.1638054 0.19916163 4284900966
-0.010238856 1.138289 0.19958647 4288980132
0.057326317 1.1607573 0.19366138 4288916643
0.12413415 1.1531745 0.20045173 4290164662
0.46218082 1.1365253 0.2123867 4288387995
0.52116215 1.1584369 0.20139152 4288387995
0.57863843 1.183391 0.19180511 4288387995
0.94142312 1.1565745 0.20131592 4285032552
1.083596 1.1912518 0.20003921 4284900966
1.5650671 1.1946051 0.16234712 4288387995
1.6414845 1.185787 0.16446903 4288387995
-1.5234215 1.2448535 0.20991911 4288387995
-1.4814978 1.23015 0.21873412 4288387995
-1.3712169 1.2294123 0.2017772 4279769112
-1.1493995 1.2392118 0.19709316 4284966759
-1.0803635 1.2462436 0.19908617 4285690482
-1.010754 1.2192534 0.19983634 4288124823
-0.11401035 1.2248176 0.20007664 4281227054
-0.036515668 1.2438517 0.19900657 4284900966
0.038421515 1.2415072 0.19787835 4285363053
0.10153174 1.2155459 0.20089158 4288059030
0.54508263 1.2172786 0.21258016 4288387995
0.57741576 1.2242608 0.20497727 4288387995
0.93504202 1.2025073 0.20052953 4284900966
1.021942 1.2528532 0.2020615 4284045657
1.0533601 1.2120728 0.19990149 4284900966
1.5032345 1.2280481 0.16906835 4288387995
1.5597199 1.2406839 0.17678025 4288387995
1.6391855 1.2389812 0.18138187 4288387995
-1.5344577 1.2891209 0.21140711 4288387995
-1.4825575 1.3174425 0.22670586 4288387995
1.0038377 1.3217598 0.20062046 4278848010
1.5727469 1.3134578 0.20096631 4288387995
1.6397685 1.318952 0.20707004 4288387995
-1.522207 1.4022605 0.22505464 4288387995
-1.4806397 1.3984663 0.23481125 4288387995
1.0096881 1.369666 0.2000481 4278848010
1.5925564 1.3710623 0.22072589 4288387995
1.6406345 1.3883187 0.22937536 4288387995
-1.5399501 1.4776134 0.22784141 4288387995
-1.4972488 1.4734447 0.23783852 4288387995
-1.5088363 1.5257512 0.23995036 4288387995
-0.22489083 1.8017776 0.16704376 4288322202
-0.25253794 1.8790745 0.16789342 4288387995
1.3481369 1.9179752 0.20137975 4284900966
1.3982702 1.9051497 0.20193782 4284900966
1.4817778 1.8838162 0.2015243 4284900966
-1.6406703 1.9838804 0.20008697 4278216192
-1.5556505 1.9793863 0.19909894 4280449314
-1.4878538 1.9927832 0.19630076 4281304367
-1.4074641 1.997087 0.20221429 4278352387
-0.28110313 1.9589406 0.16877133 4288387995
1.0304915 1.9992367 0.19784386 4284900966
1.0764953 1.9874678 0.19835594 4284900966
1.1543676 1.9675462 0.19922279 4284900966
1.2339172 1.9471954 0.2001083 4284900966
1.3280042 1.9519439 0.19870956 4281689653
1.3999429 1.9819353 0.19897074 4279067917
1.4794407 1.9991595 0.19997543 4278216192
1.5597144 1.9992182 0.19984908 4278215936
1.6383116 1.9860796 0.199278 4279330322
-1.6444592 2.0238602 0.20135781 4278216192
-1.5613431 2.0179474 0.20154604 4278282241
-1.4833776 2.0289102 0.19928367 4282026298
-1.3871945 2.028754 0.20073012 4278353154
-1.3439795 2.0616541 0.19995001 4278355202
-1.2617011 2.0770664 0.17862622 4278426883
-0.32414317 2.0792739 0.17009404 4288387995
-0.30735192 2.0323272 0.16957799 4288387995
1.000206 2.0069845 0.19750673 4284900966
1.3376347 2.0505099 0.19975635 4278215936
1.3892878 2.0266674 0.19982992 4278216192
1.480693 2.0195653 0.20017031 4278216192
1.5604396 2.0214765 0.20113675 4278216192
1.6320159 2.0532477 0.20014507 4278542853
-1.651901 2.1187775 0.2002186 4278216192
-1.461567 2.1182356 0.19689661 4279661846
-1.3812882 2.0926383 0.20131543 4278419460
-1.323077 2.1156249 0.20168583 4278356738
-1.2362038 2.1158526 0.2048447 4278885898
-0.088606238 2.1437635 0.1854533 4288322202
1.2631167 2.1305807 0.19890633 4278216192
1.3194394 2.1206462 0.20064296 4279133710
1.3688722 2.0968063 0.20181867 4284900966
-1.6247622 2.1957626 0.19986737 4278216192
-1.4448428 2.1696296 0.21571191 4278285569
-1.4367445 2.1700168 0.17638543 4278286594
-1.2926321 2.182339 0.19872336 4278358786
-1.2613122 2.214262 0.20093825 4278425603
-1.172947 2.2047019 0.1898412 4284900966
-0.1073218 2.2051632 0.18631199 4288322202
1.2549028 2.2068939 0.20042132 4278216192
1.3027219 2.1879008 0.20197456 4278412547
-1.605054 2.2516692 0.19969633 4278216192
-1.5910364 2.2914317 0.20007534 4278216192
-1.2312151 2.278038 0.19979396 4278362370
-1.1704785 2.2902687 0.20271152 4281240366
-1.1121631 2.2992787 0.19115582 4284900966
-0.1297133 2.2786119 0.18733917 4288387995
0.70750231 2.31601 0.17008887 4284900966
0.7286402 2.3061693 0.17000388 4284900966
1.1893499 2.2847028 0.2002303 4278216192
1.2311715 2.2795568 0.20046607 4278215936
1.28447 2.2511747 0.20375182 4278216192
-1.5685351 2.3552606 0.20009388 4278216192
-1.2078267 2.3332756 0.19952188 4278429699
-1.1773784 2.36657 0.20006832 4278430979
-1.0751566 2.3590548 0.19725633 4284900966
-0.16288114 2.3874102 0.18886073 4288387995
-0.14945395 2.3433709 0.18824486 4288387995
1.1725152 2.3641119 0.20017546 4278215936
1.219061 2.3494487 0.19952045 4278215936
-1.5401297 2.4358385 0.20014286 4278216192
-1.1424009 2.4330964 0.19934478 4278433027
-1.1055571 2.4583993 0.20444791 4279152654
-1.0147172 2.4520793 0.19610886 4284900966
-0.661722 2.4723299 0.19677831 4279374354
-0.59569359 2.4723473 0.19708729 4279374354
-0.51580203 2.472369 0.19746114 4279308561
-0.43516108 2.4723899 0.19783846 4279308561
-0.36058262 2.4724095 0.1981874 4279242768
-0.2853379 2.4724295 0.19853948 4279176975
-0.20045495 2.4694364 0.19817759 4279966491
-0.11890224 2.4724734 0.19931825 4279045389
-0.041562628 2.4724929 0.19968015 4279045389
0.00089288753 2.4725046 0.1998788 4278979596
0.79253554 2.4794896 0.23245478 4284900966
1.10946 2.4615047 0.20092131 4279004172
1.1463532 2.4337249 0.19940139 4278216192
1.2028489 2.4005768 0.19959585 4278216192
-1.522689 2.4853146 0.1992363 4278479364
-1.5088562 2.5245509 0.20014708 4278479364
-1.1280789 2.4980052 0.19648226 4284398686
-1.0806662 2.5176623 0.19959374 4279204623
-0.99971527 2.5261819 0.19881052 4279573781
-0.92061311 2.5290306 0.19953775 4279440147
-0.84043372 2.5296221 0.1997899 4279374354
-0.75927854 2.5304945 0.19986513 4279374354
-0.67952955 2.5313718 0.19999471 4279374354
-0.59946704 2.5318606 0.19971627 4279374354
-0.52237439 2.5359926 0.20061837 4279308561
-0.44011685 2.5389035 0.2005607 4279242768
-0.36015901 2.5396085 0.20077606 4279242768
-0.28070375 2.5351067 0.20135105 4279176975
-0.1989979 2.5329001 0.20012012 4279176975
-0.12028623 2.5331016 0.19990593 4279045389
-0.040655516 2.5318885 0.1998402 4279045389
0.039643809 2.5312345 0.20030235 4279111182
0.11916634 2.5312707 0.20049013 4279242768
0.20043822 2.5281613 0.2005149 4279703319
0.28126431 2.5269821 0.19978386 4280163870
0.35978976 2.5297503 0.19866022 4279571733
0.44188908 2.5339131 0.19930755 4278848010
0.5202015 2.5341706 0.20010804 4278782217
0.59994346 2.5346363 0.19991529 4278848010
0.68018359 2.5346725 0.19991449 4278848010
0.76063538 2.5345581 0.19921729 4279505940
0.84040618 2.5349622 0.20049179 4279242768
0.92018187 2.5294042 0.19955839 4279637526
1.0011212 2.5319533 0.19924018 4278848010
1.0782297 2.5183632 0.19998811 4279453203
1.1445432 2.4921696 0.20054741 4278216192
-1.467297 2.6128924 0.20005079 4278414596
-1.4204413 2.6367729 0.19958624 4278481155
-1.0631292 2.5897079 0.20168775 4278866442
-0.99836421 2.5976319 0.20171097 4279440147
-0.92970335 2.5948913 0.20386288 4280163870
-0.26749086 2.5611739 0.20065182 4279176975
-0.19922729 2.563673 0.20392942 4279111182
-0.12202337 2.5665643 0.20123191 4279045389
-0.040703636 2.5696046 0.19893087 4279045389
0.039911568 2.5725904 0.199395 4278979596
0.12142158 2.5756092 0.19986431 4278913803
0.19223461 2.5982463 0.2037158 4278848010
0.27456933 2.6367755 0.1998526 4278848010
0.35895577 2.6305609 0.19946291 4278848010
0.44501626 2.6242206 0.19928953 4278848010
0.52346963 2.6184347 0.19986425 4278848010
0.59784108 2.6129601 0.19917496 4278848010
0.67996413 2.6069114 0.19879283 4278848010
0.76471758 2.5988684 0.20160033 4280953386
0.83704531 2.5980966 0.20244636 4282927176
0.91958231 2.5951083 0.20310739 4280229663
0.98275083 2.5859044 0.20051077 4278848010
-1.3794613 2.6443949 0.19996707 4278416387
-1.3200066 2.6554415 0.20159981 4278417667
-1.240769 2.6701901 0.20112707 4278420227
-1.1600347 2.6852221 0.20020977 4278426115
-1.0788569 2.70033 0.19991493 4278432770
-1.0070128 2.713695 0.20030047 4279309328
-0.49930614 2.6938066 0.19931857 4279242768
-0.44051477 2.6894703 0.1998291 4279176975
-0.35520041 2.6831825 0.19992937 4279111182
-0.27484244 2.677274 0.19839536 4279111182
-0.19665341 2.6714904 0.20092571 4279045389
-0.11940493 2.6658015 0.20054871 4278979596
-0.041005492 2.6600301 0.19988967 4278913803
0.039898131 2.6540654 0.20025778 4278848010
0.11806547 2.6483095 0.19965678 4278848010
0.19346024 2.6427565 0.19935985 4278848010
-0.96222365 2.722038 0.19936745 4279440147
-0.91389334 2.7310238 0.20010889 4279440147
-0.84203649 2.7443988 0.19975586 4279440147
-0.76042849 2.7595794 0.20018482 4279440147
-0.68128252 2.7743087 0.19989298 4279440147
-1.6381345 -5.7916803 0.28189456 4289901234
-1.5618837 -5.7697062 0.28189459 4289901234
-1.4856324 -5.7477307 0.28189453 4289901234
-1.4009089 -5.7233162 0.28189459 4289901234
-1.3161854 -5.6989002 0.28189451 4289901234
-1.2653513 -5.6842508 0.28189453 4289901234
-1.2314619 -5.6744843 0.28189453 4289901234
-1.1636831 -5.6549525 0.28189448 4289901234
-1.0789595 -5.6305366 0.28189453 4289901234
-1.0027083 -5.608562 0.28189451 4289901234
-0.96034837 -5.5963473 0.29071167 4289901234
-0.9245792 -5.5860291 0.30344751 4289901234
-0.87563074 -5.5719113 0.31716308 4289901234
0.39522219 -5.2056756 0.31716305 4287744913
0.41216874 -5.200799 0.30834591 4287019144
0.4605858 -5.1868596 0.29197121 4289639598
0.51384276 -5.1715207 0.28189451 4289835442
0.36581209 -2.6520407 0.27979484 4278848010
0.44076833 -2.6557286 0.27986807 4278848010
0.52137536 -2.6596906 0.27985647 4278848010
0.59592831 -2.6633701 0.28014722 4278848010
0.67593527 -2.6673183 0.28045252 4278848010
0.76183861 -2.671505 0.27973747 4278848010
0.8398124 -2.6754432 0.28182146 4278848010
0.91708225 -2.6789987 0.27697966 4278848010
1.0031596 -2.6835942 0.28424087 4278848010
1.080765 -2.665396 0.27928537 4278848010
-1.4469391 -2.5685847 0.24344279 4278848010
-1.4255624 -2.572974 0.24384032 4278848010
-1.2968971 -2.5727744 0.30300841 4282166332
-1.1772027 -2.6332324 0.24505839 4280200479
-1.0669786 -2.5689719 0.26591721 4278361346
-0.99875385 -2.5689309 0.27311879 4278850314
-0.918827 -2.5729413 0.27335203 4278848010
-0.84057283 -2.5762753 0.27458182 4278782473
-0.75792712 -2.5798349 0.27839047 4278848010
-0.68111908 -2.5826769 0.27956647 4278848010
-0.60133731 -2.5820835 0.27979556 4278848010
-0.51852226 -2.5805607 0.28227061 4278848010
-0.43997762 -2.5801663 0.28354412 4278848010
-0.36024225 -2.5803931 0.28395629 4278848010
-0.27939683 -2.5808065 0.28333589 4280492835
-0.20023625 -2.581404 0.28295386 4280229663
-0.12028178 -2.5816953 0.2835896 4278848010
-0.040408093 -2.5827565 0.28286305 4278848010
0.040732946 -2.5841272 0.28348434 4278848010
0.11926766 -2.5855777 0.28370833 4278848010
0.1983425 -2.5878725 0.28170133 4278848010
0.27586743 -2.5888035 0.28057265 4278848010
0.35983145 -2.5887928 0.2800999 4278848010
0.44005704 -2.5913234 0.28320006 4278848010
0.52009904 -2.5929344 0.28257719 4278848010
0.60141528 -2.5892265 0.28107476 4278848010
0.67798465 -2.5896416 0.28002372 4278848010
0.75786144 -2.5855911 0.28016758 4278848010
0.8403995 -2.5820827 0.28121933 4278848010
0.91722417 -2.5839596 0.28174591 4278848010
0.99740481 -2.583451 0.28013179 4278782474
1.0918039 -2.5891292 0.2801291 4278782729
1.1481758 -2.5769787 0.2820709 4278529029
-1.4615372 -2.5256991 0.24206154 4278848010
-1.4001952 -2.5270231 0.24493125 4278782473
-1.321251 -2.5237162 0.24866869 4278849546
-1.2370402 -2.526993 0.25153708 4278849034
-1.1566324 -2.5182426 0.25711718 4278607622
-1.0811599 -2.52965 0.28029403 4278736904
-0.99711639 -2.5309062 0.28009129 4278979852
-0.92044044 -2.5269678 0.28093895 4278782473
-0.84024316 -2.5263829 0.28145182 4278848010
-0.75808793 -2.522444 0.28046134 4278848010
-0.68037707 -2.5199869 0.28000844 4279834905
-0.60213184 -2.5207944 0.27995479 4279769112
-0.51986349 -2.5243199 0.27956995 4278782217
-0.4403567 -2.5244434 0.27947584 4279111182
-0.36069548 -2.5236821 0.27904278 4279440147
-0.2798053 -2.5237558 0.27830315 4279703319
-0.20020241 -2.52385 0.27842259 4279703319
-0.12077995 -2.5239868 0.27867764 4279505940
-0.040394653 -2.5245302 0.28043938 4279242768
0.039112944 -2.5257411 0.27952275 4279045389
0.119702 -2.5260096 0.27919415 4278848010
0.19904326 -2.5293503 0.28127813 4278848010
0.2800734 -2.5293269 0.28018743 4278848010
0.35925996 -2.5275977 0.28077123 4278848010
0.43837467 -2.5274518 0.28082943 4278848010
0.51739663 -2.5277593 0.28136286 4278848010
0.59731293 -2.5268974 0.28075004 4278848010
0.6787436 -2.52702 0.28059065 4278848010
0.75943106 -2.5272338 0.28054002 4278848010
0.8402034 -2.5280967 0.27974042 4278848010
0.91998905 -2.5328631 0.27819917 4278848010
0.99942505 -2.5330098 0.27804029 4278847754
1.0836623 -2.5213401 0.27914551 4278466820
1.1597514 -2.5191026 0.27931073 4278216192
1.235891 -2.5044959 0.28410852 4280837416
1.2872752 -2.4877565 0.27278528 4284900966
1.6474864 -2.5301366 0.27868426 4278471940
1.6903725 -2.5593576 0.25267255 4279704343
-1.6163008 -2.454802 0.25217584 4289901234
-1.5541612 -2.436636 0.26997486 4289180071
-1.4876535 -2.4211051 0.29362279 4287475853
-1.4081776 -2.4103935 0.30025634 4281774132
-1.29653 -2.4706821 0.25361821 4279086351
-1.144742 -2.4390435 0.27987099 4278439171
-1.1149946 -2.4761062 0.27667609 4278307840
-1.0200058 -2.4428549 0.27824944 4279176975
-0.92293406 -2.4467533 0.24063472 4288387995
-0.87122536 -2.4077117 0.24099581 4288387995
-0.48611844 -2.4249341 0.26989338 4288387995
-0.44145668 -2.4362929 0.27448061 4288387995
-0.36658046 -2.4451089 0.28037196 4288387995
-0.28169644 -2.443234 0.28496182 4288387995
-0.19784378 -2.4355929 0.28847763 4288387995
-0.12179895 -2.4413497 0.26809439 4287466893
-0.041181087 -2.4377573 0.27443978 4287072135
0.031998567 -2.4320617 0.29351234 4285295724
0.1228212 -2.4405482 0.30378386 4286479998
0.19113509 -2.4400759 0.31318015 4286151033
0.27398011 -2.4264271 0.31421262 4288387995
0.3281244 -2.4344578 0.31876379 4288387995
0.52070916 -2.4024541 0.311744 4288387995
1.1129949 -2.4676824 0.28016275 4278216192
1.1518463 -2.4375684 0.28083774 4278216192
1.2384156 -2.4393578 0.28156301 4278216192
1.3095115 -2.4363933 0.28217444 4284573281
1.5909024 -2.421927 0.26314336 4278215681
1.6144154 -2.456768 0.25870088 4278216192
-1.4722548 -2.3838081 0.25949478 4278365699
-1.4155272 -2.3594685 0.2666294 4278432258
-1.3309913 -2.3926599 0.24113649 4278627841
-1.2047279 -2.3270395 0.2765159 4278307329
-1.178067 -2.3663299 0.27960274 4278373378
-1.0698136 -2.3668935 0.27999002 4278848010
-0.83109564 -2.3774142 0.24127637 4288387995
-0.76116353 -2.3352597 0.24723946 4284243036
-0.67161405 -2.3301177 0.26951498 4278848010
-0.60258049 -2.3423445 0.27892789 4278848010
-0.5284692 -2.3658032 0.25781813 4284966759
-0.43515652 -2.3493936 0.2595554 4288387995
-0.35840213 -2.3574409 0.26542014 4288387995
-0.27874926 -2.3718255 0.27256802 4288387995
-0.18847218 -2.3577342 0.25713259 4288387995
-0.11773521 -2.3609698 0.26362884 4288387995
-0.034547392 -2.3624699 0.27641043 4287203721
0.041785717 -2.3816867 0.28277412 4282598211
0.1171461 -2.379513 0.28540573 4281940281
0.19506426 -2.3814943 0.28360084 4280361249
0.27884805 -2.3760481 0.28518417 4280690214
0.36261949 -2.3708186 0.28264993 4280887593
0.44356936 -2.3651886 0.28696418 4282006074
0.51793176 -2.3607464 0.2885792 4281413937
0.59245259 -2.3551807 0.28865415 4280624421
0.67487758 -2.3523827 0.27869651 4278782474
0.75729835 -2.3466244 0.27989641 4283258444
0.83940828 -2.3406472 0.2765148 4284900966
0.92031544 -2.3352797 0.28310481 4284900966
0.99907577 -2.3297429 0.28360301 4284900966
1.0734015 -2.3243034 0.27999294 4284900966
1.1774815 -2.3660421 0.2810702 4278347010
1.2269337 -2.3597407 0.2815752 4278216192
1.3150996 -2.3563333 0.27775767 4280378913
1.3638072 -2.3264706 0.28091079 4284900966
1.5646946 -2.3645568 0.25050905 4278872075
-1.2289867 -2.2785008 0.28002179 4278437891
-1.1383148 -2.2597859 0.27982691 4278994444
-1.0950289 -2.2897882 0.2751407 4278848010
-0.99632388 -2.2521718 0.27809238 4278848010
-0.92044431 -2.2678392 0.28267685 4278848010
-0.8393451 -2.2860241 0.2838521 4278848010
-0.76159853 -2.3037064 0.28433436 4278848010
-0.69021779 -2.3133464 0.30183512 4278848010
-0.57910985 -2.2999144 0.24250546 4288387995
-0.51375127 -2.2959359 0.24559389 4288387995
-0.44576216 -2.2898223 0.24845882 4288387995
-0.35817733 -2.2663143 0.24939893 4288387995
-0.28139532 -2.2732787 0.25507477 4288387995
-0.19569385 -2.280941 0.25416464 4288387995
-0.12005679 -2.2852042 0.26523703 4288387995
-0.039863087 -2.2795589 0.27742562 4288387995
0.039174821 -2.2800646 0.29115307 4288387995
0.12187383 -2.2795691 0.28968787 4288387995
0.20112921 -2.2698419 0.26856366 4288387995
0.28042501 -2.2786911 0.27545699 4288387995
0.3582558 -2.2807891 0.28521115 4288387995
0.43488517 -2.2777977 0.29259151 4288387995
0.52378118 -2.2776275 0.30452874 4288387995
0.59548891 -2.267957 0.30696917 4288387995
0.68847197 -2.2792776 0.31234521 4288387995
0.75968719 -2.2844579 0.31738433 4288387995
1.172637 -2.3167448 0.27379271 4282345023
1.2339722 -2.2792521 0.28004104 4278216192
1.3345886 -2.2856498 0.2755366 4278216192
1.3814564 -2.2739093 0.28181326 4283459664
1.57785 -2.2954421 0.27427888 4286949763
-1.2905902 -2.1758783 0.27953044 4278436611
-1.2652094 -2.2144692 0.27986479 4278437123
-1.1763946 -2.1985853 0.27950624 4278635270
-1.0827907 -2.2278192 0.28967786 4280427042
-1.0204672 -2.2347155 0.30889013 4278848010
-0.42003798 -2.2387271 0.24095963 4288387995
-0.32794297 -2.2053473 0.24042425 4288387995
-0.26872224 -2.1996796 0.2435047 4288387995
-0.19946074 -2.1979954 0.25092134 4288387995
-0.12129801 -2.1976433 0.26145315 4288387995
-0.043195143 -2.2025514 0.2736212 4288387995
0.038668696 -2.1997211 0.2853815 4288387995
0.1093483 -2.2075946 0.2811867 4288387995
0.20065181 -2.1991758 0.25491568 4288387995
0.27892536 -2.2016799 0.26435041 4288387995
0.36322108 -2.2005961 0.27569309 4288387995
0.43461516 -2.1956336 0.2848098 4288387995
0.51368564 -2.1986883 0.29517177 4288387995
0.59863204 -2.2072008 0.30905119 4288387995
0.68020749 -2.2142901 0.30043131 4288387995
0.76001149 -2.2182279 0.30574971 4288387995
0.84457922 -2.2223995 0.31138554 4288387995
0.92273206 -2.2262566 0.31659395 4288387995
0.9692319 -2.2285497 0.31969279 4288387995
1.2655282 -2.2140718 0.2803888 4278478340
1.2958302 -2.1876802 0.27954212 4278281729
1.3952978 -2.2036757 0.27945578 4279855641
1.4608212 -2.1673489 0.30530879 4278216192
1.6418241 -2.1945739 0.26931143 4283008585
-1.3209572 -2.1216364 0.28021404 4278435331
-1.2257165 -2.1231253 0.27960771 4278241792
-0.26752007 -2.1175787 0.24628013 4288387995
-0.19798991 -2.1173909 0.26137516 4288387995
-0.11815741 -2.119689 0.27642894 4288387995
-0.039956868 -2.1241663 0.28050247 4288387995
0.03914592 -2.1184449 0.28310567 4288387995
0.12408414 -2.1102717 0.25413492 4288387995
0.205799 -2.1157854 0.25124708 4288387995
0.27980047 -2.1185801 0.26829642 4288387995
0.36169267 -2.1178222 0.26682955 4288387995
0.44100821 -2.1211541 0.27637267 4288387995
0.51716048 -2.1198106 0.2833052 4288387995
0.59537148 -2.114341 0.29273748 4288387995
0.67296731 -2.1263163 0.28453216 4288387995
0.75018716 -2.1540337 0.29388502 4288387995
0.82199079 -2.1559565 0.29838508 4288387995
1.324796 -2.1212673 0.28103659 4278281729
1.4088206 -2.1266897 0.27872226 4278216192
1.4531811 -2.1039419 0.28229249 4278216192
-1.6373596 -2.006865 0.27899435 4278421251
-1.5579677 -2.008286 0.27980998 4278361090
-1.4810965 -2.009048 0.28055331 4278364162
-1.3893574 -2.0231304 0.27977338 4278430723
-1.3333236 -2.0512989 0.28042626 4278369538
-1.2650712 -2.0615864 0.28001231 4278306817
-0.33170253 -2.0188403 0.24143872 4288387995
-0.27704036 -2.0351264 0.25682318 4288716960
-0.19815809 -2.0373487 0.2862829 4289243047
-0.12517753 -2.0401964 0.28781745 4288519581
-0.041089304 -2.0371721 0.29836494 4288387995
0.027596368 -2.041296 0.29404905 4288387995
0.1519257 -2.0513885 0.28178826 4288387995
0.20178527 -2.045013 0.2486632 4288387995
0.28785637 -2.0397351 0.26695588 4288387995
0.36412016 -2.0380635 0.2611886 4288387995
0.4428615 -2.0407016 0.2699559 4288387995
0.52794528 -2.0409498 0.28534943 4288387995
0.60061157 -2.042511 0.30203304 4288387995
0.66054893 -2.0122871 0.31551123 4288387995
1.349733 -2.0641832 0.28040934 4278216192
1.3821262 -2.0326762 0.28093669 4278215936
1.4817693 -2.0412397 0.27774009 4278216192
1.5542704 -2.0211484 0.28040051 4278478595
1.6459095 -2.0118523 0.27889591 4278215936
-1.6364145 -1.9911722 0.28193802 4279144462
-1.5607746 -1.9887745 0.27606961 4278820873
-1.4790345 -1.9898295 0.27414247 4278299650
-1.4049923 -1.9901975 0.27854615 4278498052
-1.3312646 -1.9872246 0.27978492 4278370050
-0.338458 -1.9683149 0.24461827 4288387995
-0.27168018 -1.9684696 0.27095929 4289243304
-0.21021537 -1.9707174 0.29053298 4289178279
-0.12072975 -1.9733223 0.29137221 4288387995
-0.046373088 -1.9696256 0.28828892 4288387995
0.041130032 -1.9728349 0.27754915 4288387995
0.17759746 -1.9603994 0.28345159 4288387995
0.29043919 -1.9600927 0.2567558 4288387995
0.34929484 -1.9646055 0.26610637 4288387995
0.43211368 -1.9676405 0.26510951 4288387995
0.51600474 -1.9594355 0.2876592 4288387995
0.60175943 -1.9639457 0.30277306 4288387995
0.68521738 -1.9831873 0.3182624 4288387995
1.4103509 -1.9951528 0.27957073 4278216192
1.472564 -1.9942313 0.27896312 4278346754
1.5628061 -1.9942224 0.28152549 4278347266
1.6368363 -1.9935632 0.28056654 4278216192
-1.6426462 -1.8803511 0.29249552 4288322203
-1.5651561 -1.8767333 0.30574057 4288322203
-1.5071738 -1.85145 0.31105244 4288387995
-0.24692941 -1.9055034 0.31262112 4278216451
-0.23997504 -1.9159451 0.31316677 4278869770
-0.037265122 -1.8774379 0.25243241 4288387995
0.071174048 -1.8885686 0.26746514 4288387995
0.082312226 -1.8470662 0.26814571 4288387995
0.19915394 -1.8839929 0.28484827 4288387995
0.28745297 -1.8790214 0.24378547 4288387995
0.35024396 -1.8823004 0.27578637 4288387995
0.43373686 -1.8807303 0.26925319 4288387995
0.51172668 -1.8768765 0.28258064 4288387995
0.59141541 -1.8773087 0.29642826 4288387995
0.67147446 -1.8769366 0.31029764 4288387995
1.609395 -1.9077538 0.28721866 4288715422
-1.6417409 -1.8013612 0.27656865 4288387995
-1.5594658 -1.8015211 0.29144672 4288387995
-1.4770706 -1.797206 0.30543464 4288387995
-1.4102999 -1.7828492 0.31455806 4288387995
-0.11207674 -1.7802893 0.24025005 4288387995
-0.017239675 -1.7992733 0.25358444 4288387995
0.095771298 -1.7969021 0.26896805 4288387995
0.22154528 -1.8046297 0.28629905 4288387995
0.31817508 -1.8302613 0.24655411 4288387995
0.36259252 -1.803353 0.27122825 4288387995
0.43933398 -1.7966871 0.26580986 4288387995
0.52184653 -1.7991639 0.28025463 4288387995
0.60484862 -1.8042297 0.29492033 4288387995
0.67834228 -1.799229 0.30740783 4288387995
0.73621494 -1.7961414 0.31728536 4288387995
1.5542428 -1.7666457 0.24942513 4288454301
-1.6400594 -1.7215267 0.26060989 4288387995
-1.5606365 -1.7182895 0.2742812 4288387995
-1.4850016 -1.7199281 0.28826222 4288387995
-1.4016864 -1.7256027 0.30445117 4288387995
-1.329403 -1.7090974 0.31413141 4288387995
-1.27134 -1.6844498 0.31958735 4288387995
-0.097922854 -1.7226274 0.2410154 4288387995
-0.0033586819 -1.7451073 0.25438306 4288387995
0.0068752291 -1.7051538 0.25497177 4288387995
0.11680423 -1.7185192 0.27025318 4288387995
0.23714995 -1.749319 0.28731009 4288387995
0.27404124 -1.7220157 0.26920667 4288387995
0.36969212 -1.7201731 0.26773655 4288387995
0.43560982 -1.7079549 0.2689572 4288387995
0.52764875 -1.7203511 0.27712181 4288387995
0.60739529 -1.7216918 0.29102701 4288387995
0.6922335 -1.7274815 0.30604902 4288387995
0.72130859 -1.6892093 0.30908304 4288387995
1.5820597 -1.7090833 0.26610216 4288322713
-1.6853938 -1.672963 0.24253789 4288387995
-1.6328888 -1.6475121 0.24682684 4288387995
-1.5625976 -1.6370257 0.25737381 4288387995
-1.4784436 -1.6419795 0.27356747 4288387995
-1.3993733 -1.6375082 0.28692371 4288387995
-1.3224717 -1.6391902 0.30114216 4288387995
-1.2504545 -1.6249591 0.31123772 4288387995
-0.084659614 -1.6685966 0.2417326 4288387995
-0.07510446 -1.6296806 0.24224934 4288387995
0.023272067 -1.6411566 0.25591505 4288387995
0.13830453 -1.6383923 0.27156684 4288387995
0.26860648 -1.6378313 0.28934827 4288387995
0.37614724 -1.6375971 0.24649212 4288387995
0.4305571 -1.6367865 0.28107449 4288387995
0.51285541 -1.6439929 0.27054489 4288387995
0.58873934 -1.6448913 0.28375661 4288387995
0.66638881 -1.6400324 0.29697236 4288387995
0.75674492 -1.6425672 0.31278089 4288387995
-1.5466139 -1.5715792 0.24692653 4288387995
-1.4776305 -1.5589271 0.25679642 4288387995
-1.4036653 -1.5595245 0.270264 4288387995
-1.3201032 -1.5610096 0.28564423 4288387995
-1.2414651 -1.5634447 0.30032933 4288387995
-1.1835487 -1.5714054 0.31240126 4288387995
-0.057657659 -1.5585926 0.24319264 4288387995
0.043260515 -1.5631429 0.257065 4288387995
0.15400362 -1.5798857 0.27252603 4288387995
0.16458765 -1.5404491 0.2731728 4288387995
0.29073143 -1.5594144 0.2907818 4288387995
0.36917394 -1.5492198 0.24064057 4288387995
0.43950394 -1.5646689 0.27560937 4288387995
0.51686668 -1.5617628 0.26692161 4288387995
0.6029045 -1.5601745 0.28176445 4288387995
0.68629396 -1.5608827 0.2962684 4288387995
0.74509889 -1.5527583 0.30604354 4288387995
0.81557226 -1.5651354 0.31891963 4288387995
1.558157 -1.5353607 0.24763735 4288322463
-1.5212657 -1.5166125 0.24030383 4288387995
-1.4723499 -1.4911532 0.24394374 4288387995
-1.4034393 -1.4781388 0.25372657 4288387995
-1.3279395 -1.4946625 0.27071545 4288387995
-1.2777902 -1.5059857 0.28207067 4288387995
-0.037818208 -1.4777775 0.24426545 4288387995
0.063252389 -1.4851106 0.25821513 4288387995
0.18041179 -1.4814739 0.27413964 4288387995
0.31129938 -1.4865147 0.29211447 4288387995
0.32269597 -1.4461157 0.29285282 4288387995
0.46470526 -1.4814606 0.31295973 4288387995
0.51988965 -1.510097 0.26473242 4288387995
0.59840703 -1.5013851 0.2778964 4288387995
0.68966591 -1.4850873 0.29287258 4288387995
0.7765882 -1.4874882 0.3080782 4288387995
0.80549765 -1.447474 0.31099164 4288387995
1.5836551 -1.4868587 0.26300329 4288256922
1.6462846 -1.4664021 0.31634399 4284900966
-1.4141022 -1.4338219 0.24277507 4288387995
-0.98540533 -1.3924793 0.24210766 4288782753
-0.93266827 -1.3808104 0.24777326 4288387995
-0.018122956 -1.3975482 0.24533047 4287532686
0.076390684 -1.4338269 0.25897092 4288387995
0.08843381 -1.3868226 0.25966379 4287532686
0.20249361 -1.3991842 0.27548885 4287993237
0.30941582 -1.3802634 0.31087694 4289901234
0.33533579 -1.401324 0.29367185 4288387995
0.47732246 -1.4391161 0.31382537 4288387995
0.49141774 -1.3918164 0.31479242 4288387995
0.81720167 -1.4312749 0.31217122 4288387995
1.2330561 -1.3698136 0.28274971 4284900966
-0.0098006921 -1.3124164 0.27902913 4285295724
0.0044663944 -1.300685 0.25756574 4285164138
0.10670263 -1.3155239 0.2607148 4284900966
0.22394504 -1.3192395 0.27679953 4284900966
0.35404852 -1.324138 0.29746786 4285493103
0.51250458 -1.3210593 0.31623924 4284900966
0.89910126 -1.2917042 0.25560302 4284900966
1.5732445 -1.3185257 0.25324452 4288387739
-1.2089777 -1.2038486 0.28032425 4284900966
-1.1581993 -1.2389325 0.27444142 4284900966
-1.0969956 -1.2519583 0.26800314 4286216826
-1.0066662 -1.2172903 0.2799806 4289967027
-0.10861128 -1.2224911 0.2814486 4283585106
-0.047568645 -1.2497053 0.27873123 4284243036
0.035721123 -1.253969 0.27296522 4286878339
0.10983744 -1.2198387 0.2757751 4288980131
0.23837882 -1.2654387 0.27768141 4284900966
0.24637629 -1.2356435 0.27817008 4284900966
0.38161862 -1.2343911 0.29779747 4285427310
0.53775591 -1.2363251 0.31797177 4284900966
1.0070148 -1.2244205 0.28088018 4284835173
1.0703239 -1.2330649 0.27942708 4285164138
1.1522489 -1.2397146 0.25719687 4288256409
-1.2339568 -1.1560639 0.28208035 4284900966
-1.1787493 -1.1438036 0.27689812 4284900966
-1.1149881 -1.1539021 0.24252968 4284900966
-0.97059989 -1.1761216 0.27862406 4291085508
-0.9432373 -1.1380527 0.27606544 4290164406
-0.7394495 -1.186781 0.24612746 4288387995
-0.67869306 -1.1585078 0.25772506 4288387995
-0.6060459 -1.1402502 0.25673631 4288387995
-0.52986795 -1.1275406 0.24955034 4288387995
-0.47476041 -1.1203377 0.24245016 4288387995
-0.16494016 -1.1344874 0.28744966 4284835173
-0.13740155 -1.1640551 0.27938929 4284243036
0.1371004 -1.1604258 0.28025988 4290953922
0.39313847 -1.1832312 0.31179142 4290559164
0.40706202 -1.1462345 0.31678617 4290953922
0.55190444 -1.1888559 0.31894255 4284900966
0.95193285 -1.1498271 0.2817305 4284769892
0.98315841 -1.1826749 0.28002524 4284900966
1.0965459 -1.1975466 0.27669194 4284900966
1.5643269 -1.1708076 0.24481991 4288453279
-1.2348341 -1.0848291 0.28073168 4284835429
-0.96196437 -1.047695 0.28016809 4290361785
-0.94609088 -1.0851192 0.27987933 4290756799
-0.59065229 -1.1010803 0.29025581 4288387995
-0.51795751 -1.083496 0.28861135 4288387995
-0.44218975 -1.0754331 0.27708989 4288387995
-0.36354905 -1.0667113 0.26546904 4288387995
-0.28427714 -1.0557431 0.25583455 4288387995
-0.16832419 -1.0918957 0.2820259 4285098345
-0.13442512 -1.0784341 0.27968585 4284900966
-0.058368821 -1.0641233 0.27949926 4284900966
0.14734022 -1.0821593 0.27931458 4290624957
0.43938372 -1.0826507 0.30284658 4290427578
0.94443625 -1.0808865 0.28099799 4284638818
1.00878 -1.0615354 0.2810753 4286545791
1.2426111 -1.0456029 0.24389952 4290427578
1.5911303 -1.0778435 0.2495458 4290822336
1.6068202 -1.045709 0.24858479 4290098613
-1.2304313 -1.0012201 0.28015426 4284703587
-1.1697028 -0.96905583 0.28076231 4284900966
-1.0735019 -0.98023874 0.28099656 4285098345
-0.99580008 -0.99638677 0.27966216 4288190616
-0.95592034 -1.0272497 0.28252929 4290098613
-0.42099252 -1.0328705 0.31237835 4288387995
-0.35103306 -1.0210338 0.3059364 4288387995
-0.2778995 -1.0147979 0.29333797 4288387995
-0.20243236 -1.0039699 0.28453478 4288387995
-0.11669123 -1.0029253 0.28014025 4285295724
-0.059862331 -0.97223902 0.27639785 4284637794
0.056503594 -0.96763837 0.27730092 4286611584
0.11122607 -1.0012441 0.2811543 4288124823
0.47014859 -1.0073336 0.30652106 4289572269
0.48185155 -0.99015272 0.29478449 4290361785
0.95286888 -1.0270066 0.28189132 4284900710
0.9957028 -0.99581105 0.2796104 4284703843
1.0522316 -0.98119217 0.2782861 4279505940
1.1795257 -0.97113556 0.27291399 4287401100
1.2183403 -1.0005585 0.27495483 4288786082
1.2991987 -0.96508706 0.28015605 4278848010
1.5769997 -1.0089976 0.249906 4288387995
1.6482766 -0.99801528 0.26855668 4287795858
-1.2076213 -0.9502902 0.28006509 4284900966
-1.1542296 -0.93441999 0.27997488 4284966759
-1.0860965 -0.9346292 0.28001198 4285098345
-1.0323821 -0.9583447 0.27934349 4286545791
-0.12219366 -0.9215101 0.28286341 4285164138
-0.032823805 -0.9513092 0.2817876 4284573537
0.028773824 -0.94847929 0.28222978 4285624689
0.13086371 -0.91829091 0.28182766 4288387995
0.20827621 -0.91129297 0.2688711 4288387995
0.28844246 -0.89776206 0.26145828 4288387995
0.36598152 -0.88977522 0.24941483 4288387995
0.44898802 -0.89824605 0.25340217 4289374890
0.51015174 -0.90637124 0.27268869 4289506476
1.0241082 -0.95163095 0.28188303 4284900966
1.0800554 -0.94154543 0.27890548 4283914071
1.1529289 -0.93492442 0.27891326 4283585106
1.2390826 -0.92250979 0.27917477 4278848010
1.2822728 -0.94755816 0.28008601 4278848010
1.5689692 -0.89648676 0.2426995 4288387995
1.6354809 -0.91953325 0.28555191 4288322202
-1.6711643 -0.81439877 0.24328549 4288387995
-1.0745547 -0.87990642 0.2436087 4284900966
-0.10656126 -0.87493908 0.28061965 4284900966
0.20865242 -0.86984855 0.30837458 4288387995
0.29202235 -0.85765755 0.29886845 4288387995
0.36225635 -0.84494323 0.29319543 4288387995
0.43885487 -0.84669709 0.27187613 4288519581
0.52370363 -0.85432559 0.26414013 4288716960
0.58841676 -0.81737232 0.25972232 4288651167
0.69818318 -0.80928302 0.24202946 4288387995
1.588091 -0.86903679 0.25438812 4288519581
1.6314253 -0.84547663 0.28159311 4288387995
1.680452 -0.85073626 0.31296298 4288453788
-1.6753381 -0.75410223 0.26156977 4288387995
0.46211052 -0.79622054 0.31441134 4288387995
0.51687461 -0.78469974 0.31152329 4288387995
0.59504575 -0.76633149 0.29046538 4288651167
0.69827652 -0.76063228 0.28848979 4288387995
0.76482821 -0.75570166 0.27631423 4288387995
0.83469486 -0.75115967 0.26292607 4288387995
0.9086594 -0.7365849 0.258084 4288387995
0.98652208 -0.72622132 0.24822919 4288387995
1.5798831 -0.77114499 0.24733929 4288387995
1.6460049 -0.75903034 0.28929168 4288387995
-1.6681516 -0.64199615 0.2406508 4288387995
-0.013511647 -0.70510167 0.31363854 4288387995
0.040972926 -0.67820668 0.30885485 4288387995
0.11843695 -0.6630854 0.31055987 4288387995
0.19326754 -0.65532929 0.31472778 4288387995
0.26226109 -0.6475305 0.31833208 4288387995
0.61932147 -0.68166262 0.27907392 4288387995
0.64050394 -0.65001833 0.25845772 4288387995
0.76559913 -0.71367788 0.31627098 4288387995
0.83623362 -0.70796317 0.30380854 4288387995
0.91105974 -0.69193155 0.30013961 4288387995
0.98950249 -0.68528283 0.28658813 4288387995
1.0722283 -0.67832285 0.27224728 4288387995
1.1602148 -0.66558039 0.26209691 4288322202
1.2535486 -0.65200174 0.25138828 4286085240
1.5810876 -0.67174 0.24626616 4288387995
1.6479273 -0.6791355 0.28903782 4288322202
1.6921573 -0.71963501 0.31800085 4288453788
-1.6415914 -0.59673673 0.24999268 4288387995
-1.5682739 -0.59143251 0.24616343 4288387995
-1.4930174 -0.57949924 0.24383914 4288387995
-1.4241415 -0.57126528 0.24104674 4288387995
0.06024735 -0.61651212 0.28796214 4288387995
0.11999305 -0.59906226 0.28714767 4288387995
0.2018767 -0.59943628 0.29496905 4288387995
0.28008303 -0.59871435 0.30204204 4288387995
0.35828844 -0.59293133 0.30725509 4288387995
0.435532 -0.58555019 0.31179062 4288387995
0.51141101 -0.57309073 0.31432629 4288387995
0.6064893 -0.59070885 0.31527239 4288387995
0.65739924 -0.59638965 0.2745212 4288387995
1.0761937 -0.63554788 0.3121112 4288387995
1.1652547 -0.62127966 0.30314577 4288387995
1.2597805 -0.60614938 0.29361728 4288387995
1.3564861 -0.61395788 0.26161867 4286611584
1.3621974 -0.57811826 0.29441273 4288387995
1.4662242 -0.57920444 0.26697931 4285822068
1.5805694 -0.57514113 0.24736407 4286611584
1.6376636 -0.59944737 0.28101486 4288387995
1.6873571 -0.62581682 0.31320107 4288387995
-1.6401731 -0.52352035 0.26801917 4288387995
-1.5568413 -0.51785243 0.26357761 4288387995
-1.4804158 -0.51935595 0.25784492 4288387995
-1.4022241 -0.51772296 0.25276446 4288387995
-1.3203175 -0.51410818 0.24791443 4288387995
-1.2422931 -0.50405437 0.24493098 4288387995
-1.1867806 -0.48859084 0.24486566 4288387995
0.1350119 -0.52435607 0.26106775 4288387995
0.20077443 -0.52066118 0.26587918 4288387995
0.28214428 -0.51732147 0.27228588 4288387995
0.35905385 -0.51812184 0.27979735 4288387995
0.44099 -0.52003443 0.28819078 4288387995
0.51846379 -0.51850384 0.29490077 4288387995
0.60230517 -0.52030379 0.30343169 4288387995
0.68176663 -0.51637203 0.29638082 4288387995
0.72606295 -0.49423227 0.30545154 4288387995
1.3650887 -0.55995977 0.31102911 4288387995
1.4742867 -0.53538424 0.30680227 4288387995
1.588903 -0.51740187 0.28355631 4287203721
1.6358998 -0.51758337 0.27837327 4288387995
-1.6352713 -0.44494006 0.28712925 4288387995
-1.5564499 -0.4403702 0.2827321 4288387995
-1.4838005 -0.44034651 0.27764234 4288387995
-1.3972839 -0.44107604 0.27139348 4288387995
-1.3192726 -0.44047004 0.26607144 4288387995
-1.2415303 -0.43797308 0.25795448 4288387995
-1.1781367 -0.4288049 0.25906017 4288387995
0.15617459 -0.46853274 0.24251278 4288387995
0.20049155 -0.46495456 0.24535458 4288387995
0.28428802 -0.4559508 0.2499049 4288387995
0.36279783 -0.44531056 0.25335672 4288387995
0.44004261 -0.43979231 0.25857466 4288387995
0.52050292 -0.4392662 0.26593146 4288387995
0.60185486 -0.43992352 0.27380958 4288387995
0.68485606 -0.44123593 0.28328693 4288387995
0.73105562 -0.43099087 0.27417582 4288387995
1.5913035 -0.42161 0.2481491 4288387995
1.6365998 -0.44123253 0.27740553 4288387995
-1.6331084 -0.36228615 0.30743995 4288387995
-1.5595208 -0.36026722 0.30277824 4288387995
-1.4810205 -0.36698756 0.29560864 4288387995
-1.3995651 -0.35584778 0.29265317 4288387995
-1.320935 -0.36461747 0.28273726 4288387995
-1.2491804 -0.35757458 0.26781291 4288387995
-1.1648198 -0.35789195 0.27568173 4288387995
-1.1011815 -0.32388049 0.31865031 4288387995
0.45929524 -0.39227742 0.24289748 4288387995
0.52642137 -0.38379973 0.24607706 4288387995
0.60335243 -0.37226269 0.24905081 4288387995
0.68143463 -0.36318815 0.25303978 4288387995
0.74672532 -0.35805446 0.27069125 4288387995
1.1788738 -0.32148194 0.27308199 4278216192
1.2010255 -0.32062656 0.27404529 4278216192
1.5917739 -0.35609806 0.2472356 4288387995
1.6454258 -0.3517386 0.26709327 4288387995
1.695035 -0.37897685 0.26169729 4285624689
-1.6434528 -0.31821895 0.31907552 4288387995
-1.564276 -0.30510601 0.3167679 4288387995
-1.4814879 -0.29584736 0.31325334 4288387995
-1.4048204 -0.28263408 0.31114703 4288387995
-1.3096167 -0.27887437 0.28393009 4288387995
-1.2522068 -0.27976033 0.28329742 4288387995
-1.1596094 -0.27800459 0.29509383 4288387995
-1.0847654 -0.27748066 0.30448633 4288322202
-0.96525812 -0.2491155 0.29787394 4288387995
-0.83371681 -0.25360692 0.28352565 4279045389
-0.66099346 -0.31358033 0.27962753 4284900966
-0.62924325 -0.29403323 0.28036493 4284900966
0.78353584 -0.28718036 0.28544602 4288387995
0.80758458 -0.257478 0.25951976 4288387995
1.0829327 -0.28112808 0.28088769 4278216192
1.1383816 -0.3145434 0.27978498 4278216192
1.2059017 -0.31892946 0.29704267 4278216192
1.5708764 -0.26449203 0.24531457 4288387995
1.6310772 -0.28695804 0.26728293 4288387995
1.6849028 -0.31903791 0.30595267 4288387995
-1.3027078 -0.20495962 0.26819438 4288387995
-1.2499169 -0.20075539 0.29101187 4288190616
-1.1588676 -0.17587593 0.28611821 4285164138
-1.0936818 -0.17552273 0.28252897 4286085240
-0.93272191 -0.19282112 0.30100319 4288322202
-0.8179543 -0.19777346 0.2808587 4279440147
-0.10875929 -0.18566684 0.2782326 4284900966
-0.032850567 -0.19902544 0.27947301 4285887861
0.03954304 -0.1898866 0.2800487 4285295724
0.090844631 -0.17137247 0.28039199 4280054043
0.7970556 -0.23019803 0.31902057 4288387995
0.8259576 -0.19743077 0.27896833 4288387995
1.0340174 -0.18850635 0.28002742 4281429553
1.0458748 -0.22532785 0.28226605 4278872586
1.4817445 -0.19300303 0.24224424 4288387995
1.5491991 -0.21840119 0.24419908 4288387995
1.6321254 -0.2037763 0.27015278 4288387995
-1.3683864 -0.093855545 0.30297935 4284900966
-1.315411 -0.115383 0.28524506 4285295724
-1.2382956 -0.13158904 0.28147459 4283190348
-1.159974 -0.14184229 0.27668956 4285164138
-1.0751542 -0.13851427 0.27791473 4287598479
-0.99769789 -0.11704659 0.28016987 4290164406
-0.92414463 -0.10866638 0.28636634 4290230199
-0.82823253 -0.12245597 0.27934846 4280032284
-0.75779724 -0.10577068 0.26787582 4288387995
-0.71659887 -0.091096073 0.26111066 4288387995
-0.1644149 -0.096390046 0.27997127 4284900966
-0.11630426 -0.11306904 0.28056726 4284900966
-0.047287498 -0.13470715 0.28055641 4284966759
0.04000821 -0.14455774 0.28004062 4287335307
0.10875434 -0.11633159 0.28051463 4288849826
0.85759956 -0.12024853 0.28242454 4288387995
0.93663442 -0.08502087 0.270942 4285428846
1.0042741 -0.11213546 0.28071034 4284705123
1.0751668 -0.13548374 0.28169358 4285231211
1.1523491 -0.13599217 0.27571288 4287665296
1.2137828 -0.10057241 0.26711717 4290559164
1.4275293 -0.14620169 0.24035157 4288387995
1.593455 -0.12198371 0.24397112 4288387995
1.6275202 -0.11838235 0.26563343 4288387995
-1.3764238 -0.048793357 0.28286353 4285295724
-1.3182847 -0.054516878 0.27399838 4284966759
-1.2488928 -0.019660994 0.27211148 4283585618
-1.1514872 -0.069251865 0.24271855 4284900966
-0.98679501 -0.052662466 0.27903965 4291085508
-0.92671007 -0.040511038 0.28207049 4288980132
-0.85885912 -0.059553776 0.28107238 4281874488
-0.75989038 -0.037652209 0.27225527 4289243304
-0.67791104 -0.043367449 0.25674716 4288453788
-0.61824948 -0.031034607 0.24642718 4288387995
-0.16693072 -0.059624836 0.27987051 4284900966
-0.13627143 -0.039472293 0.28021958 4284703587
-0.077085145 -0.045373429 0.28005239 4284900966
0.1480594 -0.045861736 0.28086552 4291282887
0.16322371 -0.03090905 0.28015381 4291414473
0.87292182 -0.063871369 0.30585819 4288387995
0.93612218 -0.035420194 0.27986923 4285428590
0.97895962 -0.044913046 0.27965653 4284900966
1.0842018 -0.054986179 0.28418845 4284900966
1.2444221 -0.038199421 0.26827878 4291348680
1.5940359 -0.041123509 0.24284387 4288387995
1.6443566 -0.024826102 0.25807065 4289901234
-1.3803562 0.04124409 0.25011092 4288387995
-1.2441415 0.031335987 0.27737787 4284900966
-0.96550494 0.068378001 0.27943969 4289901234
-0.94254863 0.032790039 0.28023338 4290559164
-0.84186924 0.042072333 0.29210055 4290953922
-0.76044661 0.042569347 0.27705932 4291282887
-0.67794585 0.037992999 0.26152146 4290624957
-0.59883511 0.04088622 0.24704856 4288387995
-0.55854678 0.057214379 0.24054851 4288387995
-0.16012967 0.0083813472 0.30279079 4284900966
-0.13763942 0.038838316 0.27905679 4284572257
-0.079045177 0.078817666 0.26048857 4284900966
0.14383952 0.041770443 0.27957821 4290230199
0.94173908 0.034733664 0.28175426 4285690482
0.97486424 0.042373996 0.28185046 4284637794
1.108489 0.062091265 0.27209359 4289967027
1.1203575 0.063689351 0.25808802 4289967027
1.2422448 0.040073358 0.27590519 4290559164
1.5918602 0.043077886 0.25061831 4288387995
1.6507934 0.038362302 0.26366326 4289703855
1.688651 0.069194265 0.25756326 4289440683
-1.3925203 0.11614987 0.25632566 4288387995
-1.2186077 0.092640057 0.24093309 4284900966
-1.1537257 0.13548569 0.28005993 4284900966
-1.0812478 0.14600244 0.27991873 4285032552
-0.99924147 0.11049378 0.28084108 4287927444
-0.91302794 0.11881116 0.27122128 4288190616
-0.84356576 0.1236041 0.2902976 4288914339
-0.76363683 0.12351418 0.28239328 4289901234
-0.67833364 0.11725556 0.26623824 4290888129
-0.59963804 0.11707773 0.25166214 4289901234
-0.55342287 0.14024092 0.24446602 4288387995
-0.11079682 0.10730959 0.28077492 4284573793
-0.048138127 0.14419393 0.27972001 4284900966
0.041080266 0.14704911 0.28052768 4285361517
0.10517728 0.10855758 0.28042683 4287795858
0.95087302 0.09938632 0.2919946 4287664272
0.99391615 0.12072181 0.28016308 4285032552
1.0796033 0.14121436 0.27476051 4286019447
1.1555042 0.14051354 0.27936649 4286216826
1.2143879 0.095595859 0.27963939 4288125080
1.5952812 0.13240813 0.24042363 4288387995
1.6404277 0.12039543 0.26945168 4288322202
-1.4495369 0.22482991 0.24005121 4288387995
-1.4057928 0.19796614 0.26312265 4288322202
-0.90332562 0.1915295 0.27833414 4287466893
-0.84557271 0.20189571 0.2893126 4287532686
-0.75659817 0.20358688 0.28578305 4286677377
-0.67558718 0.19936945 0.27054194 4288256409
-0.59768152 0.19536911 0.25588804 4289638062
-0.5320735 0.19806698 0.24390331 4288387995
0.70866692 0.19788152 0.24543336 4278979596
0.73802048 0.2281674 0.2435208 4282532418
0.94863838 0.23396339 0.25002632 4284900966
1.0039326 0.19744727 0.27520889 4285170282
1.0711521 0.20082158 0.2768448 4281625652
1.6389972 0.20320129 0.26701102 4288387995
1.6859002 0.18083778 0.29734319 4288387995
-1.4518641 0.27402151 0.24776936 4288387995
-1.4063109 0.28009912 0.27817273 4288387995
-0.90213823 0.26864505 0.29336345 4288387995
-0.83911467 0.28226727 0.29468822 4288322202
-0.75838417 0.28652492 0.29097408 4288387995
-0.68060887 0.2761113 0.27596855 4287137928
-0.59725195 0.27521116 0.26048762 4287006342
-0.52274466 0.28453818 0.24724393 4288322202
-0.47862101 0.31577426 0.24090746 4288387995
0.77233267 0.25643572 0.25350946 4285098345
0.83494025 0.26166284 0.25241444 4284900966
0.90331745 0.24977061 0.24991027 4284900966
1.0263487 0.26537102 0.27108416 4288387995
1.0678519 0.28391871 0.26617467 4284975463
1.6310993 0.27896032 0.26057008 4288387995
-1.4622635 0.35106057 0.25551715 4288387995
-1.4081057 0.36418855 0.29276931 4288322202
-0.89117002 0.34774134 0.29182449 4288387995
-0.83819705 0.35986623 0.30066323 4288387995
-0.76035237 0.36873913 0.29793867 4288322202
-0.67760128 0.36030263 0.28034574 4288387995
-0.5954088 0.35538432 0.26484486 4288387995
-0.52161831 0.35987005 0.25145 4288387995
-0.47256586 0.36912647 0.24291356 4288387995
1.0708102 0.35702515 0.25671574 4288387995
1.6190643 0.35725477 0.25144303 4288387995
-1.4735863 0.43489552 0.26394504 4288387995
-1.4160594 0.44498298 0.30279192 4288387995
-0.88318694 0.4747268 0.24568143 4288387995
-0.8339901 0.43353936 0.30226371 4288387995
-0.76089358 0.4418481 0.30364978 4288387995
-0.67912841 0.44619802 0.285662 4288387995
-0.60203761 0.44032198 0.27104932 4288387995
-0.51794344 0.43896323 0.25540489 4288387995
-0.45705238 0.44481871 0.24447805 4288387995
1.1045357 0.42926469 0.24897735 4288387995
1.1248999 0.47164556 0.24284998 4288387995
1.6109351 0.42129147 0.24507147 4288387995
-1.5261682 0.51606381 0.24536665 4288387995
-1.4841373 0.52309251 0.27368528 4288387995
-1.4238771 0.52036059 0.31188712 4288387995
-0.96578318 0.55468583 0.24575773 4288387995
-0.92388648 0.51412594 0.24571897 4288387995
-0.82074934 0.52105927 0.29693046 4288387995
-0.76929659 0.51965839 0.29720017 4288387995
-0.68166202 0.52179116 0.2905609 4288387995
-0.59527475 0.52270555 0.27462545 4288387995
-0.5179072 0.51540226 0.25987774 4288387995
-0.44176155 0.52400196 0.24628817 4288387995
1.1311196 0.48528993 0.24178173 4288387995
-1.536257 0.59848052 0.25432116 4288387995
-1.473007 0.6022985 0.29567078 4288387995
-1.044335 0.63073885 0.24583079 4288387995
-1.0046622 0.5923292 0.24579397 4288387995
-0.89713651 0.62060297 0.25934926 4288387995
-0.84559488 0.58461678 0.27407739 4288387995
-0.75221086 0.60723484 0.29638389 4288387995
-0.68525833 0.5986138 0.28979772 4288387995
-0.6040163 0.60765839 0.28218412 4288387995
-0.52190489 0.59624654 0.26535541 4288387995
-0.43309623 0.59882492 0.24906911 4288387995
-0.38539881 0.62664485 0.24187142 4288387995
0.46617386 0.60886145 0.28182241 4284900966
-1.5554208 0.67829084 0.25695762 4288387995
-1.496299 0.67916608 0.29510379 4288387995
-1.1278076 0.71155661 0.2459085 4288387995
-1.0847974 0.66991246 0.24586834 4288387995
-0.97694147 0.69794494 0.25943133 4288387995
-0.93618983 0.65845072 0.2593894 4288387995
-0.82325226 0.69781715 0.27462441 4288387995
-0.76325732 0.67160714 0.2994161 4288387995
-0.6711731 0.68795836 0.29733741 4288387995
-0.60343629 0.67364985 0.28643373 4288387995
-0.52501577 0.68392891 0.27106956 4288387995
-0.44240969 0.68198162 0.26145849 4288387995
-0.37666154 0.6872102 0.24380334 4288387995
0.47092915 0.65263116 0.28115994 4284900966
0.49231297 0.70133114 0.28095949 4284900966
-1.5607805 0.75827777 0.26849538 4288387995
-1.496328 0.75509185 0.30930564 4288387995
-1.210001 0.79113066 0.2459847 4288387995
-1.1702342 0.75262898 0.2459477 4288387995
-1.0625356 0.78089249 0.25951904 4288387995
-1.0206028 0.74025333 0.25947592 4288387995
-0.9328112 0.78630847 0.27725729 4287927444
-0.86268687 0.73607659 0.27466935 4288387995
-0.73938429 0.77450693 0.30370739 4288387995
-0.68570733 0.75327027 0.29849333 4288387995
-0.59440368 0.76347482 0.28857386 4288387995
-0.51680422 0.76008332 0.29003763 4288387995
-0.43839741 0.76098913 0.26228181 4288387995
-0.36711103 0.75907189 0.24624692 4288387995
-1.6204928 0.86182958 0.24952848 4288387995
-1.5614705 0.83184832 0.28183159 4288387995
-1.5167675 0.8405652 0.31218326 4288387995
-1.2929846 0.87146848 0.24606156 4288387995
-1.2502722 0.83011776 0.246022 4288387995
-1.1381577 0.85005629 0.26955947 4284308829
-1.0814238 0.85110641 0.27450711 4280427042
-0.99979264 0.8603999 0.2675786 4285822068
-0.91766953 0.84699643 0.27977192 4286743170
-0.81823051 0.86156684 0.29201275 4288387995
-0.76599401 0.82636464 0.29828444 4288387995
-0.68324429 0.83567482 0.30924824 4288387995
-0.59958667 0.83916509 0.3021214 4288387995
-0.52234018 0.83412784 0.2814787 4288387995
-0.44039106 0.83111048 0.26403192 4288387995
-0.35766768 0.83674049 0.24905083 4288387995
-0.31706715 0.81725937 0.24039477 4288387995
-1.6195397 0.92368436 0.26172584 4288387995
-1.5627686 0.91278994 0.29615748 4288387995
-1.3719091 0.94787961 0.24613486 4288387995
-1.3326961 0.90991712 0.24609856 4288387995
-1.236113 0.94203359 0.26671296 4287664272
-1.1500963 0.94672298 0.28110957 4286348412
-1.0839041 0.94147915 0.28140974 4287137928
-1.0218589 0.9276318 0.277807 4281808695
-0.89778453 0.91748327 0.28086355 4284572001
-0.85682374 0.89905769 0.29206157 4288387995
-0.68015772 0.91991138 0.31169245 4288387995
-0.1173205 0.92246068 0.28110301 4284900966
-0.032111838 0.92812306 0.28001732 4285229931
0.03299997 0.93095535 0.27929774 4287861651
0.11710015 0.92348164 0.28061894 4283190348
0.18597409 0.93429327 0.28168237 4286545791
1.0367635 0.95927685 0.27972555 4284900966
1.0798764 0.95240116 0.27987653 4285558896
1.129517 0.95517731 0.28012902 4287532686
-1.6324794 0.9881646 0.26548958 4288387995
-1.5815197 1.0174479 0.30371299 4288387994
-1.4545647 1.0279027 0.24621156 4288387995
-1.4116654 0.98637277 0.24617192 4288387995
-1.3000288 1.0109847 0.28035104 4285361517
-1.2352662 0.9943254 0.2839435 4286282875
-1.1805733 0.97035015 0.28065753 4285098345
-1.0431129 0.96770918 0.28015012 4288716960
-0.99828517 0.99596399 0.27916631 4289045925
-0.92409825 1.0010551 0.28141752 4285756275
-0.86091137 1.0215621 0.28169101 4279834905
-0.7590521 0.99665833 0.31180334 4288387995
-0.1768098 1.0195284 0.27995223 4282269246
-0.1234424 1.0009497 0.27968088 4283716692
-0.036880832 0.98273522 0.27932253 4285493103
0.045970526 0.99049902 0.27491713 4287795858
0.11648683 0.99815321 0.27968097 4287730065
0.20166445 0.99524617 0.27992314 4282795590
0.99937469 0.99142468 0.28086251 4284900966
1.0476503 0.96237952 0.28007776 4284900966
1.1476463 0.96164268 0.28004873 4286216826
-1.6997688 1.1031027 0.24378762 4288453529
-1.6540629 1.0772076 0.26830095 4288387995
-1.5483316 1.0923046 0.26700187 4288387995
-1.494331 1.0664041 0.24624857 4288387995
-1.3857181 1.0940922 0.25985104 4288387995
-1.3260921 1.0625532 0.27403939 4285560176
-1.2532113 1.0751143 0.2861267 4287072647
-0.99314356 1.058798 0.27023017 4287072135
-0.95037854 1.0827475 0.27894583 4289641902
-0.84236479 1.0730166 0.2999697 4284703587
-0.19051583 1.0840892 0.28031608 4280756007
-0.14804891 1.072394 0.2800172 4284308829
-0.039519925 1.0560834 0.27646819 4284900966
0.077133626 1.0434972 0.26698929 4289901234
0.13730869 1.0806916 0.27313727 4290625213
0.18085523 1.0724574 0.28008422 4291217094
0.9520992 1.0792389 0.28071532 4284966759
0.99340063 1.0776665 0.28106746 4284900966
1.0575916 1.0477332 0.27992877 4284900966
-1.697155 1.160228 0.25616586 4288453275
-1.6365273 1.1575724 0.29461843 4288387739
-1.4642936 1.1702406 0.25993174 4288387995
-1.3795164 1.1684227 0.25444728 4281150765
-1.3294663 1.167428 0.26473761 4286743170
-1.2505136 1.1503116 0.26669559 4284966759
-0.97372437 1.1829083 0.28012151 4289769648
-0.95179474 1.1368228 0.27973992 4290691263
-0.17409846 1.1467079 0.27987313 4283979864
-0.1449454 1.1640443 0.2795243 4284769380
-0.0068341792 1.1397806 0.27947354 4289045925
0.05284863 1.1504493 0.28000146 4289440683
0.12744476 1.1546327 0.27999517 4290098869
0.94069225 1.1559631 0.27986655 4285032552
1.0770327 1.1946154 0.28448516 4284900966
-1.6511348 1.2343618 0.29961616 4288387995
-1.37569 1.2368909 0.2629784 4282664004
-1.3381761 1.2169676 0.26565519 4288387995
-1.2237941 1.2555301 0.29252499 4288387995
-1.1248059 1.2448089 0.27940628 4285953654
-1.0762855 1.2454125 0.28236273 4285756275
-1.0101882 1.2196103 0.28022817 4288124823
-0.11895367 1.2259027 0.28001845 4280637989
-0.047674343 1.2402502 0.2776702 4284440415
0.041748255 1.2418438 0.27932361 4285624689
0.098558314 1.214276 0.28223103 4287993237
0.93419033 1.2023393 0.27985939 4284900966
1.021274 1.2525336 0.27989975 4284177243
1.0506654 1.2140042 0.2776261 4284900966
-1.6603026 1.3248472 0.31067362 4288387995
-1.4182228 1.3074855 0.2569187 4288322459
-1.3165938 1.3297909 0.28349429 4288387995
-1.2628616 1.2934821 0.29257447 4288387995
-1.1284893 1.3560522 0.31232369 4288387995
1.0031563 1.3198508 0.27852687 4278848010
-1.3888044 1.4004469 0.26760828 4288322458
-1.3417528 1.3830175 0.28356582 4288387995
-1.2070512 1.4324677 0.3124336 4288387995
-1.1675397 1.3940352 0.31237826 4288387995
1.0090901 1.3703794 0.27506745 4278848010
1.6574241 1.427379 0.24299145 4288387995
-1.4544742 1.4696932 0.2478931 4288257178
-1.401976 1.4902707 0.26260737 4288387739
-1.3088109 1.4976293 0.29611468 4288387739
-1.2462904 1.4706435 0.31248909 4288387995
1.6636248 1.4642667 0.2552247 4288387995
-1.5208369 1.5799279 0.24213776 4288387995
-1.4708643 1.5486814 0.25135189 4288322461
-1.4023081 1.5696691 0.27001205 4288387738
-1.3234539 1.5457019 0.29830834 4288322459
-1.5332718 1.6360602 0.24440409 4288387995
-1.4731427 1.6311013 0.25856757 4288322459
-1.3820505 1.6661938 0.2840414 4288387739
-1.3310764 1.6331077 0.29332542 4288322459
-1.5528543 1.7244599 0.24797322 4288387996
-1.4755359 1.7180833 0.26618591 4288453275
-1.392373 1.7262363 0.28719035 4288322458
-1.3192925 1.7052078 0.30299005 4288322715
-1.4986677 1.7960167 0.26790458 4288191386
-1.4140109 1.8052934 0.28937843 4288387484
-1.3334303 1.7991924 0.30841085 4288388249
-1.5394546 1.879254 0.26582748 4287930261
-1.4692392 1.8903465 0.28395867 4287995540
-1.3926141 1.8680758 0.3005037 4288387995
-1.3483175 1.8981723 0.31411976 4288519320
1.3469307 1.9165125 0.28016415 4284900966
1.3970357 1.9036827 0.28124285 4284900966
1.4733065 1.8841528 0.28288478 4284900966
-1.6407403 1.9837856 0.28252029 4278216192
-1.559247 1.9833879 0.28183863 4278742280
-1.4828585 1.994218 0.28275585 4278678791
-1.4057688 1.9941844 0.27981335 4278548998
-1.3567786 1.9891031 0.30282003 4280911401
1.0293553 1.9976603 0.28087366 4284900966
1.0737194 1.9863608 0.279154 4284900966
1.1532685 1.9661011 0.27599481 4284900966
1.2327746 1.945743 0.2777065 4284900966
1.3272327 1.9508759 0.27843586 4281689653
1.3995197 1.9811985 0.27917778 4279067917
1.4798626 1.9983014 0.28028196 4278216192
1.5602839 1.9982997 0.27995658 4278215936
1.6388515 1.9834206 0.279863 4279526932
-1.6440341 2.0262816 0.28065541 4278216192
-1.5590628 2.0204394 0.281746 4278282241
-1.4867501 2.0303049 0.2792277 4278415107
-1.388985 2.0290115 0.27917981 4278353154
-1.3440231 2.0547833 0.27760962 4278354690
0.99908763 2.0054119 0.28019059 4284900966
1.3372582 2.0505135 0.28032282 4278215936
1.3891267 2.0269728 0.28031164 4278216192
1.4804889 2.0187635 0.27998301 4278216192
1.5586467 2.0198483 0.27966839 4278216192
1.6316686 2.0503576 0.27827412 4278412036
-1.6519235 2.1184802 0.28010505 4278216192
-1.4767866 2.1201332 0.27599612 4278216192
-1.3807346 2.1003523 0.28164861 4278747401
-1.3227546 2.1158774 0.279699 4278356738
-1.2592766 2.1219344 0.28111246 4278426371
1.2628064 2.1298997 0.2828747 4278216192
1.3190789 2.1209424 0.28102791 4279068173
1.3683618 2.0961101 0.28255072 4284900966
-1.6247888 2.1954527 0.28009874 4278216192
-1.4555999 2.1737554 0.27712423 4278217728
-1.2915581 2.1826487 0.27935833 4278358786
-1.2548732 2.2111251 0.27950174 4278426115
-1.1829209 2.2215028 0.26763666 4283462992
1.2553295 2.2062972 0.2805298 4278216192
1.3018614 2.1862216 0.28010696 4278478084
-1.6050835 2.2513502 0.28011733 4278216192
-1.591068 2.2911084 0.28006622 4278216192
-1.2308474 2.2766125 0.27948293 4278362370
-1.1687887 2.2914503 0.28024867 4281044523
-1.1166037 2.3145542 0.24460796 4284900966
1.1912936 2.2880411 0.28039312 4278216192
1.2318722 2.2784534 0.28022617 4278216192
1.2840048 2.2504771 0.28042683 4278216192
-1.5685701 2.354928 0.28007913 4278216192
-1.2072437 2.3320467 0.27785823 4278429955
-1.1756666 2.365803 0.28031 4278431235
-1.0964196 2.3636694 0.28127664 4283592787
1.1724182 2.364121 0.28103533 4278216192
1.2180927 2.3535845 0.27882141 4278216192
-1.5401689 2.4354932 0.2801255 4278216192
-1.141282 2.4343965 0.2798577 4278433283
-1.1056486 2.453943 0.28114855 4279217935
-1.0322822 2.4581318 0.27630427 4284900966
-0.66170382 2.4714835 0.278561 4279374354
-0.5956884 2.471498 0.27918658 4279374354
-0.5158124 2.4715152 0.27994347 4279308561
-0.43518746 2.4715326 0.28070742 4279308561
-0.36062405 2.4715486 0.28141397 4279242768
-0.2853944 2.4715643 0.28212681 4279176975
-0.20258905 2.4715822 0.28291151 4279111182
-0.11899294 2.4716005 0.28370363 4279045389
-0.042642444 2.4716289 0.28320768 4279045389
0.00078696012 2.4716988 0.27776033 4278979596
0.77946723 2.478303 0.28213489 4284900966
1.1088765 2.4610932 0.28091049 4279004172
1.1474584 2.4331529 0.2798982 4278215936
1.2025685 2.4001167 0.24780425 4278216192
-1.5227311 2.4849589 0.27992222 4278479364
-1.5088999 2.5241942 0.27976704 4278479364
-1.127033 2.5007083 0.27803972 4285906548
-1.082211 2.5136883 0.27955952 4279339025
-0.99938917 2.5229993 0.27862927 4279640086
-0.92029041 2.525919 0.27771181 4279440147
-0.83928901 2.527864 0.27730352 4279440147
-0.75957513 2.5296938 0.27998835 4279374354
-0.68004346 2.5304289 0.28043216 4279374354
-0.60030943 2.5314598 0.28030849 4279374354
-0.52053392 2.5347612 0.27891529 4279308561
-0.44043887 2.5384071 0.28035042 4279308561
-0.36029279 2.5376232 0.28075835 4279242768
-0.28112578 2.5350037 0.28005528 4279176975
-0.19918925 2.531904 0.27996239 4279176975
-0.12018193 2.5327237 0.28047907 4279111182
-0.0404558 2.531409 0.28070176 4279045389
0.039051946 2.5312259 0.28073502 4278979596
0.12034912 2.5301824 0.28055587 4279176975
0.19968568 2.5273075 0.28162554 4279637526
0.28161761 2.525836 0.28040063 4280229663
0.3592971 2.5287032 0.27901343 4279637526
0.44305697 2.5338697 0.27605671 4278848010
0.52060372 2.5345399 0.27524373 4278782217
0.6001578 2.5342059 0.27957043 4278848010
0.68110746 2.534838 0.27924195 4278913803
0.75881064 2.5356741 0.28005615 4279308561
0.83990413 2.5343862 0.28011796 4279308561
0.91934782 2.5287254 0.28024834 4279374354
1.0018137 2.5291193 0.27928203 4278848010
1.0789587 2.5156636 0.2793532 4279651094
1.1441312 2.4914536 0.27978182 4278216192
-1.4675992 2.6115937 0.27850199 4278414596
-1.4207174 2.6359608 0.27754563 4278481155
-1.063049 2.5900726 0.28129986 4279205391
-0.99628973 2.6054385 0.28267258 4279571733
-0.93222409 2.60184 0.28188482 4280492835
-0.25683188 2.5607774 0.27757564 4279176975
-0.19936305 2.562876 0.28076291 4279111182
-0.11896189 2.565886 0.27807668 4279045389
-0.040876646 2.5687976 0.27663124 4279045389
0.039719325 2.5717781 0.27753535 4278979596
0.12120971 2.5747917 0.27844954 4278913803
0.19947349 2.6068659 0.28244358 4278848010
0.27550894 2.6360323 0.28064427 4278848010
0.35795432 2.6299536 0.28096238 4278848010
0.44330177 2.6236594 0.2815372 4278848010
0.52388698 2.6177318 0.28021446 4278848010
0.59653252 2.6123824 0.27981439 4278848010
0.67896986 2.6063077 0.27991316 4278848010
0.76337808 2.5993571 0.27932414 4280295456
0.83802325 2.5972247 0.27980664 4282729797
0.91933644 2.5940809 0.27954236 4280163870
0.98296148 2.5852268 0.28015277 4278848010
-1.3795487 2.6436 0.27973124 4278416387
-1.3222227 2.6542628 0.28013706 4278417667
-1.2395355 2.6696491 0.28015521 4278420483
-1.1600459 2.684443 0.27979845 4278426115
-1.0793835 2.6994491 0.28022531 4278432770
-1.0072726 2.7128687 0.27999571 4279309328
-0.49846157 2.6930745 0.27951989 4279242768
-0.4396956 2.6887414 0.27982071 4279176975
-0.35937551 2.6828339 0.27846393 4279111182
-0.28454354 2.6772943 0.28153363 4279111182
-0.20059447 2.6711204 0.28010494 4279045389
-0.11871723 2.6650884 0.27992365 4278979596
-0.040342085 2.6593125 0.28001752 4278913803
0.035835255 2.6536977 0.28015703 4278848010
0.11791407 2.6476519 0.27978113 4278848010
0.18900204 2.6424224 0.27871299 4278848010
-0.96363205 2.7209907 0.27981976 4279440147
-0.91570085 2.7298965 0.2811636 4279440147
-0.8435483 2.7433345 0.27986577 4279440147
-0.75936371 2.759001 0.27968255 4279440147
-0.68165988 2.7734551 0.28013697 4279440147
-1.6381524 -5.7916193 0.36124885 4289901234
-1.561901 -5.7696452 0.36124882 4289901234
-1.4856498 -5.7476721 0.36124891 4289901234
-1.4009265 -5.7232556 0.36124885 4289901234
-1.3162028 -5.6988392 0.36124882 4289901234
-1.2653688 -5.6841903 0.36124879 4289901234
-1.2314793 -5.6744237 0.36124882 4289901234
-1.1637003 -5.6548915 0.36124879 4289901234
-1.0789769 -5.630475 0.36124879 4289901234
-1.0027257 -5.6085019 0.36124879 4289901234
-0.96036404 -5.5962934 0.36124879 4289901234
-0.91800219 -5.5840855 0.36124885 4289901234
-0.8467356 -5.5635448 0.36487934 4289901234
-0.78527331 -5.5458188 0.38182211 4289901234
0.3104831 -5.2300377 0.3877002 4287483793
0.36809939 -5.21345 0.36771467 4289377194
0.41215709 -5.2007585 0.36124876 4289900976
0.45451885 -5.1885509 0.36124876 4289901234
0.5138253 -5.1714597 0.36124876 4289901234
0.37437797 -2.6563985 0.35829312 4278848010
0.43649605 -2.6596885 0.36299434 4278848010
0.51791155 -2.6634264 0.35772619 4278848010
0.60218996 -2.6677606 0.36155123 4278848010
0.68424559 -2.6716571 0.35880786 4278848010
0.75873399 -2.675436 0.36114508 4278848010
0.83891511 -2.6794055 0.36170408 4278848010
0.91852403 -2.6832383 0.36009631 4278848010
0.99574596 -2.6867766 0.35495222 4278848010
1.0841738 -2.6672423 0.36278906 4278848010
-1.0479704 -2.5601516 0.33011889 4278301184
-0.9961533 -2.5608878 0.35799387 4278850570
-0.91860873 -2.5623822 0.35977343 4278848010
-0.85892081 -2.5635374 0.3606739 4278848010
-0.72769046 -2.60058 0.34715953 4278848010
-0.67903215 -2.6027796 0.35411191 4278848010
-0.59908748 -2.599848 0.35284656 4278848010
-0.51760852 -2.5957959 0.35417631 4278848010
-0.43822691 -2.5924613 0.35686493 4278848010
-0.3591032 -2.5897 0.35608476 4278848010
-0.27910081 -2.5880389 0.35631385 4280492835
-0.2000995 -2.5874414 0.3566843 4280163870
-0.12067013 -2.5888479 0.3559826 4278848010
-0.040092725 -2.5888338 0.35806024 4278848010
0.040767808 -2.5903797 0.35971555 4278848010
0.12020487 -2.591378 0.35908011 4278848010
0.19872226 -2.5923591 0.35950562 4278848010
0.27961576 -2.5940084 0.3597438 4278848010
0.35995978 -2.5958471 0.36106142 4278848010
0.43954334 -2.5978043 0.36192995 4278848010
0.51943749 -2.5992291 0.36250514 4278848010
0.60178995 -2.595974 0.36087456 4278848010
0.67959911 -2.5942888 0.35980496 4278848010
0.75750047 -2.5909808 0.35898837 4278848010
0.84046364 -2.5856209 0.35811064 4278848010
0.92033458 -2.5896962 0.35957649 4278848010
0.99892938 -2.5844636 0.35977805 4278782473
1.0891174 -2.5876322 0.35695437 4278849289
1.1476742 -2.5829837 0.3605943 4278594822
1.2053576 -2.5691862 0.38111216 4278281473
-1.3697214 -2.5017262 0.32177925 4282557242
-1.1241525 -2.4867101 0.35771659 4278505220
-1.0791425 -2.5311587 0.35900915 4278676231
-0.99671429 -2.5293615 0.35869333 4278782730
-0.91978955 -2.5257673 0.35829097 4278782473
-0.83985716 -2.525393 0.35814396 4278782217
-0.75873327 -2.5216115 0.3594996 4278848010
-0.67976183 -2.5200925 0.35926023 4279703319
-0.60097569 -2.5200551 0.35708851 4279900698
-0.51879197 -2.5256763 0.35513207 4278848010
-0.44010088 -2.5220609 0.35868585 4278782217
-0.35954273 -2.520838 0.36095849 4278782217
-0.27862218 -2.5196371 0.36182714 4278979596
-0.1998387 -2.5201185 0.36055708 4279045389
-0.1212328 -2.5200648 0.35934845 4279176975
-0.039529435 -2.5210991 0.35909146 4279242768
0.039028078 -2.5225141 0.36148092 4279440147
0.12080383 -2.5222738 0.36135608 4279505940
0.20043857 -2.5235116 0.36123487 4279505940
0.28042567 -2.5222237 0.36073735 4279637526
0.35979474 -2.5227537 0.36141944 4279440147
0.43765721 -2.5230536 0.36218187 4279374354
0.51773185 -2.5236912 0.36196229 4279440147
0.59719443 -2.5235391 0.36268976 4279374354
0.678119 -2.5231373 0.362066 4279505940
0.75855964 -2.5236895 0.36278903 4279308561
0.8397879 -2.5245745 0.3623257 4279440147
0.92011833 -2.5286577 0.36271879 4279505940
0.99874592 -2.5287354 0.3606686 4279571989
1.0818497 -2.518522 0.3603574 4278794761
1.1588305 -2.5210924 0.35888845 4278216192
1.235743 -2.5114353 0.35956624 4280116765
1.2851568 -2.4904621 0.36085004 4284900966
1.6453707 -2.4960208 0.3210634 4283585617
-1.4656495 -2.4439604 0.33434319 4289901233
-1.4356718 -2.4249871 0.32961366 4289901233
-1.1439282 -2.4385595 0.35763139 4278439171
-1.1151079 -2.4750595 0.35737425 4278307840
-1.0224845 -2.4402885 0.35989979 4278848010
0.029896835 -2.4025879 0.36712846 4278848010
0.2202504 -2.4534378 0.32187206 4284835173
0.27850845 -2.4404724 0.33500451 4283782485
0.36493856 -2.4377573 0.34516895 4285756276
0.43951333 -2.4444485 0.35270771 4284179803
0.51727682 -2.4482343 0.367881 4282211901
0.60202503 -2.4345331 0.33829957 4287600271
0.69773966 -2.4318674 0.34121275 4288387995
0.75010198 -2.4256144 0.34814695 4288387995
0.8483665 -2.4492443 0.362097 4288322459
0.91081321 -2.4282713 0.37131172 4288322458
0.9939189 -2.4530511 0.36062577 4288387995
1.1093363 -2.4620442 0.36746296 4280841000
1.1511552 -2.4359984 0.36015204 4278478596
1.2376299 -2.4400702 0.36026028 4278216192
1.3037879 -2.4326661 0.3606917 4282934856
-1.205027 -2.3270714 0.3528327 4278307329
-1.1789258 -2.3664305 0.35518247 4278373378
-1.0700569 -2.3659015 0.36019567 4278848010
-0.61731642 -2.3209705 0.32545167 4278848010
0.066263728 -2.398875 0.34536764 4278848010
0.12137324 -2.3957665 0.36026946 4278848010
0.20167206 -2.3838723 0.35270521 4280887593
0.27916753 -2.3800948 0.35669881 4280558629
0.35994545 -2.3744919 0.3585473 4280887849
0.43646997 -2.3702736 0.36329752 4280493347
0.51788062 -2.369597 0.36214289 4280167454
0.59786588 -2.3607755 0.3580966 4279176975
0.67821044 -2.3566515 0.35233846 4281611572
0.76847482 -2.3557894 0.35707664 4285298027
0.83898348 -2.3474975 0.35813731 4285953654
0.92118609 -2.3476367 0.35782444 4285624689
0.99943244 -2.3427649 0.3690232 4286151033
1.0805446 -2.3360975 0.3607083 4285361517
1.1742545 -2.3640611 0.36217687 4279200015
1.2267362 -2.3585231 0.36145988 4278216192
1.3222588 -2.3562746 0.35795286 4280247839
1.363503 -2.3255181 0.36086443 4284900966
-1.2289591 -2.2780192 0.35756284 4278437890
-1.1385291 -2.2588389 0.36015776 4278929163
-1.1084121 -2.3059258 0.36065528 4278848010
-0.91035604 -2.2474768 0.34133995 4278848010
-0.83849174 -2.2577648 0.35745096 4278848010
-0.75908017 -2.2758346 0.35792091 4278848010
-0.68226582 -2.2955801 0.35251346 4278848010
-0.63196194 -2.3127337 0.33804965 4278848010
0.14485639 -2.2776036 0.32099378 4288387995
0.19489805 -2.281512 0.33148587 4288387995
0.27695704 -2.2828155 0.34916049 4288387739
0.3627401 -2.2771463 0.36828378 4288322459
0.44492868 -2.2790825 0.38592827 4288061333
0.49588597 -2.2792635 0.39696178 4285436777
0.60543072 -2.2784646 0.33277422 4288387995
0.65654939 -2.2608626 0.32787332 4288387995
0.7676416 -2.2863019 0.35259023 4288387995
0.83097595 -2.2812111 0.35520068 4288387995
0.91348416 -2.2797937 0.3608813 4288387995
1.0105265 -2.3051865 0.35496119 4288322459
1.0704162 -2.3023424 0.36966026 4288322459
1.1887481 -2.3123546 0.36519265 4281890361
1.2344311 -2.2807305 0.36078736 4278216192
1.3387909 -2.2887273 0.35679859 4278216192
1.3807141 -2.2722585 0.36082068 4282083387
-1.289914 -2.1765428 0.35727152 4278436611
-1.2652824 -2.2115333 0.35791653 4278437123
-1.1783466 -2.1965809 0.36005113 4278242048
-1.0702213 -2.2039585 0.35886475 4278848010
-1.0006529 -2.2193959 0.36029279 4278848010
-0.92855418 -2.2308009 0.37365308 4278848010
-0.86899883 -2.2380519 0.39030224 4278848010
0.13809571 -2.2037289 0.32631853 4288387995
0.20057809 -2.2009711 0.3401213 4288387995
0.27502757 -2.1995032 0.35640043 4288387739
0.35538173 -2.1961761 0.37413111 4288322460
0.42629614 -2.1945806 0.3667593 4288387738
0.48078108 -2.2149787 0.39959532 4287668625
0.60334599 -2.206075 0.34656146 4288387995
0.69733405 -2.2183492 0.33271599 4288387995
0.73184347 -2.182379 0.33681354 4288387995
0.83689517 -2.202889 0.36610898 4288387995
0.91941333 -2.1991038 0.3702324 4288387995
0.99849427 -2.2029018 0.37420243 4288387995
1.2646562 -2.2140856 0.3594785 4278347266
1.2959191 -2.1872251 0.35991678 4278281729
1.403715 -2.2050476 0.35950565 4279855641
1.4755709 -2.1682925 0.35741001 4278216192
1.5518857 -2.1753893 0.37634781 4278216192
-1.3185076 -2.1219752 0.3602871 4278631942
-1.2258933 -2.1222355 0.36007595 4278241792
-0.099953234 -2.0958724 0.33246395 4289835441
-0.045456693 -2.1019137 0.35534036 4290098613
0.074862123 -2.0859191 0.32343626 4288387995
0.11969723 -2.1182816 0.33018345 4288387995
0.19946149 -2.121819 0.34715506 4288387994
0.2834411 -2.1181481 0.36570349 4288387995
0.36257979 -2.117938 0.38288391 4288387994
0.43360722 -2.1235814 0.3466661 4288387995
0.62794846 -2.1332834 0.34844735 4288387995
0.66568226 -2.1165345 0.32790682 4288387995
0.7757979 -2.1365674 0.34203258 4288387995
0.84416538 -2.1143744 0.36793706 4288387995
0.92793834 -2.1191092 0.36750969 4288387995
0.96615601 -2.0819066 0.37218595 4288387995
1.0783545 -2.1245937 0.39389265 4288387995
1.1249748 -2.0824385 0.39976627 4288387995
1.3225682 -2.1244969 0.35909525 4278281729
1.3768589 -2.0982838 0.35559195 4278216192
1.462597 -2.1181242 0.36347309 4278216192
-1.6343739 -2.0078754 0.35841402 4278420995
-1.558332 -2.0089538 0.35832816 4278426115
-1.4813379 -2.0096512 0.35666567 4278364674
-1.3886406 -2.020751 0.35815981 4278432516
-1.3304498 -2.0483873 0.36167514 4279482899
-1.2631924 -2.0602007 0.36681899 4280205086
-0.11842752 -2.0380056 0.3392747 4290230711
-0.041226052 -2.0395179 0.3766987 4285963893
0.04923984 -2.0297587 0.33406448 4287600783
0.1192733 -2.0356121 0.3376908 4288387995
0.19843377 -2.0396969 0.35448122 4288387995
0.27839586 -2.0394716 0.3718417 4288322459
0.35847625 -2.0387449 0.38927385 4288387740
0.45793378 -2.0446236 0.33236498 4288387739
0.66690809 -2.0425093 0.34806162 4288387995
0.7521289 -2.0325735 0.3324644 4288387995
0.85658693 -2.0583081 0.35503736 4288387995
0.89320034 -2.030581 0.3738299 4288322458
1.0048891 -2.0442038 0.37692523 4288387995
1.0447097 -2.0054429 0.38179761 4288387995
1.3495505 -2.063849 0.36018467 4278216192
1.3824536 -2.0329008 0.35985637 4278216192
1.4895179 -2.0431159 0.35861054 4278216192
1.558416 -2.0224669 0.35955462 4278215936
1.6339225 -2.0250022 0.35939193 4278215936
-1.6364155 -1.9915971 0.35524422 4278357251
-1.5599583 -1.9853028 0.35344845 4278558725
-1.4801376 -1.9828411 0.356949 4279020300
-1.404839 -1.9869683 0.36047748 4279414801
-1.3311869 -1.9811182 0.36080337 4280334112
-1.2429799 -1.9660094 0.38205808 4288387995
-1.177407 -1.9310265 0.38676396 4288387995
-0.18055889 -1.9502375 0.33288622 4283008585
-0.1205378 -1.9580188 0.36017081 4280120349
-0.059683748 -1.9704301 0.38659427 4278216192
0.046292339 -1.9701329 0.33125374 4288585374
0.1188679 -1.9751916 0.34315699 4288387995
0.1951824 -1.9782089 0.35942844 4288387995
0.27618128 -1.9783505 0.3769798 4288387739
0.34665927 -1.9842422 0.39172149 4288387994
0.47859788 -1.9950253 0.32525432 4288387995
0.49278313 -1.9501944 0.32628363 4288387995
0.69431877 -1.9576312 0.34228936 4288387995
0.76728028 -1.9650561 0.33154684 4288387995
0.82943457 -1.9466786 0.34136435 4288387995
0.92690754 -1.9666519 0.37282026 4288387995
0.97018737 -1.9339461 0.36511385 4288387995
1.085337 -1.9658958 0.38676867 4288387995
1.1254121 -1.9268876 0.39167216 4288387995
1.4077698 -1.9937695 0.3599478 4278216192
1.4722651 -1.992103 0.35770813 4278346754
1.5604942 -1.9933063 0.35947254 4278216192
1.6388417 -1.9928399 0.3606748 4278216192
-1.5266297 -1.9162037 0.32073209 4288322202
-1.4769213 -1.8870041 0.32375354 4288387995
-1.4067631 -1.8799905 0.33498386 4288387995
-1.3281931 -1.8781451 0.34878466 4288387995
-1.2434471 -1.8829271 0.36505002 4288387995
-1.1613076 -1.8773857 0.37874219 4288387995
-1.0845828 -1.8704143 0.3911652 4288387995
-0.19871686 -1.8817805 0.34275568 4278216192
-0.12158627 -1.8809474 0.38078791 4278216192
-0.071296901 -1.9024297 0.39954615 4278216192
0.073756635 -1.8783473 0.37301922 4291087299
0.080818892 -1.8898939 0.34084159 4289835443
0.51791942 -1.8707504 0.3281076 4288387995
0.71029335 -1.8896769 0.35475945 4288387995
0.76103961 -1.8765548 0.33337227 4288387995
0.85193002 -1.8887298 0.34222308 4288387995
0.92884469 -1.8746142 0.37011224 4288387995
0.99787247 -1.8837038 0.37375823 4288387995
1.0507991 -1.8499205 0.37468547 4288387995
1.1620287 -1.8912438 0.3961525 4288387995
-1.3886935 -1.819842 0.32599196 4288387995
-1.320379 -1.8023427 0.33475369 4288387995
-1.2377106 -1.8026067 0.34972388 4288387995
-1.1557772 -1.7984725 0.36366543 4288387995
-1.0765496 -1.792032 0.37664902 4288387995
-1.0035012 -1.8100981 0.39350849 4288387995
-0.93998891 -1.7759835 0.39801916 4288387995
-0.18088396 -1.8070514 0.37198493 4278216192
-0.14281325 -1.8048124 0.39125836 4278216192
0.11148632 -1.8020307 0.3591449 4286487679
0.54104316 -1.7976661 0.32978553 4288387995
0.74239326 -1.7979932 0.35238597 4288387995
0.84257334 -1.7975624 0.33581156 4288387995
0.94441658 -1.8189232 0.35460183 4288387995
0.97911114 -1.7933832 0.37929761 4288387995
1.0887524 -1.8103608 0.37919196 4288387995
1.1278594 -1.7695956 0.38383543 4288387995
-1.2891487 -1.750301 0.32978794 4288387995
-1.2340676 -1.7233622 0.33423918 4288387995
-1.1605306 -1.7142396 0.34564951 4288387995
-1.0886604 -1.7151642 0.35880592 4288387995
-1.0007377 -1.72287 0.37623996 4288387995
-0.92977601 -1.7265841 0.38980007 4288387995
-0.16930383 -1.7503566 0.39320493 4278216192
-0.15818995 -1.7511382 0.39843786 4278216192
0.14050715 -1.7189684 0.37636968 4284451424
0.55643898 -1.7490072 0.33090267 4288387995
0.56931305 -1.7083225 0.33183685 4288387995
0.7727527 -1.7279851 0.34491068 4288387995
0.82440317 -1.7134082 0.32823941 4288387995
0.91311741 -1.7143438 0.34367904 4288387995
1.0129173 -1.7251467 0.38097697 4288387995
1.053178 -1.6980814 0.36712316 4288387995
1.1706882 -1.7249554 0.38892075 4288387995
1.2084324 -1.6856121 0.3934024 4288387995
-1.2303145 -1.6553952 0.32107162 4288387995
-1.161206 -1.6376284 0.3299222 4288387995
-1.0856105 -1.6403649 0.34411952 4288387995
-0.999062 -1.6716093 0.3661007 4288387995
0.18175554 -1.6391733 0.35703391 4289113252
0.59062481 -1.6409601 0.33338323 4288387995
0.79151005 -1.6494063 0.36098513 4288387995
0.84703255 -1.6379131 0.3367126 4288387995
0.91921294 -1.6384748 0.34075177 4288387995
1.0048435 -1.6396574 0.36932179 4288387995
1.0803511 -1.6409311 0.37888139 4288387995
1.1302787 -1.6124172 0.37599951 4288387995
1.2388878 -1.6538683 0.39701858 4288387995
-1.1395458 -1.5911227 0.324357 4288387995
0.20608196 -1.5702963 0.37061453 4288914594
0.61413795 -1.5666553 0.33508947 4288387995
0.82549858 -1.5550017 0.35398543 4288387995
0.92617214 -1.5590657 0.33778816 4288387995
1.0243146 -1.5831701 0.35608035 4288387995
1.0623883 -1.5556502 0.38246351 4288387995
1.1669108 -1.5717146 0.38021684 4288387995
1.204527 -1.5299205 0.38454747 4288387995
0.2358036 -1.4945785 0.37754813 4288256922
0.25496563 -1.4763738 0.34696335 4289374634
0.63437146 -1.5027008 0.33655766 4288387995
0.64650047 -1.4643663 0.33743781 4288387995
0.85417914 -1.4866096 0.35160717 4288387995
0.90867174 -1.4709344 0.33012313 4288387995
0.99289346 -1.4757972 0.34498966 4288387995
1.0962691 -1.4888901 0.38416213 4288124823
1.1347173 -1.4529339 0.36839303 4288387995
1.2480984 -1.4815085 0.38956365 4288387995
0.28742757 -1.3924489 0.35594016 4289440683
0.66753501 -1.3978854 0.33896413 4288387995
0.87167293 -1.4122498 0.36712998 4288387995
0.91404849 -1.3982354 0.34495047 4288322202
1.0320771 -1.4268943 0.34921885 4288387995
1.0616846 -1.389943 0.35241458 4288387995
1.1714033 -1.4096584 0.37248445 4288387995
1.2048848 -1.3701615 0.37621844 4288387995
1.3115948 -1.4109582 0.3968738 4288387995
-0.029644629 -1.2849782 0.36425072 4285361517
0.017796056 -1.2843548 0.36097401 4287073159
0.30757481 -1.3294841 0.37396777 4288388252
0.3389498 -1.290477 0.33442438 4289572269
0.69193941 -1.3207525 0.34073496 4285295724
0.90109777 -1.3251961 0.36938545 4285953654
1.0768194 -1.2882756 0.36375415 4285427310
1.2351243 -1.3344884 0.37959093 4288387995
-1.2097249 -1.2033572 0.34067956 4284835173
-1.0089653 -1.2198542 0.35846016 4289835441
-0.10965163 -1.2279825 0.35622293 4283979864
-0.053771429 -1.2467802 0.35159048 4284111450
0.050953109 -1.2441944 0.35263717 4286486910
0.1048177 -1.2110624 0.35894257 4290164662
0.34941891 -1.2442852 0.35922131 4288782752
0.71350622 -1.2525904 0.34229988 4284900966
0.72481948 -1.2168354 0.34312081 4284900966
0.92989886 -1.2399933 0.37159321 4284900966
1.0045997 -1.227226 0.35997245 4284835173
1.070098 -1.2291347 0.35966781 4285164138
-1.2318405 -1.1548169 0.35354033 4284835173
-1.183797 -1.1510036 0.34687841 4284900966
-0.97025985 -1.1760248 0.36011073 4291085508
-0.95288759 -1.1359534 0.36009422 4291414473
-0.17098524 -1.1440197 0.35933414 4284835173
-0.13703161 -1.1645521 0.35286745 4284637793
0.13876811 -1.1595863 0.35845044 4291085508
0.3811827 -1.160947 0.3693997 4288322202
0.40101165 -1.1393887 0.34086519 4288387995
0.73698747 -1.1783705 0.34400371 4284900966
0.94911909 -1.1544795 0.36224383 4284835429
0.98399192 -1.1829617 0.35958984 4284900966
1.1045851 -1.1970273 0.35560012 4284900966
-1.2417797 -1.082474 0.35282877 4284704867
-0.96202379 -1.0474737 0.36032403 4290361785
-0.94844013 -1.0821041 0.36013514 4291019971
-0.52600271 -1.0483711 0.32421321 4288387995
-0.17131533 -1.0970086 0.34290498 4284900966
-0.13259466 -1.075788 0.35244751 4284900966
-0.063540109 -1.0692815 0.35091248 4284900966
0.1494993 -1.0794578 0.35474393 4290361785
0.42127177 -1.0787396 0.35593787 4288387995
0.94385481 -1.0814387 0.36031446 4284638818
0.97996408 -1.0560069 0.35517365 4285427310
-1.2338929 -1.0036123 0.35652509 4284703587
-1.1666362 -0.96891624 0.35953394 4284900966
-1.0749501 -0.97948134 0.36000779 4285098345
-0.99649948 -0.99490517 0.35981643 4288190616
-0.9554683 -1.0264368 0.36078265 4290098613
-0.4978148 -1.0306324 0.33400968 4288387995
-0.435078 -1.0028191 0.34466547 4288387995
-0.36383045 -0.98564839 0.34299308 4288387995
-0.28582281 -0.97367585 0.33463904 4288387995
-0.213643 -0.9646976 0.32490227 4288387995
-0.11985092 -1.0029012 0.35702002 4285098345
-0.060465548 -0.97766918 0.35746258 4283519313
0.066886365 -0.96608245 0.3535465 4286282619
0.11245392 -1.0008304 0.35758391 4287927700
0.4505977 -1.0018257 0.36530367 4288387995
0.95187533 -1.0264375 0.36157972 4284900966
0.99305719 -0.99477339 0.3591609 4284835173
1.0419863 -1.005618 0.32062727 4278848010
1.185515 -0.96835566 0.35857737 4287664272
1.21689 -0.99676448 0.36007714 4288720801
1.29869 -0.96436721 0.32995975 4278848010
-1.2074819 -0.94575363 0.34052625 4283453520
-1.1491586 -0.9301585 0.3483884 4283453520
-1.083661 -0.94006002 0.35821766 4285032552
-1.0337443 -0.9581036 0.35976195 4286348412
-0.3500036 -0.94152445 0.38164374 4288387995
-0.27927503 -0.93223351 0.37257412 4288387995
-0.19361113 -0.91974354 0.36652607 4288059030
-0.13054307 -0.91500658 0.35950106 4285690482
-0.033558231 -0.94520706 0.35531497 4284770404
0.029658189 -0.94083124 0.36226216 4285558896
0.11526626 -0.89288276 0.38695672 4288387995
0.17622858 -0.88406706 0.39730197 4288387995
0.4733386 -0.93887645 0.37635171 4288387995
0.49352944 -0.9142673 0.3503395 4288387995
1.0245849 -0.95033205 0.36074048 4284900966
1.0777143 -0.94048166 0.35962814 4284900966
1.1503518 -0.94557989 0.35982832 4286085240
1.2470417 -0.92578632 0.32457086 4278848010
1.2817892 -0.94686878 0.32877094 4278848010
-0.17030144 -0.8746022 0.3999877 4288387995
-0.107797 -0.86525655 0.37249431 4286151033
-0.036792621 -0.85464805 0.37622553 4286940549
0.040229883 -0.84493566 0.36904234 4288322202
0.11824155 -0.8392511 0.36848944 4288322202
0.19847012 -0.83592558 0.37080094 4288387995
0.27931356 -0.82803875 0.37612799 4288387995
0.35888281 -0.81942296 0.38459149 4288387995
0.41289145 -0.81381655 0.39365989 4288387995
0.52186894 -0.83776093 0.36188564 4288387995
-0.083993077 -0.79370797 0.33962896 4288387995
-0.031397391 -0.76490998 0.3339676 4288387995
0.04212641 -0.75886476 0.33864269 4288387995
0.12188046 -0.75879288 0.34610295 4288387995
0.20024325 -0.7636463 0.36000782 4288387995
0.28372595 -0.76382923 0.3653377 4288387995
0.36094096 -0.7592591 0.36838549 4288387995
0.43485805 -0.75821936 0.36837023 4288387995
0.52890164 -0.7553578 0.36023054 4288387995
0.5892002 -0.73980737 0.34030288 4288387995
0.057448104 -0.71114892 0.32252237 4288387995
0.12347588 -0.70440137 0.32623541 4288387995
0.20507091 -0.69185418 0.32927716 4288387995
0.28148752 -0.68177593 0.33274227 4288387995
0.3627708 -0.67704213 0.33862862 4288387995
0.43975365 -0.68251598 0.34884366 4288387995
0.51495028 -0.68150264 0.35638765 4288387995
0.59455007 -0.67913073 0.36061865 4288387995
0.69842798 -0.68173456 0.36383554 4288387995
0.7663058 -0.67538708 0.35267693 4288387995
0.83763635 -0.66870368 0.34096327 4288387995
0.91323614 -0.65145636 0.33825985 4288387995
0.99252844 -0.64372301 0.32552892 4288387995
-1.6147071 -0.58454341 0.39842147 4279111182
-1.5946854 -0.56291205 0.39598319 4279111182
0.31993502 -0.63823593 0.32032976 4288387995
0.37300313 -0.63076437 0.32256049 4288387995
0.44266239 -0.6231609 0.32629907 4288387995
0.52234846 -0.61376637 0.33031973 4288387995
0.60401756 -0.5988062 0.34128103 4288387995
0.64744473 -0.57526368 0.32836103 4288387995
0.76711208 -0.63163257 0.39427817 4288387995
0.83924103 -0.62368178 0.383573 4288387995
0.91545832 -0.61010665 0.37720427 4288387995
0.99562687 -0.60109872 0.36546904 4288387995
1.0797508 -0.5971989 0.34784976 4288124823
1.1697534 -0.58174676 0.33977631 4288387995
1.2563115 -0.57492036 0.37872359 4287203721
1.3119761 -0.58824027 0.371575 4284111450
-1.5653329 -0.53120172 0.39240861 4280427042
-1.4404062 -0.51047194 0.37050131 4288387995
-1.4231111 -0.49086201 0.36844927 4288256409
0.63181055 -0.54904598 0.3974176 4288387995
0.66317689 -0.52114046 0.35027692 4288387995
1.0838797 -0.55267447 0.38934374 4284769380
1.1790428 -0.53806978 0.38071033 4285427310
1.2314861 -0.54795569 0.37314329 4287072135
1.3138616 -0.55457461 0.33458495 4288387995
1.3670336 -0.54775977 0.32219198 4288387995
1.4801497 -0.50352216 0.33575773 4288387995
1.5968498 -0.48256481 0.32617036 4288387995
-1.3894295 -0.45267591 0.36445305 4288322202
-1.3566297 -0.41549033 0.36056146 4288453788
-1.2578607 -0.41006255 0.34259856 4288387995
0.69184095 -0.43877992 0.36256385 4288387995
0.72073901 -0.40387285 0.3249734 4288387995
1.5996644 -0.46917069 0.33825389 4288387995
1.6024959 -0.45569336 0.35041264 4288387995
-1.2218354 -0.36725897 0.33843946 4288387995
-1.186868 -0.32570779 0.33440235 4288387995
-0.67451191 -0.32016632 0.36088979 4284900966
0.71258479 -0.3759594 0.37882504 4288387995
0.73414648 -0.34876633 0.3520925 4288387995
1.1755728 -0.32004172 0.32631984 4278216192
-1.6400509 -0.27855265 0.32865661 4288387995
-1.5590941 -0.26796177 0.32560006 4288387995
-1.4849752 -0.25122607 0.32454467 4288387995
-0.83260298 -0.25258744 0.36246151 4279045389
-0.65675974 -0.31175509 0.35983086 4284900966
-0.62770718 -0.29175538 0.35984021 4284900966
0.76025343 -0.27965632 0.36116099 4288387995
1.0809827 -0.27513954 0.36042425 4278413059
1.1506735 -0.31438553 0.36082536 4278216192
1.2195386 -0.31418359 0.36135408 4278216192
-1.6386023 -0.20271784 0.34732941 4288387995
-1.5617924 -0.20098154 0.34237167 4288387995
-1.4824829 -0.20429866 0.33598754 4288387995
-1.398134 -0.20308031 0.33037296 4288387995
-1.3155044 -0.17161104 0.36239862 4285822068
-1.2334716 -0.1679073 0.34711191 4285624689
-1.1548644 -0.17330883 0.35943845 4285361517
-1.0916271 -0.18187127 0.3568441 4286019447
-0.91903621 -0.17700094 0.36070746 4279571733
-0.81603324 -0.19813725 0.3586956 4279045389
-0.11163855 -0.18422571 0.36101976 4284900966
-0.032546561 -0.19982785 0.3609958 4285887861
0.039465092 -0.19021238 0.35965526 4285295724
0.090288714 -0.17186874 0.3597706 4280906025
0.78671885 -0.21173789 0.36790296 4288387995
0.8078779 -0.18183692 0.34535205 4288387995
1.0350962 -0.18679903 0.35845312 4281167149
1.0614473 -0.21412142 0.34643489 4283533905
-1.643556 -0.11839449 0.36855242 4288387995
-1.5588968 -0.12731685 0.36040556 4288387995
-1.4802117 -0.11925118 0.35905796 4288124823
-1.396389 -0.11938662 0.36281535 4285427310
-1.3166436 -0.124777 0.35272691 4285164138
-1.2316328 -0.1300713 0.35822707 4283321934
-1.1659367 -0.14241511 0.35763979 4285229931
-1.075417 -0.13958424 0.35758814 4288387995
-0.9982506 -0.12163272 0.35916099 4290098613
-0.91939455 -0.11434021 0.35728014 4286940549
-0.8364985 -0.11829018 0.36310792 4280098077
-0.16460517 -0.097222231 0.35971487 4284900966
-0.1145623 -0.11321539 0.36019564 4284900966
-0.04577728 -0.13558945 0.36058414 4284966759
0.037635088 -0.14482549 0.3604033 4287072135
0.10836814 -0.11586232 0.35985145 4288981412
0.83145428 -0.12133522 0.35135484 4288387995
0.95587707 -0.086400226 0.36557165 4280903209
1.0037024 -0.11356094 0.36115074 4283721300
1.071972 -0.13542919 0.36073065 4284509025
1.1287701 -0.13965131 0.35907543 4285497199
-1.6356194 -0.038289279 0.38782728 4288387995
-1.561998 -0.039203476 0.38243699 4288387995
-1.4696666 -0.0454918 0.38076594 4287203721
-1.4081354 -0.048519246 0.36007777 4286216826
-1.3292826 -0.050033044 0.36197871 4285756275
-1.234177 -0.041617107 0.36412272 4285953654
-1.045694 -0.076754153 0.36951813 4289374890
-0.98356402 -0.05154264 0.35983247 4291085508
-0.92514229 -0.039883628 0.3586095 4289374890
-0.87004954 -0.060073551 0.36543229 4285822068
-0.16571632 -0.048934318 0.3656908 4284900966
-0.13507797 -0.040293492 0.36095777 4284835173
-0.077873655 -0.048256073 0.35809997 4284900966
0.14762178 -0.046879563 0.36064327 4291348680
0.16290894 -0.035993647 0.36183834 4291414473
0.86438024 -0.0493025 0.345469 4288387995
0.94348925 -0.033923049 0.3596952 4284311389
0.97706002 -0.046415996 0.3615976 4284900966
1.0786673 -0.054637119 0.35998222 4284900966
-1.6378136 0.0053116679 0.39877507 4288387995
-1.5543901 0.020561418 0.39669928 4288387995
-1.4698226 0.035157073 0.39438117 4288387995
-1.3944532 0.040430285 0.39112452 4286743170
-1.3166221 0.040730115 0.38313696 4287730065
-1.2396586 0.037439544 0.35626921 4286545791
-1.1932535 0.066939086 0.35859427 4285558896
-1.0591046 0.075087532 0.36237156 4287532686
-0.98365659 0.071463704 0.35984087 4289111718
-0.93755108 0.032092459 0.36050731 4290624957
-0.16051152 0.011516929 0.36548346 4284900966
-0.13844249 0.036724042 0.35949582 4284769636
0.144805 0.040008258 0.35889015 4290559164
0.94194502 0.032138947 0.35794401 4285098345
0.97594577 0.04150515 0.36050919 4284506208
-1.3784995 0.093365878 0.39442936 4279308561
-1.3353493 0.12420503 0.39033598 4282532418
-1.2471122 0.11130083 0.38202116 4288387995
-1.1527315 0.13244142 0.35915846 4285032552
-1.0799345 0.14426966 0.35843241 4285164138
-0.99953681 0.11114944 0.35832015 4287795858
-0.1112619 0.10833955 0.35681394 4284443231
-0.04797959 0.14745812 0.35577631 4284835173
0.040737264 0.14869884 0.3525131 4285229931
0.10601848 0.10716149 0.35491529 4288387995
0.93989277 0.097639941 0.32500759 4287795858
0.99539101 0.11941283 0.35990623 4284703587
1.0731783 0.15175888 0.3586767 4284835173
1.1562865 0.14279062 0.35507727 4286282619
-1.3610475 0.20855975 0.39795014 4279242768
-1.3134984 0.19973969 0.38863239 4283256141
-1.2397768 0.2149559 0.37587929 4288387995
-1.1611286 0.19198251 0.35997629 4288322202
-1.0727967 0.19980393 0.34408554 4288387995
-0.99824494 0.19972087 0.33028212 4288387995
-0.94886619 0.22098638 0.32238904 4288387995
1.0132418 0.1925163 0.35981295 4280444449
1.0771868 0.20113084 0.35985708 4281034283
-1.3018312 0.25759009 0.3898631 4279440147
-1.2527375 0.29823658 0.38315856 4285953654
-1.1614012 0.28365323 0.36539882 4288387995
-1.0764312 0.27041477 0.348896 4288387995
-0.99956739 0.28095382 0.3352873 4288387995
-0.94580442 0.30855682 0.32695416 4288387995
1.1083483 0.2436666 0.35933638 4278216192
-1.3077875 0.34817219 0.39627382 4279374354
-1.2443488 0.36128551 0.3853007 4282927176
-1.1614866 0.37378836 0.37069678 4288387995
-1.0774367 0.35725048 0.35417101 4288387995
-0.99488717 0.35814247 0.33894458 4288387995
-0.92361665 0.35785899 0.32573676 4288387995
-1.2854024 0.45835239 0.39858752 4279440147
-1.2410618 0.4369368 0.38912565 4279374354
-1.1739982 0.45256487 0.37762904 4279374354
-1.0840424 0.4379091 0.36012045 4288387995
-1.0016893 0.43568274 0.34474748 4288387995
-0.92262584 0.4399828 0.33036613 4288387995
-0.86747032 0.46391281 0.32155952 4288387995
-1.3967487 0.5167526 0.32863989 4288322202
-1.2248749 0.50274956 0.38998646 4279440147
-1.1597089 0.52205187 0.37905613 4279769112
-1.0792392 0.52650613 0.36442345 4286085240
-0.99706429 0.50992167 0.34824219 4288387995
-0.91996616 0.5218665 0.33467233 4288387995
-0.84956723 0.54940462 0.32428819 4288387995
-0.75600916 0.52111095 0.32841897 4288387995
-1.411757 0.59994954 0.33458024 4288387995
-1.2309532 0.58681768 0.39603817 4279374354
-1.1659765 0.60341734 0.38498449 4279440147
-1.0802042 0.60886586 0.36942855 4279440147
-0.99867499 0.58936864 0.35319602 4288387995
-0.92018014 0.6028893 0.33946007 4288387995
-0.83720458 0.60177195 0.32555839 4288387995
-0.75297397 0.60019088 0.33661285 4288387995
-0.70178449 0.61420119 0.35038945 4288387995
0.46441284 0.61288226 0.36194044 4284900966
-1.4503967 0.7020213 0.32887396 4288387995
-1.4147491 0.66766405 0.34534073 4288387995
-1.2112411 0.68641669 0.39822638 4279505940
-1.1590412 0.67858428 0.38810587 4279505940
-1.0809797 0.68993574 0.37432292 4279505940
-0.99980998 0.67668366 0.35852301 4279440147
-0.91928196 0.68004429 0.34381503 4286151033
-0.82923025 0.67696196 0.32923052 4288453788
-0.76062948 0.67819089 0.34003901 4288387995
-0.69821292 0.67173594 0.35668287 4288387995
0.47025618 0.65711963 0.35321847 4284900966
0.48768726 0.69605118 0.36051312 4284900966
-1.4615736 0.77858448 0.33603331 4288387995
-1.4193503 0.74990731 0.35778821 4288387995
-1.1522677 0.75201392 0.39115539 4279505940
-1.076351 0.77307886 0.37833855 4279505940
-0.99654293 0.74798924 0.36209705 4279440147
-0.93925691 0.77676725 0.35396734 4285361517
-0.83658141 0.75927365 0.33315158 4288322202
-0.75998998 0.75640607 0.3397947 4288387995
-0.67804539 0.7618596 0.37008673 4288322202
-0.32547742 0.79633999 0.3340379 4288387995
-1.4718708 0.84927064 0.34265718 4288387995
-1.4153398 0.81966162 0.37342942 4288322202
-1.1395019 0.82846886 0.37412262 4279505940
-1.0881387 0.86140782 0.35610285 4279505940
-1.0082239 0.83815187 0.37104779 4279505940
-0.91840035 0.84301502 0.35861665 4285493103
-0.83357596 0.84274244 0.33748686 4281742902
-0.75721991 0.83562779 0.33751881 4288322202
-0.66488415 0.84369528 0.38100463 4288387995
-0.40768266 0.87643015 0.33416644 4288387995
-0.36609718 0.83591741 0.33410156 4288387995
-1.5282302 0.95139873 0.32557774 4288387995
-1.4868976 0.92851025 0.34784454 4288387995
-1.4258579 0.90443468 0.38254991 4288322202
-1.2802845 0.95600039 0.39158666 4284900966
-1.2383512 0.95537096 0.36849427 4284900966
-1.1504771 0.94465232 0.36017063 4285756275
-1.0819732 0.94161421 0.35769489 4287335307
-1.0248994 0.93644089 0.3624388 4285690482
-0.89718699 0.9186542 0.35978544 4283848278
-0.80077958 0.88259041 0.3337518 4281742902
-0.72230244 0.90318859 0.37264186 4288387995
-0.67433518 0.93063116 0.38690081 4288387995
-0.60735905 0.88981271 0.39934966 4288322202
-0.48855478 0.95524031 0.3342942 4288387995
-0.44834381 0.91605788 0.33423087 4288387995
-0.19720355 0.92939377 0.36045471 4288387995
-0.11744787 0.9252947 0.36210725 4285164138
-0.033313707 0.92722327 0.36054668 4285361517
0.033940885 0.93029547 0.36131731 4287861651
0.11400231 0.92244995 0.35982043 4282598211
0.18284066 0.92905205 0.36097747 4282795590
1.0370743 0.95943236 0.3602511 4284900966
1.078912 0.95248395 0.35910097 4285624689
1.1298647 0.95535362 0.32962736 4287598479
-1.5357678 0.99791247 0.32944697 4288387995
-1.465744 0.99984515 0.37479499 4288322202
-1.3110664 0.99544495 0.36133406 4284900710
-1.2365736 0.99666721 0.35848552 4285098601
-1.179324 0.97026283 0.35872507 4284900966
-1.0444559 0.96780235 0.35979411 4288651167
-0.99896067 0.99401128 0.36035281 4290230199
-0.92259419 1.0019972 0.35880753 4285361517
-0.8637076 1.0197703 0.35994312 4279440147
-0.69156545 0.99321347 0.38860846 4288322202
-0.56810278 1.0327561 0.33441955 4288387995
-0.52753091 0.99322021 0.33435553 4288387995
-0.27583605 1.0061625 0.36059365 4288387995
-0.17619219 1.0177412 0.36111882 4282992969
-0.12381762 0.99973762 0.36154521 4284308829
-0.037057281 0.9836694 0.35825357 4284966759
0.05125916 0.98552793 0.35914665 4286611584
0.11700901 0.99896795 0.36058578 4287532686
0.20217048 0.99537992 0.35547858 4281940281
0.99720907 0.99172145 0.35936788 4284835173
1.0470716 0.96226525 0.36088067 4284900966
1.1448799 0.96150666 0.33997715 4286874756
-1.5490412 1.0795836 0.33621612 4288387995
-1.4915695 1.0836742 0.37390438 4288387995
-1.3264163 1.0640334 0.3698447 4284377949
-1.2696413 1.0777795 0.35433838 4285625201
-0.98241383 1.058959 0.35940754 4290953922
-0.95066917 1.0823339 0.3611984 4289577134
-0.84344977 1.0708076 0.35882401 4279440147
-0.65482414 1.0887089 0.35574797 4288387995
-0.60649425 1.0701617 0.33447969 4288387995
-0.3560892 1.0845113 0.36073533 4288387995
-0.3117615 1.0412323 0.36065683 4288387995
-0.18825646 1.0838956 0.36434644 4281874488
-0.14812683 1.0716989 0.36001474 4284308829
-0.040422492 1.0523777 0.35952398 4284900966
0.14869195 1.085024 0.35892072 4291348680
0.18178883 1.0722362 0.35273713 4291151301
0.95124936 1.0794084 0.36022127 4284966759
0.99166757 1.0781822 0.36000022 4284900966
1.0573013 1.0477043 0.35993904 4284900966
-1.5659875 1.1607206 0.34052578 4288322459
-1.5032929 1.166824 0.3819463 4288387995
-1.2647372 1.1432188 0.36569798 4287335307
-0.97290736 1.1831095 0.35997823 4289769648
-0.95236892 1.1394681 0.36180139 4290888129
-0.7289052 1.1894392 0.33467221 4288387995
-0.68368876 1.1453811 0.33460119 4288387995
-0.43949515 1.1659424 0.36088294 4288387995
-0.39770162 1.1251494 0.36080977 4288387995
-0.17450191 1.1468867 0.36067197 4284177243
-0.14366038 1.1668898 0.36146054 4284900966
-0.0033875704 1.1412905 0.36012059 4289045925
0.053771257 1.1509203 0.35980827 4289440683
0.1274792 1.1549428 0.35439172 4290098869
0.94004267 1.1559936 0.35954443 4285032552
1.0757654 1.1952248 0.32888454 4284900966
-1.6075014 1.2490246 0.33039433 4288387993
-1.5517558 1.2379504 0.36413336 4288387995
-1.5077033 1.2526221 0.39518255 4288387995
-1.1257819 1.2445241 0.36316103 4286151033
-1.0761659 1.2454537 0.3598747 4285624689
-1.0081631 1.2191653 0.36001173 4288124823
-0.76096767 1.2206819 0.33472273 4288387995
-0.51822037 1.2427971 0.36102176 4288387995
-0.47761393 1.2031546 0.36095008 4288387995
-0.24205172 1.2781403 0.39199197 4288387995
-0.19861642 1.2356372 0.39190519 4288387995
-0.1195065 1.2257817 0.35998034 4280572196
-0.044030935 1.2430716 0.35384759 4284177243
0.042118344 1.2420382 0.35774553 4285624689
0.10000192 1.2138135 0.3527495 4288059030
0.93332893 1.2021692 0.36009333 4284900966
1.027765 1.239962 0.32205454 4284900966
1.0517693 1.2127674 0.32641116 4284900966
-1.6175959 1.3073616 0.33483523 4288257175
-1.5576177 1.3278871 0.37721205 4288387995
-0.59980631 1.3224487 0.36116591 4288387995
-0.55761313 1.2812542 0.36109123 4288387995
-0.32566929 1.3599536 0.39215827 4288387995
-0.28552392 1.3206736 0.39207843 4288387995
-1.6354812 1.4104381 0.34265068 4288453277
-1.5823179 1.3841374 0.37187901 4288387740
-0.6469509 1.3684739 0.36124909 4288387995
-0.40603244 1.4385927 0.39231893 4288387995
-0.36751696 1.400903 0.3922419 4288387995
-1.6822294 1.486348 0.32683539 4288387995
-1.6347618 1.5035704 0.36055592 4288518812
-1.5766876 1.4537942 0.38854235 4288387995
-1.0535423 1.5057601 0.3351824 4288387995
-1.034459 1.4871668 0.33515245 4288387995
-0.4864943 1.5173185 0.39247897 4288387995
-0.4459188 1.4776207 0.39239845 4288387995
-1.6463838 1.5730561 0.36610389 4288322457
-1.5868847 1.5209396 0.39456719 4288387743
-1.1361313 1.5862395 0.33531258 4288387995
-1.0931534 1.544363 0.33524507 4288387995
-0.49655443 1.5271701 0.39249957 4288387995
-1.6586354 1.6457276 0.37184405 4288389017
-1.2121255 1.6602882 0.33543205 4288387995
-1.175984 1.6250683 0.33537495 4288387995
-0.96519208 1.6791645 0.36181104 4288387995
-0.94351977 1.6580036 0.3617726 4288387995
-1.671451 1.7218552 0.37786907 4288322461
-1.0457578 1.7578155 0.36195308 4288387995
-1.0020223 1.715122 0.36187613 4288387995
-1.6674834 1.808562 0.39665747 4288059030
-1.1248639 1.8350446 0.36209273 4288387995
-1.0841383 1.7952867 0.36202091 4288387995
-0.80926841 1.8331556 0.39312306 4288387995
-1.1388345 1.8486794 0.36211711 4288387995
-0.8885116 1.9106944 0.39328116 4288387995
-0.84972423 1.8727398 0.39320365 4288387995
1.3374646 1.9171683 0.35862121 4284900966
1.395802 1.9022167 0.36048332 4284900966
1.4720296 1.8826803 0.36291662 4284900966
-1.6402665 1.9849149 0.36077777 4278216192
-1.5611156 1.984596 0.36031982 4278282754
-1.4807173 1.993241 0.36004815 4278416387
-1.4102247 1.9929929 0.35993811 4278417923
-1.3482044 1.9864708 0.36011106 4279336977
-0.96953368 1.9899752 0.39344281 4288387995
-0.92901438 1.9503225 0.39336166 4288387995
1.0224562 1.9974366 0.36928388 4284900966
1.0759295 1.9839323 0.36207241 4284900966
1.1576372 1.9630841 0.36055729 4284900966
1.2414089 1.9417708 0.35624808 4284900966
1.3290356 1.9559165 0.35665357 4280968746
1.3997526 1.9807709 0.36007136 4279002380
1.4795444 1.996817 0.36080357 4278216192
1.5606732 1.9967891 0.36082375 4278215936
1.6397423 1.9851946 0.36052692 4279330321
-1.6466776 2.0420284 0.3583551 4278675719
-1.5525069 2.0334139 0.35989323 4278216192
-1.4833493 2.0429502 0.35495335 4278350594
-1.3865364 2.0335863 0.3583855 4278353154
-1.3381709 2.052994 0.35957253 4278682631
-1.009522 2.0290954 0.39352199 4288387995
0.98650897 2.0068378 0.35976037 4284900966
1.3390596 2.0485208 0.36124575 4278215936
1.3885025 2.0269814 0.35942784 4278216192
1.4800739 2.0189214 0.35906094 4278216192
1.5593218 2.0200105 0.35913482 4278216192
1.630042 2.0482204 0.36078677 4278281473
-1.6519457 2.1181834 0.35996598 4278216192
-1.4924982 2.1197832 0.35808 4278216192
-1.4041827 2.1165349 0.35715151 4278618119
-1.3238927 2.1152525 0.35845107 4278356738
-1.2646989 2.1339567 0.35765806 4278425091
1.2625225 2.1292756 0.35982132 4278216192
1.3188297 2.1197972 0.3598505 4279002636
1.367852 2.0954144 0.36324334 4284900966
-1.624815 2.1951454 0.3596864 4278216192
-1.4704775 2.1775942 0.35836795 4278216192
-1.3829083 2.1924915 0.36757201 4278687751
-1.2934003 2.1848145 0.36017135 4278490116
-1.2523174 2.2143297 0.36057487 4278426371
-1.1953902 2.2335556 0.34328878 4278496004
1.2543538 2.2069216 0.35929501 4278216192
1.299968 2.1885078 0.35894644 4278412547
-1.6051131 2.2510324 0.36014375 4278216192
-1.5910996 2.2907841 0.36022061 4278216192
-1.3377565 2.2747741 0.37959257 4278559492
-1.230059 2.2768226 0.36005014 4278362626
-1.177043 2.2888119 0.35955459 4278430467
1.1904408 2.2856185 0.35979402 4278216192
1.2317933 2.279732 0.36025801 4278216192
1.2835399 2.2497802 0.35706544 4278216192
-1.5686049 2.3545945 0.36004293 4278216192
-1.3050361 2.3314247 0.37923524 4279608342
-1.2067598 2.3314669 0.3601982 4278429955
-1.1737715 2.3642852 0.36094248 4278431235
-1.1116035 2.3798506 0.35996181 4278433795
1.1728431 2.3621604 0.36023325 4278216192
1.2172897 2.3543608 0.36078751 4278216192
-1.5402087 2.4351451 0.36076677 4278216192
-1.1408741 2.4340115 0.35996997 4278433283
-1.1033628 2.4539702 0.36047158 4279150862
-1.0372195 2.4722154 0.32873437 4284900966
-0.66168565 2.4706376 0.36031172 4279374354
-0.5956831 2.4706485 0.36125362 4279374354
-0.51582289 2.4706621 0.36239329 4279308561
-0.43521392 2.4706755 0.36354363 4279308561
-0.36066541 2.4706874 0.36460742 4279242768
-0.28655341 2.4707575 0.36004901 4279176975
-0.20265636 2.4707861 0.35986805 4279111182
-0.11907601 2.4708002 0.36102742 4279045389
-0.040677879 2.4708302 0.36048317 4279045389
0.00068114203 2.4708936 0.35561207 4278979596
0.78112948 2.4758041 0.35520151 4284900966
1.1089367 2.4603949 0.36039817 4278872842
1.1466994 2.4326365 0.35997388 4278216192
-1.5227735 2.4846017 0.36100593 4278479364
-1.5089442 2.5238326 0.36044002 4278479364
-1.1268554 2.5006726 0.35878995 4285906548
-1.0810269 2.5142503 0.35970902 4279338769
-1.0001917 2.5222754 0.35867733 4279705623
-0.92110538 2.5251598 0.35755718 4279440147
-0.84035337 2.5274868 0.35650006 4279440147
-0.75957686 2.5316486 0.35663691 4279374354
-0.68086559 2.5337737 0.35792598 4279374354
-0.60112274 2.535594 0.35994422 4279374354
-0.52064949 2.5368359 0.35958281 4279308561
-0.4403272 2.5358219 0.3604528 4279242768
-0.35880011 2.5356119 0.35892552 4279242768
-0.2801334 2.5356417 0.35936573 4279176975
-0.19923602 2.5308104 0.36027098 4279176975
-0.1196997 2.5317504 0.36125326 4279111182
-0.040298149 2.531131 0.36035049 4279045389
0.038691215 2.5306718 0.36100322 4278979596
0.11926172 2.5301805 0.36032155 4279242768
0.19863729 2.527384 0.35886288 4279966491
0.2812866 2.5263886 0.35827205 4280558628
0.36011419 2.5316105 0.3595199 4280032284
0.44101974 2.537806 0.35972032 4278848010
0.52061832 2.5368619 0.36004978 4278848010
0.60025787 2.5317307 0.3593944 4278848010
0.6825453 2.5338929 0.3576102 4279111182
0.75904483 2.53563 0.35848576 4280032284
0.84016168 2.5340497 0.35866344 4279900698
0.92146748 2.5280507 0.3589474 4279834905
1.001644 2.5281284 0.35969087 4278782474
1.0785047 2.5147223 0.35957527 4279322641
1.1437192 2.4907382 0.35898241 4278216192
-1.4685886 2.6099253 0.36166492 4278414596
-1.4139122 2.6363988 0.3623665 4278481411
-1.0565366 2.5985513 0.35860935 4278617605
-0.99268538 2.6074586 0.35561079 4280624420
-0.92997813 2.6159177 0.35477 4280163870
-0.24755235 2.5603964 0.34791651 4279176975
-0.19949883 2.5620799 0.35756135 4279111182
-0.12071294 2.5649884 0.35890818 4279045389
-0.041062869 2.5679295 0.36026993 4279045389
0.039512396 2.570904 0.36164752 4278979596
0.12098158 2.5739117 0.36304021 4278913803
0.20533429 2.6153262 0.36149088 4278848010
0.27906716 2.6351159 0.35897231 4278848010
0.35836613 2.6292634 0.36008716 4278848010
0.43986383 2.623256 0.36022565 4278848010
0.52018851 2.6173408 0.35978353 4278848010
0.59694541 2.6116836 0.35992727 4278848010
0.67930561 2.6056125 0.36010128 4278848010
0.7641958 2.5992303 0.3588756 4280361249
0.84057724 2.596406 0.35778522 4282729797
0.92002243 2.5935163 0.35907298 4280229663
0.98312676 2.5845525 0.3596321 4278848010
-1.3768297 2.643347 0.35744551 4278416387
-1.3223712 2.653455 0.36006948 4278417668
-1.2397343 2.6688313 0.36011106 4278420483
-1.1602527 2.6836224 0.35993323 4278426115
-1.0804007 2.6984808 0.35999897 4278432771
-1.0005556 2.7133367 0.36007389 4279309328
-0.49760571 2.692333 0.36079356 4279242768
-0.43887398 2.6880114 0.36003137 4279176975
-0.36055225 2.682241 0.35985506 4279111182
-0.2852633 2.6766884 0.36040506 4279111182
-0.19987111 2.6704001 0.35988742 4279045389
-0.11802244 2.6643674 0.36010167 4278979596
-0.039679747 2.6585948 0.36001036 4278913803
0.036465827 2.6529851 0.35992089 4278848010
0.11851697 2.6469371 0.36013135 4278848010
0.18509497 2.6420469 0.35814884 4278848010
-0.91909832 2.728493 0.360181 4279440147
-0.84389496 2.742491 0.35978287 4279440147
-0.75836641 2.7584012 0.36016384 4279440147
-0.68203419 2.7726092 0.35971737 4279440147
-1.6381698 -5.7915592 0.44060314 4289901234
-1.5619185 -5.7695851 0.44060311 4289901234
-1.4856675 -5.7476101 0.44060314 4289901234
-1.4009438 -5.7231946 0.44060317 4289901234
-1.31622 -5.6987786 0.44060314 4289901234
-1.2653862 -5.6841297 0.44060308 4289901234
-1.2314967 -5.6743631 0.44060308 4289901234
-1.163718 -5.6548309 0.44060311 4289901234
-1.0789945 -5.630415 0.44060311 4289901234
-1.0027432 -5.6084409 0.44060308 4289901234
-0.96038163 -5.5962329 0.44060308 4289901234
-0.91801977 -5.5840259 0.44060308 4289901234
-0.8417685 -5.5620508 0.44060314 4289901234
-0.75845736 -5.5380402 0.44207266 4289901234
-0.70621288 -5.5229788 0.44942021 4289901234
-0.67474717 -5.5138993 0.4632757 4289901234
-0.63843989 -5.5034261 0.47587162 4289901234
0.22009306 -5.2560182 0.4699935 4288724640
0.28166384 -5.2382936 0.44765678 4289508268
0.36130551 -5.2153473 0.44060311 4289835698
0.41213965 -5.2006979 0.44060308 4289901234
0.45450145 -5.1884909 0.44060311 4289901234
0.51380783 -5.1713991 0.44060305 4289901234
0.37729236 -2.6606638 0.44046614 4278848010
0.44120181 -2.6637175 0.43871132 4278848010
0.52167487 -2.6678278 0.44179246 4278848010
0.59503198 -2.6713626 0.44037125 4278848010
0.67407143 -2.6752732 0.44086698 4278848010
0.75872499 -2.6793685 0.43954772 4278848010
0.84041578 -2.6832645 0.43716964 4278848010
0.92008549 -2.6874344 0.44222376 4278848010
1.001467 -2.6912234 0.43799916 4278848010
1.0872387 -2.6727293 0.43908802 4278848010
1.1739556 -2.6562915 0.46869323 4278411779
-0.98057127 -2.5604568 0.43257982 4278848010
-0.91914654 -2.5615809 0.44009846 4278848010
-0.8594743 -2.5627418 0.44034761 4278848010
-0.72362173 -2.6172006 0.41928494 4278848010
-0.67961347 -2.6182923 0.42438623 4278848010
-0.59872788 -2.6198165 0.43037075 4278848010
-0.51739478 -2.6213965 0.43672544 4278848010
-0.44056031 -2.6226108 0.44076058 4278848010
-0.35879561 -2.6195693 0.43642849 4278848010
-0.28005004 -2.6041369 0.43806258 4281413937
-0.20028009 -2.6049726 0.43858907 4280756007
-0.11979865 -2.6057088 0.43847871 4278848010
-0.039789528 -2.6053371 0.4386501 4278848010
0.041340217 -2.601805 0.43741679 4278848010
0.12025574 -2.6010129 0.43704072 4278848010
0.20027828 -2.6008718 0.43690854 4278848010
0.28098026 -2.6003008 0.43898061 4278848010
0.36074495 -2.6012166 0.44041458 4278848010
0.43958026 -2.6023474 0.43971878 4278848010
0.52034688 -2.603627 0.43987966 4278848010
0.60293818 -2.601434 0.43997559 4278848010
0.67949033 -2.6008694 0.44107914 4278847754
0.75556749 -2.598722 0.44040674 4278782473
0.83937544 -2.5897932 0.44182134 4278782473
0.91921771 -2.5937083 0.44222736 4278782473
0.99660224 -2.5873463 0.4370555 4278782473
1.0883093 -2.5916157 0.43025917 4278717192
1.149473 -2.5938292 0.44307157 4278404867
1.2127934 -2.579937 0.44402465 4278215936
-1.0747243 -2.5352056 0.43925053 4278614278
-0.99768996 -2.5320587 0.43728518 4278849546
-0.91989416 -2.5278318 0.43739352 4278782473
-0.83938277 -2.5268438 0.43760639 4278848010
-0.7604174 -2.5213394 0.43714395 4278848010
-0.67991227 -2.5210333 0.43816638 4279900698
-0.60169744 -2.5199742 0.4399353 4280229663
-0.52150971 -2.5289071 0.43946052 4278848010
-0.43925226 -2.5220284 0.43769884 4278848010
-0.35969687 -2.5205817 0.43739599 4278848010
-0.27940065 -2.5209451 0.43755618 4278782217
-0.20021431 -2.5212688 0.4366619 4278848010
-0.12017853 -2.5212221 0.43605071 4278848010
-0.039842706 -2.5215597 0.43718827 4278913803
0.039657939 -2.5223627 0.43721727 4278979596
0.12144948 -2.5244737 0.43720764 4278848010
0.2012646 -2.5243757 0.43857697 4278848010
0.28068 -2.5235784 0.43788636 4278848010
0.35964093 -2.5233893 0.43912205 4278848010
0.43906513 -2.5238349 0.43928751 4278848010
0.51828778 -2.5235028 0.43984815 4278848010
0.5980643 -2.5235693 0.44026026 4278782474
0.67871344 -2.5246241 0.44008523 4278848010
0.75870907 -2.5233328 0.4405919 4278782473
0.83958465 -2.525449 0.44044185 4278782729
0.91991436 -2.5285957 0.44080466 4278783753
1.0005645 -2.5288711 0.44046509 4278849290
1.0786958 -2.5169351 0.43959382 4278598406
1.1652496 -2.5211058 0.4395766 4278216192
1.2423141 -2.5094745 0.43935052 4279920154
1.2848878 -2.4894557 0.4398036 4284900966
-1.1417894 -2.4352129 0.43962002 4278373378
-1.1156592 -2.4757211 0.44311175 4278307584
-1.0227489 -2.4392633 0.44023159 4278848010
-0.3390184 -2.4793882 0.45631725 4278848010
-0.27398431 -2.4784303 0.46059659 4278848010
-0.19875173 -2.4773619 0.46532267 4278848010
-0.11870458 -2.477237 0.46458063 4278848010
-0.04031346 -2.4771323 0.46375486 4278848010
0.039894942 -2.4319215 0.44836438 4278848010
0.11190099 -2.4462872 0.45672047 4278848010
0.19852871 -2.4769137 0.46066821 4278848010
0.27882925 -2.4766486 0.46072233 4278848010
0.35928944 -2.4766598 0.45919967 4278848010
0.43951336 -2.4762592 0.46002793 4278848010
0.51794595 -2.47598 0.46019349 4278848010
0.59901297 -2.4689186 0.44838732 4278720776
0.68146777 -2.4696565 0.44930789 4278721544
0.76086468 -2.4677262 0.45396322 4278721544
0.83881134 -2.4718375 0.45520607 4278721800
0.91581744 -2.4686999 0.45825222 4278216192
1.0053347 -2.4693828 0.44427735 4280316193
1.0974997 -2.4485087 0.44230595 4279069453
1.1512204 -2.4363606 0.44022611 4278216192
1.2369318 -2.4375978 0.43919709 4278216192
1.3026022 -2.4379971 0.44052297 4281689653
-1.2035786 -2.3261592 0.44147554 4278307329
-1.1798083 -2.3676181 0.43972787 4278373378
-1.0702986 -2.3649182 0.43973616 4278848010
0.13649046 -2.3984823 0.43222693 4278848010
0.20304203 -2.39413 0.43884698 4278848010
0.28459796 -2.3883443 0.43835798 4278848010
0.35894576 -2.3832359 0.44107395 4278848010
0.43957838 -2.3773689 0.43780464 4278848010
0.52305108 -2.3720734 0.44154617 4278782985
0.60306484 -2.3640378 0.43477052 4278720776
0.68280232 -2.3605201 0.43838778 4278723080
0.7593255 -2.3556838 0.44020626 4283721301
0.83935177 -2.3513 0.44397515 4283590226
0.91820562 -2.3437505 0.44141778 4284704355
1.000441 -2.3399966 0.43681589 4284967016
1.0913994 -2.3560123 0.44245118 4283396431
1.1663095 -2.3628232 0.44091502 4278806537
1.2252074 -2.3568161 0.4399766 4278216192
1.3250448 -2.359489 0.43499988 4280182302
1.3633624 -2.3258126 0.44795179 4281820727
-1.2295969 -2.2782221 0.43953052 4278437890
-1.1383621 -2.2676504 0.44523704 4281611316
-1.1088983 -2.2982032 0.44277492 4279900698
-0.81717443 -2.2434659 0.4071061 4278848010
-0.75861138 -2.2515519 0.42100611 4278848010
-0.70647085 -2.2694128 0.4058044 4278848010
0.53865862 -2.2795522 0.40621039 4278738953
0.60811812 -2.2762935 0.42157221 4278215937
0.67773324 -2.2800591 0.43632209 4278216192
0.75166553 -2.2842352 0.45197034 4278216192
0.83168411 -2.2727647 0.47037673 4278216192
1.0841509 -2.2750728 0.40910497 4288191639
1.1826196 -2.295361 0.44735548 4278872074
1.2341626 -2.2786481 0.44044524 4278216192
1.338432 -2.2893269 0.43829957 4278216192
1.3837193 -2.2733219 0.44316289 4281165613
-1.2910067 -2.1763585 0.44039324 4278436355
-1.2637609 -2.2110567 0.4403266 4278764297
-1.1720015 -2.2004142 0.44015023 4279943707
-1.0624635 -2.1863251 0.44325942 4281019179
-1.0010493 -2.1872103 0.44580778 4280492835
-0.91907984 -2.2069139 0.44106799 4278848010
-0.84247929 -2.2234483 0.44383755 4278848010
-0.78558666 -2.2313507 0.45721918 4278848010
0.51436955 -2.1972611 0.40850791 4284910183
0.59132946 -2.1961534 0.42529842 4278347009
0.68181694 -2.1992495 0.44463587 4278216192
0.77134001 -2.2033343 0.4636735 4278216192
0.81494319 -2.1784439 0.47541681 4278216192
1.1064665 -2.2098155 0.4153384 4288126360
1.154892 -2.2011096 0.41332683 4288387483
1.2527101 -2.2086926 0.44484273 4278741001
1.296559 -2.188822 0.44110176 4278216192
1.4083565 -2.2085948 0.44049731 4279986715
1.447778 -2.1752934 0.44762823 4278216192
1.5913578 -2.1788743 0.40713981 4278216192
1.640385 -2.1832027 0.44538584 4278216192
-1.3179095 -2.1229365 0.44078258 4278435587
-1.2283319 -2.1230633 0.43583182 4280074779
-1.1643296 -2.1150982 0.42661771 4288387995
-1.0811797 -2.129678 0.44719401 4287401100
-1.0100902 -2.1078134 0.45296443 4288387995
-0.91995597 -2.1311493 0.47398162 4288387995
-0.85305703 -2.0915947 0.4779954 4288387995
0.45775929 -2.1166465 0.40364224 4288322458
0.52421564 -2.1204891 0.41770017 4286223481
0.60404611 -2.1150157 0.43551454 4279002380
0.67332703 -2.1241293 0.44970033 4278216192
0.75935537 -2.1205788 0.46868181 4278281728
1.1415021 -2.1211092 0.41832662 4288322202
1.2622554 -2.1356356 0.45238665 4281298990
1.3175377 -2.1235397 0.44181758 4278805001
1.3663598 -2.0925984 0.44037047 4278216192
1.4776506 -2.1208589 0.44010702 4278216192
-1.6380734 -2.0080018 0.43904594 4278423299
-1.5593508 -2.0089991 0.43920836 4278427651
-1.4821812 -2.0091119 0.44079527 4278364930
-1.3893727 -2.0187664 0.43903282 4278433028
-1.3314592 -2.0486126 0.44034243 4278369794
-1.2598478 -2.0568798 0.43588892 4279485202
-1.1637626 -2.0374575 0.41090459 4288387995
-1.07838 -2.0307412 0.42494276 4288387995
-0.99159002 -2.0573938 0.44603214 4288387995
-0.9173069 -2.0255353 0.45294592 4288387995
-0.82664895 -2.0759845 0.4795804 4288387995
0.00028502941 -2.0027523 0.40712473 4278281474
0.43659228 -2.0403273 0.40606788 4288387739
0.51308322 -2.0400784 0.42267776 4288126358
0.59989756 -2.0407805 0.44143879 4281692724
0.68469197 -2.0395248 0.45994192 4281103661
0.73984593 -2.03971 0.47188491 4278412035
1.1702658 -2.0421276 0.41400328 4288387995
1.2077192 -2.0076089 0.41019103 4288387995
1.3353829 -2.0527344 0.44935635 4279722519
1.3820782 -2.0331357 0.44060859 4278215936
1.4918358 -2.0422986 0.43728721 4278216192
1.5490113 -2.0291197 0.44143733 4278216192
1.6319525 -2.0256152 0.44053224 4278281473
-1.6394657 -1.9970387 0.43963301 4278421763
-1.5603871 -1.9964684 0.43997827 4278426882
-1.4774678 -1.995275 0.44153878 4278365186
-1.405683 -1.991062 0.43980181 4278563588
-1.3349769 -1.9854046 0.43998036 4278369794
-1.1434809 -1.9869179 0.40426928 4288387995
-1.0803571 -1.9465518 0.4074364 4288387995
-0.99550712 -1.9789662 0.42934954 4288387995
-0.93213284 -1.9393737 0.4327195 4288387995
-0.84111297 -1.9791553 0.45724648 4288387995
-0.77205652 -1.9371201 0.46114418 4288387995
-0.021978805 -1.9508762 0.41043568 4278216192
0.014982839 -1.9467223 0.42315349 4278215936
0.39841866 -1.9637773 0.40482679 4288387995
0.43892032 -1.9846494 0.41169071 4288387739
0.52513278 -1.9776253 0.43103158 4288387995
0.60582364 -1.981263 0.44819498 4288256921
0.66091245 -1.9893246 0.45939994 4288453788
0.74864733 -1.9735973 0.47987106 4288453788
1.1948848 -1.9859569 0.4228797 4288387995
1.2314243 -1.9610603 0.41903707 4288387995
1.3387389 -1.9786526 0.4519892 4282154043
1.4059669 -1.99332 0.44111916 4278280705
1.4725496 -1.9876395 0.44243702 4279593237
1.5580404 -1.9890511 0.44391668 4279134734
1.6396552 -1.992432 0.43953788 4278216192
-1.0026555 -1.8968626 0.41133487 4288387995
-0.92213917 -1.870575 0.42050833 4288387995
-0.84483671 -1.8848358 0.43736157 4288387995
-0.76379859 -1.8763692 0.45025936 4288387995
-0.678765 -1.8803308 0.4664095 4288387995
-0.084715426 -1.8532727 0.40644705 4278216192
-0.037236627 -1.8776542 0.42303297 4278216192
0.026309226 -1.8743057 0.44843611 4278216192
1.1995413 -1.8547317 0.4007425 4288387995
1.2346845 -1.8733965 0.42380559 4288387995
1.3297249 -1.8972811 0.42556229 4288387995
1.3781191 -1.8535194 0.4316594 4288387995
1.5135255 -1.9135427 0.4583028 4288387995
1.5740896 -1.8779217 0.46890533 4288387995
1.6050742 -1.8478742 0.47609562 4288387995
-0.89231324 -1.8262937 0.41687003 4288387995
-0.83875966 -1.7920488 0.41955718 4288387995
-0.74714607 -1.8238043 0.44255635 4288387995
-0.10761994 -1.7935755 0.41158843 4278216192
-0.040093739 -1.7986844 0.44328433 4278216192
0.023518162 -1.8086414 0.46909285 4278216192
0.088446766 -1.7984891 0.42503917 4278216193
1.2554018 -1.8071711 0.41617972 4288387995
1.283987 -1.7694676 0.42084906 4288387995
1.4182875 -1.8171972 0.43672013 4288387995
1.4597646 -1.7796878 0.44194573 4288387995
1.6351848 -1.7991976 0.47678021 4288387995
-0.88711405 -1.7414465 0.40052471 4288387995
-0.87316334 -1.7323371 0.40118617 4288387995
-0.11654644 -1.7182858 0.42785594 4278216192
-0.044531867 -1.7249392 0.46132791 4278216192
0.0037456155 -1.7452235 0.4794288 4278216192
0.1166629 -1.7213697 0.43761843 4278347011
1.3109777 -1.7277156 0.42443988 4288387995
1.3684127 -1.6903467 0.4214052 4288387995
1.5026217 -1.7409315 0.4473452 4288387995
1.5469301 -1.7008653 0.45292753 4288387995
1.6471491 -1.7508252 0.47987613 4288387995
-0.10098465 -1.6504076 0.45918816 4278216192
-0.06574291 -1.6598867 0.47087705 4278216192
0.13752258 -1.654047 0.45872426 4278281985
0.16128355 -1.6304795 0.42193606 4278869772
1.2744811 -1.6167684 0.40124485 4288387995
1.3267467 -1.6357323 0.43101892 4288387995
1.4083166 -1.6515027 0.42628774 4288387995
1.4493033 -1.6116087 0.43130279 4288387995
1.5869174 -1.6647062 0.45796546 4288387995
1.6342115 -1.621937 0.46392399 4288387995
0.19280729 -1.5515687 0.42768967 4284189532
1.334227 -1.568969 0.4160617 4288387995
1.3683344 -1.5398556 0.43258554 4288387995
1.4918714 -1.5701722 0.43651137 4288387995
1.5356271 -1.5275788 0.44186518 4288387995
1.67062 -1.5890121 0.46851104 4288387995
0.21619321 -1.4868475 0.43903613 4283662162
1.3990707 -1.4803956 0.42904362 4287927444
1.5753332 -1.4889295 0.44672355 4288387995
1.6160684 -1.4492786 0.45170778 4288387995
0.23529416 -1.4208863 0.46330386 4284781666
0.25395444 -1.4037286 0.43286633 4288257432
1.1138315 -1.4299768 0.40055564 4284900966
1.1284258 -1.3898585 0.40173626 4284900966
1.3493772 -1.3689765 0.40122354 4288387995
1.4256853 -1.4016056 0.44256499 4284900966
1.4767988 -1.3969398 0.42780659 4287993237
1.6521069 -1.4141983 0.45611739 4288387995
1.6889944 -1.3782884 0.46063086 4288387995
-0.03529552 -1.2904871 0.41725886 4285295724
0.019145973 -1.2906576 0.41809493 4286942339
0.2860716 -1.3185042 0.44425654 4288322202
1.0281596 -1.2842125 0.45307291 4284900966
1.0698714 -1.2931978 0.44016534 4285295724
1.1524051 -1.3239371 0.40367609 4284966759
1.3935803 -1.3198659 0.40631247 4288387995
1.4588773 -1.3175735 0.44539604 4284966759
1.5581824 -1.3210541 0.4349308 4288387995
-1.005838 -1.2180086 0.44295877 4289901234
-0.11387316 -1.223543 0.42634323 4284900966
-0.06608922 -1.2421778 0.43373126 4284374622
0.070860133 -1.2341305 0.43924406 4287541647
0.10646142 -1.2094016 0.43265751 4290164662
0.31095493 -1.2562847 0.44871894 4288257175
0.32984293 -1.2203557 0.43916661 4288322459
0.95461172 -1.2080051 0.44163585 4284900966
1.0017838 -1.2314453 0.43978074 4284835173
1.0742728 -1.2332234 0.43382868 4285361517
1.1766901 -1.2571815 0.4056406 4284900966
1.43392 -1.2750453 0.41095662 4288387995
1.4818366 -1.246437 0.44278246 4285361517
1.5982841 -1.2792548 0.43969241 4288387995
1.6399068 -1.2358704 0.44463453 4288387995
-1.2322237 -1.1611134 0.41891968 4284900966
-0.96976727 -1.1766204 0.43848333 4291085508
-0.95242435 -1.1362401 0.44034612 4291414473
-0.17623948 -1.1524402 0.42438489 4284900966
-0.13768329 -1.1648917 0.4383837 4284900709
0.060821831 -1.1302283 0.47705093 4288387995
0.13926652 -1.1586061 0.4298172 4290822336
0.35271567 -1.1675615 0.43823218 4288322204
0.94553727 -1.1555486 0.44167113 4284900966
0.98107833 -1.1827708 0.43510407 4284835173
1.1126848 -1.1949331 0.43509337 4284900966
-1.2445297 -1.0735428 0.43314454 4284443230
-0.9620232 -1.0463058 0.43524209 4290361785
-0.94797361 -1.0785246 0.43935546 4290954178
-0.18871319 -1.1130972 0.42068362 4284900966
-0.1340283 -1.0737778 0.43992496 4284900966
-0.059789777 -1.0972366 0.44047427 4284900966
0.074082538 -1.0858681 0.46297979 4289177511
0.14367686 -1.0711243 0.43975711 4289045925
0.17249674 -1.0544147 0.4596335 4288387995
0.3840045 -1.0949161 0.43744078 4288387738
0.40715736 -1.0469259 0.43025333 4288322714
0.94277006 -1.0815051 0.4402521 4284769892
0.96762019 -1.0550909 0.43875834 4284835430
-1.2276195 -1.0092745 0.43052331 4284769380
-1.1751382 -0.97078305 0.43283463 4284900966
-1.0679045 -0.97626907 0.42510936 4285229931
-0.99455017 -0.99418879 0.43944836 4288256409
-0.95501661 -1.025624 0.43899003 4290098613
-0.12285095 -0.99949151 0.44023389 4285361517
-0.065221079 -0.96343338 0.43870643 4281874488
0.071073771 -0.96413875 0.43520698 4286282619
0.11254246 -0.99970758 0.43892393 4287927444
0.19697256 -0.99584705 0.44037932 4288387995
0.25349981 -0.97334272 0.43740305 4288387995
0.39846751 -1.0374327 0.46444845 4288387993
0.42940509 -0.99039048 0.43528047 4288322459
0.95267802 -1.0242617 0.44063056 4284900965
0.98967272 -0.99295712 0.43978792 4284835429
1.1880053 -0.96914381 0.43895602 4287730065
1.2160026 -0.99484009 0.44026926 4288786080
-1.1374793 -0.95049989 0.44308296 4285756275
-1.0802438 -0.94735634 0.44059601 4285361517
-1.0338137 -0.95722401 0.44074112 4286282619
-0.32435513 -0.91212541 0.40322608 4288387995
-0.27775529 -0.8937338 0.40897366 4288387995
-0.22576344 -0.88511908 0.40401232 4288387995
-0.13541271 -0.91632557 0.43858773 4282269246
-0.033574112 -0.95193619 0.43890491 4284308829
0.040946435 -0.93775845 0.4322128 4286479998
0.12489623 -0.93269736 0.41037914 4288322202
0.20326221 -0.92387408 0.41448611 4288387995
0.27831832 -0.91440111 0.41804352 4288387995
0.33291858 -0.89385605 0.41560733 4288387995
0.45670354 -0.91847211 0.4443669 4288387738
1.0250672 -0.95094723 0.43765131 4284900966
1.0780008 -0.94022399 0.43749911 4284835173
1.152115 -0.94533658 0.43878183 4286151033
-0.25653446 -0.87195921 0.4243941 4288387995
-0.19676206 -0.85183197 0.42845815 4288387995
-0.11588632 -0.85024959 0.42769754 4285756275
-0.039833695 -0.84660864 0.41935322 4285887861
0.015986292 -0.85066843 0.41823861 4287335307
0.092056274 -0.80351031 0.40134314 4288387995
0.28062737 -0.87285089 0.40297124 4288387995
0.35593924 -0.85935414 0.40507191 4288387995
0.47361165 -0.85903811 0.46704501 4288387995
0.49513263 -0.83504981 0.43675202 4288322459
-0.10139741 -0.78848284 0.46478814 4288387995
-0.040127188 -0.77892858 0.45837024 4288387995
0.031880759 -0.76889336 0.44968739 4288387995
0.1048711 -0.75909501 0.44052869 4288387995
0.18604095 -0.74718136 0.43131605 4288387995
0.27651015 -0.73800367 0.41712934 4288387995
0.35243529 -0.72675812 0.40860891 4288387995
0.52769047 -0.76133251 0.43378237 4288387995
0.11997223 -0.71405196 0.47973394 4288387995
0.18883729 -0.70836771 0.46769166 4288387995
0.28229988 -0.69664812 0.45517406 4288387995
0.35896808 -0.67836654 0.45318764 4288387995
0.43027538 -0.6831308 0.43054214 4288387995
0.53123116 -0.68343693 0.44019672 4288387995
0.58235627 -0.66066533 0.4252744 4288387995
1.2701025 -0.65041965 0.46447232 4280163870
1.3151779 -0.66487837 0.45555821 4278848010
1.3748465 -0.66680557 0.45292348 4278848010
-1.6454625 -0.61776507 0.40216684 4279176975
0.45267332 -0.63096672 0.47469983 4288387995
0.51010799 -0.62837511 0.46260247 4288387995
0.59781891 -0.60460383 0.44530439 4288387995
0.69858599 -0.60035086 0.44155452 4288387995
0.7678442 -0.59181052 0.43214104 4288387995
0.84069854 -0.58281243 0.42225236 4288387995
0.9174372 -0.5733189 0.41185138 4288387995
1.2354941 -0.59789485 0.44080445 4284374622
1.3111662 -0.62771326 0.41551182 4278848010
1.3628025 -0.63344276 0.41755027 4278848010
0.62439799 -0.52674842 0.44284713 4288387995
0.64750326 -0.49655768 0.41540477 4288387995
0.76858997 -0.55134857 0.47061169 4288387995
0.84218538 -0.541134 0.46169728 4288387995
0.91974688 -0.53034925 0.45232138 4288387995
1.0011969 -0.52455598 0.43718967 4287335307
1.0875771 -0.51280862 0.42649579 4284900966
1.1862499 -0.51840883 0.44388235 4284835173
1.2056775 -0.54862511 0.41832656 4284900966
0.66542876 -0.44100106 0.43091208 4288387995
1.0044627 -0.47966957 0.4792484 4285887861
1.0913336 -0.47229666 0.46425033 4284900966
1.1744329 -0.46373406 0.46809053 4284900966
-0.67468101 -0.32040009 0.41785654 4284900966
0.70084965 -0.36669555 0.42093083 4288387995
0.72075856 -0.32714236 0.41278949 4288387995
-0.8314904 -0.25156897 0.44131723 4279045389
-0.65677094 -0.31175089 0.41977778 4284900966
-0.62627393 -0.28963375 0.42493662 4284900966
0.74007887 -0.28403342 0.41029811 4288387995
1.0829704 -0.27499005 0.42090583 4278216192
1.1555527 -0.31336683 0.42064583 4278216192
1.228577 -0.31103796 0.40397701 4278216192
-1.3690935 -0.16481964 0.41130495 4284900966
-1.332334 -0.17312986 0.40870211 4284900966
-1.1564138 -0.18147631 0.41363847 4284900966
-1.0993164 -0.20791937 0.40902403 4285229931
-0.90582573 -0.1819233 0.43868881 4279176975
-0.81683135 -0.19661762 0.44007909 4279045389
-0.1101917 -0.18584703 0.40963444 4284900966
-0.027886055 -0.18686765 0.4220649 4285887861
0.040371433 -0.18241327 0.42419988 4286019448
0.090702042 -0.16783606 0.42813849 4283198796
0.77062356 -0.22013652 0.40148506 4288387995
1.0355155 -0.18299335 0.41816545 4278740488
1.0431262 -0.21977539 0.41941184 4278216192
-1.6237934 -0.12163925 0.4272303 4287269514
-1.594727 -0.096164763 0.4233436 4286677377
-1.455307 -0.1001745 0.42309377 4284900966
-1.414834 -0.13786831 0.41258794 4284900966
-1.2128108 -0.10953138 0.42570528 4284177243
-1.1613505 -0.14059931 0.4368507 4284900966
-1.0729049 -0.15160073 0.43723667 4287203721
-1.0001602 -0.12668797 0.43926391 4289901234
-0.93270707 -0.11186787 0.43924415 4285634673
-0.84464872 -0.11913664 0.44163731 4280098077
-0.16497937 -0.096739553 0.41851375 4284900966
-0.1112649 -0.10919846 0.42979202 4284900966
-0.047238603 -0.1349116 0.43378508 4285032552
0.038486216 -0.14395484 0.43457985 4286940805
0.10806417 -0.11275941 0.43331414 4289573037
0.95214444 -0.089231066 0.44348595 4280116765
1.0003134 -0.1165397 0.43880403 4283262029
1.0709745 -0.13990225 0.43510765 4284048986
1.1289636 -0.14125428 0.43029144 4285236842
-1.6482102 -0.029195473 0.43716699 4279308561
-1.5481317 -0.055321351 0.41711277 4285493103
-1.4707625 -0.054931477 0.41886547 4284637794
-1.2193911 -0.060680009 0.42499262 4284900966
-0.98181915 -0.046164211 0.43895623 4291217094
-0.92942518 -0.041683398 0.43909755 4288848546
-0.8663007 -0.047134828 0.44138753 4287927444
-0.16428412 -0.036037616 0.41734472 4284900966
-0.13331252 -0.042203043 0.43061018 4284900966
-0.078274786 -0.051780306 0.4386552 4284900966
0.14717343 -0.045385428 0.43741822 4291348680
0.16376726 -0.034278728 0.42079177 4291414473
0.94412792 -0.035621136 0.44088951 4284114266
0.97858697 -0.049239464 0.43397471 4284835173
1.0742165 -0.051450375 0.42831421 4284045657
-1.6404802 0.048251309 0.41221017 4287532686
-1.5649353 0.051383082 0.4154852 4284243036
-1.4906396 0.049482655 0.4053424 4284703587
-1.4318943 0.065398134 0.40182027 4285295724
-1.0602074 0.069355503 0.40844089 4287664272
-0.98570472 0.071199432 0.43781742 4288914339
-0.93376476 0.032077778 0.44033453 4290428090
-0.87846303 0.00032420456 0.47121489 4291217094
-0.16082992 0.013676594 0.41307715 4284900966
-0.13400647 0.035065491 0.43260539 4284835429
0.14555877 0.039316349 0.43995285 4290624957
0.94507945 0.029641997 0.43963078 4284835173
0.97793406 0.044662427 0.43626848 4284572001
-1.6341004 0.11357518 0.42960131 4286282619
-1.5563524 0.12196533 0.422894 4286940549
-1.474471 0.12114803 0.41563734 4285361517
-1.4024372 0.1246388 0.410586 4287598479
-1.3145903 0.12768309 0.40639907 4288387995
-1.2281672 0.14283964 0.4040896 4288387995
-1.1544847 0.13676754 0.4390482 4284966759
-1.0808715 0.14718851 0.43947348 4285032552
-1.0017124 0.11294248 0.44015041 4287861651
-0.11170392 0.10931763 0.41925779 4284377950
-0.044107813 0.15344033 0.41639495 4284900966
0.047695655 0.14229837 0.43334416 4283848278
0.10934721 0.10265725 0.44181088 4288519581
0.99402642 0.11859866 0.43695313 4284769380
1.0680811 0.1497876 0.43654361 4284835429
1.1551274 0.14532657 0.41484284 4286348412
-1.6369522 0.19656497 0.44657326 4285558896
-1.5564777 0.19711345 0.43900594 4285887861
-1.4790719 0.20187156 0.43176091 4285953654
-1.3956708 0.19716302 0.42391065 4286282619
-1.3197488 0.20160824 0.42506278 4288387995
-1.2384096 0.20165744 0.41936952 4288387995
-1.1872449 0.1926651 0.41355452 4287203721
1.0108308 0.19102067 0.44111359 4280509731
1.0696628 0.21739414 0.43341383 4279526932
-1.6442146 0.2858927 0.4645448 4285887861
-1.5615573 0.27242276 0.4542163 4285887861
-1.4827881 0.28110692 0.4471294 4285756275
-1.398335 0.27936262 0.43421286 4284900966
-1.3219755 0.28153574 0.43973526 4287466893
-1.2390079 0.27507415 0.43758723 4288387995
-1.1771922 0.27114636 0.43227887 4287664272
1.1078438 0.24375829 0.44030082 4278216192
-1.6257744 0.34209499 0.46776819 4283848278
-1.5556105 0.34982589 0.45462692 4282729797
-1.486362 0.3521294 0.4587014 4285361517
-1.4048117 0.36339113 0.44889036 4284900966
-1.3263752 0.36047629 0.45856741 4287335307
-1.2422525 0.36138415 0.45918226 4288387995
-1.1627367 0.35435739 0.45186514 4287861651
-1.6366882 0.41308558 0.46095315 4279440147
-1.5723796 0.45440131 0.4514716 4279440147
-1.4646955 0.42610508 0.42988259 4279440147
-1.4018855 0.44854483 0.43599418 4281677109
-1.3215364 0.42367056 0.41618511 4280887593
-1.2540661 0.42123809 0.47482869 4288387995
-1.1665001 0.44409767 0.47434613 4288387995
-1.6412172 0.51373589 0.4676896 4279440147
-1.560706 0.52903861 0.45368505 4279440147
-1.4781625 0.51493299 0.43758044 4279440147
-1.3962438 0.52094352 0.42277086 4279440147
-1.319611 0.52586204 0.40887523 4279374354
-1.2775431 0.55478579 0.40278405 4279440147
-1.6360393 0.61833346 0.47286093 4279440147
-1.541831 0.57318074 0.45277846 4279440147
-1.4832389 0.60822964 0.44398755 4279440147
-1.3965008 0.5910002 0.42692393 4279440147
-1.3253438 0.6131109 0.41504937 4279440147
-1.2639699 0.56411731 0.40081879 4279440147
0.46246833 0.61251199 0.43777227 4284900966
-1.5554407 0.66303504 0.46056294 4279505940
-1.4800433 0.7048533 0.44905853 4279505940
-1.3967134 0.65998536 0.43100584 4279440147
-1.3230745 0.68941402 0.41910091 4279440147
-1.2500436 0.6614877 0.40394726 4279440147
0.46808094 0.65780306 0.4414517 4284900966
0.48308209 0.69079483 0.43971369 4284900966
-1.6218115 0.72533685 0.47649834 4279505940
-1.5600859 0.75693184 0.46692538 4279505940
-1.4798321 0.77517694 0.45314047 4279505940
-1.3946617 0.75220782 0.43603063 4279505940
-1.321444 0.77553719 0.42384595 4279505940
-1.2430458 0.75190097 0.40795055 4279505940
-1.1984951 0.77854985 0.40126643 4279505940
-0.95946932 0.79685849 0.44008362 4287598479
-1.5646718 0.84957469 0.47320312 4279505940
-1.4734864 0.83221644 0.45530868 4279505940
-1.3999827 0.83888465 0.44209498 4279505940
-1.3204882 0.84563619 0.42777723 4279505940
-1.2360778 0.84016377 0.41183326 4279505940
-1.1801764 0.87116688 0.40330365 4279505940
-1.0405273 0.87348855 0.46588597 4279505940
-1.017682 0.87846571 0.44443378 4279505940
-0.91778857 0.84420782 0.44015419 4286743170
-0.019353554 0.87977481 0.45580983 4286151033
-1.489826 0.88474178 0.46141106 4279505940
-1.2960067 0.94804955 0.44800052 4284572001
-1.2186308 0.95058686 0.44098109 4284900966
-1.1515976 0.94099802 0.43930247 4285427310
-1.0826421 0.94269502 0.43975592 4287664272
-1.0121603 0.92876196 0.43974942 4285295724
-0.89619941 0.92036718 0.43999633 4284045657
-0.60393715 0.92616022 0.40360931 4288453788
-0.11333143 0.93023354 0.44255394 4285558896
-0.036715418 0.92971301 0.43874785 4285427310
0.034566127 0.93005252 0.43759137 4287795858
0.11321 0.91989052 0.43713379 4282664004
0.18837552 0.93022174 0.43868858 4285032552
1.0382243 0.9594214 0.43918845 4284900966
1.0785445 0.95275277 0.43942997 4285558896
-1.4592047 1.0051498 0.44906986 4284835173
-1.4249531 0.9871155 0.43028152 4285032552
-1.3301722 0.99437207 0.44114295 4284835429
-1.2422599 0.99782956 0.43699449 4284835429
-1.1817533 0.97008383 0.43313843 4284900966
-1.0446025 0.96725643 0.43982571 4288651167
-0.9968068 0.99467033 0.44004235 4290230199
-0.92169863 1.0009664 0.43994465 4285098345
-0.86415678 1.0181525 0.44143218 4279440147
-0.61780196 0.99489832 0.40671581 4288387995
-0.17373021 1.0186623 0.44166309 4284111450
-0.12337716 0.99573278 0.44020751 4284769380
-0.038714364 0.97988081 0.43886036 4284966759
0.04925219 0.98477614 0.43960887 4286348412
0.11561549 0.99809277 0.4393383 4287861651
0.22868334 0.96662098 0.43736196 4284900966
0.9588964 1.0389767 0.45466289 4284900966
0.99549162 0.99568623 0.43940678 4284835173
1.0463468 0.9624033 0.43396741 4284900966
-1.4698474 1.0568312 0.43810654 4283659090
-1.3672636 1.0544082 0.46191195 4284051289
-1.2899973 1.0738662 0.44122133 4284572513
-1.2792891 1.079221 0.42159083 4282927176
-0.98228568 1.0579516 0.44017646 4290953922
-0.9496668 1.0829798 0.4391844 4288987044
-0.84351677 1.0746608 0.44037861 4279440147
-0.67211467 1.0920831 0.40266234 4288387995
-0.61088717 1.0752579 0.41597474 4288387995
-0.54740477 1.0789757 0.43177205 4288453788
-0.19179451 1.0794708 0.44009951 4283058762
-0.14806889 1.067642 0.43821523 4284308829
-0.041322719 1.048682 0.44238827 4284900966
0.14771946 1.0781344 0.44017401 4291348680
0.95083731 1.0805334 0.44064441 4284966759
0.99112576 1.0779307 0.44005111 4284900966
1.057011 1.0476756 0.44019011 4284900966
-1.4640694 1.1518643 0.40434328 4288387993
-1.2714 1.1373976 0.43363908 4279176975
-0.97305644 1.1840383 0.4416402 4289703855
-0.95161974 1.1395723 0.43981385 4290888129
-0.66811681 1.1564736 0.40970567 4288453788
-0.60351264 1.1609343 0.42584622 4288387995
-0.53786767 1.1653708 0.44223782 4288387995
-0.1685591 1.1455861 0.43381485 4287532686
-0.14172007 1.1668457 0.42762491 4284900966
-0.0015468597 1.142097 0.40310955 4289045925
0.1360226 1.1519171 0.43998194 4290033845
0.93914735 1.1557471 0.44099215 4285032552
-1.4670317 1.236181 0.41823199 4288453788
-1.1239072 1.24579 0.43303144 4286677377
-1.0762601 1.2456909 0.44010365 4286019447
-1.0077235 1.2193065 0.4398658 4288387995
-0.58922201 1.2398272 0.43676153 4288387995
-0.53030914 1.2338365 0.45053178 4288387995
-0.11202823 1.2263998 0.42026925 4281622068
-0.058258891 1.2423071 0.42627046 4283519313
0.9324733 1.2020001 0.43978944 4284900966
-1.49433 1.3287061 0.41802415 4288256924
-0.59788567 1.3135011 0.44159916 4288387995
-0.52230918 1.3063056 0.45931059 4288387995
-0.47354627 1.3268744 0.47311503 4288387995
0.057748556 1.3497906 0.42904568 4288387995
-1.536093 1.400259 0.40459538 4288387995
-1.489387 1.4165542 0.43765301 4288322458
-0.58502179 1.3758081 0.45060346 4288387995
-0.5266977 1.4101394 0.46803185 4288387995
-0.019155025 1.4252443 0.42922011 4288387995
0.024797985 1.382118 0.42912021 4288387995
-1.5293516 1.470624 0.42210525 4288387995
-1.4975259 1.4819415 0.44467103 4288387995
-0.55301398 1.4668766 0.46697751 4288387995
-0.099812314 1.5043811 0.42940307 4288387995
-0.059471965 1.4648019 0.4293116 4288387995
-1.5526921 1.5580705 0.42348853 4288322458
-1.4896703 1.5562005 0.46362621 4288649629
-0.54773301 1.5229383 0.47354755 4288387995
-0.18056551 1.5836093 0.42958602 4288387995
-0.14017873 1.543983 0.42949435 4288387995
0.28863519 1.5683956 0.47443992 4288387995
0.32104135 1.5364897 0.47435516 4288387995
-1.6086503 1.6646227 0.40749559 4288387995
-1.5615612 1.643394 0.43377125 4288387996
-1.5148728 1.6217482 0.45971155 4288584347
-0.26141232 1.6629314 0.42976934 4288387995
-0.22097671 1.6232597 0.42967775 4288387995
0.21160537 1.6442226 0.47464037 4288387995
0.25216007 1.6043009 0.47453481 4288387995
-1.6202828 1.7416255 0.41444439 4288387993
-1.5411716 1.6901449 0.45562649 4288256148
-1.5070852 1.7030283 0.47993806 4288322713
-0.32026696 1.7206799 0.42990309 4288387995
-0.2991125 1.6999197 0.42985478 4288387995
0.1304279 1.7241311 0.47485152 4288387995
0.17102957 1.6841615 0.47474569 4288387995
-1.6325438 1.8223612 0.42168868 4288454047
-1.5666274 1.7909428 0.45815179 4288322201
0.049154371 1.8041341 0.47506294 4288387995
0.089805007 1.7641181 0.47495711 4288387995
-1.645355 1.9071624 0.42934126 4287342476
-1.5619148 1.8502543 0.4722881 4288453786
-0.032213867 1.8842332 0.47527477 4288387995
0.0084865093 1.8441713 0.47516906 4288387995
1.336265 1.9157085 0.43719283 4284900966
1.3945695 1.9007519 0.43965951 4284900966
1.4707534 1.8812087 0.44288269 4284900966
-1.6401216 1.9842112 0.43961439 4278216192
-1.5593483 1.9829789 0.43973908 4278348802
-1.4827044 1.9933422 0.43929851 4278415875
-1.4102404 1.9923145 0.43960375 4278417411
-1.3466369 1.9898943 0.44215521 4278418435
-0.093300581 1.9443679 0.47543392 4288387995
-0.072930932 1.9243166 0.4753809 4288387995
1.0196102 1.9966002 0.43885565 4284900966
1.0808452 1.980889 0.44157353 4284900966
1.1678426 1.9586078 0.44365421 4284900966
1.2447795 1.9390651 0.43830302 4284900966
1.3336333 1.9575332 0.43844706 4280575524
1.4000393 1.9804131 0.43998033 4278936843
1.4802463 1.9939799 0.43998078 4278216192
1.5610199 1.9939919 0.44087905 4278216192
1.639956 1.9866531 0.43941161 4279199247
-1.6428429 2.0435026 0.43865258 4281498674
-1.5564661 2.0500348 0.437628 4281039147
-1.4849457 2.0492458 0.43757951 4278416899
-1.3835377 2.0367987 0.43694407 4278353154
-1.3337883 2.0544157 0.44038111 4278354690
-0.66707253 2.0609422 0.43068939 4288387995
0.98192197 2.0062699 0.43718287 4284900966
1.3389666 2.049118 0.44005069 4278215936
1.3883815 2.0309055 0.44140542 4278216192
1.4790967 2.0232143 0.44098499 4278216192
1.5625019 2.0238824 0.44069538 4278215936
1.6263213 2.0389304 0.44047546 4278216192
-1.6512184 2.1200619 0.42311013 4278216192
-1.5252609 2.091754 0.45986703 4287341451
-1.4994447 2.1216955 0.43792316 4280908841
-1.3992274 2.1240776 0.44213167 4278420739
-1.3250824 2.1182387 0.43913013 4278356738
-1.2626987 2.1325097 0.43596423 4278423811
-0.74478912 2.137192 0.4308655 4288387995
-0.7040695 2.0972407 0.4307732 4288387995
1.2628096 2.1294127 0.43799168 4278216192
1.3179634 2.1194441 0.44000876 4278937099
1.3673422 2.0947185 0.44389662 4284900966
-1.6243501 2.1962521 0.4323265 4278216192
-1.4860579 2.1806633 0.44156945 4280710694
-1.3932881 2.1981473 0.43965083 4278426115
-1.290763 2.1826634 0.44001573 4278359298
-1.2537825 2.2122302 0.4395836 4278426115
-1.1915276 2.2351038 0.45884824 4278427395
-0.82407647 2.2149811 0.43104511 4288387995
-0.78429586 2.1759555 0.43095526 4288387995
1.2527903 2.2073662 0.44051865 4278216192
1.2998512 2.186583 0.43883041 4278412547
-1.6051424 2.2507164 0.43978524 4278216192
-1.5911311 2.290462 0.43997362 4278216192
-1.3684763 2.2479537 0.46023771 4278428163
-1.3420568 2.286829 0.43903482 4278429187
-1.2299043 2.2779646 0.43907601 4278362626
-1.1794463 2.2888288 0.43844557 4278429699
-0.89553577 2.2850912 0.43120703 4288387995
-0.86585552 2.2559688 0.43113956 4288387995
-0.46917605 2.314369 0.47641161 4288387995
1.1899986 2.2873614 0.43915948 4278216192
1.232442 2.2777374 0.43972084 4278216192
1.2854636 2.2446887 0.43493372 4278216192
-1.5686402 2.3542614 0.44018117 4278216192
-1.315152 2.330709 0.43051323 4279345680
-1.2063801 2.3315535 0.44041815 4278429955
-1.1715363 2.3645825 0.43966559 4278431491
-1.1098154 2.3853688 0.43032402 4278498052
-0.51835763 2.3627825 0.47653961 4288387995
-0.47736835 2.3224373 0.47643325 4288387995
1.172157 2.3609984 0.43954405 4278216192
1.2189934 2.3548436 0.4399085 4278216192
-1.5402473 2.4348021 0.44029236 4278216192
-1.1404306 2.4341776 0.44017327 4278433283
-1.1042157 2.4539859 0.44034821 4278825482
-0.66166753 2.4697924 0.44203055 4279374354
-0.59593403 2.4644563 0.44937217 4281084972
-0.51700979 2.4680073 0.44567108 4279571733
-0.43523809 2.4698899 0.43944842 4279308561
-0.36070323 2.4698987 0.44083962 4279242768
-0.28451893 2.4699697 0.43629381 4279176975
-0.20272367 2.4699898 0.43679553 4279111182
-0.11915907 2.4700003 0.43832183 4279045389
-0.04186476 2.4700093 0.43973368 4279045389
0.00056564808 2.4700148 0.44050863 4278979596
0.77902389 2.4732218 0.43484199 4284900966
1.1081327 2.4600997 0.44002998 4278872842
1.144981 2.4340973 0.43947944 4278216192
-1.5228146 2.4842556 0.43953231 4278479364
-1.5089877 2.5234773 0.43979788 4278479364
-1.1267874 2.5001173 0.43906116 4285906548
-1.0825716 2.5143526 0.43935728 4279599637
-1.0003698 2.5276067 0.43902141 4279571733
-0.92107254 2.530129 0.43965948 4279440147
-0.84030735 2.5309501 0.44008383 4279440147
-0.75722438 2.5329678 0.4393068 4279440147
-0.68007213 2.5334516 0.44106477 4279637526
-0.60079241 2.535182 0.4406656 4279374354
-0.51993078 2.5347946 0.44221541 4279308561
-0.43977425 2.5342479 0.43992671 4279242768
-0.35983571 2.534992 0.43958426 4279242768
-0.27866209 2.5353417 0.43964577 4279176975
-0.19887063 2.5296853 0.43852898 4279111182
-0.11899295 2.5305164 0.43993923 4279111182
-0.041279841 2.5310495 0.44016346 4279045389
0.038634777 2.5303733 0.43902487 4278979596
0.11873653 2.5302274 0.4369207 4279308561
0.1969659 2.5284228 0.43665895 4279966491
0.28244138 2.5268447 0.43910268 4280624421
0.35877836 2.5307884 0.43975508 4280098077
0.44185653 2.5372591 0.43780822 4278848010
0.51946139 2.5370471 0.43821186 4278782217
0.6004253 2.5322247 0.43706915 4278848010
0.68302637 2.5334203 0.43947577 4279111182
0.75932026 2.535316 0.43974471 4280492835
0.84103709 2.5330365 0.43999237 4280492835
0.9203707 2.526406 0.44039118 4280756007
1.0010082 2.5271425 0.44125444 4278848010
1.0796849 2.5138462 0.44002479 4279586325
1.1433072 2.4900227 0.4381474 4278216192
-1.4687858 2.6102467 0.44035903 4278414595
-1.4130751 2.6358027 0.43937024 4278481411
-1.0552989 2.5952599 0.44086552 4278500868
-0.98792648 2.6009948 0.4429518 4284509024
-0.95110786 2.6371498 0.4052937 4284900966
-0.24166095 2.5600381 0.4039461 4279176975
-0.19732745 2.5613263 0.43847016 4279111182
-0.12087885 2.5641258 0.44203883 4279045389
-0.042477719 2.5670342 0.44204584 4279045389
0.039320339 2.5700922 0.43971524 4278979596
0.12076987 2.5730946 0.44155207 4278913803
0.20457228 2.6174624 0.44061121 4278848010
0.28181338 2.6342366 0.44002479 4278848010
0.35887197 2.628557 0.44007021 4278848010
0.44033673 2.6225543 0.44007739 4278848010
0.5205881 2.6166391 0.44017366 4278848010
0.59735841 2.6109831 0.440092 4278848010
0.68026394 2.6048739 0.4401032 4278848010
0.76145613 2.5987885 0.44087583 4279900698
0.84149635 2.5958302 0.43806827 4283124555
0.91901958 2.5935812 0.43954447 4280427042
0.98172402 2.5843015 0.43746468 4278848010
-1.3746892 2.6429365 0.44027483 4278482180
-1.3225197 2.6526473 0.43994719 4278417668
-1.2398915 2.6680233 0.43992984 4278420483
-1.1584485 2.6831872 0.43893713 4278426371
-1.080635 2.6976564 0.43990219 4278432771
-1.0018122 2.7048929 0.43928918 4279187471
-0.9334076 2.6793423 0.44103983 4284900966
-0.4967685 2.6916072 0.44029701 4279242768
-0.43805599 2.6872842 0.43990096 4279176975
-0.3597644 2.6815155 0.43979722 4279111182
-0.2845085 2.6759689 0.43995678 4279111182
-0.19914328 2.6696765 0.44014549 4279045389
-0.11732832 2.6636474 0.44021165 4278979596
-0.039019078 2.6578803 0.43979675 4278913803
0.037099194 2.6522691 0.44003192 4278848010
0.11754651 2.646354 0.43845347 4278848010
0.18053545 2.6417181 0.4377698 4278848010
-0.97085345 2.7434583 0.4367469 4278502914
-0.92302358 2.7318845 0.4402357 4279772184
-0.84556943 2.7443604 0.44142464 4279769112
-0.75805664 2.7576807 0.43989214 4279440147
-0.68241316 2.7717519 0.44030032 4279440147
-0.82231241 3.5186718 0.46999359 4289900975
-0.81063199 3.5200038 0.45823741 4289769648
-0.77308369 3.5242522 0.46327573 4289506476
-1.6381872 -5.7914982 0.51995742 4289901234
-1.5619358 -5.7695231 0.51995724 4289901234
-1.485685 -5.74755 0.5199573 4289901234
-1.4009612 -5.7231331 0.51995724 4289901234
-1.316238 -5.6987185 0.5199573 4289901234
-1.2654036 -5.6840692 0.51995736 4289901234
-1.2315143 -5.6743026 0.51995736 4289901234
-1.1637356 -5.6547704 0.5199573 4289901234
-1.0790119 -5.6303544 0.5199573 4289901234
-1.0027609 -5.6083808 0.5199573 4289901234
-0.96039897 -5.5961723 0.5199573 4289901234
-0.9180373 -5.5839643 0.5199573 4289901234
-0.84178591 -5.5619898 0.5199573 4289901234
-0.75706244 -5.5375738 0.5199573 4289901234
-0.70622838 -5.5229249 0.51995736 4289901234
-0.67233902 -5.5131588 0.51995736 4289901234
-0.60738492 -5.4944382 0.52289635 4289901234
-0.54102242 -5.4752979 0.54200017 4289901234
0.12405634 -5.2836308 0.54640877 4288920996
0.15117097 -5.2758284 0.53230131 4288133783
0.20200732 -5.2611866 0.52172071 4289835441
0.27656442 -5.2397032 0.5199573 4289835697
0.36128792 -5.2152872 0.51995724 4289901234
0.41212216 -5.2006369 0.5199573 4289901234
0.45448384 -5.1884294 0.51995724 4289901234
0.51379031 -5.1713386 0.51995724 4289901234
1.1793356 -2.8215771 0.5526672 4278346755
1.144498 -2.7474334 0.53464556 4278281217
-0.0056397915 -2.6404495 0.54080707 4278848010
0.05045931 -2.6412146 0.5429039 4278848010
0.11878951 -2.6419291 0.54392701 4278848010
0.20199864 -2.6423228 0.54181975 4278848010
0.28189212 -2.6419475 0.53449386 4278848010
0.3705067 -2.6508157 0.51964372 4278848010
0.43816724 -2.6592112 0.51913959 4278848010
0.51739931 -2.6651945 0.5169034 4278848010
0.6016832 -2.6705108 0.5203824 4278848010
0.68458033 -2.6741962 0.51633173 4278848010
0.76100683 -2.6834364 0.51841986 4278848010
0.83766484 -2.6874304 0.52291363 4278848010
0.91704297 -2.6910777 0.51784182 4278848010
0.99996114 -2.6951406 0.51758128 4278848010
1.0924186 -2.6755619 0.52254748 4278848010
1.1727085 -2.6793132 0.52432728 4278215936
-0.96451014 -2.5601294 0.49763837 4278848010
-0.91848266 -2.5608156 0.51909441 4278848010
-0.86002761 -2.5619471 0.51996738 4278848010
-0.42025685 -2.628566 0.48148462 4278848010
-0.35299206 -2.6300166 0.48775077 4278848010
-0.27830359 -2.5966074 0.51177794 4283914071
-0.20078167 -2.602911 0.51188749 4282598211
-0.12077472 -2.608392 0.51194608 4278848010
-0.041801594 -2.6130161 0.51495028 4278848010
0.042534463 -2.6115489 0.51258785 4278848010
0.12108468 -2.6125417 0.51087695 4278848010
0.20026983 -2.6105483 0.50905144 4278848010
0.28283548 -2.6096251 0.51022828 4278848010
0.36259928 -2.6084504 0.51254123 4278848010
0.44142121 -2.604701 0.51260847 4278848010
0.52057701 -2.6040673 0.51085669 4278848010
0.60297322 -2.6005747 0.51157165 4278782473
0.68070483 -2.5985639 0.51086968 4278782473
0.75882274 -2.599427 0.5149672 4278782473
0.83948946 -2.597157 0.52067477 4278848010
0.91935515 -2.5996816 0.52076119 4278847754
1.0046366 -2.5901694 0.52051508 4278657543
1.0814708 -2.5871816 0.51523614 4278719240
1.1445498 -2.5969794 0.51756424 4278405635
1.220605 -2.5946455 0.51922333 4278216192
-1.0751452 -2.5339103 0.52089286 4278614790
-0.99862939 -2.5398724 0.52032441 4278850058
-0.9209041 -2.5236275 0.51632035 4278782473
-0.8389647 -2.5241764 0.51609164 4278848010
-0.76043564 -2.5224075 0.51501739 4278848010
-0.67922622 -2.5217938 0.51600635 4280690214
-0.60203731 -2.5221767 0.51687378 4280756007
-0.52132875 -2.5339236 0.51604223 4278848010
-0.43859848 -2.5321717 0.51616257 4278848010
-0.36024746 -2.5301235 0.5165146 4278848010
-0.28100148 -2.5296354 0.51721811 4278848010
-0.19967362 -2.5273902 0.51900148 4278848010
-0.12066576 -2.5350935 0.51837373 4278848010
-0.039390374 -2.5363574 0.51674062 4279242768
0.039527986 -2.5370107 0.51734304 4279242768
0.12159024 -2.5369596 0.51755321 4278848010
0.20164356 -2.5336146 0.51843369 4278848010
0.28323814 -2.5322869 0.51876861 4278848010
0.36173385 -2.5292885 0.51941675 4278848010
0.439567 -2.5301192 0.51965338 4278848010
0.51931161 -2.5306547 0.51980722 4278848010
0.59900689 -2.530004 0.51975614 4278848010
0.67939734 -2.5300267 0.51994729 4278848010
0.75895154 -2.5295441 0.51973897 4278848010
0.83913016 -2.5304937 0.51992047 4278848010
0.9197492 -2.5304003 0.52086008 4278848010
1.0026188 -2.5285771 0.52205187 4278784265
1.0780356 -2.5175745 0.52111751 4278467588
1.1694202 -2.523555 0.51973277 4278216192
1.2469426 -2.5107665 0.51881689 4279985691
1.284194 -2.490612 0.53078026 4280575524
-1.1421556 -2.4338901 0.51953375 4278373378
-1.1168748 -2.4733863 0.52144712 4278373635
-1.023013 -2.4382384 0.52049404 4278848010
-0.18061405 -2.4741549 0.48327109 4278848010
-0.1159894 -2.4729247 0.4891116 4278848010
-0.038487669 -2.4716067 0.49521828 4278848010
0.043286595 -2.4369373 0.51239449 4278848010
0.11873018 -2.4372106 0.5134657 4278848010
0.19596437 -2.4548168 0.51922041 4278848010
0.27995396 -2.4662857 0.51976955 4278848010
0.35938609 -2.4657378 0.52145094 4278848010
0.43998003 -2.4653268 0.52233201 4278848010
0.51886111 -2.4656506 0.51905358 4278848010
0.59962428 -2.4653242 0.5194487 4278848010
0.67932308 -2.4650042 0.51982468 4278848010
0.75957441 -2.46474 0.51987618 4278848010
0.83901465 -2.4642277 0.52135241 4278785801
0.92144674 -2.4636831 0.51962322 4278216192
1.0003625 -2.4601085 0.51750982 4278216192
1.0922881 -2.4441855 0.52293295 4278216192
1.1500386 -2.4359612 0.52012932 4278216192
1.234828 -2.4326618 0.52137399 4278216192
1.30869 -2.4414141 0.52157247 4281034283
-1.2029604 -2.3267705 0.52228475 4278307329
-1.1795129 -2.3660417 0.51967329 4278373378
-1.0724545 -2.3592422 0.5141905 4280624421
0.15960312 -2.3994741 0.48212954 4278848010
0.20636538 -2.3977101 0.51138616 4278848010
0.27558762 -2.3933816 0.52204865 4278848010
0.35824221 -2.3874245 0.51978076 4278848010
0.43891722 -2.3817556 0.52034378 4278848010
0.5173071 -2.3761375 0.51878363 4278848010
0.59858656 -2.3704314 0.51944846 4278848010
0.67670774 -2.3649774 0.52065533 4278716936
0.75385582 -2.3594792 0.51971954 4284048985
0.8414259 -2.3532016 0.51796085 4284900966
0.92462999 -2.3495226 0.51894844 4284180059
0.99395508 -2.3436794 0.51349962 4283655763
1.097585 -2.3656478 0.52354598 4280116765
1.163684 -2.361609 0.52023375 4278412547
1.2245163 -2.3561542 0.5206756 4278216192
1.3267889 -2.3638735 0.52026039 4280641061
1.3678665 -2.3351917 0.52195036 4279789080
-1.2287824 -2.2776277 0.52056801 4278437890
-1.1330898 -2.2661278 0.5197112 4278848010
-1.1050514 -2.3047171 0.5178625 4279374354
-0.99463803 -2.2877176 0.49239925 4288387995
-0.93316424 -2.2525463 0.4963271 4288387995
0.92309874 -2.2849123 0.48908329 4278216192
1.0033189 -2.2755282 0.50734156 4278216192
1.0813775 -2.2819588 0.52367735 4278216192
1.1738529 -2.2907388 0.52170014 4278216192
1.2341913 -2.2786281 0.51994336 4278216192
1.3349574 -2.2903416 0.5224818 4278216192
1.3901628 -2.2751293 0.52027422 4281296687
-1.2904009 -2.1769056 0.51802474 4278436355
-1.2645873 -2.2118306 0.51982778 4278371587
-1.1715775 -2.2059748 0.51625049 4278372611
-0.98824757 -2.1667273 0.50389081 4278848010
-0.91694039 -2.1810653 0.51744789 4279571733
-0.8463465 -2.196183 0.51033753 4280953386
-0.78992069 -2.1874123 0.5009982 4284572001
0.85641855 -2.1998191 0.48244581 4278347009
0.91794711 -2.2063942 0.49518386 4278215938
0.99840188 -2.2081947 0.512465 4278216192
1.0750263 -2.192677 0.53050739 4278216192
1.1897525 -2.2265213 0.53124493 4278216192
1.2487062 -2.2052705 0.51916033 4278216192
1.2979667 -2.1899171 0.51933247 4278216192
1.4089701 -2.21382 0.51768631 4280708134
1.4584876 -2.1864018 0.52203393 4278216192
-1.3180341 -2.1219721 0.5206008 4278435587
-1.2250848 -2.1223803 0.50678325 4278241792
-1.0505081 -2.1476233 0.5162909 4278848010
-1.0084229 -2.1504724 0.53394008 4278848010
-0.94880426 -2.1575134 0.55116928 4278848010
-0.74307096 -2.1437974 0.50847453 4288387995
-0.67863601 -2.1069298 0.5125913 4288387995
-0.63501668 -2.0819802 0.51537937 4288387995
0.84626114 -2.1220784 0.48738948 4278216192
0.91020536 -2.1160464 0.50181007 4278216192
1.0007168 -2.1201417 0.52106106 4278216192
1.0729165 -2.1136997 0.53730971 4278216192
1.1520323 -2.1313326 0.55284506 4278216192
1.2588282 -2.1284943 0.521209 4278342402
1.3182452 -2.1222956 0.52046072 4278344194
1.3684988 -2.0942531 0.51637483 4278216192
1.4948621 -2.1207092 0.51899046 4278216192
1.5230222 -2.0827305 0.54744941 4278216192
-1.6313173 -2.0063169 0.50380772 4278423555
-1.5535663 -2.0071433 0.50780517 4278427907
-1.4790888 -2.0073235 0.51057214 4278430723
-1.3882028 -2.0177782 0.51838416 4278433028
-1.3411201 -2.0554316 0.5167827 4278369283
-1.265506 -2.059233 0.49932441 4278372353
-0.81123614 -2.0668693 0.48050487 4288387995
-0.75927216 -2.0361481 0.48362303 4288387995
-0.71200502 -2.0081997 0.48645884 4288387995
-0.59457964 -2.0588415 0.51796257 4288387995
-0.53226596 -2.0231924 0.52194446 4288387995
0.78935093 -2.0483305 0.48182756 4278216192
0.83957958 -2.03618 0.4938367 4278468869
0.92078966 -2.0479717 0.51036304 4278216192
0.99162519 -2.0290966 0.52745885 4278660360
1.0874598 -2.0396485 0.54727066 4278341378
1.1304163 -2.0730519 0.55351484 4278216192
1.2770672 -2.0750124 0.54314607 4278216192
1.3279634 -2.047925 0.51943356 4278404867
1.3838619 -2.0325174 0.51819652 4278215936
1.4756687 -2.0216796 0.52193546 4278216192
1.5519663 -2.040036 0.51848102 4278216192
1.6445076 -2.0319822 0.52103978 4278215936
-1.6391522 -1.9961785 0.51997745 4278420995
-1.5602158 -1.9959962 0.5200364 4278426627
-1.4783256 -1.9952296 0.51791286 4278365186
-1.4097962 -1.9934117 0.51278293 4278694662
-1.3350297 -1.9848945 0.48985642 4278435586
-0.67034125 -1.9835669 0.48895875 4288387995
-0.60339284 -1.9439837 0.49297571 4288387995
-0.48667097 -1.9971113 0.52485859 4288387995
-0.46042287 -1.9820914 0.52653533 4288387995
0.77706581 -1.9858739 0.48490483 4286085240
0.8061893 -1.9984566 0.49006352 4278716424
0.91665214 -1.9864553 0.5151208 4278782217
1.0736355 -1.9870341 0.54910922 4278848010
1.3385661 -1.989148 0.52240855 4278340866
1.4041227 -1.9929012 0.52189964 4278214144
1.4753629 -1.9903684 0.52181679 4278344194
1.5578989 -1.9910966 0.52006882 4278214656
1.6425732 -1.9921924 0.52031881 4278476549
-0.55349106 -1.9144802 0.49596989 4288387995
0.046234753 -1.7820154 0.48989558 4278216192
1.6895227 -1.7665877 0.48111695 4288387995
-0.010739952 -1.6933166 0.48656046 4278216192
0.040730145 -1.7090057 0.51940423 4278216192
0.089156069 -1.7101717 0.52167422 4278216192
1.6647553 -1.7102238 0.48145822 4288387995
-0.096160889 -1.6303632 0.52184814 4278216192
-0.041466776 -1.6570094 0.51857758 4278216192
0.0050434619 -1.6766411 0.53698754 4278216192
0.13013515 -1.6283793 0.50794506 4278216192
1.6952596 -1.6398646 0.48419905 4288387995
0.14554852 -1.5657129 0.53833812 4278216192
0.16611278 -1.5537214 0.49687377 4278216192
0.19348414 -1.4746894 0.51391095 4278216192
0.22259577 -1.4039963 0.51672798 4278347012
0.24732006 -1.3673021 0.49238798 4279196686
0.23481125 -1.351029 0.54459637 4278281474
0.25996587 -1.3177456 0.51519442 4281366319
1.0210757 -1.290033 0.52272981 4284835173
1.0689285 -1.3032756 0.52082759 4285295724
-1.0057099 -1.2183501 0.49332777 4289901234
-0.10048673 -1.2111356 0.5044781 4284900966
-0.055034846 -1.235845 0.5060575 4284111450
0.0069914758 -1.2200599 0.50505447 4288387995
0.28975764 -1.2407767 0.52337193 4285828723
0.95216131 -1.2148867 0.5240553 4284900966
0.99629015 -1.2347726 0.51614088 4284835173
1.0721189 -1.2500414 0.51579487 4285690482
-0.96881312 -1.1774907 0.50309354 4290822336
-0.95227599 -1.1406974 0.50750911 4290299832
-0.1352635 -1.1643724 0.50264543 4284835173
0.046751119 -1.1665287 0.48908764 4288387995
0.14385484 -1.1245215 0.50029474 4288059030
0.30984977 -1.177739 0.54163146 4288388253
0.33786434 -1.1410055 0.50850374 4288322460
0.94008988 -1.1572473 0.51697248 4284835173
0.96935725 -1.1778219 0.50592875 4284900966
-1.2420157 -1.0646355 0.50148052 4284508512
-0.96349299 -1.0413688 0.50365961 4290230199
-0.94726831 -1.0783714 0.5065524 4290888641
-0.13030727 -1.07512 0.51355046 4284835173
-0.063910753 -1.1042035 0.52135843 4284900966
0.15074773 -1.0636784 0.50470263 4288782753
0.36019674 -1.0766777 0.52222741 4288387739
0.94090003 -1.0824205 0.51416916 4284769636
0.9738608 -1.0554283 0.51981848 4284835429
-1.2195663 -1.0114392 0.50319523 4284835173
-1.1800926 -0.97115088 0.5046128 4284835173
-1.0497494 -0.96180314 0.50561774 4285756275
-0.99180949 -0.99395001 0.50747484 4288191640
-0.95525259 -1.0246781 0.50939649 4289376939
-0.13008726 -1.0016783 0.51187015 4284900966
-0.069603637 -0.96479732 0.50464374 4282400832
0.069594398 -0.96238869 0.5043394 4286085751
0.11721031 -1.0011809 0.50508428 4287203977
0.38664126 -1.0090531 0.52868909 4288387994
0.40928835 -0.9801023 0.50105602 4288387739
0.952124 -1.0257767 0.51266593 4284572001
0.9889397 -0.99297142 0.51040441 4284704099
1.1859331 -0.96999669 0.50327414 4287270282
1.2184947 -1.0006783 0.50309044 4288654751
-1.1355337 -0.9489311 0.50504827 4286151033
-1.0781766 -0.94605249 0.50656945 4285164906
-1.0300092 -0.95749569 0.51341653 4286152570
-0.14154148 -0.91972476 0.52004379 4278979596
-0.033777509 -0.9518261 0.50358927 4283190348
0.035635717 -0.9508844 0.50372559 4284900966
0.42363167 -0.92149752 0.52966863 4288387738
1.0299616 -0.95404583 0.50836092 4284703587
1.0773542 -0.94618797 0.50844979 4284704100
1.145224 -0.95191002 0.50566882 4285362030
-0.11955199 -0.87523556 0.52703023 4278848010
0.45999178 -0.84588528 0.51866323 4288387739
0.49233565 -0.80272853 0.4812724 4288387995
-0.042101461 -0.75165337 0.48493174 4288387995
0.018370699 -0.73037559 0.48991793 4288387995
0.50226766 -0.75983602 0.50373185 4288387995
1.2769787 -0.72686911 0.55964422 4288059030
1.3221428 -0.73739427 0.53719646 4278848010
1.3868753 -0.74617833 0.53598332 4278782473
0.066035151 -0.70601135 0.50110257 4288387995
0.13657476 -0.6777873 0.51017088 4288387995
0.19481476 -0.67142349 0.50147361 4288387995
0.26827815 -0.65734452 0.49628496 4288387995
0.34558016 -0.6442492 0.48918229 4288387995
0.53711891 -0.6838358 0.49722058 4288387995
1.2511752 -0.67295742 0.52475089 4284966759
1.3091632 -0.70140767 0.50157541 4278782217
1.3818243 -0.70728254 0.49477726 4278847754
0.19740349 -0.63042402 0.53998989 4288387995
0.27165866 -0.61589319 0.53503257 4288387995
0.37057093 -0.60226196 0.52295864 4288387995
0.45059347 -0.59455812 0.51001471 4288387995
0.51553947 -0.59436041 0.50097567 4288387995
0.58666503 -0.58166713 0.49267101 4288387995
1.1984153 -0.57147735 0.52242768 4284900966
1.2139652 -0.60866886 0.51549989 4284900966
0.44805014 -0.55000067 0.55323279 4288387995
0.50652182 -0.54555207 0.54264694 4288387995
0.60421431 -0.53241134 0.52841276 4288387995
0.69873977 -0.52072603 0.51759416 4288387995
0.76935083 -0.50996685 0.50995749 4288387995
0.84370083 -0.49862307 0.50193048 4288387995
0.92209613 -0.4866457 0.49348259 4288387995
1.190619 -0.52390641 0.52157688 4284900966
0.77012622 -0.46790683 0.54994726 4288387995
0.84524858 -0.45525283 0.54297638 4288387995
0.92419958 -0.44754466 0.53030819 4288322202
1.0073924 -0.43941641 0.51696533 4287203721
1.0951742 -0.43089691 0.50283158 4284835173
1.1872323 -0.44751397 0.50994128 4284900966
1.2101777 -0.42873952 0.54586786 4284900966
1.0103643 -0.39858818 0.55522102 4288387995
1.0996404 -0.38271412 0.54773551 4286019447
1.1935935 -0.37217486 0.53396571 4284900966
1.2324108 -0.38102862 0.53664696 4284900966
1.2984301 -0.32181394 0.55548233 4284900966
-0.83061624 -0.25077015 0.51027083 4279045389
-0.89775598 -0.19244207 0.51596916 4279176975
-0.82729954 -0.19189242 0.50963545 4279045389
-0.024442509 -0.1645516 0.50966555 4285427310
1.039398 -0.16017956 0.54762894 4278216192
1.0684487 -0.16117851 0.52999765 4278216192
-1.2072766 -0.10209107 0.48268327 4284900966
-1.0715234 -0.15175363 0.50410622 4286940549
-0.99784106 -0.12316997 0.50551969 4289703855
-0.93629676 -0.1092716 0.50249416 4283666259
-0.83946514 -0.12192932 0.50947285 4280295456
-0.10733543 -0.10452998 0.49534768 4284900966
-0.052592658 -0.12845211 0.50785083 4284966759
0.036366429 -0.14574584 0.4998613 4287073927
0.10660213 -0.10938126 0.49406511 4290230199
0.94923824 -0.094308786 0.52222276 4279592469
0.99841481 -0.12355184 0.51562309 4282934600
1.0688872 -0.14940043 0.51144308 4284443999
1.1237433 -0.14935741 0.50454313 4284123993
-0.98566777 -0.050825957 0.50814158 4291151301
-0.92952555 -0.039730467 0.50747132 4288453788
-0.85833645 -0.045510992 0.51127636 4287532686
-0.10281368 -0.058506191 0.50744897 4284900966
-0.07863538 -0.047503807 0.51780069 4284900966
0.14650123 -0.041158143 0.49478778 4291348680
0.94165444 -0.040577956 0.51383632 4283721044
0.9887622 -0.047085501 0.50376225 4284835429
1.0665364 -0.043589842 0.50869083 4284900966
-0.98605013 0.06826596 0.5149135 4288782753
-0.93537551 0.037137266 0.50901926 4290295992
-0.87576407 0.0056326687 0.51453233 4291085508
0.14473307 0.041712191 0.49777412 4290559164
0.9428978 0.031070845 0.51278013 4284704355
0.98176122 0.044499561 0.50499201 4284835429
-1.1529609 0.13633417 0.50507975 4284835173
-1.0764647 0.14751796 0.50496656 4285032552
-0.99869591 0.11130455 0.50559485 4287730065
0.066026866 0.13477784 0.49125493 4286282619
0.11040496 0.10115203 0.49989372 4288585374
0.99238193 0.11723371 0.50696307 4284573026
1.0662341 0.14936814 0.50500548 4284704611
1.0091767 0.1899047 0.50499833 4280116509
1.061445 0.2307853 0.50355411 4278216192
-1.6970162 0.317698 0.48026413 4288387995
1.1008453 0.24274054 0.50910711 4278216192
-1.6624962 0.36784676 0.49025831 4288387995
-1.5740639 0.37341821 0.48543486 4288387995
-1.4767804 0.38914675 0.48250514 4288387995
-1.6260849 0.43912554 0.50535077 4288387995
-1.5510241 0.43955788 0.50019288 4288387995
-1.4765911 0.43849939 0.49471 4288387995
-1.4052814 0.44356814 0.49096313 4288387995
-1.3405372 0.44987145 0.48798245 4288387995
-1.2404158 0.46216506 0.48400342 4288387995
-1.649133 0.51901102 0.52674437 4288387995
-1.556816 0.52138251 0.52085632 4288387995
-1.467708 0.51844782 0.5138796 4288387995
-1.3826246 0.51007396 0.50583869 4288387995
-1.3123327 0.51657408 0.50251776 4288387995
-1.2425076 0.52445191 0.49957031 4288387995
-1.1717697 0.52354842 0.49438497 4288387995
-1.1143367 0.50105804 0.48478863 4286611584
-1.697611 0.58918381 0.52393776 4285032552
-1.6260641 0.59181166 0.54314929 4288387995
-1.5726174 0.60908824 0.54367769 4288387995
-1.4989375 0.60547543 0.53761512 4288387995
-1.41028 0.59675866 0.52923876 4288387995
-1.3129587 0.59954768 0.52310318 4288387995
-1.2244835 0.59069347 0.51470536 4288387995
-1.1543297 0.59859324 0.51174045 4288322202
-1.1004732 0.62304819 0.51401705 4288322202
0.46023199 0.61002588 0.52050906 4284900966
-1.6613108 0.6845507 0.50752264 4282466625
-1.5569855 0.66220623 0.55573153 4288387995
-1.4576552 0.66545248 0.54956794 4288387995
-1.4014435 0.67661285 0.54838818 4288387995
-1.3293256 0.68506986 0.54542357 4288387995
-1.2467201 0.6846227 0.53951877 4288387995
-1.1495384 0.68163365 0.53196245 4288322202
-1.0793906 0.6472832 0.51853818 4284900966
0.47105286 0.66853416 0.5240413 4284900966
0.4803285 0.68765157 0.48707116 4284900966
-1.6722044 0.79905158 0.49014512 4279505940
-1.3058422 0.73917627 0.55717111 4288387995
-1.2065711 0.73618734 0.54946846 4288387995
-1.1803745 0.76983243 0.55596048 4286019447
-1.0847764 0.76021689 0.54687476 4287137928
-0.95940191 0.79689562 0.50535822 4287598479
-1.6352448 0.81641692 0.48432204 4279505940
-1.0450107 0.80846965 0.55603141 4284966759
-1.0094281 0.87528771 0.50189209 4279505940
-0.91634876 0.84618658 0.5054267 4286743170
-0.019415343 0.87945604 0.50728971 4284374622
-1.6950654 0.8870455 0.49953309 4279505940
-1.6761918 0.89513296 0.49651387 4279505940
-1.490116 0.95578545 0.53655809 4284900709
-1.3159194 0.9475221 0.52057326 4284900966
-1.2209322 0.94674033 0.48463431 4284900966
-1.1456614 0.94242156 0.50439042 4285428334
-1.0821463 0.94219989 0.50562775 4287598735
-1.0078236 0.93166441 0.50324696 4285756531
-0.89575028 0.91927832 0.50549853 4284111450
-0.11113393 0.93535274 0.51468682 4284243036
-0.035680152 0.93507195 0.51311874 4284769380
0.036097549 0.92778784 0.51516217 4287664272
0.11958983 0.90538889 0.52026093 4283124555
0.18702704 0.92775911 0.520419 4284900966
1.0763168 0.95387185 0.5042913 4285361517
-1.5287999 1.0024011 0.54480618 4284770149
-1.4934546 0.98455894 0.51137328 4284835429
-1.3740683 1.0145139 0.52986765 4284900710
-1.3385522 0.98543006 0.50911897 4284900710
-1.2300118 0.99296033 0.49848691 4284835429
-1.1809248 0.9665671 0.50503707 4284704611
-1.0444992 0.96650875 0.50322258 4288651167
-0.99504322 0.99457389 0.50685811 4290099381
-0.91955549 0.99780929 0.51129156 4283651667
-0.86324483 1.0188118 0.52092528 4279440147
-0.17488487 1.0157201 0.51808709 4283519313
-0.12471106 0.99489713 0.51209885 4284308829
-0.037639279 0.983679 0.5098173 4284835173
0.049596597 0.98271114 0.50487912 4286282619
0.11169104 1.0016347 0.50664836 4289309609
0.22780101 0.96400511 0.51888067 4284900966
0.95999002 1.0373081 0.52530605 4284900966
0.9981916 0.99486381 0.50524163 4284835173
1.0480241 0.96351111 0.50634938 4284900966
-1.5343077 1.0456456 0.53722072 4282482746
-1.5064446 1.04514 0.49524957 4283528272
-1.3821146 1.0532044 0.52111799 4283789908
-1.288277 1.078723 0.49052039 4284703587
-0.98234433 1.0571312 0.50492895 4290953666
-0.94826573 1.080582 0.50759077 4288988068
-0.84358376 1.0785234 0.5221352 4279440147
-0.19364114 1.0794877 0.51243311 4282269246
-0.15078379 1.066826 0.51210755 4284111450
-0.042161021 1.0452403 0.51955003 4284900966
0.14811328 1.07692 0.50540495 4291217862
0.95036089 1.0822127 0.50804502 4284835173
0.99079865 1.0775905 0.50509822 4284900966
1.0567758 1.0476522 0.50514382 4284900966
-1.2808914 1.1266038 0.50341046 4279308561
-1.2790194 1.1293402 0.48954326 4279308561
-0.97241396 1.1831516 0.50690472 4289440683
-0.95168746 1.1405467 0.50538743 4290690750
-0.17482059 1.1394836 0.52004188 4284575585
-0.15155442 1.1546224 0.51876855 4282010170
0.13706402 1.1501514 0.50678509 4290034356
0.93829995 1.1573378 0.50452322 4285032552
-1.1212168 1.2474995 0.4871369 4287401100
-1.0762531 1.2456225 0.50369972 4285229931
-1.0076364 1.2196416 0.50382024 4287598479
0.93198895 1.2019045 0.48489529 4284900966
-0.46374661 1.4042087 0.48279059 4288387995
-0.50198758 1.4903895 0.4816103 4288387995
-0.45333165 1.4863828 0.49307173 4288387995
-0.51896501 1.5643415 0.48445112 4288387995
-0.44238675 1.5727482 0.50387728 4288387995
-0.39207724 1.5688146 0.51574802 4288387995
-1.4814265 1.6341311 0.48351812 4288387995
-0.50266451 1.6390495 0.49546087 4288387995
-0.43471026 1.6333263 0.51145637 4288387995
-0.37896758 1.66038 0.52757061 4288387995
-0.53063691 1.7044785 0.4948228 4289243304
-0.45097461 1.7145798 0.51515913 4288387995
-0.36975771 1.72471 0.53587663 4288387995
-1.4988942 1.7885212 0.50121248 4288387993
-0.43200698 1.7972571 0.52756906 4288387995
-0.3601653 1.7917027 0.54452658 4288387995
0.60773593 1.8090609 0.53083777 4288387995
0.6440146 1.7732029 0.53072834 4288387995
-1.5262198 1.8643534 0.49786055 4288519072
-0.43044558 1.8853625 0.53625518 4288387995
-0.35016817 1.8615217 0.55354136 4288387995
0.52604508 1.8898059 0.53108448 4288387995
0.5669052 1.8494195 0.53096116 4288387995
1.3407401 1.9127116 0.51963699 4284900966
1.3979318 1.8981572 0.51686442 4284900966
1.4694784 1.8797386 0.52278322 4284900966
-1.6403724 1.9852089 0.516195 4278216192
-1.5591916 1.9836679 0.51625073 4278348802
-1.4821982 1.9928375 0.52115834 4278480900
-1.4094418 1.9910623 0.52074623 4278417155
-1.3403472 1.9875836 0.52230936 4278418435
-0.4521392 1.9419391 0.53631067 4288322202
-0.39132231 1.9756986 0.55429184 4288387995
0.44425774 1.9706481 0.53133148 4288387995
0.4851613 1.9302089 0.5312072 4288387995
1.0184814 1.9950286 0.52159387 4284900966
1.0797867 1.9794544 0.5174278 4284900966
1.1654956 1.9574442 0.52212167 4284900966
1.2470465 1.9365789 0.5231272 4284900966
1.33301 1.9566061 0.5185442 4280575524
1.4015143 1.9786477 0.51689571 4279067916
1.4797741 1.9927213 0.51913047 4278216192
1.560239 1.9927281 0.52036142 4278216192
1.6388578 1.9841801 0.51930404 4279330321
-1.6421431 2.0470736 0.5152356 4282420288
-1.566633 2.0590124 0.49997136 4286225274
-1.501616 2.0344062 0.52027309 4278682119
-1.3772259 2.0298831 0.51875079 4278353410
-1.3282353 2.0520771 0.51761389 4278354690
-1.2720227 2.0753043 0.54103202 4278421507
-0.443771 2.017746 0.54549384 4288387995
0.3669233 2.0470877 0.53156501 4288387995
0.40787649 2.0066042 0.53144103 4288387995
0.98081505 2.0047028 0.51949191 4284900966
1.336447 2.050221 0.5141598 4278215936
1.3870819 2.0312827 0.52115214 4278216192
1.4793152 2.0233126 0.5201059 4278216192
1.5618666 2.0220969 0.5196532 4278216192
1.6258872 2.0405102 0.5210892 4278216192
-1.6333973 2.0854175 0.52862024 4279399186
-1.548396 2.1038332 0.52485472 4284781924
-1.4800104 2.1070304 0.51750845 4280714278
-1.394511 2.103224 0.52152741 4278417924
-1.3267238 2.1220202 0.51888913 4278356482
-1.2500725 2.1188598 0.51869792 4278423299
0.28494525 2.1281171 0.53181255 4288387995
0.32595038 2.0875878 0.53168881 4288387995
1.2640231 2.1308103 0.5182457 4278216192
1.3204416 2.1192241 0.51592565 4279133710
1.3668326 2.0940228 0.52451044 4284900966
-1.5628633 2.1753709 0.55008131 4278491140
-1.5005443 2.1859446 0.52372783 4289835697
-1.406327 2.2020197 0.52034974 4278426627
-1.2902235 2.1822956 0.51642805 4278359298
-1.259293 2.2121916 0.51837122 4278425859
-1.1878819 2.2232308 0.52672517 4278427139
0.2074333 2.2047338 0.53204674 4288387995
0.2439239 2.1686664 0.53193659 4288387995
1.2539716 2.2083082 0.51648951 4278216192
1.2993438 2.1852438 0.51959676 4278412547
-1.5875579 2.3004706 0.48355806 4278216192
-1.3733165 2.2601523 0.52297312 4278494211
-1.3500596 2.2995062 0.51994073 4278495491
-1.2287257 2.2792122 0.51958579 4278362626
-1.17162 2.2929368 0.51592445 4278429443
0.17093062 2.2408187 0.53215736 4288387995
1.1888639 2.2821145 0.5142476 4278216192
1.2337013 2.2770751 0.51847887 4278216192
1.2857358 2.2424407 0.52167189 4278216192
-1.5657531 2.3623042 0.49033228 4278216192
-1.3335336 2.3248954 0.50994223 4279280400
-1.2058046 2.3316987 0.52007687 4278430211
-1.1736732 2.3647635 0.51953769 4278431235
-1.1011621 2.3737843 0.51912695 4278432004
1.1717318 2.3612754 0.51474118 4278216192
1.2177693 2.3570182 0.51849008 4278216192
-1.5395051 2.4367366 0.49860936 4278216192
-1.1404104 2.4327173 0.51953852 4278433283
-1.1066272 2.4572289 0.51543683 4278499332
-0.66164953 2.4689472 0.52371746 4279374354
-0.59661943 2.4689615 0.5242908 4279374354
-0.51584285 2.4690278 0.52033174 4279308561
-0.43526232 2.4691043 0.51532495 4279308561
-0.36074114 2.46911 0.51704311 4279242768
-0.28555456 2.469116 0.5187766 4279176975
-0.20279701 2.4691215 0.52068466 4279111182
-0.1192496 2.4691274 0.52261102 4279045389
-0.043480702 2.4691596 0.52183592 4279045389
0.00045981407 2.4692097 0.51830077 4278979596
0.77809298 2.4705222 0.51673502 4284900966
1.1081685 2.4601462 0.51331019 4279004172
1.1473906 2.4323158 0.51817274 4278216192
-1.5228486 2.4839692 0.50453168 4278479364
-1.5090262 2.523164 0.50972533 4278413828
-1.1267771 2.499356 0.51985353 4285841012
-1.0826161 2.514354 0.51911569 4279796247
-1.0005995 2.5270185 0.51861417 4279505940
-0.92105025 2.5295205 0.51963806 4279440147
-0.84057498 2.530472 0.52004629 4279440147
-0.7574628 2.5304453 0.52163428 4280558628
-0.68100911 2.5327325 0.52193487 4280163870
-0.59988898 2.533062 0.52224898 4279900698
-0.52117223 2.5327501 0.5213356 4279769112
-0.44037718 2.5335386 0.51939178 4279571733
-0.36006677 2.5339208 0.51993471 4279505940
-0.2790027 2.5342162 0.52071869 4279176975
-0.20173608 2.5291698 0.52162486 4279111182
-0.11858171 2.5264809 0.51993036 4279045389
-0.040056769 2.5286143 0.52057046 4279045389
0.040339872 2.5291533 0.52031296 4278979596
0.11852565 2.5309358 0.519485 4279308561
0.1973508 2.5215337 0.51759571 4280953386
0.28394282 2.5182803 0.51877892 4281874488
0.35830891 2.5254459 0.52124298 4280953386
0.44519708 2.5361292 0.51700121 4278848010
0.5148676 2.5375869 0.51800978 4278848010
0.59959298 2.5382214 0.51485866 4278848010
0.68461877 2.5385282 0.515728 4279374354
0.76057953 2.5391073 0.51613367 4281216558
0.84156924 2.5350666 0.51492625 4281084972
0.91957265 2.525696 0.51686448 4281019179
1.001438 2.5271645 0.51760459 4278847754
1.0792581 2.5126359 0.51815313 4279717399
1.1422386 2.4894373 0.51948702 4278216192
-1.4679328 2.6110902 0.5179559 4278414851
-1.4131932 2.6349912 0.52030224 4278481411
-1.0564198 2.5861373 0.51968694 4278434819
-1.0116887 2.6093376 0.51891512 4283137355
-0.18752152 2.5608532 0.51971781 4279111182
-0.12241943 2.5632551 0.52104068 4279111182
-0.040119261 2.5663254 0.51929361 4279045389
0.039128371 2.5692818 0.51774687 4278979596
0.12055828 2.5722783 0.52002728 4278913803
0.2035881 2.6183071 0.52021486 4278848010
0.28234962 2.6335282 0.52002466 4278848010
0.36031252 2.6278045 0.51752317 4278848010
0.43915167 2.6220324 0.51306337 4278848010
0.51872319 2.6162167 0.5072735 4278848010
0.59583151 2.6105709 0.50291222 4278848010
0.67595786 2.604712 0.49746212 4278848010
0.7636137 2.5977213 0.50694656 4282861383
0.83495009 2.5978594 0.51746583 4287203721
0.9171834 2.6011715 0.52107143 4282466625
0.96269017 2.59357 0.52335531 4278848010
-1.3748187 2.6421363 0.51983535 4278482180
-1.3225131 2.6518791 0.5187844 4278417668
-1.2400479 2.6672111 0.52005208 4278420483
-1.1566917 2.6827235 0.51998109 4278426371
-1.0828817 2.6964691 0.51880878 4278432515
-0.9942981 2.7022171 0.52090293 4279907610
-0.94928122 2.7087574 0.514498 4282137660
-0.49593195 2.6908824 0.51974088 4279242768
-0.43723488 2.6865537 0.52007508 4279176975
-0.35897261 2.6807866 0.52011836 4279111182
-0.28375196 2.6752472 0.51971012 4279111182
-0.20060316 2.6691308 0.51840258 4279045389
-0.11917932 2.6631045 0.52152818 4278979596
-0.038354695 2.6571615 0.52002621 4278913803
0.039178539 2.6514599 0.51856834 4278848010
0.11465187 2.6458881 0.51978022 4278848010
0.17660622 2.6413424 0.51740783 4278848010
-0.97220033 2.7336998 0.51821417 4278371843
-0.91678697 2.736829 0.52084458 4280300064
-0.84423006 2.7429423 0.51952428 4279571733
-0.7568242 2.7571268 0.52011031 4279440147
-0.68278617 2.7709084 0.5196169 4279440147
-0.8730343 2.8116412 0.53493345 4284900966
-0.63891983 3.356051 0.54640877 4284900966
-0.76195246 3.3895416 0.53148741 4284900966
-0.68656284 3.3690178 0.54288185 4284900966
-0.8193875 3.5189629 0.51995742 4289770416
-0.77558166 3.5239241 0.51995742 4289901234
-1.6382049 -5.7914381 0.59931171 4289901234
-1.5619533 -5.7694635 0.59931171 4289901234
-1.4857025 -5.7474885 0.59931165 4289901234
-1.4009786 -5.723073 0.59931177 4289901234
-1.3162555 -5.698657 0.59931177 4289901234
-1.2654212 -5.6840081 0.59931165 4289901234
-1.2315317 -5.6742415 0.59931165 4289901234
-1.163753 -5.6547089 0.59931177 4289901234
-1.0790292 -5.6302929 0.59931165 4289901234
-1.0027784 -5.6083193 0.59931171 4289901234
-0.96041644 -5.5961123 0.59931165 4289901234
-0.9180547 -5.5839038 0.59931171 4289901234
-0.84180373 -5.5619292 0.59931171 4289901234
-0.75708008 -5.5375142 0.59931171 4289901234
-0.70624596 -5.5228639 0.59931165 4289901234
-0.67235649 -5.5130978 0.59931165 4289901234
-0.60457778 -5.4935651 0.59931165 4289901234
-0.52126652 -5.4695554 0.60078126 4289901234
-0.45377296 -5.4500947 0.613419 4289901234
-0.41254416 -5.4382005 0.6287021 4289901234
-0.38430429 -5.4300575 0.63458019 4289901234
0.054378256 -5.3036489 0.62086463 4289443498
0.10830973 -5.2881231 0.60183084 4289835441
0.14946172 -5.2762651 0.59931153 4289901234
0.20029576 -5.2616162 0.59931171 4289901234
0.27654704 -5.2396412 0.59931165 4289901234
0.36127052 -5.2152257 0.59931165 4289901234
0.41210461 -5.2005758 0.59931159 4289901234
0.45446643 -5.1883683 0.59931165 4289901234
0.51377279 -5.1712775 0.59931153 4289901234
1.236896 -3.0669727 0.63122779 4278848010
1.1878481 -2.9833677 0.61730951 4278848010
1.2263303 -3.0075879 0.62515616 4278657287
1.293605 -2.9975812 0.62825179 4278412291
1.1499118 -2.91886 0.60379362 4278721288
1.2441499 -2.9177976 0.61136532 4278281217
1.1656611 -2.8380289 0.59885561 4278342402
1.2106124 -2.8630016 0.60294402 4278281473
1.1573166 -2.7546608 0.59932429 4278216192
0.13569921 -2.6445003 0.56102955 4278848010
0.52373004 -2.6741242 0.56530958 4278848010
0.59502411 -2.6780484 0.57367498 4278848010
0.67323023 -2.6822851 0.58148658 4278848010
0.75819218 -2.6869678 0.59158218 4278848010
0.84135884 -2.6912515 0.59547484 4278848010
0.9199754 -2.6955581 0.60428226 4278848010
0.99776381 -2.6992049 0.60075891 4278848010
1.0931305 -2.680819 0.59842116 4278848010
1.1777709 -2.6839101 0.59788966 4278213888
1.2067603 -2.6521413 0.60873544 4278216192
-0.90224266 -2.5603962 0.59388012 4278848010
-0.86058235 -2.5611494 0.59981692 4278848010
-0.28003931 -2.5792489 0.60003656 4286348412
-0.20251627 -2.5817244 0.59955227 4285164138
-0.12328628 -2.5842357 0.60106158 4278848010
-0.040165473 -2.5869079 0.59851909 4278848010
0.041093655 -2.5894735 0.60119164 4278848010
0.12206303 -2.592068 0.59958375 4278848010
0.20001015 -2.5945468 0.60019171 4278848010
0.28530192 -2.5972595 0.60082489 4278848010
0.3600983 -2.5996578 0.59919363 4278848010
0.44166577 -2.6016064 0.59697282 4278848010
0.52096283 -2.6034138 0.59417522 4278848010
0.60146993 -2.6048367 0.59405053 4278848010
0.68244517 -2.605238 0.59652597 4278848010
0.76094836 -2.6076379 0.59614187 4278848010
0.83934546 -2.6066885 0.60009408 4278848010
0.92002475 -2.6066823 0.59401453 4278782473
1.0040829 -2.5910728 0.59504288 4278594054
1.0813841 -2.5876417 0.59412789 4278847754
1.1472843 -2.5934906 0.59787613 4278341123
1.2347056 -2.6003067 0.59926671 4278216192
-1.0749503 -2.5337219 0.60015595 4278614790
-0.99835062 -2.5409379 0.59934604 4278915595
-0.92372173 -2.5285416 0.59770066 4278848010
-0.83913869 -2.5184131 0.59702247 4278848010
-0.7594133 -2.5171549 0.59805256 4278848010
-0.68043083 -2.5148063 0.59765947 4281808695
-0.60469747 -2.5159585 0.59768951 4281742902
-0.51882815 -2.5335917 0.59765881 4278848010
-0.43891361 -2.5349514 0.59490627 4278848010
-0.35926989 -2.5355067 0.59302843 4278848010
-0.27969444 -2.5376 0.59387481 4278782217
-0.19860739 -2.5379345 0.59566981 4278848010
-0.11799568 -2.5387523 0.59670866 4278848010
-0.038804214 -2.5396352 0.59939438 4279505940
0.038648322 -2.539813 0.59998971 4279571733
0.12104726 -2.539727 0.60008889 4278848010
0.20257707 -2.5348847 0.60025811 4278848010
0.28343961 -2.5339663 0.60019493 4278848010
0.36086506 -2.5297136 0.6000334 4278848010
0.44022545 -2.5296977 0.60007882 4278848010
0.51936668 -2.5302074 0.60062885 4278848010
0.59887093 -2.5300841 0.60064811 4278848010
0.67955416 -2.5304956 0.60063565 4278848010
0.75961459 -2.5293665 0.60097635 4278848010
0.83899885 -2.5301065 0.60096842 4278848010
0.92030442 -2.5302641 0.60033226 4278848010
1.0018551 -2.5308311 0.60132742 4278783753
1.0786285 -2.5172641 0.60046923 4278467332
1.1748917 -2.522047 0.59901994 4278216192
1.2462491 -2.5126207 0.59604377 4280116765
1.2911073 -2.5004256 0.60418487 4279330321
-1.1417501 -2.4331369 0.60027903 4278373378
-1.1159976 -2.473455 0.5996089 4278308099
-1.0222181 -2.4389992 0.58378452 4278848010
0.048005965 -2.4135432 0.59978372 4278848010
0.1216355 -2.4083965 0.60080475 4278848010
0.19614401 -2.4033182 0.60429811 4278848010
0.27973357 -2.4296966 0.59390736 4278848010
0.36679617 -2.4575543 0.56795704 4278848010
0.44132331 -2.4563441 0.57350296 4278848010
0.51946783 -2.4547403 0.58122641 4278848010
0.60057652 -2.4533372 0.58775264 4278848010
0.68181396 -2.4519546 0.59416008 4278848010
0.76038772 -2.4507165 0.59979004 4278848010
0.83898515 -2.4503064 0.60070133 4278720008
0.91838825 -2.4501982 0.5998767 4278216192
0.99905509 -2.4497795 0.60080332 4278216192
1.0939908 -2.4433064 0.59847414 4278216192
1.1497917 -2.4352736 0.59949869 4278216192
1.2373432 -2.4379547 0.60119259 4278216192
1.3187002 -2.4408493 0.59563816 4280903209
-1.202859 -2.3259761 0.60180879 4278307329
-1.1784134 -2.3666599 0.60067773 4278373122
-1.0674314 -2.368367 0.57539791 4278848010
0.22445285 -2.3995831 0.57129687 4278848010
0.28178102 -2.3969517 0.59825486 4278848010
0.36208901 -2.3912723 0.59812468 4278848010
0.44157046 -2.3859124 0.60294944 4278848010
0.51775819 -2.3804505 0.60140765 4278848010
0.5951274 -2.3749118 0.60000545 4278848010
0.67586142 -2.3691328 0.59854227 4278916107
0.76150107 -2.3630834 0.59852839 4284900966
0.83980668 -2.3576157 0.59972608 4284900966
0.91759247 -2.3521686 0.60061604 4284900966
1.0009543 -2.3461533 0.59818858 4284900966
1.1000807 -2.3696105 0.59509468 4279920154
1.1628262 -2.3609233 0.59907538 4278478084
1.2234536 -2.3547618 0.59959799 4278216192
1.3217367 -2.3649681 0.59418178 4280313376
1.3780969 -2.348803 0.59862453 4278674951
-1.2285898 -2.276758 0.5997197 4278437890
-1.1332047 -2.2656238 0.56228727 4278848010
-1.1069404 -2.3066471 0.56802875 4278848010
1.1734924 -2.2912307 0.59768593 4278216192
1.2341033 -2.2780428 0.59985298 4278216192
1.3325373 -2.2894948 0.60069412 4278216192
1.3973962 -2.2760725 0.59353042 4279920154
1.4443179 -2.2463758 0.62120169 4278216192
-1.2894275 -2.1773539 0.59794819 4278502147
-1.2645065 -2.2105701 0.60123438 4278437123
-0.89732963 -2.1631634 0.56715572 4278848010
-0.87538666 -2.1702213 0.56194425 4278848010
1.1867923 -2.2199371 0.58531535 4278216192
1.2478402 -2.2063982 0.60055536 4278216192
1.2992873 -2.1895468 0.60051924 4278216192
1.4043888 -2.2119575 0.59445357 4279790104
1.4675545 -2.1994641 0.59986156 4278216192
1.5598848 -2.1870356 0.60071361 4278216192
-1.3180887 -2.1198728 0.59956175 4278435587
-1.0428202 -2.1305733 0.56496042 4278848010
-0.99896526 -2.1272054 0.59974158 4278848010
-0.93540955 -2.1446874 0.59230638 4278848010
1.1836782 -2.0946293 0.56308126 4278216192
1.2549826 -2.1282091 0.59717548 4278404612
1.3153526 -2.1205857 0.60040629 4278345474
1.3689045 -2.0995131 0.60163349 4278216192
1.5039834 -2.1338735 0.59610003 4278216192
1.5279489 -2.0961833 0.60600811 4278216192
-1.617354 -2.0028102 0.5936352 4278424579
-1.5526544 -2.0040226 0.60102648 4278493444
-1.4800228 -2.0037577 0.59957707 4278496259
-1.3863535 -2.0186126 0.59930569 4278433283
-1.3494748 -2.0638194 0.59950614 4278434307
1.1633757 -2.0210063 0.56544644 4278782216
1.2663734 -2.0635037 0.5947243 4278215936
1.3270212 -2.0483255 0.5996542 4278405379
1.3843716 -2.0323877 0.59846616 4278215936
1.4815389 -2.0149407 0.60008252 4278216192
1.559517 -2.0439148 0.60054159 4278216192
1.64598 -2.0339532 0.6002959 4278215936
-1.6397074 -1.9956437 0.60050362 4278419971
-1.5603799 -1.995607 0.59966278 4278426115
-1.4794865 -1.9952573 0.60002255 4278430723
-1.4121656 -1.9955463 0.59934711 4278825737
1.2517333 -1.9877034 0.58766824 4278848010
1.3252429 -1.9853214 0.59837133 4278341122
1.4011396 -1.9918281 0.5990535 4278278145
1.4721901 -1.9913366 0.6005733 4278344194
1.559184 -1.9913406 0.60002637 4278213888
1.6424394 -1.9927521 0.59979767 4278214912
0.0488705 -1.6893009 0.59427059 4278216192
0.082256854 -1.6916039 0.56405133 4278216448
-0.093349583 -1.6208862 0.60418952 4278216192
-0.037930749 -1.6481048 0.59819198 4278216192
0.01765033 -1.6728979 0.60428894 4278216192
0.099159397 -1.6258913 0.59393454 4278216192
0.13170789 -1.5539309 0.58897817 4278216192
0.14751303 -1.4877391 0.62235618 4278216192
0.1674999 -1.4765112 0.58156741 4278216448
0.19410466 -1.4018211 0.59569013 4278216193
0.22542119 -1.3223842 0.60260189 4278216192
0.24348658 -1.2963405 0.58393764 4278281216
1.0106345 -1.2947788 0.60359991 4284900966
1.0675218 -1.3134992 0.60302877 4285295724
0.26620385 -1.2316675 0.59702229 4279592212
0.95009261 -1.2201872 0.60310084 4284900966
0.99035817 -1.2411941 0.59697706 4284835173
1.0579545 -1.2576041 0.60001814 4285427310
0.29824385 -1.1601852 0.59288353 4286945670
0.93129516 -1.1608764 0.60080421 4284900966
-0.11143249 -1.0762991 0.57056028 4279374354
-0.071321286 -1.1064584 0.57425457 4280887593
0.33186394 -1.0867904 0.58669364 4288387737
0.9349997 -1.0887146 0.59929723 4284900966
0.97474933 -1.0663387 0.60021114 4284900710
-0.15135768 -0.99881476 0.56321847 4278782217
0.36980033 -1.0065899 0.57671088 4288387995
0.94952011 -1.0276958 0.60247874 4284900710
0.9875738 -1.0064527 0.59616935 4284573794
1.3121693 -0.80417746 0.624623 4280756007
1.2635512 -0.74218279 0.60685331 4285624689
1.3081856 -0.7749927 0.59336418 4281348144
1.3865416 -0.77696407 0.5690636 4278848010
1.2318679 -0.68127084 0.60242546 4284900966
0.28863084 -0.57933283 0.56565809 4288387995
0.3391664 -0.56707758 0.56454456 4288387995
1.1993202 -0.5680896 0.56405813 4284900966
1.2104172 -0.60159719 0.59796059 4284900966
0.38051271 -0.54338121 0.57669461 4288387995
0.44619995 -0.51762247 0.58463866 4288387995
0.50488031 -0.50764716 0.57928026 4288387995
0.58254421 -0.49447876 0.57215607 4288387995
1.1987237 -0.5308243 0.56529826 4284900966
1.2148046 -0.51938105 0.60301965 4284900966
0.50342441 -0.47398311 0.61181426 4288387995
0.60326385 -0.4505209 0.60889852 4288387995
0.69889939 -0.43801945 0.59657675 4288387995
0.77081776 -0.43031365 0.58569074 4288387995
0.84662646 -0.41659674 0.57956129 4288387995
0.92633271 -0.40783328 0.56771004 4288387995
1.2294308 -0.45383772 0.58806324 4284900966
0.77161974 -0.38663414 0.62722164 4288387995
0.8480314 -0.3772113 0.61683607 4288387995
0.92882997 -0.36140576 0.61143595 4288387995
1.0134034 -0.35680032 0.59437674 4288387995
1.1036392 -0.33961079 0.58790439 4288387995
1.1979164 -0.33417648 0.56917477 4285756275
1.2422254 -0.39952421 0.56366217 4284900966
1.0164891 -0.31440282 0.63410294 4288387995
1.107124 -0.3020426 0.62291515 4288387995
1.2030687 -0.28890115 0.61112612 4288387995
1.304792 -0.27499822 0.5985989 4286611584
1.4128151 -0.26036492 0.58517092 4284900966
1.0348589 -0.16221038 0.6006459 4278216192
1.0641716 -0.16389661 0.60203838 4278216192
1.4195436 -0.21813579 0.62381202 4286677377
1.5371891 -0.1935759 0.61742681 4284900966
0.94574881 -0.10181199 0.59398168 4278740488
0.99530935 -0.13811526 0.58803785 4280640805
1.0846071 -0.15640184 0.58427477 4283067978
1.6679893 -0.14412689 0.63148451 4284900966
0.93358213 -0.050329562 0.58099097 4282082875
0.9424569 0.033584855 0.57716596 4284835173
0.9725011 0.090392604 0.57724172 4284835173
0.45873606 0.60658669 0.57870793 4284900966
-1.640581 0.68391949 0.56697041 4288387995
-1.5328487 0.69971609 0.56332475 4288387995
0.46896392 0.66676909 0.57920825 4284900966
-1.6966625 0.75781935 0.58919913 4288387995
-1.6314198 0.75606269 0.58418798 4288387995
-1.5860448 0.77497602 0.58568776 4288387995
-1.4949203 0.75865746 0.57525635 4288387995
-1.3955442 0.75569063 0.56755143 4288387995
-1.2861817 0.76598412 0.56242901 4288387995
-1.2711407 0.78649139 0.56645119 4288387995
-1.1589094 0.79740155 0.56128013 4284835173
-1.6506809 0.84073192 0.60650027 4288387995
-1.5484321 0.83777559 0.59859675 4288387995
-1.4551512 0.82045871 0.58776689 4288387995
-1.4111758 0.84861588 0.59165323 4288387995
-1.333204 0.84626102 0.58560115 4288387995
-1.2347379 0.83613342 0.57618743 4286743170
-1.136827 0.82576472 0.56675291 4284900966
-1.0741056 0.87294865 0.61099279 4285822068
-1.0292848 0.87455273 0.60825539 4286282619
-1.61396 0.90694273 0.62031639 4288387994
-1.5488607 0.94406182 0.61549401 4285295723
-1.5035338 0.93602455 0.60141897 4287072135
-1.3837847 0.92956299 0.60840172 4287795858
-1.3308841 0.9403066 0.58552331 4285295724
-1.2657228 0.94430172 0.60513955 4288387995
-1.1567484 0.91251236 0.61308402 4284835173
-1.0993137 0.88350207 0.59688026 4285229931
-1.033897 0.88144302 0.57815647 4286151033
-0.11897475 0.94241357 0.59970212 4284900966
-0.02563454 0.94570792 0.57662302 4285558896
0.039868057 0.92321873 0.58631545 4287795858
0.11889173 0.90312296 0.58916014 4282795590
0.18697973 0.92587084 0.58859754 4284900966
-1.6912677 0.96394503 0.63985074 4288387995
-1.5617442 0.98563385 0.60251528 4285033576
-1.4571272 0.99022245 0.62993336 4288387995
-1.3817753 0.99456537 0.59082353 4284966759
-1.3396875 0.99690312 0.61531693 4287795858
-1.2151924 0.99837482 0.62159026 4285953654
-1.1950043 0.96495122 0.62653166 4284900710
-0.89786583 0.97573048 0.58338422 4279440147
-0.86445343 1.0160358 0.58468282 4279440147
-0.1802133 1.0061227 0.60162574 4284900966
-0.1367777 0.98577905 0.58003128 4284900966
-0.028388238 0.98834658 0.58870471 4285032552
0.070391893 0.96140033 0.57136089 4289242791
0.09090165 0.97768563 0.5737763 4289835441
0.2270375 0.96174181 0.5894233 4284900966
-1.5529077 1.0459878 0.56523883 4281697847
-1.4001865 1.0486428 0.59447908 4283397455
-1.2993437 1.0625827 0.63678038 4288387995
-0.84363747 1.0816205 0.58768791 4279440147
-0.19225654 1.0792067 0.59912694 4284835430
-0.15723263 1.0610911 0.57063156 4284900966
-0.042878084 1.0422964 0.58555734 4284900966
-0.17823961 1.1406991 0.5969997 4281690165
-0.14900516 1.170792 0.5959692 4278342402
-0.30041242 1.8222761 0.56194848 4288453788
-0.28900605 1.8936707 0.57145464 4288387995
1.3326945 1.9130443 0.59630686 4284900966
1.4004639 1.8956785 0.59834605 4284900966
1.4682043 1.8782696 0.60261828 4284900966
-1.6375347 1.9910578 0.59898573 4278216192
-1.5632153 1.9863441 0.59573317 4278283265
-1.4833047 1.9896277 0.59259981 4278349058
-1.405792 1.9872117 0.59764951 4278416643
-1.3347409 1.9848291 0.60343295 4278418179
-0.33974075 1.934347 0.56294441 4288387995
-0.27710372 1.9681755 0.58137488 4288387995
1.013335 1.9944321 0.60665578 4284900966
1.0791543 1.977837 0.59656829 4284900966
1.1643913 1.9560024 0.59880334 4284900966
1.2440557 1.9355255 0.60399264 4284900966
1.3355409 1.9619098 0.60151023 4279854617
1.4033278 1.9748635 0.59932286 4279264528
1.4780781 1.9904227 0.59939563 4278216192
1.5586395 1.9907968 0.59997666 4278216192
1.6378776 1.9842957 0.60020697 4279199247
-1.6596777 2.0415859 0.59258682 4278354434
-1.531231 2.0126894 0.6037178 4278485764
-1.508095 2.0464787 0.59359044 4278420995
-1.3762622 2.0280259 0.58491403 4278353155
-1.3222275 2.0435236 0.59158158 4278354434
-1.2682563 2.0644388 0.60590941 4278421251
-0.3551724 2.0318336 0.56838036 4288387995
-0.26467127 2.0460029 0.59173751 4288322202
0.97221148 2.0050642 0.60122961 4284900966
1.0567036 2.0756707 0.60276127 4288387995
1.334482 2.0532496 0.59778583 4278215936
1.3891444 2.0335622 0.59800357 4278216192
1.4786751 2.0231431 0.59926569 4278216192
1.5626014 2.0241046 0.60011721 4278216192
1.6263005 2.0387719 0.59815174 4278216192
-1.6348726 2.1043046 0.59976161 4282026554
-1.5548018 2.1133447 0.5973295 4284649570
-1.478454 2.1050384 0.60293782 4278352642
-1.3945018 2.1130047 0.60421121 4278417411
-1.3287028 2.1227276 0.59257555 4278355714
-1.2363039 2.1209013 0.59939873 4278423299
-0.37120718 2.134419 0.57414991 4288519581
-0.28457627 2.1086023 0.59279597 4288322202
1.0052085 2.1268399 0.60294455 4288387995
1.046406 2.0858994 0.60279763 4288387995
1.262517 2.1257772 0.60182679 4278216192
1.3224605 2.1205485 0.60048664 4279199247
1.3666399 2.0927844 0.60331571 4284900966
-1.6069812 2.1730452 0.63179326 4278426881
-1.5538486 2.1935167 0.60200047 4282295358
-1.5015961 2.1923618 0.59867513 4288261785
-1.4183662 2.2067065 0.59824806 4278426883
-1.2921039 2.1814129 0.59665519 4278358274
-1.2621915 2.2156825 0.59995008 4278491140
-1.1841599 2.2087014 0.60504574 4278426627
-0.36045086 2.2193029 0.58476996 4288322202
-0.30558044 2.1729364 0.59375024 4288387995
-0.21102336 2.189292 0.61830044 4288453788
0.92273903 2.2087853 0.60323793 4288387995
0.96398783 2.1677961 0.60309094 4288387995
1.254223 2.2101862 0.59885907 4278216192
1.2996323 2.1858683 0.59937471 4278412547
-1.5442642 2.2503929 0.60815048 4278951946
-1.3819271 2.2707958 0.60089445 4278429187
-1.3556349 2.3121729 0.58798587 4278757130
-1.2285186 2.2800446 0.59956706 4278362627
-1.1580271 2.2870722 0.59804004 4278429187
-0.34918201 2.3082273 0.59589565 4288651167
-0.29311901 2.2599678 0.6049875 4288387995
-0.19618773 2.2775953 0.63023531 4288387995
0.84533387 2.2856977 0.60351318 4288387995
0.88146877 2.2497907 0.60338461 4288387995
1.1886073 2.2765334 0.60257322 4278216192
1.2350864 2.2783778 0.59901375 4278216192
1.2852354 2.2416933 0.60401475 4278216192
-1.3555374 2.3233235 0.62143385 4282156852
-1.2058556 2.3313785 0.59979957 4278495492
-1.1764077 2.3654988 0.5983938 4278431235
-1.0946937 2.3632584 0.60007143 4278431747
-0.28005773 2.3511949 0.61676639 4288387995
-0.20884556 2.3954618 0.63826764 4288322202
0.76783985 2.3626993 0.60378885 4288387995
0.80918241 2.3216171 0.60364163 4288387995
1.1740278 2.3632922 0.59639233 4278216192
1.21796 2.3555226 0.60034227 4278216192
-1.1403927 2.4339666 0.60009408 4278433283
-1.1134157 2.4652791 0.59837145 4278434051
-0.66163117 2.4681025 0.60537249 4279374354
-0.59459883 2.4681869 0.59913826 4279374354
-0.51585239 2.4682467 0.59582502 4279308561
-0.43528876 2.4682484 0.59806848 4279308561
-0.36002705 2.4660964 0.60038245 4279505940
-0.28509048 2.4676759 0.60296309 4279440147
-0.20449935 2.4682748 0.60243678 4279111182
-0.11933258 2.468329 0.59984654 4279045389
-0.040496554 2.468363 0.5988726 4279045389
0.00035400191 2.468405 0.59606302 4278979596
0.68508309 2.4449291 0.60408318 4288387995
0.77399522 2.4638238 0.59887004 4285098345
1.1123672 2.463192 0.60107571 4279857433
1.1491268 2.4321039 0.59785116 4278216192
-1.1270088 2.49962 0.60010296 4286234234
-1.0834906 2.5151043 0.60014623 4279795736
-0.99879855 2.525985 0.59738064 4279440147
-0.92215681 2.5289509 0.59912974 4279440147
-0.84097284 2.5298982 0.60002965 4279440147
-0.75876498 2.5258102 0.59926528 4280163870
-0.68036807 2.5293226 0.60001367 4280098077
-0.60068119 2.5298891 0.59973276 4280163870
-0.52147722 2.5307109 0.59995896 4280163870
-0.44054183 2.530973 0.59997523 4280229663
-0.36067051 2.5316679 0.60101962 4280032284
-0.27846199 2.5339131 0.60031581 4279176975
-0.20037821 2.5307658 0.60022318 4279111182
-0.11879965 2.525594 0.60016686 4279045389
-0.040337056 2.5259137 0.60108238 4278979596
0.041852154 2.5272644 0.59835988 4278979596
0.11795763 2.5278385 0.59876442 4279440147
0.19597057 2.5174417 0.59996659 4281282351
0.28422707 2.5191433 0.59875083 4281545523
0.35925224 2.526983 0.59926111 4280361249
0.44251847 2.532584 0.6022349 4280229663
0.51007116 2.5314353 0.60480171 4282137660
0.60688788 2.5198128 0.61751837 4288387995
0.69091922 2.5345118 0.60317385 4281348144
0.75813597 2.5384421 0.60003036 4282335039
0.8432833 2.5352941 0.59995329 4282071867
0.91957229 2.5243011 0.5997442 4281348144
1.0012422 2.5257516 0.59949017 4278782473
1.0789118 2.5130761 0.59827334 4280307488
1.1430881 2.4884334 0.59823096 4278216192
-1.4124334 2.6347287 0.56168455 4278481411
-1.0513223 2.5785053 0.59990257 4281112364
-1.0219806 2.6168284 0.59574676 4282745669
-0.17682348 2.5604703 0.59542245 4279111182
-0.1198952 2.5625567 0.59787309 4279111182
-0.041594416 2.5654495 0.59901434 4279045389
0.038921721 2.5684085 0.60174185 4278979596
0.11949366 2.5714195 0.59957796 4278913803
0.1843645 2.5950003 0.58944708 4278848010
0.2720015 2.6339262 0.5637368 4278848010
0.778373 2.595854 0.60015064 4287466893
0.84143066 2.5982232 0.59724957 4288980132
0.91824085 2.601047 0.5996905 4282664004
0.96240216 2.5929737 0.5998264 4278848010
-1.3748924 2.641681 0.56507868 4278482180
-1.3164096 2.652544 0.56703031 4278417668
-1.2381942 2.6670651 0.57040924 4278420739
-1.1568345 2.6821589 0.57502222 4278426371
-1.0815029 2.6961453 0.57824284 4278432771
-0.99381638 2.6956775 0.59019899 4280240927
-0.95716989 2.7163064 0.58901125 4281479730
-0.49509609 2.6901574 0.59912306 4279242768
-0.43641531 2.6858253 0.60009569 4279176975
-0.35818473 2.6800609 0.60004616 4279111182
-0.28298986 2.6745198 0.60003477 4279111182
-0.2048724 2.6688006 0.59558862 4279045389
-0.12309438 2.6628146 0.59078455 4278979596
-0.037818659 2.6565814 0.5847578 4278913803
0.037279394 2.6510878 0.57987326 4278848010
0.11452475 2.645438 0.57487136 4278848010
0.17339021 2.6411421 0.56984097 4278848010
-0.97354162 2.7239835 0.59932935 4278371334
-0.92345518 2.7439008 0.5929541 4280567844
-0.84277153 2.7404556 0.58963114 4279440147
-0.75576609 2.7566123 0.59304988 4279440147
-0.68254232 2.7702105 0.59573781 4279440147
-0.89155185 2.8118005 0.60446209 4284900966
-0.60489982 3.3467491 0.59931171 4284900966
-0.51982391 3.3235917 0.60812891 4285756275
-0.43474796 3.3004334 0.61694592 4286940549
-0.37944734 3.2853851 0.61694592 4284900966
-0.80909228 3.4022911 0.62576306 4284900966
-0.75803995 3.3884203 0.59931177 4284900966
-0.68146998 3.3675849 0.59931171 4284900966
-0.81840736 3.5190134 0.59539294 4288722848
-0.77557468 3.5238612 0.59931177 4289901234
-1.6382221 -5.7913756 0.67866582 4289901234
-1.5619712 -5.7694025 0.67866582 4289901234
-1.4857198 -5.7474279 0.67866576 4289901234
-1.4009963 -5.7230124 0.67866576 4289901234
-1.3162729 -5.6985965 0.67866576 4289901234
-1.2654387 -5.6839476 0.67866594 4289901234
-1.2315493 -5.674181 0.67866588 4289901234
-1.1637704 -5.6546483 0.67866576 4289901234
-1.0790468 -5.6302328 0.67866582 4289901234
-1.0027958 -5.6082592 0.67866582 4289901234
-0.96043396 -5.5960512 0.67866588 4289901234
-0.91807228 -5.5838423 0.67866582 4289901234
-0.84182101 -5.5618682 0.67866576 4289901234
-0.75709754 -5.5374517 0.67866582 4289901234
-0.70626354 -5.5228038 0.67866588 4289901234
-0.67237401 -5.5130367 0.67866588 4289901234
-0.60459518 -5.4935045 0.67866576 4289901234
-0.51987165 -5.4690895 0.67866576 4289901234
-0.45209292 -5.4495564 0.67866588 4289901234
-0.40973103 -5.4373484 0.67866588 4289901234
-0.3613185 -5.4233942 0.68244463 4289901234
-0.30298376 -5.4065695 0.69806367 4289901234
-0.030360751 -5.3280106 0.69140172 4289639598
0.039303582 -5.3079453 0.67866576 4289835698
0.10708239 -5.2884126 0.67866582 4289901234
0.14944416 -5.2762046 0.67866588 4289901234
0.20027824 -5.2615552 0.67866576 4289901234
0.27652943 -5.2395811 0.67866576 4289901234
0.36125296 -5.2151656 0.67866576 4289901234
0.41208711 -5.2005153 0.67866582 4289901234
0.45444891 -5.1883078 0.67866582 4289901234
0.51375526 -5.171217 0.67866588 4289901234
1.329457 -3.2224641 0.69748199 4278848010
1.3625487 -3.2787619 0.70878404 4278848010
1.2753222 -3.1300471 0.68459159 4278787849
1.2955809 -3.1646841 0.68850017 4278782472
1.3848687 -3.1364262 0.69618553 4278346241
1.2462165 -3.080158 0.68116736 4278595846
1.3433322 -3.0696459 0.68099922 4278347010
1.364784 -3.1030178 0.69374025 4278215937
1.1908793 -2.9850307 0.67949772 4278343938
1.2238328 -3.0178354 0.67234099 4278339075
1.3051852 -3.00493 0.68189102 4278215936
1.1555407 -2.9242198 0.67952567 4278216192
1.2525762 -2.9166386 0.67892104 4278216192
1.2806995 -2.9552855 0.71799749 4278216192
1.1629696 -2.8418503 0.67543858 4278216192
1.2148945 -2.8518832 0.68343967 4278216192
1.1713856 -2.7525823 0.67845172 4278216192
0.92774516 -2.6980815 0.64697921 4278848010
1.0112469 -2.7027996 0.65920573 4278848010
1.0974312 -2.6843956 0.66628391 4278848010
1.1744905 -2.6893027 0.67302579 4278341378
1.2155917 -2.6658068 0.68584782 4278216192
-0.88819206 -2.5601275 0.64897716 4278848010
-0.86096978 -2.5605931 0.65556997 4278848010
-0.28038707 -2.5785255 0.67974806 4286348412
-0.20304315 -2.5809934 0.67935139 4285229931
-0.12449499 -2.5834737 0.68193763 4278848010
-0.042157955 -2.586128 0.67857802 4278848010
0.041547246 -2.5887814 0.68015528 4278848010
0.11940495 -2.591264 0.67999989 4278848010
0.20260915 -2.5939157 0.68002975 4278848010
0.28241593 -2.5964634 0.67956847 4278848010
0.36247846 -2.5990028 0.68095917 4278848010
0.43902472 -2.6014597 0.6789729 4278848010
0.52252167 -2.6040962 0.68171465 4278848010
0.60394531 -2.6067221 0.67830837 4278848010
0.68132097 -2.6091475 0.68280131 4278848010
0.75849462 -2.6116538 0.67761487 4278848010
0.83830035 -2.6130624 0.67814678 4278848010
0.92296118 -2.6145186 0.6733675 4278782474
0.99883062 -2.5945578 0.67381489 4278593798
1.1555698 -2.5996091 0.67224395 4278342402
1.2506076 -2.6026194 0.67868119 4278216192
1.2812424 -2.5620427 0.71161473 4278216192
-1.078372 -2.5219345 0.67701101 4278805257
-1.0011797 -2.5373671 0.67066497 4278849034
-0.9193573 -2.5370338 0.67217159 4278848010
-0.83901387 -2.5314267 0.67888182 4278782217
-0.76025176 -2.5313463 0.6772657 4278848010
-0.67953789 -2.5323632 0.67912352 4281545523
-0.60048902 -2.5317895 0.67951965 4280624421
-0.5187403 -2.5308535 0.67803609 4278848010
-0.43945611 -2.5306785 0.67833477 4278848010
-0.35865647 -2.5304811 0.6846683 4278848010
-0.27781782 -2.5306306 0.68387657 4278782217
-0.19676867 -2.5306146 0.6828357 4278848010
-0.11934298 -2.5314162 0.68180102 4278848010
-0.036341518 -2.5377476 0.67942894 4280163870
0.03841849 -2.5385056 0.67921513 4280295456
0.12084768 -2.5385737 0.67912507 4278848010
0.20178236 -2.5340614 0.67977548 4278848010
0.28345811 -2.5326502 0.67966014 4278848010
0.36071396 -2.5283372 0.68010193 4278848010
0.43952003 -2.5291126 0.67918485 4278848010
0.51969731 -2.529536 0.67958724 4278848010
0.59913754 -2.5285838 0.67956668 4278848010
0.67964035 -2.5297911 0.67908913 4278848010
0.75920933 -2.5289543 0.68023777 4278848010
0.83916408 -2.52895 0.68037635 4278848010
0.92035443 -2.5294361 0.67928046 4278848010
1.000555 -2.5300663 0.68039703 4278783497
1.0773317 -2.5178404 0.68023479 4278466308
1.1740507 -2.5300827 0.67667663 4278216192
1.2255199 -2.5135367 0.67757291 4278216192
1.3020023 -2.5151689 0.68227166 4278216192
-1.1400284 -2.4342623 0.67948228 4278373634
-1.1158698 -2.472317 0.67897099 4278308099
0.046711423 -2.4177766 0.67855024 4278848010
0.11946231 -2.4127972 0.6815694 4278848010
0.20349681 -2.4068038 0.68046588 4278848010
0.27072921 -2.4023135 0.68537515 4278848010
0.32085061 -2.4004807 0.71784544 4278848010
0.79272127 -2.4434855 0.64041573 4278848010
0.85100853 -2.4421921 0.64672989 4278461956
0.92562044 -2.4407783 0.65343666 4278216192
1.0019296 -2.4392717 0.66063696 4278216192
1.0933981 -2.4397092 0.67216659 4278216192
1.1471878 -2.4353404 0.67442811 4278216192
1.2555751 -2.4450552 0.67970425 4278216192
1.3343291 -2.4410529 0.67656159 4278216192
1.3666795 -2.4099252 0.69960958 4278216192
-1.2027283 -2.3250663 0.68159252 4278307329
-1.1780446 -2.366008 0.68084186 4278307585
0.30600289 -2.398731 0.66463006 4278848010
0.36065233 -2.3956983 0.68035561 4278848010
0.44113463 -2.3900101 0.68028724 4278848010
0.52430141 -2.3841207 0.67999244 4278848010
0.60199291 -2.3786478 0.6802631 4278782474
0.68334079 -2.3728368 0.67902702 4279772440
0.76186413 -2.3671389 0.67613012 4284900966
0.83678579 -2.3622079 0.68298894 4284900966
0.91840762 -2.3561177 0.67680991 4284900966
1.0007727 -2.350585 0.68222028 4284900966
1.1022723 -2.3723857 0.67731649 4279789080
1.1637032 -2.3589084 0.67535061 4278478084
1.2155693 -2.3433113 0.66863567 4278216192
1.3094527 -2.3613992 0.68059313 4278216192
1.3902098 -2.3619795 0.68017107 4278216192
-1.2275221 -2.2767584 0.67914033 4278437890
1.1725807 -2.2887869 0.67558223 4278216192
1.2337776 -2.2778447 0.67474777 4278216192
1.3316598 -2.2895787 0.67618531 4278216192
1.3985116 -2.2778382 0.67950004 4278216192
1.4502734 -2.2600143 0.68499535 4278216192
-1.2882724 -2.1777425 0.68052542 4278502148
-1.2631481 -2.2126756 0.6805014 4278437123
1.195073 -2.2304602 0.68750668 4278216192
1.247615 -2.2055826 0.67766488 4278216192
1.3002697 -2.1885695 0.67373532 4278216192
1.407596 -2.2090991 0.67845094 4278216192
1.4843061 -2.1993036 0.67990237 4278216192
1.6405321 -2.194443 0.66934294 4278216192
1.6908004 -2.1990597 0.71212012 4278216192
-1.31789 -2.1186237 0.67953998 4278501123
-1.000435 -2.1028686 0.66181308 4278848010
1.2612669 -2.1299748 0.68211699 4278595590
1.3167516 -2.1195397 0.67736584 4278281217
1.3715178 -2.1004024 0.67827666 4278216192
1.5129131 -2.1462865 0.67032689 4278216192
1.5375367 -2.1100485 0.68325794 4278216192
1.6380148 -2.0844278 0.69243479 4278478081
-1.6283005 -2.0022757 0.67965865 4278489348
-1.5718307 -2.0031171 0.68342799 4278427139
-1.4785906 -2.0035341 0.67894173 4278430979
-1.3860968 -2.0178862 0.67987001 4278433283
-1.3491796 -2.0622387 0.68030024 4278434307
1.3298522 -2.0515494 0.67917871 4278468868
1.3880075 -2.0294712 0.67841345 4278216192
1.4940709 -2.0068107 0.67396837 4278214656
1.5650049 -2.0372179 0.67582011 4278215168
1.6438287 -2.0347521 0.67944819 4278214656
-1.6397803 -1.9950161 0.67851317 4278417667
-1.5606881 -1.9950719 0.67891252 4278425347
-1.4796208 -1.9935555 0.68340701 4278757896
-1.4122536 -1.994157 0.68160564 4278891530
1.3431282 -1.9920851 0.68193805 4278848010
1.4071286 -1.9920356 0.68040735 4278279425
1.4704385 -1.9901303 0.67567837 4278279169
1.5577643 -1.988997 0.67777336 4278278401
1.640389 -1.9892738 0.67474931 4278278145
0.047706425 -1.6826444 0.64616823 4278216192
-0.091204248 -1.6117868 0.68124056 4278216192
-0.040698811 -1.636322 0.67782927 4278216192
0.025049664 -1.6651206 0.67819333 4278216192
0.086136043 -1.6063226 0.65129918 4278216192
0.076483399 -1.5918131 0.69382268 4278216192
0.10247561 -1.5443789 0.67837691 4278216192
0.13803944 -1.4743731 0.66308939 4278216192
0.17634143 -1.3897816 0.65715408 4278216193
0.21018338 -1.3189932 0.64738387 4278216448
0.98397923 -1.2817407 0.6418671 4281808695
0.22830516 -1.2770177 0.6468125 4278281728
0.9526335 -1.2095195 0.6640116 4284900966
0.99734616 -1.2336228 0.65917021 4284900966
1.0538466 -1.258608 0.64542818 4285427310
0.91883427 -1.1656115 0.65535671 4284835173
0.93453199 -1.0893891 0.64525998 4284900966
0.98487163 -1.0606153 0.64808047 4284900966
0.94681644 -1.0296291 0.64678776 4284835428
0.98491138 -0.98977643 0.6488868 4284508768
1.2713869 -0.808119 0.69957632 4284900966
1.2897909 -0.80974352 0.66048092 4286545791
1.2534424 -0.75722837 0.67435807 4284900966
1.2842674 -0.79601705 0.64802033 4286282619
1.2309167 -0.68005395 0.6799044 4284900966
1.2317302 -0.60319203 0.67771566 4284900966
1.2492421 -0.53375876 0.669842 4284900966
1.2844965 -0.49452901 0.67587179 4284900966
0.62983751 -0.40410268 0.64650697 4288387995
1.2911464 -0.47987282 0.66795951 4284900966
0.69901133 -0.37939918 0.65255803 4288387995
0.7723397 -0.34763944 0.66429681 4288387995
0.84946173 -0.33714473 0.65475518 4288387995
0.93105042 -0.32013333 0.6503067 4288387995
0.85070819 -0.3022044 0.68782312 4288387995
0.93331987 -0.27789786 0.69008541 4288387995
1.0191923 -0.27725905 0.66890657 4288387995
1.1106743 -0.26376316 0.65858883 4288387995
1.2075495 -0.24949276 0.64764267 4288387995
1.0223911 -0.23328263 0.71011293 4288387995
1.1023031 -0.19053276 0.67334634 4283269197
1.2121308 -0.2092292 0.68495071 4288387995
1.3150324 -0.19964457 0.66799831 4288387995
1.4263965 -0.17511375 0.66317916 4288387995
1.542649 -0.16388106 0.64441419 4284900966
1.321725 -0.15041971 0.71333247 4288387995
1.4333807 -0.13127454 0.70329374 4288387995
1.5510119 -0.11845775 0.68569213 4288322202
1.6762244 -0.10494915 0.66682774 4284900966
1.6845872 -0.065152287 0.70273048 4288387995
-1.0773528 0.86725265 0.6450696 4285690482
-1.0285153 0.86501306 0.64521754 4286282619
-1.5724306 0.94387645 0.65053576 4284900709
-1.1654657 0.91847968 0.64966142 4284900966
-0.12875447 0.9397375 0.6461997 4284900966
-1.6831361 0.97987509 0.64322406 4288387995
-1.6298925 1.0032394 0.65598804 4285759090
-1.5748422 0.98977357 0.64583957 4286282618
-1.4273925 1.0398711 0.64013898 4288387995
-1.2012264 0.98600882 0.65501016 4284900711
-1.195081 0.96439624 0.6551401 4284966246
-0.18574235 1.0058184 0.64684272 4284900966
-0.15808415 0.96070749 0.6458627 4284900966
-1.6319355 1.0801777 0.66446435 4288322459
-1.5339038 1.0512967 0.65043843 4288387993
-1.5098923 1.0945927 0.65947294 4288322459
-1.4015684 1.0829834 0.64900112 4288387995
-1.2825429 1.0886889 0.64206517 4288387995
-1.2711372 1.1064209 0.64565462 4288387995
-0.19813821 1.0838224 0.65081531 4284835174
-1.6049389 1.1330597 0.67566282 4288191643
-1.5861903 1.169788 0.68344051 4288322459
-1.4748746 1.1577343 0.67264861 4288257178
-1.369584 1.1363914 0.65997958 4288387995
-1.3474672 1.1733172 0.66756999 4288387995
-1.2358017 1.1613318 0.65677035 4288387995
-0.18048395 1.1417054 0.65802729 4280707365
-0.13859582 1.188107 0.65091366 4278215937
-1.6847229 1.2102172 0.70036072 4288387995
-1.6666079 1.2490443 0.70870239 4288387739
-1.5521311 1.2365129 0.69757032 4288387739
-1.4489254 1.2045265 0.68241262 4288322715
-1.4273726 1.2433876 0.69052172 4288322459
-1.3130242 1.2308241 0.67939103 4288387995
-1.1930091 1.2278302 0.67023176 4287466893
-1.6480571 1.2888051 0.71724457 4288453275
-1.5268673 1.2860041 0.70805067 4288453277
-1.5111907 1.3167117 0.71455336 4288453276
-1.3881743 1.3140664 0.70527011 4288322459
-1.2833519 1.2803668 0.68957484 4288387995
-1.2586789 1.3215584 0.69804209 4288387995
-1.3590649 1.3665545 0.71622276 4288256922
-1.2203637 1.3855342 0.71119291 4288387995
1.3322238 1.9113181 0.67845601 4284900966
1.3992296 1.8942165 0.67741591 4284900966
1.4669315 1.8768018 0.68238777 4284900966
-1.6362506 1.9884863 0.67883492 4278216192
-1.5645336 1.9855686 0.68116486 4278282753
-1.4843874 1.9821898 0.67674851 4278281985
-1.4002029 1.9822379 0.68363827 4278481668
-1.3283747 1.982538 0.6839909 4278418179
1.016361 1.9920242 0.67935908 4284900966
1.0868962 1.9739503 0.68144906 4284900966
1.1620539 1.9548399 0.67709285 4284900966
1.242909 1.9340776 0.68143672 4284900966
1.3368763 1.9627507 0.68372631 4279658006
1.3985199 1.9742235 0.67627859 4278543621
1.4754305 1.9875195 0.67192942 4278216192
1.557966 1.9871261 0.67292166 4278216192
1.6368023 1.9771556 0.66678089 4279789337
-1.6786599 2.0789762 0.65173048 4278489349
-1.5391518 2.0247529 0.68232185 4278420995
-1.5148494 2.0636268 0.67230052 4278422275
-1.3661766 2.0166845 0.71404469 4278485765
-1.2995938 2.0205958 0.68137562 4278485763
-1.2633605 2.0517604 0.6848262 4278420995
0.97047704 2.0037401 0.67986745 4284900966
1.3317389 2.051868 0.67924881 4278216192
1.3916295 2.0329549 0.67976576 4278216192
1.4772362 2.0240371 0.67926323 4278216192
1.5619316 2.0247221 0.67961133 4278216192
1.6252486 2.0397995 0.6786257 4278216192
-1.6425132 2.118485 0.67525792 4281763638
-1.5620451 2.1194031 0.67828918 4282483265
-1.4840794 2.110081 0.68193662 4278352643
-1.4001023 2.1060472 0.68234038 4278416643
-1.3246211 2.1232538 0.67748708 4278419203
-1.2256168 2.1184783 0.67705441 4278423299
-1.196434 2.1599576 0.70890838 4278490627
1.261042 2.1271968 0.67988217 4278216192
1.3236209 2.1197278 0.68056178 4279526932
1.3691218 2.0866461 0.68246114 4284900966
-1.6258531 2.1878853 0.69283038 4280066588
-1.5447717 2.1865602 0.67655343 4288327578
-1.473645 2.193244 0.67449439 4282622786
-1.3960588 2.186739 0.68153465 4278422019
-1.3149544 2.1853905 0.68253499 4278421507
-1.2637193 2.2168744 0.66909611 4278490628
-1.1763622 2.2016797 0.68138826 4278426371
1.1984739 2.235646 0.71215034 4288387995
1.2471815 2.2080715 0.68052191 4279725591
1.3017185 2.1867807 0.68111873 4278478084
-1.5811651 2.2446785 0.67178559 4279736343
-1.3918483 2.279089 0.67858404 4278691335
-1.2898484 2.242487 0.71755332 4278423555
-1.2328671 2.2840443 0.67215335 4278427651
-1.1370939 2.2705657 0.67527926 4278428931
-1.1124282 2.3096926 0.6869604 4278430212
1.181378 2.2827437 0.67783403 4283794261
1.2371255 2.2760327 0.67825586 4278281729
1.2847711 2.2409999 0.68043965 4278216192
-1.2089047 2.3363013 0.67827737 4278429444
-1.1806213 2.3705282 0.67694128 4278430979
-1.0919626 2.3474092 0.67697579 4278431235
-0.15241224 2.3449485 0.64723688 4288387995
1.1123188 2.3907993 0.68838805 4288387995
1.1633596 2.3605096 0.67919445 4280513059
1.2208768 2.3550773 0.67926651 4278216192
-1.1438079 2.4369891 0.67947513 4278433027
-1.1182029 2.4725242 0.67404735 4278433795
-0.66161472 2.4673278 0.68019527 4279374354
-0.59566277 2.4673967 0.67554617 4279374354
-0.51586282 2.4673953 0.67815042 4279308561
-0.43531516 2.4673922 0.68077898 4279308561
-0.36082378 2.4673908 0.68320984 4279242768
-0.28737882 2.4674337 0.68125916 4279176975
-0.20120257 2.4674864 0.67881107 4279111182
-0.11984888 2.4668152 0.67660356 4279308561
-0.042166669 2.4675283 0.67951208 4279045389
0.00023866694 2.4675274 0.68086213 4278979596
0.77623433 2.4651325 0.68023378 4284900966
1.0989555 2.4551008 0.68031472 4283597650
1.1538811 2.4310424 0.6772576 4278216192
-1.1269445 2.4974742 0.68259412 4285513070
-1.0820847 2.51878 0.67996264 4280251679
-0.99885684 2.5254707 0.67832196 4279440146
-0.92209232 2.5288105 0.68144631 4279440147
-0.8406325 2.5291698 0.68052989 4279440147
-0.75933772 2.5222752 0.6811294 4279374354
-0.679061 2.5253842 0.68025935 4279374354
-0.59976774 2.5268552 0.68091613 4279308561
-0.52051044 2.5283825 0.68023211 4279308561
-0.44061831 2.5302846 0.67852211 4279242768
-0.36137828 2.5304513 0.68028867 4279242768
-0.27878317 2.5327473 0.68195152 4279176975
-0.19818948 2.5318418 0.68086839 4279176975
-0.11954377 2.524869 0.68168193 4279045389
-0.037544329 2.5247817 0.680103 4278979596
0.041180298 2.5243442 0.67889196 4278979596
0.11561826 2.5236034 0.6770224 4279834905
0.19496852 2.5179107 0.67756909 4281150765
0.2840167 2.5180638 0.68052065 4281545523
0.3589218 2.5253019 0.67878932 4280427042
0.44325581 2.5287809 0.68056315 4281216558
0.51031381 2.5271595 0.67914075 4282861383
0.60175395 2.518245 0.68047529 4288387995
0.69054621 2.5295155 0.68105638 4283387727
0.75948042 2.5351164 0.67995739 4283453520
0.84393775 2.5325282 0.6781227 4283387727
0.9201836 2.5227509 0.67821616 4282006074
1.000252 2.5234702 0.67866427 4279966491
1.0739081 2.5115623 0.67788178 4281291567
1.1420413 2.4878232 0.68151581 4278216192
-1.0526389 2.5886443 0.67945755 4279937051
-1.0309653 2.6196296 0.68139011 4279872025
-0.16988361 2.5601268 0.65377164 4279111182
-0.12059116 2.5616992 0.67862552 4279111182
-0.041780286 2.5645828 0.68249679 4279045389
0.038729947 2.5675979 0.67970097 4278979596
0.1209002 2.5706656 0.67778194 4278913803
0.17066146 2.5725005 0.67883724 4278848010
0.77958977 2.595057 0.68183845 4287466893
0.84103644 2.5973599 0.67958671 4288980132
0.91637039 2.600167 0.67836732 4283058762
0.96211416 2.5923777 0.67627293 4278848010
-0.99683571 2.6783745 0.68049985 4281113388
-0.4944934 2.6896353 0.65635735 4279242768
-0.4467341 2.6861525 0.65198511 4279176975
-0.37176442 2.6806746 0.64638656 4279111182
-0.31629455 2.6766257 0.64179051 4279111182
-0.97254074 2.7290893 0.70723474 4284966503
-0.94270384 2.7653029 0.67596281 4281962809
-0.90901089 2.8187175 0.68768281 4284251227
-0.60491645 3.346688 0.67866576 4284900966
-0.51983869 3.3235373 0.67866576 4285756275
-0.43476087 3.3003864 0.6786657 4286940549
-0.3837142 3.2864952 0.67866588 4284900966
-0.81250763 3.4031723 0.68395615 4284900966
-0.75805664 3.3883598 0.67866582 4284900966
-0.68148643 3.3675241 0.67866588 4284900966
-0.8106122 3.5198298 0.67866594 4289704879
-0.77556753 3.5237982 0.67866588 4289901234
-1.6382399 -5.791317 0.75802034 4289901234
-1.5619886 -5.7693415 0.75802028 4289901234
-1.4857372 -5.7473674 0.75802022 4289901234
-1.401014 -5.7229519 0.75802022 4289901234
-1.3162901 -5.698535 0.75802022 4289901234
-1.2654562 -5.683887 0.75802016 4289901234
-1.2315668 -5.6741204 0.75802022 4289901234
-1.1637878 -5.6545882 0.75802034 4289901234
-1.0790641 -5.6301723 0.75802022 4289901234
-1.0028132 -5.6081972 0.75802034 4289901234
-0.9604516 -5.5959902 0.75802022 4289901234
-0.91808969 -5.5837822 0.75802028 4289901234
-0.84183854 -5.5618086 0.75802034 4289901234
-0.75711495 -5.5373921 0.75802016 4289901234
-0.70628089 -5.5227432 0.75802016 4289901234
-0.67239136 -5.5129762 0.75802028 4289901234
-0.60461271 -5.4934435 0.75802016 4289901234
-0.51988912 -5.4690275 0.75802016 4289901234
-0.45211032 -5.4494963 0.75802034 4289901234
-0.40974849 -5.4372878 0.75802022 4289901234
-0.35891443 -5.4226389 0.75802028 4289901234
-0.28266332 -5.4006648 0.75802022 4289901234
-0.20399533 -5.3779788 0.77565449 4289901234
-0.14711148 -5.3615789 0.78447163 4289901234
-0.11167833 -5.3513803 0.76924205 4289901234
-0.045437347 -5.3323002 0.75802034 4289901234
0.039286062 -5.3078847 0.75802022 4289901234
0.10706495 -5.288352 0.75802022 4289901234
0.14942673 -5.2761436 0.75802016 4289901234
0.20026079 -5.2614951 0.75802022 4289901234
0.27651194 -5.239521 0.75802016 4289901234
0.3612355 -5.2151046 0.75802016 4289901234
0.41206965 -5.2004547 0.7580201 4289901234
0.45443138 -5.1882477 0.75802028 4289901234
0.5137378 -5.1711569 0.75802028 4289901234
1.4110281 -3.3601999 0.74350899 4278848010
1.3825619 -3.3113596 0.74099004 4278782729
1.3345195 -3.228184 0.74984777 4278468356
1.3636128 -3.279562 0.72682798 4278848010
1.2789118 -3.1326332 0.7474395 4278216192
1.2964407 -3.1622431 0.75712579 4278281473
1.3975631 -3.1462507 0.74723077 4278544134
1.2471169 -3.0775316 0.7542609 4278216192
1.3443973 -3.055536 0.75075591 4278216192
1.3712698 -3.101053 0.75044167 4278347010
1.1909735 -2.9817214 0.74026352 4278216192
1.2081941 -3.0108244 0.7495423 4278216192
1.3098636 -2.9973404 0.74985224 4278216192
1.1600198 -2.9286609 0.73669714 4278216192
1.2624986 -2.9194853 0.74000454 4278216192
1.2844923 -2.9578424 0.73490679 4278216192
1.1529759 -2.8567431 0.7287342 4278216192
1.2234664 -2.8548899 0.73380929 4278216192
1.1809136 -2.7625682 0.72534442 4278216192
1.1958358 -2.7150455 0.72612095 4278216192
1.2196215 -2.674624 0.72791821 4278216192
-0.28073463 -2.5778015 0.75942308 4286348412
-0.20293066 -2.5802844 0.75908595 4285164138
-0.12472183 -2.5827618 0.76076508 4278848010
-0.043412592 -2.585355 0.7604869 4278848010
0.041983854 -2.5880895 0.7591179 4278848010
0.11982275 -2.5905614 0.76011056 4278848010
0.19909313 -2.5930872 0.76014024 4278848010
0.28474751 -2.5958147 0.76037377 4278848010
0.36052787 -2.5982394 0.75926208 4278848010
0.43903515 -2.6007411 0.75931525 4278848010
0.52045053 -2.6033127 0.76191872 4278848010
0.60231525 -2.6059556 0.75812745 4278848010
0.67971277 -2.6083705 0.76390082 4278848010
0.75790656 -2.6109166 0.75784171 4278848010
0.83774966 -2.6134264 0.76176518 4278848010
0.91956115 -2.6160591 0.75897342 4278848010
0.99596155 -2.6005783 0.76330453 4278848010
1.2637752 -2.5979526 0.72689313 4278216192
1.2838966 -2.5634274 0.72753131 4278216192
-1.0848725 -2.5153685 0.75290585 4278809354
-1.0342866 -2.5320666 0.7447291 4278848010
-0.80020154 -2.5312297 0.72057402 4278848010
-0.75810862 -2.5311387 0.72594023 4278848010
-0.6750266 -2.5340357 0.75299525 4286940549
-0.60665905 -2.5330946 0.74932849 4284966759
-0.51630843 -2.5307519 0.74088359 4278848010
-0.43597576 -2.5306201 0.74623859 4278848010
-0.3581776 -2.5305047 0.74998337 4278848010
-0.27522361 -2.5302849 0.75343138 4278848010
-0.19476338 -2.5300872 0.75435168 4278848010
-0.11597466 -2.5309689 0.75595117 4278848010
-0.038723584 -2.5319662 0.76163632 4281216558
0.040851604 -2.5321808 0.76268607 4281545523
0.12151039 -2.5321622 0.76337999 4278848010
0.20129089 -2.5298479 0.75808662 4278848010
0.28318524 -2.5278413 0.75510305 4278848010
0.36001867 -2.5248497 0.75516629 4278848010
0.43925303 -2.5239389 0.75528318 4278848010
0.51968586 -2.5240023 0.75653279 4278848010
0.60063392 -2.5236325 0.75696796 4278848010
0.67942017 -2.5235662 0.75624418 4278848010
0.75835156 -2.5226321 0.75675529 4278848010
0.84122229 -2.523267 0.75625366 4278848010
0.9197315 -2.5227616 0.75681818 4278848010
0.99907976 -2.522579 0.75717396 4278848010
1.081351 -2.5134153 0.75621045 4278466308
1.3096815 -2.5196013 0.72946304 4278216192
-1.1393406 -2.4337258 0.75972867 4278439170
-1.1148113 -2.4725051 0.760337 4278373635
0.062703609 -2.4189837 0.72297531 4278848010
0.12477459 -2.4149218 0.72910905 4278848010
0.20112929 -2.409914 0.73642272 4278848010
0.27861434 -2.4049702 0.74648881 4278848010
0.33606231 -2.4015379 0.75837344 4278848010
1.1062529 -2.4585719 0.75202715 4278216192
1.1381191 -2.434283 0.75321567 4278216192
1.2768496 -2.4170861 0.72056496 4278216192
1.3391082 -2.4537041 0.73058444 4278216192
1.3695427 -2.4178584 0.73394752 4278216192
-1.2022178 -2.3254561 0.75471646 4278373123
-1.1781408 -2.3644035 0.7605828 4278373378
0.37281555 -2.3984885 0.74975371 4278848010
0.43668464 -2.3944876 0.75945586 4278848010
0.51741505 -2.3886924 0.75768632 4278848010
0.60147625 -2.3829353 0.76110643 4278847754
0.68013173 -2.3772814 0.75923616 4279509780
0.75762028 -2.3719637 0.76218462 4284900710
0.84120673 -2.3659661 0.76040345 4284900966
0.92066664 -2.3602819 0.75903213 4284900966
0.99663305 -2.3547978 0.75676894 4284900966
1.089229 -2.3577039 0.75074893 4282607171
1.169172 -2.3621283 0.75516129 4278805769
1.2063197 -2.3252301 0.75923455 4278216192
1.3178082 -2.354178 0.72674865 4278216192
1.405478 -2.3555102 0.73325229 4278216192
-1.2262667 -2.277297 0.75923294 4278438147
1.1686811 -2.2826877 0.73929197 4278216192
1.2270166 -2.2757645 0.75356483 4278216192
1.3519624 -2.3013146 0.72865158 4278216192
1.399912 -2.2814884 0.73251283 4278216192
1.4565719 -2.2681429 0.73567915 4278216192
-1.2877009 -2.1770573 0.76109558 4278502148
-1.2621465 -2.2110212 0.75922227 4278437123
1.1914412 -2.2240014 0.73761982 4278216192
1.2532161 -2.2048583 0.75223833 4278544133
1.2900575 -2.1744044 0.75689906 4278347266
1.4080104 -2.2147441 0.73322195 4278216192
1.4934642 -2.1987519 0.73856741 4278216192
-1.31748 -2.1175683 0.75899333 4278501124
1.2522014 -2.1180086 0.74309313 4278721801
1.3199146 -2.1182609 0.75731128 4278806793
1.5187993 -2.1581061 0.72895312 4278216192
1.5454081 -2.1160495 0.73939502 4278216192
-1.6271982 -2.0017655 0.75921565 4278489348
-1.5688771 -2.0027349 0.76058954 4278427396
-1.4779285 -2.0032203 0.75895256 4278430979
-1.3835472 -2.0181134 0.76001596 4278433283
-1.3490591 -2.0611811 0.75950247 4278434308
1.277319 -2.0719931 0.75402766 4278848010
1.3255373 -2.0467372 0.75181168 4278467076
1.372841 -2.0237689 0.75224 4278281473
1.4875062 -2.0310493 0.73080218 4278216192
1.5741222 -2.0384731 0.73755145 4278215936
1.6394366 -2.0345285 0.74611568 4278215936
-1.6422801 -1.9898072 0.75179678 4278422788
-1.5618784 -1.9915756 0.75337797 4278427651
-1.4798576 -1.9916713 0.75546926 4278430724
-1.4126593 -1.9926354 0.75716442 4278432515
1.3364736 -1.9900168 0.751284 4278848010
1.40431 -1.9913262 0.75503463 4278278657
1.4764713 -1.9893504 0.76153684 4278278145
1.5581268 -1.9900359 0.76185226 4278344962
1.6416783 -1.9901992 0.76131725 4278279425
-0.091418207 -1.605479 0.72847724 4278216192
-0.0388336 -1.6307319 0.72715068 4278216192
0.015561244 -1.6562556 0.73033696 4278216192
1.2397299 -0.65263134 0.72200477 4284900966
1.257807 -0.60080117 0.72712606 4284900966
1.2801836 -0.57528329 0.73854077 4284900966
1.2785034 -0.55380976 0.72020823 4284900966
1.0242518 -0.20772982 0.7340554 4288387995
1.1185676 -0.1786489 0.73790956 4288387995
1.2167749 -0.16840827 0.7227751 4288387995
1.1210541 -0.15183234 0.76290095 4288387995
1.2215211 -0.12668768 0.76143336 4288387995
1.3275895 -0.10727033 0.7530722 4288387995
1.4381045 -0.10161567 0.73043317 4288387995
1.4404927 -0.086627841 0.74414754 4288387995
1.332545 -0.070791721 0.78666914 4288387995
1.446539 -0.048675239 0.77887565 4288387995
1.5652797 -0.040914439 0.75616181 4288387995
1.6931053 -0.024626574 0.73928982 4288387995
1.574052 0.0067517757 0.79947937 4288387995
-1.6288689 1.3299283 0.72607946 4288256662
-1.4952049 1.3480293 0.72118521 4288387993
-1.6092055 1.3720709 0.73513347 4288519068
-1.5888461 1.4157066 0.74450809 4288387997
-1.4676187 1.4020656 0.73262817 4288387738
-1.3348328 1.4102501 0.72534055 4288453531
-1.193911 1.429702 0.72027194 4288387995
-1.6962733 1.4632553 0.76381469 4288387995
-1.6767733 1.5093628 0.77386171 4288322715
-1.5572027 1.4835305 0.75907946 4287929750
-1.4274009 1.480855 0.7493127 4287864725
-1.2971661 1.4781679 0.73951286 4288518554
-1.1664959 1.4754734 0.7296806 4288387995
-1.6565517 1.5571803 0.78428131 4287665554
-1.5297252 1.5424209 0.77173156 4287472525
-1.5127134 1.5788836 0.77956527 4285568110
-1.3911055 1.5519549 0.76436901 4287145354
-1.2508781 1.5616319 0.75692916 4288453530
-1.6357896 1.6062731 0.79497874 4284053082
-1.4892921 1.6290774 0.79034883 4281495347
-1.3660018 1.6011275 0.774782 4283926359
-1.3399348 1.6521944 0.78559607 4283599696
-1.2092624 1.6366694 0.77258712 4288322457
-1.1876528 1.6756361 0.78071821 4288322715
-1.3131458 1.7046735 0.79670906 4282090044
-1.1578666 1.7293466 0.79192585 4288453274
1.3281175 1.9104717 0.76280218 4284900966
1.4017895 1.8917305 0.75890785 4284900966
1.4685415 1.8746529 0.75968313 4284900966
-1.6968856 1.9500042 0.75700241 4279440915
-1.6327392 1.9849557 0.76171201 4278215936
-1.5571027 1.9868348 0.76092166 4278282497
-1.4814 1.9855345 0.76036978 4278283522
-1.4078431 1.9850813 0.75857568 4278482180
-1.3212969 1.9803014 0.76370001 4278417923
1.010846 1.9916018 0.76085788 4284900966
1.0840737 1.9728961 0.76043963 4284900966
1.1620716 1.9529803 0.75962532 4284900966
1.2417631 1.9326309 0.7588191 4284900966
1.3407762 1.964926 0.76009184 4279199247
1.3933802 1.9666582 0.7605238 4278216192
1.4774961 1.9794714 0.759233 4278216192
1.5595006 1.980208 0.75970811 4278216192
1.6425948 1.9581555 0.76023054 4281623604
-1.5462685 2.0384305 0.76158923 4278421763
-1.5198327 2.074131 0.7306304 4278488322
-1.3750787 2.0277262 0.76253122 4278551045
-1.3429383 2.0598018 0.7608636 4278421507
-1.2582679 2.0396943 0.76271302 4278420739
0.96931499 2.0023408 0.7553094 4284900966
1.3324949 2.0503545 0.75855589 4278216192
1.3937221 2.0311894 0.76033133 4278216192
1.4783359 2.0254209 0.7603392 4278216192
1.5617582 2.0243309 0.7595433 4278216192
1.6251652 2.0396171 0.76072335 4278216192
-1.6401215 2.1115251 0.76202744 4278216448
-1.5570611 2.1095889 0.76657522 4278217216
-1.4875373 2.1176813 0.76093322 4278351874
-1.4004711 2.1137769 0.76214391 4278416388
-1.3204592 2.1193037 0.76520807 4278421507
-1.2206807 2.1056979 0.75661427 4278423043
-1.1957639 2.1474342 0.76012963 4278424579
1.2604772 2.1270194 0.75949419 4278216192
1.3219517 2.1228139 0.75813431 4279526676
1.3683977 2.0864089 0.7598325 4284900966
-1.6905762 2.166327 0.78373313 4278623747
-1.6532691 2.2002263 0.75453615 4278624261
-1.4562998 2.1948559 0.7626096 4278427140
-1.3956132 2.1946213 0.73852557 4278421763
-1.3061141 2.1869688 0.76542979 4281047594
-1.2609794 2.2103708 0.76784444 4278687751
-1.1655918 2.1986816 0.76173425 4278426371
1.1941839 2.2270494 0.77093643 4287009414
1.2485521 2.2076116 0.75952172 4279003660
1.2987581 2.1907949 0.76039857 4278216192
-1.4089414 2.2756259 0.75836509 4278756872
-1.2953141 2.2714367 0.77556741 4286493054
-1.2265044 2.2851334 0.7629528 4278558725
-1.1517006 2.2702847 0.75705022 4278429187
-1.1079165 2.2969325 0.7637195 4278429699
1.1768543 2.2786443 0.76116163 4283334478
1.23894 2.274596 0.75915766 4278216192
1.2843426 2.24036 0.75095391 4278216192
-1.22308 2.3453939 0.76507795 4278887946
-1.176122 2.3666821 0.75971627 4278496516
-1.0883874 2.3332059 0.75313276 4278430980
1.1081176 2.3789134 0.75869673 4288387739
1.1638515 2.3589606 0.75648826 4280053532
1.2220418 2.3541677 0.75917614 4278216192
-1.2153186 2.4250321 0.79027063 4284001881
-1.1436222 2.4354134 0.75729996 4278564101
-1.1141593 2.4753108 0.766168 4278433283
-0.66159809 2.4665539 0.75499064 4279374354
-0.59565759 2.4665489 0.75745815 4279374354
-0.51587325 2.466543 0.76044345 4279308561
-0.43534154 2.4665368 0.76345706 4279308561
-0.36190778 2.4665866 0.76088136 4279242768
-0.28410262 2.4666483 0.75725877 4279176975
-0.20300475 2.4666638 0.75818807 4279111182
-0.11950593 2.4666586 0.76124573 4279045389
-0.043245111 2.4666657 0.76282197 4279045389
0.020786794 2.4665754 0.77347046 4278979596
0.085541964 2.4664235 0.79004556 4278913803
0.28958303 2.4794722 0.7762779 4284900966
0.77530664 2.4624417 0.76183975 4284900966
1.0898683 2.4501591 0.75837892 4284713315
1.156727 2.430094 0.75842774 4278216192
-1.1356283 2.502377 0.76528066 4285905268
-1.0815374 2.5175817 0.75778753 4280117789
-0.99894935 2.5249736 0.75897086 4279440147
-0.92063719 2.5284243 0.76074409 4279440147
-0.83871144 2.528358 0.76088905 4279440147
-0.75936049 2.519563 0.7602095 4279374354
-0.67734045 2.5227859 0.75978845 4279374354
-0.60039634 2.5246987 0.76104158 4279308561
-0.52074903 2.5253379 0.75963235 4279308561
-0.44015756 2.5268812 0.76058948 4279242768
-0.36184266 2.5292683 0.76112723 4279242768
-0.27857572 2.5315101 0.76022083 4279176975
-0.19825566 2.531472 0.76073861 4279111182
-0.12192223 2.5265014 0.76215059 4279045389
-0.03763748 2.523443 0.75973105 4278979596
0.040983573 2.5231647 0.75821519 4278979596
0.11441859 2.5217931 0.75857604 4279900698
0.19479802 2.516757 0.75831783 4281084972
0.28430375 2.5174282 0.75896245 4281479730
0.3605223 2.5239418 0.7588861 4280690214
0.44199321 2.5261447 0.760566 4280558628
0.50628072 2.5217283 0.75934023 4280295456
0.59749037 2.5102503 0.75870818 4283190348
0.68694943 2.5257399 0.76012206 4281545523
0.76095217 2.5322254 0.76109427 4282532418
0.84127581 2.53107 0.75968808 4283190348
0.91881633 2.5194016 0.75988889 4282400832
0.998519 2.519304 0.7595641 4280558627
1.0748529 2.5054281 0.75865138 4281622324
1.1416306 2.4871092 0.76054043 4278216192
-1.0541472 2.5787897 0.75328159 4278434308
-1.0244509 2.6197054 0.76620722 4278500355
-0.11165225 2.5611935 0.75988191 4279111182
-0.041952789 2.5637782 0.75998056 4279045389
0.038538244 2.566788 0.75762409 4278979596
0.11990788 2.5697689 0.76126707 4278913803
0.16994105 2.5716307 0.76071429 4278848010
0.77840608 2.5942166 0.75922936 4287466893
0.84064233 2.5964973 0.7618854 4288980132
0.91883612 2.5994096 0.760764 4282269246
0.96180212 2.591732 0.75906199 4278848010
-0.99078 2.679492 0.7569139 4278501635
-0.94701809 2.7557981 0.76022148 4278567942
-0.91723806 2.8079524 0.75996113 4279025932
-0.60493302 3.346627 0.75802022 4284900966
-0.51985526 3.3234766 0.75802022 4285690482
-0.4347775 3.3003254 0.75802034 4286874756
-0.82330066 3.4060438 0.76389831 4284900966
-0.75807327 3.3882987 0.75802022 4284900966
-0.68150318 3.3674634 0.75802028 4284900966
-0.81060588 3.519774 0.74920315 4288003989
-0.7755605 3.5237355 0.75802034 4289901233
-1.6382574 -5.791254 0.83737439 4289901234
-1.5620059 -5.7692809 0.83737433 4289901234
-1.4857547 -5.7473078 0.83737433 4289901234
-1.4010314 -5.7228918 0.83737433 4289901234
-1.3163078 -5.6984758 0.83737439 4289901234
-1.2654737 -5.683826 0.83737445 4289901234
-1.2315842 -5.6740594 0.83737445 4289901234
-1.1638055 -5.6545267 0.83737439 4289901234
-1.079082 -5.6301126 0.83737433 4289901234
-1.0028306 -5.6081371 0.83737445 4289901234
-0.96046901 -5.5959296 0.83737445 4289901234
-0.91810721 -5.5837216 0.83737433 4289901234
-0.84185612 -5.5617476 0.83737433 4289901234
-0.75713259 -5.5373311 0.83737439 4289901234
-0.70629847 -5.5226822 0.83737445 4289901234
-0.67240906 -5.5129151 0.83737445 4289901234
-0.60463023 -5.4933829 0.83737439 4289901234
-0.51990658 -5.4689665 0.83737439 4289901234
-0.4521279 -5.4494348 0.83737439 4289901234
-0.40976608 -5.4372272 0.83737445 4289901234
-0.35893196 -5.4225769 0.83737439 4289901234
-0.28268081 -5.4006033 0.83737433 4289901234
-0.19795725 -5.3761883 0.83737439 4289901234
-0.14712322 -5.3615384 0.83737445 4289901234
-0.11323378 -5.3517718 0.83737439 4289901234
-0.045454912 -5.3322387 0.83737433 4289901234
0.039268564 -5.3078241 0.83737433 4289901234
0.10704744 -5.288291 0.83737439 4289901234
0.14940917 -5.276083 0.83737433 4289901234
0.20024322 -5.2614336 0.83737427 4289901234
0.2764945 -5.23946 0.83737433 4289901234
0.36121792 -5.2150431 0.83737433 4289901234
0.41205212 -5.2003942 0.83737439 4289901234
0.45441392 -5.1881866 0.83737433 4289901234
0.51372033 -5.1710954 0.83737439 4289901234
-0.2809332 -2.577388 0.80493695 4286348412
-0.20067948 -2.5799096 0.80896592 4285032552
-0.12029143 -2.5824251 0.81414247 4278848010
-0.041053064 -2.5849025 0.81956744 4278848010
0.040781017 -2.5874693 0.82412297 4278848010
0.12064918 -2.5899794 0.82805681 4278848010
0.20201984 -2.5925212 0.83382469 4278848010
0.28289253 -2.595053 0.83894908 4278848010
0.35861543 -2.5974681 0.83873415 4278848010
0.44051501 -2.6000595 0.84084755 4278848010
0.51993537 -2.6026037 0.83938086 4278848010
0.60229516 -2.605231 0.83910739 4278848010
0.67914921 -2.6076434 0.84319073 4278848010
0.75731868 -2.6101811 0.83803165 4278848010
0.83676088 -2.6126842 0.84121209 4278848010
0.91892183 -2.6153047 0.84101892 4278848010
0.99636829 -2.5987608 0.84199941 4278848010
-1.0803329 -2.5155003 0.84200174 4278808074
-1.0035105 -2.5306375 0.85612577 4278913803
-0.92217082 -2.5304928 0.86369258 4278848010
-0.83745086 -2.5304024 0.86584306 4278782217
-0.76178336 -2.5303431 0.86580783 4279045389
-0.6768623 -2.5329349 0.84671021 4285953654
-0.60721493 -2.5335994 0.84909451 4288716960
-0.52139962 -2.5340033 0.87033999 4278782217
-0.43908334 -2.5338202 0.87266773 4278848010
-0.36049414 -2.5337029 0.86934876 4278848010
-0.27963856 -2.5335236 0.87165743 4278848010
-0.19387314 -2.5326254 0.8583709 4279176975
-0.11916868 -2.5323033 0.8500905 4280427042
-0.040662337 -2.5323188 0.83698612 4281940281
0.040006705 -2.5320985 0.83383393 4280229663
0.12111919 -2.5316777 0.83263385 4278848010
0.20250663 -2.5316079 0.83527684 4278848010
0.27895942 -2.5320003 0.83713883 4278848010
0.36019629 -2.5319524 0.83811069 4278848010
0.44189802 -2.531714 0.83353519 4278848010
0.51978594 -2.5303524 0.83000016 4278848010
0.60144293 -2.5298235 0.83506113 4278848010
0.67973119 -2.529825 0.83295524 4278848010
0.75657523 -2.5280156 0.8292287 4278848010
0.8398366 -2.5256414 0.82903373 4278848010
0.9195773 -2.5260639 0.83327311 4278848010
1.0025063 -2.5248899 0.83706182 4278848010
1.0795335 -2.5145991 0.83571434 4278599173
-1.1383729 -2.4354515 0.83224571 4278373634
-1.1146412 -2.4712682 0.82968628 4278373378
1.1086824 -2.4628415 0.8384921 4278216192
1.1333599 -2.4349427 0.83475047 4278216192
-1.2044007 -2.3251507 0.83601111 4278373123
-1.1807296 -2.3596499 0.83360595 4278373378
0.46790814 -2.3944411 0.80050349 4278848010
0.52088213 -2.3911102 0.80831593 4278848010
0.59683621 -2.3861356 0.81572896 4278848010
0.67604727 -2.3809478 0.82346737 4279903770
0.75873005 -2.3755329 0.83155286 4284835429
0.84028113 -2.3700366 0.83655769 4284900966
0.9191702 -2.3646877 0.84080637 4284900966
0.9988718 -2.3589609 0.83894426 4284900966
1.0728433 -2.3537216 0.8386662 4284900966
1.1655042 -2.360148 0.83592975 4279395858
1.2069148 -2.3256037 0.81761163 4278216192
-1.2246861 -2.2772994 0.83571458 4278503683
1.1958154 -2.3115976 0.83716011 4278216192
1.2217584 -2.2759333 0.82830513 4278216192
-1.2895685 -2.174794 0.83334756 4278502148
-1.2616222 -2.2101254 0.83494651 4278437123
1.2579352 -2.2076843 0.8325507 4278740488
1.290188 -2.1743097 0.83927602 4278216192
-1.3151945 -2.1173751 0.83713049 4278501124
1.3142891 -2.1209693 0.83952367 4279725591
-1.6261814 -2.0012951 0.83260906 4278489348
-1.5713468 -2.0018706 0.82467014 4278427140
-1.4882706 -2.0016024 0.81781656 4278430467
-1.3781447 -2.0205958 0.83379 4278433539
-1.347548 -2.0597231 0.8361448 4278434564
1.3459847 -2.0535104 0.83921605 4278216192
1.3688345 -2.0138497 0.83947253 4278216192
-1.6420319 -1.984223 0.84085494 4278422276
-1.5625533 -1.9902959 0.83919561 4278492931
-1.4834905 -1.9914149 0.83886296 4278430723
-1.411373 -1.9918904 0.84163445 4278432515
1.4006428 -1.9895815 0.84080392 4278216192
1.4741386 -1.9871416 0.83858562 4278215168
1.5544226 -1.9869674 0.83780485 4278214144
1.6402568 -1.9870099 0.83819783 4278278913
1.3355633 -0.048583806 0.80712211 4288387995
1.4526644 -0.010230303 0.81405407 4288387995
1.4563954 0.013187766 0.83548224 4288387995
1.5815299 0.047371268 0.83639193 4288387995
1.5891048 0.088540554 0.87380564 4288387995
-1.6197109 1.6442887 0.80326253 4279914522
-1.6032798 1.683141 0.8117286 4278934793
-1.5863912 1.7230735 0.82042992 4278216192
-1.4527946 1.7073005 0.80715442 4278940171
-1.2923748 1.7453667 0.8053264 4281828921
-1.5572821 1.7919011 0.83542776 4278216448
-1.4144284 1.7895288 0.82482034 4278417156
-1.2638879 1.8011714 0.81714368 4280713255
-1.1272333 1.7845805 0.80345136 4288322200
-1.1114757 1.8129941 0.80938047 4288191897
-1.5269926 1.8635247 0.8510347 4278216449
-1.4775453 1.9006821 0.8595624 4278480388
-1.3905348 1.8917326 0.85510123 4278482948
-1.3418994 1.901443 0.85528469 4278484483
-1.2268182 1.8737879 0.83252114 4280257568
-1.0954438 1.8419025 0.8154127 4285228904
1.3231766 1.9099482 0.84227169 4284900966
1.4051801 1.8891276 0.83615547 4284900966
1.4768953 1.8705835 0.84573799 4284900966
1.5450844 1.8526409 0.86865723 4284900966
-1.6924644 1.9415379 0.81709039 4279571477
-1.6338352 1.9836972 0.81795543 4278214656
-1.5600019 1.9850481 0.81672668 4278216449
-1.4819399 1.9830049 0.81670117 4278283009
-1.4025923 1.9831033 0.81791365 4278416643
-1.3196039 1.9691211 0.82977104 4278418692
-1.276372 1.9970523 0.82720709 4278485764
-1.1801953 1.9651204 0.85186189 4279868441
1.0083064 1.9904619 0.84043479 4284900966
1.0812573 1.971843 0.83930862 4284900966
1.1621035 1.9511178 0.84212595 4284900966
1.2393583 1.9314704 0.83779705 4284900966
1.3460492 1.9778382 0.84258562 4278216192
1.3943619 1.9659435 0.83893889 4278216192
1.4828833 1.9779505 0.84079391 4278216192
1.5613843 1.9757059 0.83989352 4278216192
1.6397744 1.9564061 0.83980107 4281164846
-1.5536454 2.0427566 0.81374848 4278422019
-1.3719012 2.0269976 0.82633054 4278485764
-1.3431112 2.0609972 0.83831674 4278421763
-1.2466646 2.0446177 0.82521403 4278421251
-1.1394374 2.044961 0.86876923 4279478036
0.96154755 2.0024428 0.83908385 4284900966
1.3304266 2.0462348 0.83949786 4278216192
1.3917898 2.0271728 0.84229475 4278216192
1.4794942 2.0065305 0.83657187 4278216192
1.5615593 2.013767 0.83353966 4278216192
1.6302018 2.0277989 0.83582991 4278740232
-1.638333 2.1195948 0.84304208 4278216192
-1.5567158 2.1178601 0.84246993 4278217472
-1.4869902 2.1251748 0.83919209 4278284545
-1.4000299 2.122828 0.84156519 4278415875
-1.3157024 2.1254888 0.83954751 4278487300
-1.2162082 2.0961318 0.82115334 4278422787
-1.1920575 2.1361117 0.8263343 4278424323
-1.1140705 2.0946567 0.87929285 4279087630
1.2639844 2.1294005 0.84130675 4278216192
1.3170456 2.1202989 0.83620459 4278871306
1.3670784 2.087852 0.80788416 4284900966
-1.6724085 2.2153583 0.81015283 4279474963
-1.4655268 2.2018578 0.83269644 4278427651
-1.3068146 2.1922276 0.83834982 4283803989
-1.2612252 2.2099373 0.8429178 4278425603
-1.1523991 2.2015157 0.835774 4278426627
1.1871443 2.2194247 0.84358507 4278216192
1.2451575 2.2036242 0.83947772 4278216192
1.2951369 2.1941369 0.82815689 4278216192
-1.4417906 2.2495697 0.8525905 4278494725
-1.4211513 2.2800069 0.83623153 4278822409
-1.2973834 2.2743154 0.8393634 4288789409
-1.2283725 2.275718 0.8404991 4278558981
-1.1825088 2.2913752 0.83493197 4278495747
-1.1036438 2.283793 0.84036654 4278429443
1.167449 2.2802458 0.84135854 4278216192
1.2397004 2.2724617 0.83406603 4278216192
-1.2397393 2.3519742 0.83765298 4278428931
-1.1744642 2.3624501 0.84054196 4278561797
-1.0867567 2.3210812 0.80902141 4278430980
1.1010114 2.3684859 0.84206444 4278937867
1.1611457 2.3630466 0.84014958 4278216192
1.2223717 2.3523171 0.82096052 4278216192
-1.2134444 2.4276693 0.83934134 4278430722
-1.1467665 2.438237 0.83821118 4278433027
-1.1136326 2.4731758 0.83699703 4278629638
-0.97256267 2.4540539 0.863823 4279440147
-0.95797217 2.4773185 0.86802042 4279440147
-0.66158003 2.4657099 0.83655542 4279374354
-0.59565234 2.4657016 0.83933777 4279374354
-0.51588362 2.4656918 0.8427043 4279308561
-0.43705082 2.4657264 0.84172446 4279308561
-0.35311678 2.4658051 0.83672237 4279242768
-0.27891967 2.4658062 0.83880812 4279176975
-0.203078 2.4657977 0.84194833 4279111182
-0.12133808 2.4658334 0.84094685 4279045389
-0.038334813 2.4658506 0.84172648 4278979596
0.037651855 2.4659328 0.83610469 4278979596
0.12134067 2.4659066 0.84116429 4278848010
0.2022437 2.4683869 0.84344888 4279374354
0.27784103 2.4708805 0.84047866 4281216558
0.35511741 2.4675338 0.84876055 4280098077
0.76941764 2.4598083 0.84711468 4284900966
1.035992 2.4777329 0.85295123 4278804489
1.0782801 2.4440103 0.83652163 4279200784
1.1596684 2.4322398 0.82973236 4278216192
-1.1497275 2.5051777 0.8428179 4278433795
-1.0806346 2.5143483 0.83814949 4279000588
-0.99951106 2.5222197 0.8377012 4279440147
-0.91871858 2.5258415 0.842031 4279440147
-0.83581907 2.525553 0.83864564 4279440147
-0.75689864 2.5255506 0.83715308 4279374354
-0.67804331 2.5237229 0.83458132 4279374354
-0.59770209 2.523098 0.83302152 4279374354
-0.51974529 2.5234137 0.83391482 4279308561
-0.43957782 2.5225472 0.8337003 4279242768
-0.35863861 2.5230372 0.83679223 4279176975
-0.27816394 2.5264292 0.83653909 4279176975
-0.19958404 2.52565 0.83960015 4279176975
-0.12222607 2.5248675 0.84028262 4279045389
-0.038706373 2.5218022 0.83697957 4278979596
0.0405793 2.5220487 0.83699846 4278979596
0.1164762 2.5213954 0.83752507 4279308561
0.19690019 2.5217047 0.83839363 4280098077
0.28619805 2.5260193 0.83975923 4280229663
0.3592788 2.5230429 0.84172553 4280690214
0.44126979 2.5226009 0.8417964 4280032284
0.51444852 2.5210247 0.84417439 4278913803
0.59838074 2.5176973 0.85128456 4279637526
0.68442976 2.5264046 0.84386176 4279900698
0.75930601 2.5298824 0.8404184 4281282351
0.84156615 2.5301778 0.84222192 4281874488
0.91899246 2.5248988 0.83555663 4281677109
0.99838644 2.5218244 0.83518851 4278979852
1.0747758 2.507463 0.83346993 4279059469
1.1412829 2.4865053 0.82738048 4278216192
-1.0517095 2.5670986 0.82003832 4278499841
-1.0260446 2.6122944 0.81708556 4279809815
-0.1033867 2.5608554 0.82246518 4279111182
-0.042085458 2.5631592 0.81956011 4279045389
0.0383761 2.566103 0.82353294 4278979596
0.11972915 2.5690792 0.82754993 4278913803
0.17277279 2.5710325 0.8289606 4278848010
0.77802861 2.5933585 0.84114981 4287466893
0.84027898 2.595701 0.83781826 4288980132
0.9170295 2.598511 0.8414793 4282664004
0.96149039 2.5910869 0.84182286 4278848010
-0.98652935 2.6822088 0.80891442 4279024649
-0.60494977 3.346566 0.83737433 4286216826
-0.51987183 3.3234153 0.83737433 4287532686
-0.44330186 3.3025792 0.83737433 4288322202
-0.91777569 3.4316859 0.84347862 4282168381
-0.8431676 3.4113889 0.83737433 4287466636
-0.75808978 3.3882382 0.83737433 4287137928
-0.68151975 3.3674018 0.83737439 4286282619
-0.98901981 3.4510596 0.85878748 4278436099
-0.77555341 3.5236728 0.83737451 4289770161
-1.638275 -5.7911949 0.91672862 4289901234
-1.5620233 -5.7692208 0.91672868 4289901234
-1.4857724 -5.7472453 0.91672879 4289901234
-1.4010488 -5.7228312 0.91672873 4289901234
-1.3163252 -5.6984158 0.91672873 4289901234
-1.2654911 -5.6837654 0.91672868 4289901234
-1.2316017 -5.6739988 0.91672885 4289901234
-1.1638231 -5.6544666 0.91672879 4289901234
-1.0790997 -5.6300511 0.91672873 4289901234
-1.0028481 -5.6080766 0.91672879 4289901234
-0.96048653 -5.5958691 0.91672868 4289901234
-0.91812468 -5.5836611 0.91672879 4289901234
-0.84187335 -5.561687 0.91672868 4289901234
-0.75715005 -5.537271 0.91672879 4289901234
-0.70631588 -5.5226216 0.91672868 4289901234
-0.67242646 -5.5128551 0.91672885 4289901234
-0.6046477 -5.4933228 0.91672873 4289901234
-0.51992416 -5.4689064 0.91672868 4289901234
-0.45214537 -5.4493742 0.91672885 4289901234
-0.40978345 -5.4371667 0.91672885 4289901234
-0.35894939 -5.4225178 0.91672879 4289901234
-0.28269833 -5.4005432 0.91672873 4289901234
-0.19797467 -5.3761272 0.91672862 4289901234
-0.14714074 -5.3614779 0.91672868 4289901234
-0.11325128 -5.3517118 0.91672885 4289901234
-0.045472365 -5.3321781 0.91672873 4289901234
0.039251126 -5.3077626 0.91672868 4289901234
0.1070299 -5.2882304 0.91672885 4289901234
0.1493917 -5.2760229 0.91672879 4289901234
0.20022579 -5.261373 0.91672879 4289901234
0.27647692 -5.239399 0.91672873 4289901234
0.36120045 -5.2149835 0.91672868 4289901234
0.41203466 -5.2003336 0.91672862 4289901234
0.45439655 -5.1881266 0.91672879 4289901234
0.51370281 -5.1710348 0.91672873 4289901234
0.38320172 -2.5978675 0.88169736 4278848010
0.43871126 -2.5995791 0.88811314 4278848010
0.51959193 -2.6021309 0.89100444 4278848010
0.60631239 -2.6048467 0.89640844 4278848010
0.67872685 -2.6070986 0.90263587 4278848010
0.75682914 -2.6095681 0.9048292 4278848010
0.83862185 -2.6121259 0.91028279 4278848010
0.91833615 -2.6146131 0.91619408 4278848010
0.99400747 -2.6005366 0.91731888 4278848010
-1.1091861 -2.4897692 0.91935921 4278373634
-0.67228311 -2.534101 0.88895214 4290624957
-0.60502911 -2.5339677 0.88929069 4291151301
-0.51833165 -2.5338056 0.88877755 4278782217
-0.43904892 -2.5336883 0.88537312 4278848010
-0.36046267 -2.533572 0.88199854 4278848010
-0.31491095 -2.533504 0.88004249 4278848010
-0.19473226 -2.5317147 0.89641595 4278848010
-0.11906258 -2.5316451 0.89705157 4278848010
-0.040641144 -2.5316088 0.89432639 4278848010
0.037234258 -2.5315728 0.89162016 4278848010
0.12098159 -2.531534 0.88870972 4278848010
0.19774628 -2.5314651 0.88924527 4278848010
0.28030291 -2.5313933 0.889561 4278848010
0.36223593 -2.5313556 0.88669002 4278848010
0.4435775 -2.5313182 0.88383967 4278848010
0.5181222 -2.5312836 0.88122767 4278848010
1.0800247 -2.5052369 0.88326585 4278604037
-1.141289 -2.4337435 0.91981149 4278439427
1.1048486 -2.4686432 0.8808459 4278216192
-1.2040212 -2.3242648 0.92066997 4278373123
-1.1838107 -2.3575299 0.91664618 4278373378
0.9268198 -2.3665097 0.88572246 4284900966
1.0071428 -2.3612881 0.89431131 4284900966
1.0809587 -2.356468 0.90179557 4284900966
1.1380848 -2.3500481 0.90824658 4284900966
-1.2253052 -2.2737629 0.91578686 4278503683
-1.285875 -2.1815059 0.91687608 4278502148
-1.2609495 -2.2069166 0.91877621 4278437124
1.2671961 -2.2128596 0.88879067 4279197711
1.2896523 -2.1740561 0.88396877 4278347009
-1.3130052 -2.1192081 0.91901547 4278501123
1.3177097 -2.1037443 0.89635181 4281103659
-1.3712255 -2.0209916 0.91311991 4278433539
-1.3467712 -2.0574863 0.91577917 4278434308
1.3455074 -2.0530834 0.8983478 4278216192
1.3683534 -2.0134287 0.89862531 4278216192
-1.643881 -1.9834833 0.91779768 4278487556
-1.5608934 -1.9900486 0.91717416 4278493187
-1.4882339 -1.9910519 0.91457772 4278430467
-1.4121372 -1.992766 0.91570669 4278432515
1.3991899 -1.9893407 0.90192014 4278216192
1.4769905 -1.986851 0.90729034 4278216192
1.5582845 -1.9866885 0.91529667 4278216192
1.6410574 -1.9865401 0.9200753 4278216192
1.5933444 1.8391815 0.91871101 4284900966
1.320693 1.9087894 0.92205703 4284900966
1.4026275 1.8879669 0.916798 4284900966
1.480203 1.8679994 0.92309028 4284900966
1.5495031 1.8503973 0.91823435 4284900966
-1.3800011 1.98979 0.8943693 4278484996
-1.2791294 1.9932723 0.88177246 4278422786
1.0043848 1.9896749 0.92002559 4284900966
1.0823981 1.969721 0.92075837 4284900966
1.1597644 1.9499604 0.92020738 4284900966
1.2387831 1.9297781 0.91961175 4284900966
1.3438604 1.9806358 0.91070008 4278216192
1.3988223 1.9680773 0.91599917 4278216192
1.4848484 1.9738369 0.92019784 4278216192
1.5594271 1.9736071 0.9206019 4278216192
1.6369588 1.9546621 0.91924334 4280902953
-1.3656484 2.0144074 0.8979041 4278486020
-1.3414348 2.0559378 0.9038676 4278421764
-1.2464111 2.0483823 0.88873607 4278490116
0.95995688 2.0001752 0.95804578 4284900966
0.96055317 2.0010254 0.91345072 4284900966
1.331275 2.0481811 0.91822451 4278216192
1.3942997 2.0283773 0.92069936 4278216192
1.4783139 2.0033925 0.92010504 4278216192
1.5592039 2.0035658 0.91709065 4278216192
1.6203992 2.0044906 0.92030001 4278936074
-1.6427079 2.1256785 0.8970117 4278216192
-1.5610529 2.1269734 0.89814693 4278216192
-1.4834403 2.1278932 0.896496 4278281985
-1.3997341 2.128885 0.89471525 4278481411
-1.3110588 2.1273706 0.9097572 4278553348
-1.2113371 2.1060309 0.90005219 4278492420
-1.1878772 2.1442966 0.90841341 4278362884
-1.096734 2.1286204 0.88648504 4279022349
1.2633973 2.1291778 0.91993153 4278216192
1.3145379 2.1169508 0.91927016 4278216192
-1.2977405 2.183023 0.91166675 4281377072
-1.2598104 2.2079909 0.91386247 4278491396
-1.1556902 2.1967969 0.91988492 4278495491
-1.0609455 2.1987278 0.90133113 4281237294
1.1817932 2.2070994 0.92279845 4278216192
1.2474003 2.2051558 0.92150992 4278216192
1.2953054 2.1845739 0.92090082 4278216192
-1.2931482 2.2812307 0.89064568 4287608207
-1.2242191 2.2763801 0.91747618 4278494468
-1.1833934 2.3015301 0.9212817 4278496516
-1.0955721 2.2933624 0.92871922 4278497795
1.1190615 2.3081734 0.94920605 4278216192
1.1643801 2.2754495 0.9173333 4278216192
1.2311203 2.2706504 0.92046976 4278216192
-1.2333119 2.3514829 0.90484196 4278429188
-1.173087 2.3634608 0.91654152 4278562821
-1.0652658 2.345093 0.9499445 4278500099
-1.0352829 2.3956249 0.95624495 4280320543
1.0950009 2.3570902 0.92204291 4278216192
1.159621 2.3617907 0.92063183 4278216192
-1.2125696 2.4282613 0.90207452 4278430722
-1.1461778 2.4350927 0.91362458 4278433539
-1.1166395 2.4712608 0.92024708 4278434563
-0.97254026 2.4533029 0.91832078 4279440147
-0.9579519 2.4765599 0.92282391 4279440147
-0.66156334 2.4649363 0.91129559 4279374354
-0.59564745 2.4649253 0.9143666 4279374354
-0.51589322 2.4649117 0.918082 4279308561
-0.43380529 2.4649484 0.91704315 4279308561
-0.35413012 2.4649558 0.91870159 4279242768
-0.27897748 2.4649434 0.92217284 4279176975
-0.2048769 2.4649763 0.9212321 4279111182
-0.11803023 2.4650409 0.9176448 4279045389
-0.035404749 2.465049 0.91933662 4278979596
0.042541757 2.4650369 0.92287475 4278979596
0.12286852 2.4663928 0.92141271 4278848010
0.19906479 2.4711406 0.91798085 4278848010
0.27879852 2.4692864 0.91853231 4278848010
0.35625738 2.4687619 0.92056113 4278782217
0.44090888 2.4692252 0.91981667 4278848010
0.52366436 2.4662006 0.92104828 4278848010
0.60375959 2.4632022 0.92435801 4280953386
0.67783356 2.4606397 0.92112851 4284900966
0.7567364 2.4576817 0.92451692 4284900966
1.0320537 2.4651248 0.92424411 4278608389
1.0764968 2.4394267 0.91943216 4278216192
1.1256778 2.4204118 0.92119622 4278216192
-1.1496418 2.5044603 0.91007459 4278433795
-1.0829601 2.5118613 0.91180015 4279003147
-0.9985227 2.5223963 0.91052008 4279440147
-0.91618747 2.5228035 0.91418982 4279440147
-0.83319134 2.5240984 0.91460925 4279440147
-0.75412786 2.5232589 0.91459316 4279374354
-0.67624319 2.52226 0.91386425 4279374354
-0.59621751 2.5221586 0.91530567 4279374354
-0.51629633 2.5208268 0.91215742 4279308561
-0.43844622 2.5201867 0.91051936 4279308561
-0.35501829 2.5161281 0.91223419 4279176975
-0.27735245 2.5150611 0.91153604 4279111182
-0.19932514 2.5152438 0.9145484 4279111182
-0.12339299 2.5179577 0.91744894 4279045389
-0.039152917 2.5181832 0.9145835 4278979596
0.039435416 2.5165224 0.91553676 4278979596
0.11972677 2.5204084 0.91359276 4278913803
0.1992584 2.5327115 0.91409904 4278848010
0.28646386 2.5262332 0.91482019 4280032284
0.36088952 2.5223711 0.91600341 4280492835
0.43895191 2.5202267 0.92054772 4280032284
0.52097166 2.518013 0.91715604 4279045389
0.59959984 2.5177391 0.91933966 4279111182
0.67986333 2.5203815 0.91939485 4279571733
0.76196122 2.5211368 0.91762567 4279834905
0.84057558 2.5210791 0.91540605 4279703319
0.91772634 2.523807 0.91654283 4279374354
0.99610215 2.5202465 0.91766757 4279308561
1.0709661 2.5141618 0.91136348 4279516436
0.84006679 2.5952377 0.8820982 4288980132
0.9168064 2.5980442 0.88598377 4282664004
0.96132261 2.5907395 0.88637537 4278848010
-0.60496622 3.3465052 0.91672862 4289901234
-0.5198884 3.3233538 0.91672891 4289901234
-0.44969881 3.3042567 0.91452456 4289901234
-0.91975421 3.432164 0.91672885 4281581108
-0.84318405 3.4113288 0.91672873 4289901234
-0.75810629 3.3881774 0.91672879 4289901234
-0.68153632 3.3673413 0.91672879 4289901234
-1.213279 3.5120111 0.94758868 4278426115
-1.1556557 3.4963403 0.93596613 4278428931
-1.0791832 3.4755447 0.91979551 4278432772
-0.9963243 3.4529996 0.91672879 4278435843
-0.83030123 3.5173898 0.9409759 4288918690
-1.2515651 3.5224252 0.95199728 4278489859
-0.77554625 3.5236104 0.91672891 4289770416
-1.6382923 -5.7911344 0.9960829 4289901234
-1.5620408 -5.7691593 0.99608284 4289901234
-1.48579 -5.7471857 0.99608296 4289901234
-1.4010661 -5.7227697 0.99608296 4289901234
-1.3163428 -5.6983542 0.9960829 4289901234
-1.2655087 -5.6837049 0.99608302 4289901234
-1.2316192 -5.6739388 0.99608302 4289901234
-1.1638404 -5.6544061 0.9960829 4289901234
-1.0791169 -5.6299901 0.9960829 4289901234
-1.0028658 -5.608016 0.99608296 4289901234
-0.96050394 -5.595808 0.99608302 4289901234
-0.91814232 -5.5835996 0.99608284 4289901234
-0.84189111 -5.561626 0.99608278 4289901234
-0.75716758 -5.53721 0.99608308 4289901234
-0.7063334 -5.5225606 0.99608302 4289901234
-0.67244393 -5.5127945 0.99608296 4289901234
-0.60466516 -5.4932618 0.9960829 4289901234
-0.51994169 -5.4688463 0.99608278 4289901234
-0.45216286 -5.4493136 0.99608296 4289901234
-0.40980107 -5.4371057 0.99608296 4289901234
-0.35896698 -5.4224558 0.99608284 4289901234
-0.2827158 -5.4004812 0.99608308 4289901234
-0.19799222 -5.3760667 0.99608308 4289901234
-0.14715827 -5.3614168 0.99608296 4289901234
-0.11326876 -5.3516502 0.99608296 4289901234
-0.045489848 -5.332118 0.99608296 4289901234
0.039233584 -5.3077021 0.9960829 4289901234
0.10701242 -5.2881694 0.99608296 4289901234
0.14937423 -5.2759619 0.99608296 4289901234
0.20020825 -5.2613115 0.99608284 4289901234
0.27645946 -5.2393379 0.9960829 4289901234
0.36118302 -5.2149224 0.9960829 4289901234
0.41201714 -5.2002726 0.99608296 4289901234
0.45437896 -5.1880651 0.9960829 4289901234
0.51368529 -5.1709743 0.99608296 4289901234
-1.1089412 -2.4891386 0.97721261 4278373634
-1.1410413 -2.4331267 0.97718012 4278439427
-1.2037998 -2.3237479 0.97003841 4278373123
-1.1786505 -2.3676138 0.9710353 4278373378
-1.2230663 -2.2704306 0.97289574 4278503683
-1.2593447 -2.1970947 0.97423154 4278437124
-1.301743 -2.1241426 0.97027802 4278501379
-1.3642169 -2.0166249 0.96563613 4278499332
-1.3435408 -2.0521765 0.96873826 4278499844
-1.563023 -1.9967098 0.97744787 4278493187
-1.4870484 -1.996555 0.97165793 4278430724
-1.4081105 -1.9963729 0.96817797 4278432771
1.6628335 -1.9862847 0.96426249 4278216192
1.5920002 1.8377075 0.99956971 4284900966
1.2702886 1.9196978 1.0098622 4284900966
1.319505 1.9073389 1.0000906 4284900966
1.4019873 1.8862879 0.99878079 4284900966
1.4789243 1.8665348 1.0027746 4284900966
1.5481846 1.8489271 0.99863929 4284900966
0.95946032 1.9994674 0.99518943 4284900966
1.0057845 1.9876413 0.99460053 4284900966
1.0818979 1.9680487 1.00082 4284900966
1.1574333 1.9488031 0.99818617 4284900966
1.2346821 1.9290146 1.0002264 4284900966
1.4022855 1.977846 0.97779459 4278216192
1.4843506 1.9727895 0.98465604 4278216192
1.5567626 1.9706081 0.9888292 4278216192
1.6381874 1.9530009 0.99315441 4280902697
1.3425268 2.0495315 0.98287439 4278216192
1.3873459 2.0247567 0.97354072 4278216192
1.4821051 2.0026846 0.97789437 4278216192
1.5578378 2.0028148 0.98416471 4278216192
1.6239125 2.0049093 0.98842543 4278412036
-1.3131673 2.128865 0.98398715 4278619142
1.1953782 2.1587937 1.0141369 4278281728
1.2663939 2.1482904 0.97563595 4278216192
1.3105474 2.1191752 0.98291731 4278216192
-1.2871265 2.1740069 0.98648328 4278359299
-1.2646706 2.2129343 0.98863572 4278360834
1.1708758 2.2040229 1.0033245 4278216192
1.2510056 2.206013 0.98662049 4278216192
1.298526 2.1797533 0.97635734 4278216192
-1.2269963 2.2782428 0.99224681 4278428931
1.1108195 2.3061318 1.0089672 4278216192
1.1570075 2.2743995 0.99058992 4278216192
1.2255838 2.2721651 0.98806858 4278216192
-1.2004635 2.3242373 0.99479014 4278496005
-1.1740404 2.3667958 0.99008024 4278431747
-1.0540059 2.3602424 0.96262968 4278631431
-1.0360901 2.3894453 0.96906441 4281639474
1.0801324 2.3624394 0.99666786 4278216192
1.1584581 2.3600948 0.99553806 4278216192
-1.1384125 2.4298673 0.99149287 4278433539
-1.116061 2.470705 0.99537408 4278434563
-0.98542726 2.4431369 0.98832124 4280953386
-0.95792294 2.4754775 1.0010861 4279440147
-0.18934543 2.4645677 0.96121937 4279111182
-0.11972442 2.4645543 0.9645738 4279045389
-0.035467636 2.4645388 0.96863323 4278979596
0.056537032 2.4726667 0.99614567 4278913803
0.12123828 2.4729095 0.98625648 4278848010
0.19554251 2.4724333 0.98982012 4278848010
0.27714586 2.4699769 0.99105155 4278848010
0.35622534 2.4683952 0.9949345 4278848010
0.44018307 2.4665537 1.0006419 4278848010
0.52288932 2.4635274 1.0019966 4278848010
0.60584974 2.4604905 1.0033556 4281216558
0.68072826 2.4577501 1.0045822 4284900966
0.75582212 2.4550016 1.0058122 4284900966
1.0244802 2.4561458 1.0052552 4278538245
1.0812695 2.4395096 1.0027314 4278216192
1.1248455 2.4179225 1.0005934 4278216192
-1.0842626 2.5133071 0.99663961 4279143182
-0.99316889 2.5278304 0.9924773 4279440147
-0.91271883 2.5174613 0.99289423 4279440147
-0.83429182 2.5170734 0.9907763 4279440147
-0.75567728 2.513814 0.99150527 4279374354
-0.67628288 2.5098433 0.99377322 4279374354
-0.59654796 2.5039694 0.99950564 4279374354
-0.51700139 2.5010574 1.0008324 4279308561
-0.43721539 2.4981363 1.0021633 4279308561
-0.35526767 2.4974482 0.99432892 4279176975
-0.27749372 2.4959974 0.99537039 4279111182
-0.19857596 2.4943683 0.99742097 4279045389
-0.12104541 2.4907012 0.9993487 4279176975
-0.035909623 2.4905319 0.98733652 4278979596
0.037737079 2.4849157 0.98569417 4278913803
0.12465604 2.5236177 0.96209347 4278913803
0.19465415 2.5380831 0.96625692 4278848010
0.2710371 2.5381052 0.96712226 4280690214
0.36392301 2.5381465 0.96440363 4278782217
0.43914172 2.5077307 0.96646953 4282137660
0.52007282 2.5072489 0.96868658 4278848010
0.59878772 2.5074782 0.97346205 4278848010
0.68207675 2.5073018 0.97963035 4278848010
0.76448679 2.5087111 0.98373306 4278848010
0.84189951 2.5102379 0.98889959 4278848010
0.92013657 2.5080042 0.99254143 4278782217
0.99685228 2.5133283 0.99357653 4278782218
1.0720973 2.5035698 1.000067 4278401282
-0.60498291 3.3464439 0.99608296 4289901234
-0.51990503 3.3232932 0.99608308 4289901234
-0.4552452 3.3057008 0.9925561 4289901234
-0.9197709 3.4321029 0.99608296 4281254191
-0.8432008 3.411267 0.99608296 4289901233
-0.75812298 3.3881161 0.9960829 4289901234
-0.68155289 3.3672805 0.9960829 4289901234
-1.2175432 3.5131314 0.99608296 4278425858
-1.1579887 3.4969256 0.99608284 4278494467
-1.0814188 3.47609 0.99608296 4278432515
-0.99634075 3.4529386 0.9960829 4278435843
-0.90549517 3.5088208 1.0063697 4289639854
-0.83686709 3.5166016 0.9960829 4289900978
-1.3877008 3.5594263 1.0049 4278418691
-1.316635 3.5400915 1.0007507 4278421251
-1.2600821 3.5247066 0.9960829 4278423812
-0.7755391 3.5235472 0.99608302 4289900978
-1.6383096 -5.7910728 1.0754372 4289901234
-1.5620584 -5.7690997 1.0754372 4289901234
-1.4858072 -5.7471247 1.0754372 4289901234
-1.4010837 -5.7227087 1.0754371 4289901234
-1.3163604 -5.6982937 1.0754373 4289901234
-1.2655263 -5.6836433 1.0754373 4289901234
-1.2316366 -5.6738782 1.0754373 4289901234
-1.1638581 -5.6543446 1.0754373 4289901234
-1.0791343 -5.62993 1.0754372 4289901234
-1.0028833 -5.6079545 1.0754373 4289901234
-0.96052134 -5.595747 1.0754373 4289901234
-0.91815966 -5.5835395 1.0754373 4289901234
-0.84190863 -5.5615654 1.0754372 4289901234
-0.75718498 -5.5371494 1.0754372 4289901234
-0.70635104 -5.5225 1.0754373 4289901234
-0.67246145 -5.5127339 1.0754373 4289901234
-0.60468268 -5.4932008 1.0754373 4289901234
-0.51995909 -5.4687862 1.0754372 4289901234
-0.4521803 -5.4492526 1.0754373 4289901234
-0.40981856 -5.4370451 1.0754372 4289901234
-0.35898441 -5.4223952 1.0754373 4289901234
-0.28273332 -5.4004211 1.0754373 4289901234
-0.19800971 -5.3760056 1.0754372 4289901234
-0.14717567 -5.3613563 1.0754372 4289901234
-0.11328626 -5.3515902 1.0754373 4289901234
-0.045507401 -5.332057 1.0754372 4289901234
0.039216124 -5.307642 1.0754372 4289901234
0.10699494 -5.2881093 1.0754373 4289901234
0.14935666 -5.2759008 1.0754373 4289901234
0.20019074 -5.2612524 1.0754373 4289901234
0.27644202 -5.2392774 1.0754372 4289901234
0.36116546 -5.2148619 1.0754372 4289901234
0.41199961 -5.2002125 1.0754372 4289901234
0.4543615 -5.1880045 1.0754373 4289901234
0.51366782 -5.1709132 1.0754373 4289901234
1.2697085 1.9189751 1.0485979 4284900966
1.3186738 1.9063244 1.0546787 4284900966
1.4055508 1.8840014 1.0599885 4284900966
1.4779021 1.8653642 1.0664768 4284900966
1.5487759 1.8471996 1.0687593 4284900966
1.1658456 1.9456379 1.0433522 4284900966
1.2293739 1.9292228 1.0513072 4284900966
1.0743479 2.3599441 1.0425119 4278216192
-0.97248572 2.4514809 1.0506053 4279440147
-0.95790273 2.4747195 1.0558498 4279440147
-0.0026590228 2.4795544 1.0894789 4278979596
0.04985103 2.4783726 1.0681771 4278913803
0.11954707 2.4758778 1.0676334 4278913803
0.19305487 2.4731843 1.0689366 4278848010
0.27496269 2.4701829 1.0703886 4278848010
0.35712087 2.4671721 1.0718453 4278848010
0.43953037 2.4641519 1.073306 4278848010
0.52219254 2.4611235 1.0747714 4278848010
0.60510838 2.4580846 1.0762414 4281216558
0.6799466 2.4553423 1.0775682 4284900966
0.75499994 2.4525921 1.0788985 4284900966
1.0232203 2.4465859 1.0483673 4278538501
1.0469167 2.4064307 1.0456536 4278216192
-0.90999788 2.5110092 1.0578935 4279440147
-0.83375061 2.5105486 1.0586145 4279440147
-0.75495183 2.5076606 1.0600232 4279374354
-0.67591727 2.5047641 1.0614361 4279374354
-0.5966453 2.5018585 1.0628533 4279374354
-0.51713508 2.4989448 1.0642747 4279308561
-0.43738565 2.4960217 1.0657004 4279308561
-0.35739574 2.4930899 1.0671306 4279242768
-0.27716434 2.4901497 1.0685649 4279176975
-0.19669034 2.4872005 1.0700035 4279111182
-0.11394058 2.4842341 1.0694846 4279045389
-0.036665857 2.4816444 1.0636003 4278979596
0.013817728 2.4802871 1.0497452 4278979596
0.93880653 2.48476 1.0418636 4278848010
0.98496008 2.4845214 1.0486009 4278848010
-0.60499948 3.3463836 1.0754372 4289901234
-0.51992166 3.3232322 1.0754372 4289901234
-0.46249276 3.3076105 1.0688243 4289901234
-0.91978729 3.4320416 1.0754372 4281778486
-0.84321755 3.4112058 1.0754372 4289900978
-0.75813955 3.3880548 1.0754372 4289901234
-0.68156946 3.3672192 1.0754373 4289901234
-1.2175598 3.5130706 1.0754373 4278425603
-1.1580054 3.4968643 1.0754373 4278494212
-1.0804526 3.4766316 1.0767937 4278891018
-0.99641967 3.4719553 1.0795382 4283087434
-0.91571027 3.5076087 1.0754373 4289901233
-0.83686006 3.5165386 1.0754373 4289901234
-1.3877157 3.5593722 1.0754373 4278418435
-1.319653 3.5408514 1.0754373 4278420995
-1.2600987 3.5246453 1.0754373 4278489091
-0.77553201 3.5234845 1.0754373 4289901234
-1.638327 -5.7910123 1.1547917 4289901234
-1.5620761 -5.7690372 1.1547915 4289901234
-1.4858247 -5.7470636 1.1547916 4289901234
-1.4011014 -5.7226477 1.1547916 4289901234
-1.3163778 -5.6982322 1.1547916 4289901234
-1.2655437 -5.6835833 1.1547915 4289901234
-1.2316542 -5.6738167 1.1547915 4289901234
-1.1638755 -5.6542845 1.1547916 4289901234
-1.0791519 -5.6298685 1.1547915 4289901234
-1.0029008 -5.6078949 1.1547915 4289901234
-0.96053898 -5.5956869 1.1547916 4289901234
-0.91817731 -5.5834794 1.1547915 4289901234
-0.84192598 -5.5615048 1.1547915 4289901234
-0.75720251 -5.5370889 1.1547915 4289901234
-0.70636845 -5.522439 1.1547916 4289901234
-0.67247891 -5.5126739 1.1547915 4289901234
-0.60470015 -5.4931402 1.1547916 4289901234
-0.51997668 -5.4687247 1.1547915 4289901234
-0.45219782 -5.449192 1.1547915 4289901234
-0.40983599 -5.4369845 1.1547916 4289901234
-0.35900196 -5.4223337 1.1547915 4289901234
-0.28275079 -5.4003606 1.1547914 4289901234
-0.19802719 -5.3759451 1.1547917 4289901234
-0.14719316 -5.3612952 1.1547915 4289901234
-0.11330382 -5.3515296 1.1547915 4289901234
-0.045524858 -5.331996 1.1547916 4289901234
0.0391986 -5.3075805 1.1547916 4289901234
0.10697743 -5.2880483 1.1547915 4289901234
0.1493392 -5.2758408 1.1547916 4289901234
0.20017329 -5.2611914 1.1547915 4289901234
0.2764245 -5.2392163 1.1547915 4289901234
0.36114797 -5.2148013 1.1547915 4289901234
0.41198218 -5.2001514 1.1547916 4289901234
0.45434403 -5.1879439 1.1547916 4289901234
0.5136503 -5.1708522 1.1547915 4289901234
-0.60501605 3.3463223 1.1547916 4289901234
-0.51993823 3.3231711 1.1547916 4289901234
-0.46888974 3.3092878 1.1459743 4289901234
0.90330631 3.3537576 1.1724257 4289901234
-0.91980398 3.4319811 1.1547914 4289442475
-0.84323406 3.4111454 1.1547915 4289835697
-0.75815612 3.3879936 1.1547916 4289901234
-0.68158615 3.3671584 1.1547914 4289901234
0.68809175 3.4327278 1.1812429 4289901234
0.75431091 3.4084275 1.1812429 4289967027
0.84329468 3.3757784 1.17463 4289572269
-1.2175764 3.5130093 1.1547915 4278491140
-1.1542394 3.4938881 1.1592002 4280460578
-1.0792397 3.4811652 1.1556448 4283216460
-0.99984425 3.4752204 1.1547918 4286232186
-0.91570318 3.5075459 1.1547915 4289901234
-0.83685291 3.5164759 1.1547916 4289901234
0.65498233 3.4448786 1.1812429 4287072135
-1.3877321 3.5593112 1.1547915 4278418436
-1.3196697 3.5407906 1.1547916 4278420996
-1.2601155 3.5245848 1.1547915 4278423555
-0.77552485 3.5234215 1.1547915 4289901234
