# .PCD v0.7 - Point Cloud Data file format
VERSION 0.7
FIELDS x y z rgb
SIZE 4 4 4 4
TYPE F F F U
COUNT 1 1 1 1
WIDTH 14458
HEIGHT 1
VIEWPOINT 0 0 0 1 0 0 0
POINTS 14458
DATA ascii
-1.0979605 1.6838322 -0.55836606 4288387995
-1.0575713 1.3972445 -0.50336862 4288387995
-1.0638397 1.4417238 -0.51190442 4288387995
-1.0117108 1.4311863 -0.50189853 4288387995
-1.0702832 1.4874419 -0.5206778 4288387995
-1.0174333 1.4768142 -0.51054311 4288387995
-1.0769086 1.5344582 -0.52970058 4288387995
-1.0233178 1.5237362 -0.51943308 4288387995
-1.0837245 1.5828199 -0.53898138 4288387995
-1.029372 1.5720029 -0.52857763 4288387995
-1.0907384 1.6325966 -0.5485338 4288387995
-1.0356027 1.6216761 -0.53798872 4288387995
-1.0420171 1.6728255 -0.54767954 4288387995
-0.98593473 1.6617844 -0.53696507 4288387995
1.1699281 -1.6927911 -0.45180714 4278848010
-0.5034402 -1.6469076 -0.49215952 4288191643
-0.48015487 -1.6305833 -0.47695756 4288322715
-0.42945462 -1.5556954 -0.46901259 4288322715
-1.0341123 1.2307762 -0.47142264 4288387995
-1.0397475 1.2707655 -0.47909677 4288387995
-1.0455315 1.3118129 -0.48697406 4288387995
-1.0514712 1.3539532 -0.49506089 4288387995
-1.5221319 1.6369051 -0.45490798 4291480266
-1.5079076 1.6730102 -0.45394477 4291348680
1.1375405 -1.6712257 -0.4206166 4278848010
1.1580931 -1.6900327 -0.43555 4278848010
1.0952533 -1.6121578 -0.40921968 4278848010
1.1154501 -1.6302226 -0.42429 4278848010
1.0766373 -1.5745201 -0.41524076 4278848010
1.1011837 -1.5975313 -0.4325549 4278848010
1.0399795 -1.5173202 -0.41104901 4278848010
1.0564544 -1.5415127 -0.41436982 4278848010
-0.36088729 -1.4711637 -0.44756097 4288387995
0.99757832 -1.4539633 -0.40353954 4278848010
1.0171082 -1.4833678 -0.40678686 4278848010
0.99059504 -1.4442863 -0.40158373 4278848010
-0.29716033 -1.3925986 -0.42762357 4288387995
-1.008073 0.93960613 -0.41019928 4288387995
-1.0325489 0.97612 -0.41289243 4288387995
-1.0479413 1.0242029 -0.42014813 4288387995
-1.3561324 1.3484826 -0.40156594 4288387995
-1.2928776 1.3262544 -0.40648359 4288387995
-1.3439369 1.3753827 -0.40609482 4288387995
-1.2738949 1.3660245 -0.41329196 4288453788
-1.4029541 1.4124829 -0.40338555 4288387995
-1.3908858 1.4405948 -0.40803835 4288387995
-1.3252108 1.4166924 -0.41304982 4288387995
-1.4579015 1.4651408 -0.4029429 4288387995
-1.3723445 1.4837896 -0.41518763 4288387995
-1.3060381 1.4589802 -0.42016935 4288387995
-1.2929475 1.4878583 -0.42503133 4288387995
-1.5151073 1.5197794 -0.40246111 4288387995
-1.4340692 1.5239902 -0.41251463 4288387995
-1.3533491 1.5280465 -0.42251271 4288387995
-1.2728312 1.5322258 -0.43250096 4288387995
-1.569061 1.592363 -0.40442401 4288453275
-1.5035936 1.5500309 -0.40729427 4288453275
-1.4918635 1.5808561 -0.41221905 4288387995
-1.4156401 1.5694964 -0.41991612 4288387995
-1.3337635 1.5736725 -0.43006435 4288387995
-1.2522166 1.5776939 -0.44015607 4288387995
-1.6366366 1.6360533 -0.40146056 4288191645
-1.5577682 1.6240827 -0.40939975 4288387995
-1.5233537 1.6442286 -0.43438062 4291480266
-1.4738204 1.6282661 -0.41979358 4288387995
-1.403046 1.6005925 -0.42497376 4288387995
-1.3902121 1.6322809 -0.43012774 4288387995
-1.3136847 1.6204505 -0.43780664 4288387995
-1.6258154 1.6687084 -0.40648785 4288387997
-1.5149012 1.6747113 -0.42511919 4291151301
-1.4553132 1.6768911 -0.42756209 4288387995
-1.3704646 1.6810434 -0.43805888 4288387995
-1.2929633 1.6687253 -0.44579673 4288387995
1.0937772 -1.6641767 -0.35751194 4278848010
1.1156149 -1.6777371 -0.37947214 4278848010
1.0793011 -1.6237466 -0.37278423 4278848010
1.1035777 -1.6462647 -0.39013577 4278848010
1.0394828 -1.5678066 -0.36235741 4278848010
1.0604522 -1.5811317 -0.38315642 4278848010
0.99683475 -1.5038476 -0.35502514 4278848010
1.0238467 -1.5265871 -0.37652874 4278848010
0.98526299 -1.4687972 -0.36982524 4278848010
1.0075929 -1.4873099 -0.38787237 4278848010
0.94280207 -1.4092054 -0.35864818 4278848010
0.96610409 -1.4277335 -0.37823096 4278848010
0.92936397 -1.3741549 -0.37047181 4278848010
0.95645106 -1.3969723 -0.39202142 4278848010
0.88850075 -1.314936 -0.36148918 4278848010
0.90832615 -1.3400767 -0.36925378 4278848010
0.867486 -1.2782501 -0.36278176 4278848010
0.83371949 -1.2286639 -0.35597754 4278848010
0.81150049 -1.1961119 -0.35142714 4278848010
-1.2072784 0.7671982 -0.35240045 4288387995
-1.1965657 0.78451824 -0.35565397 4288387995
-1.2823502 0.83903402 -0.35178339 4288387995
-1.2308167 0.82494766 -0.35625145 4288519581
-1.3192787 0.88156766 -0.35230625 4288322202
-1.2611014 0.87618947 -0.35855907 4288387995
-1.2090601 0.86150181 -0.3630181 4288256409
-1.1922704 0.88970751 -0.36823928 4288256409
-1.3576709 0.92578888 -0.35285011 4288387995
-1.3035142 0.91030681 -0.35746756 4288387995
-1.2873586 0.93976527 -0.36275804 4288387995
-1.2169939 0.93812287 -0.3638168 4285822068
-1.1813058 0.93328452 -0.3635551 4285427310
-1.0084453 0.94060951 -0.37812951 4287993237
-1.4027343 0.96158481 -0.35163873 4288387995
-1.3924977 0.98200393 -0.3551918 4288387995
-1.3313247 0.97597861 -0.36172402 4288387995
-1.2617036 0.98269135 -0.36204547 4285427310
-1.235788 0.96169806 -0.3606818 4284900966
-1.0314779 0.96999186 -0.37447864 4287664272
-1.4392095 1.0197031 -0.3540045 4288387995
-1.3714958 1.0239094 -0.36248365 4288387995
-1.3096037 1.0173604 -0.36904064 4288190616
-1.2851145 1.0247922 -0.36285165 4285295724
-1.0540668 1.0249377 -0.36567149 4286019447
-1.0494504 1.0111467 -0.38506293 4288387995
-1.4825559 1.0696287 -0.35461816 4288387995
-1.4133577 1.0738572 -0.3632752 4288387995
-1.3444195 1.0779371 -0.37188494 4288387995
-1.2950259 1.0710472 -0.36032924 4284835173
-1.5893333 1.1406027 -0.3501578 4288387995
-1.5277686 1.1217034 -0.35525817 4288387995
-1.462236 1.1144474 -0.36216381 4288387995
-1.4465857 1.1489664 -0.36797544 4288387995
-1.3865392 1.130044 -0.37289393 4288387995
-1.3219529 1.1227605 -0.37968448 4288387995
-1.6383632 1.1959213 -0.35071981 4288387995
-1.5749706 1.1760707 -0.35592663 4288387995
-1.5077434 1.1683581 -0.36298013 4288387995
-1.4305069 1.1844357 -0.37394711 4288387995
-1.3642694 1.1766937 -0.38087997 4288387995
-1.3046501 1.1572853 -0.38569206 4288387995
-1.2928647 1.1808009 -0.38978407 4288256409
-1.6242961 1.2328844 -0.35662526 4288387995
-1.5552864 1.2246737 -0.36383176 4288387995
-1.4870524 1.2165579 -0.37095776 4288387995
-1.4084725 1.2330389 -0.38212994 4288387995
-1.3412609 1.224895 -0.38913167 4288387995
-1.6850708 1.2665281 -0.35331109 4288387995
-1.605005 1.2835727 -0.36472347 4288387995
-1.534933 1.2749343 -0.37200651 4288387995
-1.465662 1.2663908 -0.37920564 4288387995
-1.3856918 1.2832861 -0.39058951 4288387995
-1.3174767 1.2747221 -0.39766169 4288387995
-1.6665535 1.318541 -0.36147031 4288387996
-1.5850426 1.3360219 -0.37310302 4288387995
-1.5138755 1.3269284 -0.38046318 4288387995
-1.443536 1.3179369 -0.3877371 4288387995
-1.3681182 1.3220494 -0.39711574 4288387995
-1.6522596 1.3586862 -0.36776775 4288387995
-1.6425052 1.3860846 -0.37206572 4288387993
-1.5696319 1.3765161 -0.3795726 4288387995
-1.4920769 1.380754 -0.3892177 4288387995
-1.4206355 1.3712907 -0.39656782 4288387995
-1.6275222 1.4281662 -0.37866682 4288387993
-1.5591149 1.4041523 -0.38398787 4288387995
-1.5484091 1.4322805 -0.38848177 4288387995
-1.4752432 1.4223188 -0.39597806 4288387995
-1.6926022 1.4671566 -0.37545851 4288387741
-1.6121758 1.4712666 -0.38542789 4288322713
-1.5319601 1.4755001 -0.39538676 4288387995
-1.6729038 1.5266025 -0.38461035 4288453276
-1.6016945 1.5007086 -0.39004636 4288387995
-1.5910184 1.5306926 -0.39474994 4288453275
-1.6576672 1.572583 -0.39168915 4288387993
-1.5801426 1.5612392 -0.39954174 4288584347
-1.6472517 1.6040125 -0.39652771 4288322715
-1.5192573 1.681921 -0.38013956 4291414473
1.0788211 -1.6744443 -0.32391837 4278848010
1.1060623 -1.6968073 -0.34614456 4278848010
1.0395793 -1.6177195 -0.315155 4278848010
1.0597116 -1.6311516 -0.33451796 4278848010
0.9960627 -1.5557431 -0.30455711 4278848010
1.0223136 -1.5762893 -0.32692805 4278848010
0.98623574 -1.5219873 -0.32091162 4278848010
1.0074044 -1.534958 -0.34236479 4278848010
0.94238842 -1.461318 -0.3085455 4278848010
0.96565872 -1.4788474 -0.32902518 4278848010
0.93039709 -1.4241359 -0.32469901 4278848010
0.95492685 -1.4446263 -0.34437823 4278848010
0.88953435 -1.3644717 -0.31613946 4278848010
0.9099862 -1.3827454 -0.33141837 4278848010
0.84970915 -1.3070254 -0.3071304 4278848010
0.87367839 -1.3286922 -0.32479936 4278848010
0.83660597 -1.2715005 -0.31993872 4278848010
0.85978407 -1.2906073 -0.33877465 4278848010
0.7926175 -1.2093486 -0.30875459 4278848010
0.81470436 -1.2259207 -0.32825509 4278848010
0.79482841 -1.1875098 -0.33300015 4278848010
0.80316633 -1.1926205 -0.34144869 4278848010
-0.039115041 -1.005827 -0.32982558 4288387995
-0.060210843 -0.99246436 -0.30969331 4283020360
-0.018781358 -0.98258424 -0.31346789 4288387995
0.023808504 -0.9785741 -0.31510088 4288387995
0.056175321 -0.96776491 -0.30798322 4286545791
0.086534441 -0.91948521 -0.30756664 4288387995
-1.3776741 0.4916532 -0.30063966 4288387995
-1.336919 0.47530985 -0.30357587 4288387995
-1.4067311 0.52940464 -0.30154294 4288387995
-1.3605846 0.5192855 -0.30583033 4288387995
-1.3188009 0.52402532 -0.31130892 4288387995
-1.2926925 0.54425728 -0.31671521 4288387995
-1.428516 0.58345973 -0.305177 4288387995
-1.3809688 0.57268584 -0.30955476 4288387995
-1.3251721 0.57655221 -0.31658778 4288387995
-1.2741637 0.57314342 -0.32222006 4288387995
-1.509573 0.63639331 -0.3016828 4288387995
-1.464262 0.61722732 -0.30483297 4288387995
-1.420392 0.6301778 -0.31150055 4288387995
-1.3762692 0.62710214 -0.316358 4288387995
-1.3323947 0.62394947 -0.3211771 4288387995
-1.280213 0.62025827 -0.32691559 4288387995
-1.2357402 0.63304555 -0.3336356 4288387995
-1.5296031 0.67086047 -0.30327505 4288387995
-1.488708 0.67614257 -0.30871069 4288387995
-1.4297234 0.68019944 -0.3161422 4288387995
-1.3755111 0.67614079 -0.32207832 4288387995
-1.3217858 0.67211598 -0.32796046 4288387995
-1.2685405 0.66813177 -0.33379093 4288387995
-1.2158142 0.66410899 -0.33955535 4288387995
-1.6285964 0.74750292 -0.30038509 4288387995
-1.5794071 0.72599846 -0.30372456 4288387995
-1.5230032 0.72161549 -0.30988216 4288387995
-1.4671202 0.71727043 -0.31598246 4288387995
-1.4072065 0.72125155 -0.32351488 4288387995
-1.3751271 0.72759831 -0.32803214 4288387995
-1.3292637 0.72391146 -0.33302471 4288387995
-1.28776 0.72928268 -0.3385427 4288387995
-1.2385057 0.7166993 -0.34291425 4288387995
-1.6167099 0.77371949 -0.3047989 4288387995
-1.5588747 0.76901478 -0.31108868 4288387995
-1.5260776 0.77560008 -0.31571794 4288387995
-1.4927974 0.78188461 -0.32036951 4288387995
-1.4402514 0.76845932 -0.32503304 4288387995
-1.3742977 0.78125381 -0.33429074 4288387995
-1.3180851 0.77654904 -0.34038863 4288387995
-1.262398 0.77189255 -0.34643033 4288322202
-1.2178462 0.75010526 -0.34918952 4288387995
-1.6596317 0.81450444 -0.3044132 4288387995
-1.6261749 0.82130951 -0.30914566 4288387995
-1.5921955 0.82779264 -0.31390265 4288387995
-1.5332367 0.82271928 -0.32028246 4288387995
-1.4702507 0.82687217 -0.32819775 4288387995
-1.4122353 0.82183439 -0.33447018 4288387995
-1.3548224 0.81676221 -0.34066778 4288387995
-1.3448529 0.83494174 -0.34393269 4288387995
-1.2979119 0.81182313 -0.34682125 4288387995
-1.6926142 0.88558066 -0.3086794 4288387995
-1.6314435 0.88017315 -0.3152822 4288387995
-1.5709172 0.87472647 -0.32180446 4288387995
-1.5109876 0.86933118 -0.328262 4288387995
-1.4516915 0.86390376 -0.33464146 4288387995
-1.4421866 0.88286257 -0.33794034 4288387995
-1.3829972 0.87753516 -0.34431851 4288387995
-1.3347416 0.85337114 -0.34724239 4288387995
-1.6766533 0.92499334 -0.3150897 4288387995
-1.6104472 0.92908913 -0.32337832 4288387995
-1.5533899 0.91338658 -0.32831329 4288387995
-1.5444077 0.93319726 -0.33164859 4288387995
-1.4832268 0.92748946 -0.33821824 4288387995
-1.4227043 0.92173547 -0.3447046 4288387995
-1.2007071 0.94582653 -0.3357431 4284900966
-1.1807578 0.94085473 -0.32652605 4284900966
-1.011903 0.94491905 -0.33386722 4284900966
-1.656091 0.97576332 -0.32334727 4288387995
-1.5930536 0.96961325 -0.33008552 4288387995
-1.5259862 0.97383243 -0.33848989 4288387995
-1.4591577 0.97791004 -0.3468498 4288387995
-1.2578727 0.99009252 -0.32777879 4284900966
-1.2265091 0.96301466 -0.3237839 4284900966
-1.0510075 0.99770677 -0.31793517 4284900966
-1.0317967 0.96739924 -0.32624024 4284900966
-1.6995461 1.0351644 -0.32503647 4288387995
-1.6390452 1.0178552 -0.3301934 4288387995
-1.5705223 1.0220996 -0.33877257 4288387995
-1.5070919 1.0155067 -0.34550616 4288387995
-1.4973998 1.0368867 -0.34910572 4288387995
-1.277033 1.0227745 -0.32465807 4284900966
-1.0586787 1.0216753 -0.32490212 4284900966
-1.686991 1.0681484 -0.33030605 4288387995
-1.6169481 1.0724213 -0.33906838 4288387995
-1.5519307 1.0654142 -0.34594172 4288387995
-1.5423889 1.087644 -0.34962094 4288387995
-1.2890389 1.063601 -0.3209039 4284835173
-1.0631031 1.0552351 -0.33133507 4284900966
-1.6653863 1.1249175 -0.33937588 4288387995
-1.5987025 1.1174726 -0.34639585 4288387995
-1.6475354 1.1718239 -0.34686989 4288387995
-1.6985683 1.2286218 -0.3473649 4288387995
-1.5228398 1.6955067 -0.33554202 4291480266
1.0386285 -1.6669898 -0.26689273 4278848010
1.0603704 -1.6833442 -0.28604957 4278848010
0.99589217 -1.6063889 -0.25623375 4278848010
1.0210083 -1.6252425 -0.27840096 4278848010
0.98523265 -1.5726314 -0.27126205 4278848010
1.0054715 -1.5853103 -0.2915093 4278848010
0.94190252 -1.513721 -0.25805229 4278848010
0.96402127 -1.5273577 -0.28038904 4278848010
0.92786312 -1.4735687 -0.27375796 4278848010
0.95334393 -1.4941571 -0.29486042 4278848010
0.88986611 -1.4161421 -0.2676453 4278848010
0.911062 -1.4349462 -0.28360745 4278848010
0.84549654 -1.3540696 -0.25577822 4278848010
0.87131566 -1.3767295 -0.27545479 4278848010
0.83681202 -1.3233469 -0.27107662 4278848010
0.86022359 -1.3407904 -0.29186329 4278848010
0.79410368 -1.2615258 -0.26162073 4278782217
0.81544113 -1.2797477 -0.27836061 4278782217
0.78769672 -1.2320526 -0.27936584 4278782217
0.80409837 -1.2477126 -0.29066515 4278848010
-0.10922766 -1.0016307 -0.29160148 4278503939
-0.11515522 -0.96494901 -0.26272014 4278503939
-0.073106453 -0.96619755 -0.28028953 4278569476
-0.023869617 -0.96087605 -0.28430787 4282366015
0.026194032 -0.9600091 -0.27817529 4285953655
0.070391342 -0.967264 -0.27130896 4284900966
0.10957366 -0.95725256 -0.25811756 4284900966
-0.10755223 -0.94821298 -0.25192544 4278569732
-0.06773141 -0.94538152 -0.25875333 4278504196
-0.026128054 -0.94320333 -0.25747442 4279287568
0.013192788 -0.94703209 -0.25531498 4284704612
0.093881249 -0.92794329 -0.29406926 4284900966
0.11895318 -0.92105693 -0.27086514 4284835173
0.13636078 -0.87925225 -0.27842629 4285427310
0.16093951 -0.86549419 -0.26015922 4284835173
0.17596336 -0.82976818 -0.2664589 4285558896
0.20424193 -0.80666316 -0.25009418 4284900966
0.19008446 -0.79182434 -0.27517021 4288387995
0.21184193 -0.77296847 -0.26326939 4288387995
0.23217005 -0.74773705 -0.25701803 4288387995
0.25076216 -0.71701849 -0.25618678 4288387995
-1.5167941 0.19488883 -0.2501359 4288387995
-1.5233757 0.22709148 -0.25305599 4288387995
-1.4900379 0.23660092 -0.25808498 4288387995
-1.573926 0.2801972 -0.25318423 4288387995
-1.5178353 0.28019089 -0.25980717 4288387995
-1.4656565 0.27460974 -0.26532829 4288387995
-1.6608629 0.34816587 -0.25072202 4288387995
-1.6195658 0.33406988 -0.25398031 4288387995
-1.5757117 0.32608667 -0.25824255 4288387995
-1.5289983 0.3239902 -0.26351821 4288387995
-1.4826425 0.32190847 -0.2687532 4288387995
-1.4328889 0.32569444 -0.27506357 4288387995
-1.6725061 0.37384331 -0.25229555 4288387995
-1.6327475 0.37826654 -0.25749832 4288387995
-1.5778713 0.37430057 -0.26352331 4288387995
-1.5245219 0.37298015 -0.26967192 4288387995
-1.4770151 0.37065294 -0.27501464 4288387995
-1.4260201 0.37436655 -0.28146338 4288387995
-1.3906218 0.39158607 -0.28762054 4288387995
-1.6745043 0.41933143 -0.25728238 4288387995
-1.6180732 0.42968646 -0.26513544 4288387995
-1.5685673 0.42705274 -0.27067927 4288387995
-1.5194612 0.42444062 -0.27617833 4288387995
-1.4707503 0.42184722 -0.28163269 4288387995
-1.4224298 0.41927946 -0.28704429 4288387995
-1.3663118 0.42948639 -0.29484326 4288387995
-1.6736716 0.47381607 -0.26363686 4288387995
-1.6276864 0.47814646 -0.26956448 4288387995
-1.5769378 0.47524872 -0.27522478 4288387995
-1.5266094 0.47237286 -0.2808378 4288387995
-1.4769278 0.47654122 -0.28718352 4288387995
-1.427254 0.47367376 -0.29272026 4288387995
-1.3901805 0.4714275 -0.29684025 4288387995
-1.6758267 0.52400839 -0.26914555 4288387995
-1.6200374 0.52800786 -0.27619293 4288387995
-1.5681332 0.52482772 -0.28195712 4288387995
-1.5166686 0.52167785 -0.28767312 4288387995
-1.4616426 0.5255385 -0.29461452 4288387995
-1.4192392 0.50839341 -0.29765353 4288387995
-1.6585538 0.56018984 -0.27533948 4288387995
-1.6301874 0.58139235 -0.28112403 4288387995
-1.5907352 0.58647209 -0.28636616 4288387995
-1.5415064 0.5755561 -0.29092631 4288387995
-1.4890051 0.57211429 -0.29673108 4288387995
-1.4453242 0.55406892 -0.29981726 4288387995
-1.6843617 0.62449735 -0.27967584 4288387995
-1.6259691 0.62845618 -0.28702614 4288387995
-1.5715867 0.62468034 -0.29301468 4288387995
-1.5217432 0.61320835 -0.29758352 4288387995
-1.659042 0.68034649 -0.28907859 4288387995
-1.6070466 0.66809595 -0.2938121 4288387995
-1.5756226 0.67429221 -0.29823458 4288387995
-1.69384 0.7348119 -0.29122314 4288387995
-1.64021 0.72188526 -0.29607207 4288387995
-1.678875 0.76967502 -0.29699343 4288387995
-1.1778641 0.94725555 -0.27828002 4284900966
-1.2517763 0.99487114 -0.2807267 4284900966
-1.2247449 0.97185761 -0.27493212 4284900966
-1.1895039 0.95257246 -0.26756328 4284900966
-1.0516191 0.99244422 -0.27564341 4284900966
-1.033262 0.96781129 -0.27531609 4284900966
-1.2689534 1.0234765 -0.27717185 4284900966
-1.063601 1.0199351 -0.27280572 4284900966
-1.2831492 1.0691239 -0.27438918 4284900966
-1.0717384 1.062008 -0.27553764 4284900966
-1.2820849 1.1063161 -0.25414616 4283387727
0.99635947 -1.6555144 -0.2103703 4278848010
1.0196832 -1.6755975 -0.22851256 4278848010
0.9843502 -1.623073 -0.22199742 4278848010
1.0046064 -1.6366992 -0.24137358 4278848010
0.94166225 -1.5619808 -0.21188179 4278848010
0.96335137 -1.580027 -0.22934955 4278848010
0.92619747 -1.5221146 -0.22504252 4278848010
0.95237011 -1.5424525 -0.2474864 4278848010
0.8901329 -1.4695534 -0.21739586 4278848010
0.90962791 -1.4824367 -0.23626298 4278848010
0.84896517 -1.4065741 -0.21149521 4278979596
0.87050021 -1.426067 -0.22734447 4278848010
0.83976966 -1.3697366 -0.23178051 4279176975
0.85633135 -1.3918136 -0.2372468 4278848010
0.81965154 -1.32725 -0.24000628 4278782217
0.85901672 -1.3354989 -0.20202188 4288387995
0.79734951 -1.2842247 -0.24526149 4278453252
0.80484784 -1.2871914 -0.24153809 4281413937
0.84281969 -1.2418171 -0.21408866 4288453788
0.79261625 -1.1919549 -0.24703537 4288387995
0.82783413 -1.1551199 -0.22525346 4288322202
0.86189044 -1.1195022 -0.20418993 4288453788
0.1288262 -1.0036733 -0.20122242 4287072135
0.84699988 -1.0415792 -0.21513164 4288453788
-0.13795331 -0.95229977 -0.24301857 4278503939
0.04123801 -0.95053291 -0.24298055 4284900966
0.075674333 -0.96374828 -0.22514911 4284966759
0.11589895 -0.98384529 -0.22130066 4285756275
0.15687495 -0.95509815 -0.20741093 4286611584
-0.11854378 -0.92311871 -0.22027455 4278503940
-0.074078538 -0.92293704 -0.22573847 4278699784
-0.024661331 -0.9282105 -0.22629111 4282746693
0.024032218 -0.94035554 -0.22342022 4284835429
0.13541055 -0.94207948 -0.23936954 4284900966
0.16320965 -0.9194234 -0.22322874 4285624689
0.18147206 -0.87800002 -0.22956592 4285032552
0.20070499 -0.8791908 -0.20768347 4286085240
0.19538879 -0.83446372 -0.24206688 4285164138
0.22052036 -0.82393318 -0.22112773 4285229931
0.23658545 -0.77803183 -0.23278655 4287598479
0.26160106 -0.76093072 -0.21617557 4288387995
0.24305493 -0.74203598 -0.24867742 4288519581
0.27573776 -0.72291225 -0.22491798 4288387995
0.30612242 -0.70901036 -0.20034964 4288256409
0.28995657 -0.68175179 -0.23557855 4288387995
0.31917056 -0.67053318 -0.21058396 4288387995
0.32845226 -0.63252747 -0.22466341 4288387995
0.35475877 -0.61242515 -0.20855065 4288387995
0.37369603 -0.57634526 -0.21076714 4288387995
0.39720917 -0.54999685 -0.20172313 4288387995
0.41207024 -0.52036786 -0.20430338 4288387995
-1.1133933 -0.10464883 -0.2006242 4288387995
-1.6787789 -0.057645738 -0.20201018 4288387995
-1.1232862 -0.079462618 -0.20373182 4288387995
-1.6773119 -0.0245186 -0.20598711 4288387995
-1.6483047 -0.01013422 -0.2110645 4288387995
-1.1306826 -0.034345984 -0.20949864 4288387995
-1.6743978 0.028443232 -0.21241261 4288387995
-1.6269393 0.023172995 -0.21741188 4288387995
-1.6791129 0.071790874 -0.21683308 4288387995
-1.6270452 0.071729347 -0.2229747 4288387995
-1.5857296 0.087417521 -0.22965497 4288387995
-1.67623 0.12218972 -0.2229604 4288387995
-1.6242517 0.12795384 -0.22976041 4288387995
-1.573999 0.12814212 -0.23571648 4288387995
-1.5486575 0.14521456 -0.24066944 4288387995
-1.669824 0.17728665 -0.23004326 4288387995
-1.6214609 0.18125062 -0.23620953 4288387995
-1.572742 0.17621171 -0.24138424 4288387995
-1.5328923 0.16979048 -0.24535285 4288387995
-1.6810315 0.22200318 -0.23385406 4288387995
-1.6331584 0.22563747 -0.23992461 4288387995
-1.580943 0.22158477 -0.24562554 4288387995
-1.6722057 0.27274573 -0.24072257 4288387995
-1.6236689 0.27542788 -0.24676223 4288387995
-1.5726098 0.25072086 -0.2499551 4288387995
-1.6764117 0.31854573 -0.24548492 4288387995
-1.6324499 0.31057858 -0.24976143 4288387995
-1.696766 0.37491763 -0.24955399 4288387995
-1.0161023 0.87020028 -0.20351553 4290953922
-1.1701604 0.94952106 -0.24813278 4284900966
-1.2219733 0.97959965 -0.22602615 4284900966
-1.1829025 0.95715058 -0.22552481 4284900966
-1.0542427 0.99249178 -0.21965656 4284900966
-1.0365591 0.97095346 -0.22835858 4284900966
-1.2631977 1.0288645 -0.22653721 4284900966
-1.2475328 1.0051833 -0.22080697 4284900966
-1.0682336 1.0213752 -0.22665821 4284900966
-1.2750367 1.0644939 -0.21992157 4284900966
-1.0804039 1.0687784 -0.21953291 4284900966
-0.22017711 -1.6884404 -0.1537355 4290888129
0.98358494 -1.6725384 -0.17384559 4278848010
1.0039577 -1.6849995 -0.19451326 4278848010
0.94154209 -1.6116338 -0.16458082 4278782217
0.96208304 -1.6306676 -0.17928061 4278782217
0.92877716 -1.5735861 -0.18032226 4278782217
0.95135891 -1.5926083 -0.19828752 4278848010
0.89637822 -1.5145736 -0.18464223 4280032284
0.90783775 -1.5303156 -0.18798184 4278848010
0.88420409 -1.4869881 -0.19139937 4278716424
0.93427849 -1.498209 -0.15100083 4288453788
0.87088525 -1.4420145 -0.19400041 4281282351
0.91394204 -1.3918149 -0.1659437 4288519581
0.89521581 -1.2938553 -0.17970304 4288256409
0.93015265 -1.2536552 -0.15816273 4288256409
0.87791991 -1.2033498 -0.19241215 4288256409
0.91183615 -1.1661885 -0.17146645 4288322202
0.94463354 -1.1302435 -0.15121205 4288453788
0.14108247 -1.0578079 -0.15477188 4289440683
0.89484316 -1.0850365 -0.18380894 4288322202
0.92674494 -1.0516688 -0.16407807 4288387995
0.12842636 -1.0204165 -0.17025298 4288190616
0.15930086 -1.0250145 -0.16003637 4289177511
0.87903488 -1.0095415 -0.19529097 4288322202
0.074956827 -0.96736699 -0.174053 4286151033
0.11285432 -0.99173176 -0.18411638 4287072135
0.17925906 -0.97652215 -0.16906554 4288585374
0.91008562 -0.97848141 -0.17606021 4288190616
-0.11338565 -0.90113115 -0.19272253 4278569477
-0.070847146 -0.90321219 -0.18920562 4282224701
-0.025333488 -0.91126037 -0.17695133 4284835429
0.02574645 -0.93450016 -0.17375211 4284966759
0.18429318 -0.93237466 -0.19174922 4287269514
0.21367578 -0.92119616 -0.16654341 4288453788
0.8945325 -0.9101485 -0.18724687 4288256409
0.94019359 -0.94836581 -0.15741332 4288387995
-0.10664348 -0.88976508 -0.17236812 4280070685
-0.077487439 -0.89318132 -0.16854431 4283595346
-0.044863284 -0.89815909 -0.15562463 4284900966
0.22882794 -0.87338108 -0.18043117 4287532686
0.25056982 -0.87445092 -0.15580669 4288848546
0.92388368 -0.8820225 -0.16904572 4288387995
0.95238578 -0.85471022 -0.15137114 4288322202
0.23863697 -0.83353192 -0.19504191 4286545791
0.26698837 -0.82106072 -0.17184579 4287730065
0.90860617 -0.81988168 -0.17994191 4288256409
0.28286111 -0.78051782 -0.18025108 4288059030
0.30872747 -0.76434451 -0.16210224 4288387995
0.93643242 -0.79429317 -0.1626664 4288387995
0.29932314 -0.73352635 -0.19216153 4288387995
0.32626772 -0.72389454 -0.16865116 4288387995
0.94789678 -0.71415079 -0.15683833 4288387995
0.33675277 -0.68491685 -0.18202703 4288387995
0.3645269 -0.66519469 -0.16405521 4288387995
0.34833288 -0.64727902 -0.1933409 4288387995
0.37694642 -0.62444293 -0.17643537 4288387995
0.40020698 -0.60241961 -0.16490465 4288387995
0.38587666 -0.58506364 -0.19178128 4288387995
0.41636986 -0.57436824 -0.16504261 4288387995
0.42987093 -0.52914065 -0.17909382 4288387995
0.45662054 -0.51104718 -0.16120863 4288387995
0.44425532 -0.48655787 -0.19048178 4288387995
0.46960548 -0.47265705 -0.1714565 4288387995
0.48800057 -0.43753371 -0.17365879 4288387995
0.51058424 -0.41887355 -0.1607226 4288387995
0.53234994 -0.37870672 -0.16243792 4288387995
0.55017132 -0.3594414 -0.15513167 4288387995
0.56760317 -0.33017498 -0.15465039 4288387995
-1.0626478 -0.15824273 -0.17439304 4284900966
-1.0216233 -0.17567056 -0.17306839 4284900966
-0.98676598 -0.18217142 -0.17537649 4284900966
-1.1076043 -0.11543297 -0.17497753 4287664272
-1.0849476 -0.14127168 -0.17518575 4287927444
-1.6917702 -0.077897467 -0.19815077 4288387995
-1.1267278 -0.077177979 -0.17613736 4287072135
-1.1365001 -0.035505295 -0.16972485 4285887861
-0.98756301 0.78301656 -0.15764025 4288190616
-0.92905104 0.78285897 -0.16068536 4287927444
-0.87163562 0.7786305 -0.1581289 4288124823
-0.81959689 0.77828068 -0.15749058 4287795858
-0.77823621 0.78333509 -0.1595535 4288124823
-0.72556669 0.78535551 -0.1600519 4288651167
-0.67552894 0.78313679 -0.15853068 4288519581
-0.62817174 0.78103703 -0.15709093 4288387995
-0.57627648 0.78322452 -0.15767702 4288322202
-0.52393258 0.78396845 -0.15756309 4288387995
-0.47171476 0.78360128 -0.15691474 4288387995
-0.42416462 0.7863422 -0.15780647 4288387995
-0.37642896 0.78421533 -0.15635057 4288387995
-0.3249667 0.78282148 -0.15521412 4288387995
-0.27765909 0.77803677 -0.1524806 4288387995
-0.23016292 0.77686262 -0.15148616 4288387995
-1.004571 0.84013557 -0.17072186 4289638062
-0.98585033 0.81982136 -0.17060874 4288651167
-0.92313135 0.82502604 -0.18095724 4289638062
-0.87467551 0.82540196 -0.18070085 4289967027
-0.82702619 0.82112104 -0.17820738 4289967027
-0.77638388 0.82369298 -0.17898984 4290361785
-0.73076147 0.82279235 -0.17814404 4290493371
-0.67939323 0.81642568 -0.1746114 4290559164
-0.62678862 0.81214786 -0.17207463 4289111718
-0.57148284 0.81107223 -0.1710566 4288322202
-0.52134782 0.80646801 -0.16838467 4288387995
-0.47437277 0.8052904 -0.16739346 4288387995
-0.4195205 0.80005014 -0.16437216 4288387995
-1.020476 0.8739385 -0.17251773 4290559164
-0.97169375 0.85605443 -0.19635169 4290690750
-0.92085004 0.85580599 -0.19577327 4290888129
-0.87221134 0.85550463 -0.19518866 4291019715
-1.2167289 0.9856059 -0.17445078 4284900966
-1.1820612 0.96539509 -0.17249385 4284900966
-1.0561433 0.99309874 -0.17431778 4284900966
-1.0410215 0.97578681 -0.17689459 4284900966
-1.2580872 1.03523 -0.1771286 4284900966
-1.2422558 1.0109769 -0.17391406 4284900966
-1.0742924 1.0244987 -0.17393805 4284900966
-1.2697756 1.071677 -0.17632121 4284900965
-1.0862241 1.0669146 -0.17568287 4284900966
-1.2733861 1.1018848 -0.16932501 4284835173
-0.18951073 -1.6641228 -0.13551679 4291282887
0.68350035 -1.6877199 -0.10179377 4288387995
0.82111245 -1.6732253 -0.10734022 4288387995
0.97135228 -1.674329 -0.13231641 4281677109
1.009477 -1.6934283 -0.11703114 4288387995
1.183556 -1.6673833 -0.12364361 4288387995
1.2084166 -1.693167 -0.12613416 4288387995
1.3999245 -1.6533663 -0.13282432 4288387995
1.4293344 -1.6811873 -0.13563021 4288387995
1.6832694 -1.6619238 -0.1462574 4288387995
-0.15947843 -1.6403081 -0.11767492 4291480266
-0.13986683 -1.6247555 -0.10602412 4288387995
0.78123182 -1.6244049 -0.1029539 4288387995
0.94229531 -1.62134 -0.11898488 4285887861
0.95702016 -1.6338671 -0.12641969 4284835173
1.1352705 -1.6173134 -0.11880648 4288387995
1.1591396 -1.642066 -0.12119767 4288387995
1.3712995 -1.6262888 -0.13009331 4288387995
1.6312776 -1.6173897 -0.14154071 4288387995
1.6598911 -1.6418947 -0.14413647 4288387995
-0.1582917 -1.5976136 -0.14366573 4291019715
-0.12003058 -1.567901 -0.12053416 4291282887
0.75540698 -1.5927894 -0.10011347 4288387995
0.89132488 -1.5599458 -0.10462074 4288387995
0.91559476 -1.5873661 -0.10717001 4288387995
0.99478722 -1.5623233 -0.11121679 4288585374
1.0850931 -1.5652789 -0.11377981 4288387995
1.109906 -1.5910084 -0.11626549 4288387995
1.2977031 -1.5566678 -0.12307174 4288387995
1.3248483 -1.582345 -0.12566157 4288387995
1.5756233 -1.569718 -0.13649172 4288387995
1.6031237 -1.5932716 -0.13898654 4288387995
-0.11008954 -1.5203354 -0.14000061 4291019715
0.86452085 -1.5296659 -0.10180533 4288387995
1.0370393 -1.5154449 -0.10896586 4288387995
1.0626576 -1.5420104 -0.11153225 4288387995
1.24524 -1.507039 -0.11806638 4288387995
1.2701743 -1.5306274 -0.1204453 4288387995
1.4960513 -1.5015607 -0.12927298 4288387995
1.5273917 -1.528404 -0.13211614 4288387995
-0.073652625 -1.4926167 -0.11760212 4291414473
-0.046987116 -1.4723365 -0.10120812 4289111718
0.97142369 -1.4507461 -0.12818645 4288322202
1.0119654 -1.4894415 -0.10645398 4288387995
1.1908257 -1.4555647 -0.1128749 4288387995
1.2198774 -1.4830472 -0.11564662 4288387995
1.4455054 -1.4582666 -0.12468746 4288387995
1.4705904 -1.4797506 -0.12696317 4288387995
-0.064835846 -1.4478393 -0.13652392 4291019715
-0.03024441 -1.4220623 -0.11491647 4291414473
1.0071875 -1.4050474 -0.10622054 4288322202
1.3968124 -1.4165542 -0.12027002 4288387995
1.4209781 -1.4372567 -0.12246235 4288387995
1.6825156 -1.4064472 -0.13283294 4288387995
-0.022390068 -1.3797891 -0.1332965 4291019715
0.002515316 -1.3616042 -0.11749987 4291348680
1.6422577 -1.3755014 -0.12936607 4288387995
1.6593802 -1.3886631 -0.13084063 4288387995
0.023390412 -1.3231 -0.1191104 4291217094
0.9499529 -1.3482069 -0.14378136 4288453788
0.98467684 -1.3061601 -0.12241106 4288256409
0.049293101 -1.2929037 -0.10988428 4291480266
1.018183 -1.2655861 -0.10179036 4288453788
0.078062654 -1.2392122 -0.11253522 4291282887
0.96388829 -1.214841 -0.13736291 4288387995
0.091007471 -1.1980525 -0.12459801 4290953922
0.11033422 -1.1735945 -0.11341711 4291151301
0.99648595 -1.1773314 -0.11726496 4288453788
0.093706787 -1.1270509 -0.10176044 4290756543
0.12295452 -1.1196902 -0.11858401 4290690750
0.098883927 -1.0555065 -0.10657857 4289901234
0.12030056 -1.0740558 -0.12492391 4290032820
0.1661714 -1.0751143 -0.12043884 4290822336
0.97636127 -1.095477 -0.13161801 4288322202
1.0070735 -1.0618222 -0.11265118 4288387995
0.089563131 -1.0172174 -0.11636131 4288980132
0.1101348 -1.0301201 -0.13411011 4289045925
0.1853603 -1.0315313 -0.12717579 4290493371
0.20453715 -1.019238 -0.11392041 4290953922
0.95764494 -1.0193483 -0.14496677 4288256409
0.044356942 -0.95874232 -0.11625551 4287203721
0.069145329 -0.98019987 -0.1268927 4287730065
0.22377549 -0.97418147 -0.12154479 4290559164
0.98758841 -0.98803091 -0.12644695 4288387995
1.0166215 -0.95766163 -0.10849042 4288322202
-0.017595397 -0.90931731 -0.12570351 4285098345
0.019981531 -0.93418288 -0.12833618 4285887861
0.23573503 -0.92688173 -0.13861832 4289769648
0.26683646 -0.92060763 -0.10838406 4290888129
0.96940249 -0.91914606 -0.13932328 4288387995
-0.10020822 -0.87764096 -0.14475422 4284769639
-0.074383289 -0.88127708 -0.12515219 4284835429
-0.039067686 -0.89690191 -0.12131232 4284900966
0.27543128 -0.87500894 -0.12807523 4290032820
0.99774897 -0.89079547 -0.1217671 4288387995
1.0252745 -0.86326027 -0.10471966 4288387995
0.28952783 -0.83584976 -0.13759057 4289506476
0.31659749 -0.82019711 -0.11779242 4289045925
0.98007584 -0.82817423 -0.13420017 4288453788
1.0069877 -0.80238354 -0.11751193 4288782753
0.33254296 -0.77519691 -0.12899026 4288387995
0.35663468 -0.76708323 -0.10766672 4288387995
0.96349072 -0.76940835 -0.14586781 4288585374
1.0331527 -0.77730894 -0.10128655 4288387995
0.34386605 -0.7307179 -0.14491081 4288387995
0.37054753 -0.72103095 -0.12174741 4288387995
0.98981237 -0.74519861 -0.12952678 4288387995
1.0154239 -0.7216469 -0.11362624 4288387995
0.38424104 -0.67959219 -0.13314213 4288387995
0.41013283 -0.66445553 -0.11431061 4288387995
0.98618793 -0.68030345 -0.13304082 4288190616
0.39461493 -0.64309794 -0.14505295 4288387995
0.42363808 -0.62480462 -0.12479195 4288387995
0.98297143 -0.6197654 -0.13621373 4288387995
1.0231595 -0.64762402 -0.11006336 4288322202
0.44064319 -0.57947826 -0.13504775 4288387995
0.46342707 -0.57122564 -0.11523715 4288387995
0.99156386 -0.55376887 -0.13195553 4288387995
1.0185981 -0.5894534 -0.11405042 4288387995
0.47887236 -0.5261544 -0.12704772 4288387995
0.50555038 -0.51595354 -0.10419507 4288387995
1.0256619 -0.52581161 -0.11072363 4288387995
0.48769847 -0.48476037 -0.14379561 4288387995
0.5183332 -0.47156659 -0.11849957 4288387995
1.0321997 -0.46690536 -0.10764456 4288387995
0.53532016 -0.42532572 -0.12936017 4288387995
0.55724835 -0.421018 -0.10796937 4288387995
0.54148459 -0.39111382 -0.14444645 4288387995
0.57108068 -0.37293962 -0.12347856 4288387995
0.60191888 -0.35207206 -0.10286465 4288387995
0.58640969 -0.33159122 -0.13303684 4288387995
0.61486101 -0.3174268 -0.11076535 4288387995
0.62659442 -0.27722681 -0.12354873 4288387995
0.65773183 -0.25422585 -0.10396925 4288387995
0.64230371 -0.24035013 -0.12982912 4288387995
0.66628796 -0.2224533 -0.11486275 4288387995
-1.0587456 -0.15694979 -0.12772526 4284900966
-1.0261533 -0.16851468 -0.1255047 4284900966
-0.99303818 -0.17429399 -0.12903668 4284900966
0.69028777 -0.18553278 -0.11204264 4288387995
0.70790434 -0.16535525 -0.10554583 4288387995
-1.1080462 -0.11664589 -0.12512231 4285756275
-1.0842292 -0.139927 -0.12443727 4286940549
0.72536188 -0.13501132 -0.10572412 4288387995
-1.1312197 -0.0779332 -0.12382529 4284900966
-1.1430905 -0.034195472 -0.12302128 4284900966
-1.6421986 0.64887035 -0.10253852 4288387995
-1.6940055 0.65692568 -0.10688902 4288387995
-1.5799242 0.65888184 -0.10680218 4288387995
-1.5323278 0.65111369 -0.10262814 4288387995
-1.4309394 0.65318376 -0.1027104 4288387995
-1.3370969 0.65509993 -0.10278689 4288387995
-1.0704374 0.67042321 -0.10387309 4288387995
-1.0282073 0.68346053 -0.1102385 4288387995
-0.97133571 0.67780268 -0.1104283 4288387995
-0.92525923 0.68332511 -0.11267416 4288387995
-0.87435389 0.6774103 -0.10936352 4288387995
-0.82655591 0.68065661 -0.11049682 4288387995
-0.77581358 0.68190289 -0.11063965 4288387995
-0.72860366 0.68424863 -0.11134404 4288387995
-0.67809802 0.6818285 -0.10972153 4288387995
-0.62393612 0.68414456 -0.11034895 4288387995
-0.5729453 0.68629038 -0.11092287 4288387995
-0.52483392 0.68303066 -0.10891747 4288387995
-0.47660708 0.68616813 -0.10999439 4288387995
-0.42404509 0.68697572 -0.10990919 4288387995
-0.37371311 0.68596047 -0.10896543 4288387995
-0.32266587 0.68694597 -0.10897958 4288387995
-0.27311093 0.68726951 -0.10868822 4288387995
-0.22532155 0.68841404 -0.10880859 4288387995
-0.17609866 0.68921262 -0.10874897 4288387995
-0.12543838 0.69049972 -0.10891218 4288387995
-0.075742863 0.68915844 -0.10781713 4288387995
-0.033545159 0.68766356 -0.10671557 4288387995
1.5168706 0.67986906 -0.10029713 4288387995
-1.0160406 0.72742826 -0.11920997 4288387995
-0.97500587 0.72147471 -0.131512 4288387995
-0.92480582 0.72598249 -0.13323155 4288387995
-0.87594736 0.72380054 -0.13173887 4288387995
-0.82497978 0.72517216 -0.1319399 4288387995
-0.77348965 0.72506267 -0.13142236 4288387995
-0.72125697 0.72449124 -0.13067532 4288387995
-0.67187029 0.7239511 -0.12996913 4288387995
-0.62356722 0.72628522 -0.13065818 4288387995
-0.57437426 0.72676057 -0.1304432 4288387995
-0.52586395 0.72551823 -0.12940651 4288387995
-0.47382876 0.72397041 -0.12819064 4288387995
-0.42357403 0.72735769 -0.12936963 4288387995
-0.37518606 0.72522932 -0.12790701 4288387995
-0.32705837 0.72518796 -0.12745272 4288387995
-0.27404299 0.7252782 -0.12701742 4288387995
-0.2232658 0.72494888 -0.12640049 4288387995
-0.17567909 0.72512251 -0.12605454 4288387995
-0.12581119 0.71934205 -0.12281809 4288387995
-0.081119694 0.70779431 -0.11684854 4288387995
1.4968259 0.74366802 -0.10122395 4288387995
1.5041343 0.72040772 -0.10088608 4288387995
-1.0022207 0.76061159 -0.11933928 4287861651
-0.99543607 0.7810384 -0.12988135 4286940549
-0.9179585 0.75335318 -0.14636289 4288387995
-0.82455415 0.75751114 -0.14752392 4288387995
-0.76923507 0.755988 -0.14629027 4288387995
-0.71953773 0.75767511 -0.1466551 4288387995
-0.67001581 0.75622749 -0.14551024 4288387995
-0.61245877 0.76026696 -0.14693743 4288387995
-0.5685131 0.7588349 -0.14585091 4288387995
-0.52008569 0.75725758 -0.14465305 4288387995
-0.47470993 0.75999969 -0.14556536 4288387995
-0.42507488 0.76132327 -0.14575532 4288387995
-0.37433258 0.76028013 -0.14479443 4288387995
-0.32366037 0.76159775 -0.14497215 4288387995
-0.27302274 0.76299763 -0.14518987 4288387995
-0.22665903 0.76052624 -0.14357996 4288387995
-0.18417451 0.75383919 -0.13997295 4288387995
-0.055013239 0.7751013 -0.10838642 4288387995
-0.027551744 0.77819628 -0.10720627 4288387995
0.012257606 0.79347456 -0.10273595 4288387995
1.4876566 0.77286702 -0.10164841 4288387995
-1.0012063 0.84228826 -0.14167584 4289045925
-0.99715322 0.82290834 -0.12254884 4285558896
0.029130936 0.80465448 -0.1010446 4288387995
1.4710619 0.82569581 -0.10241608 4288519581
-1.0100181 0.87511832 -0.12263715 4289901234
-0.99982774 0.85093409 -0.10583749 4288519581
1.4487644 0.89668751 -0.10344781 4286414205
1.4562184 0.87294823 -0.10310268 4287269514
-1.0271556 0.90914482 -0.12045527 4290690750
1.4412781 0.92050999 -0.10379377 4285690482
-1.2123866 0.99137688 -0.12887588 4284900966
-1.1816844 0.97325701 -0.1251975 4284900966
-1.056269 0.99202955 -0.12635596 4284900966
-1.0439844 0.97965527 -0.13196097 4284900966
-1.2531488 1.0429976 -0.12622987 4284900966
-1.2358135 1.0170703 -0.1223083 4284900966
-1.0761002 1.0208254 -0.12351463 4284900966
0.076243028 1.0275555 -0.10261321 4291348680
-1.2629633 1.0738472 -0.12455654 4284965990
-1.0927489 1.0657582 -0.12051692 4284900966
0.034350593 1.0755184 -0.10896561 4291480266
0.053438038 1.0601958 -0.10419537 4291480266
-0.26097548 -1.6970073 -0.0589981 4288387995
-0.21119206 -1.6755254 -0.05451712 4288387995
-0.16701451 -1.6783367 -0.059668712 4288322202
-0.12078621 -1.6750042 -0.061528049 4288387995
-0.066517852 -1.6789709 -0.06105547 4288387995
-0.011317942 -1.6753381 -0.063054562 4288387995
0.021206703 -1.6806986 -0.065746084 4288387995
0.065474689 -1.6687262 -0.070028998 4288387995
0.12385305 -1.6706331 -0.069356926 4288387995
0.17953773 -1.6794131 -0.07173872 4288387995
0.22556759 -1.6700064 -0.078719534 4288387995
0.26914382 -1.6752144 -0.073806651 4288387995
0.3269906 -1.6765026 -0.083328806 4288387995
0.36247352 -1.6694164 -0.078511849 4288387995
0.43113449 -1.6787647 -0.088276334 4288387995
0.45768473 -1.6769413 -0.083094664 4288387995
0.53581733 -1.664657 -0.093817271 4288387995
0.55441117 -1.6916168 -0.091719314 4288387995
0.66060716 -1.657492 -0.099160396 4288387995
1.0203065 -1.6841804 -0.092681766 4288322202
-0.22334002 -1.6140133 -0.050463777 4288387995
-0.18185584 -1.6293284 -0.052265238 4288387995
-0.12740111 -1.6261159 -0.06060737 4288322202
-0.079159744 -1.6209474 -0.057475567 4288387995
-0.039699286 -1.620563 -0.059431721 4288387995
0.013965647 -1.6261767 -0.061992317 4288387995
0.073516764 -1.6272275 -0.065909877 4288387995
0.13486032 -1.6368014 -0.069949113 4288387995
0.16903591 -1.6113833 -0.07149189 4288387995
0.21553238 -1.6293849 -0.07363528 4288387995
0.28950664 -1.6239622 -0.078506604 4288387995
0.30192745 -1.63952 -0.081781544 4288387995
0.38739994 -1.6270167 -0.08352682 4288387995
0.40668106 -1.643803 -0.086806342 4288387995
0.49365491 -1.6048595 -0.088750906 4288387995
0.51118851 -1.6297302 -0.090857819 4288387995
0.63515556 -1.6238892 -0.096232794 4288387995
1.0583093 -1.6296214 -0.069451667 4288256409
-0.2223281 -1.5771933 -0.051110554 4288387995
-0.17214976 -1.5703146 -0.05370136 4288387995
-0.11406013 -1.5771909 -0.060868859 4288387995
-0.069329485 -1.5731373 -0.061050262 4288387995
-0.018842271 -1.5693823 -0.059878904 4288387995
0.039511934 -1.5791062 -0.064017527 4288387995
0.095428824 -1.5907493 -0.066591874 4288387995
0.10295784 -1.5772396 -0.067182586 4288387995
0.16212368 -1.5931436 -0.069848433 4288387995
0.37483472 -1.5954509 -0.082812846 4288387995
0.47723821 -1.5815754 -0.086778216 4288387995
0.58937997 -1.5634508 -0.090967357 4288387995
0.60909909 -1.5894892 -0.093235627 4288387995
0.73863733 -1.572262 -0.098269083 4288387995
1.3649409 -1.560504 -0.050039575 4288387995
1.5770805 -1.5789979 -0.054048121 4288387995
-0.25471205 -1.5203457 -0.050431512 4288387995
-0.22430365 -1.5231583 -0.051888578 4288387995
-0.18078417 -1.5261345 -0.05399077 4288387995
-0.13346595 -1.5348536 -0.056187809 4288387995
-0.074051946 -1.536396 -0.070191741 4288322202
-0.048074305 -1.5247037 -0.068201534 4288387995
0.71215057 -1.5398369 -0.095355868 4288387995
0.84595823 -1.5086898 -0.099855512 4288387995
1.0316428 -1.5124873 -0.088631071 4288387995
1.3620214 -1.5306042 -0.050089043 4288387995
1.5719264 -1.5250767 -0.054139353 4288387995
-0.66044277 -1.4771981 -0.051402017 4288387995
-0.61883819 -1.4708105 -0.055856392 4288387995
-0.57440561 -1.46292 -0.059591044 4288387995
-0.52903694 -1.4602228 -0.068526074 4288387995
-0.27229077 -1.4829968 -0.050168347 4288387995
-0.22917181 -1.4922122 -0.05214946 4288387995
-0.023312548 -1.4799334 -0.070281863 4288387995
1.0670962 -1.4645435 -0.066904716 4288585374
1.3568054 -1.4771866 -0.050177354 4288387995
1.5668815 -1.4723006 -0.054228652 4288387995
-0.55302364 -1.4491392 -0.051850393 4288387995
-0.51872575 -1.4449937 -0.056591652 4288387995
-0.47162676 -1.4364163 -0.060346786 4288387995
-0.42974916 -1.4237888 -0.05890787 4288387995
-0.38009563 -1.4093099 -0.057672679 4288387995
-0.012351811 -1.4459875 -0.079917483 4288387995
0.012956023 -1.4267349 -0.064360306 4288387995
1.351952 -1.4274865 -0.050259482 4288387995
1.5622933 -1.4242733 -0.054310046 4288387995
-0.35319844 -1.3964117 -0.052174512 4288387995
-0.31943357 -1.3889729 -0.053633869 4288387995
-0.27596653 -1.3747739 -0.05109667 4288387995
0.019971171 -1.3846422 -0.083549313 4288387995
0.052378893 -1.3604939 -0.063305438 4288387995
1.0416448 -1.3610189 -0.085056968 4288322202
1.3469183 -1.3759588 -0.050344534 4288387995
1.5576982 -1.3762003 -0.054391377 4288387995
0.034894466 -1.3379648 -0.096961699 4290427578
0.066807881 -1.3234295 -0.071115561 4288322202
1.0748669 -1.3185678 -0.064652205 4288453788
1.3432739 -1.3386161 -0.050406404 4288387995
1.5549402 -1.3473365 -0.054440267 4288387995
0.084240198 -1.2763638 -0.081987657 4289111718
0.12073823 -1.2287588 -0.07222873 4288980132
1.0505338 -1.2264097 -0.081880674 4288256409
0.13959055 -1.1751512 -0.08574564 4289374890
0.15772292 -1.1833625 -0.060530089 4288387995
1.0817863 -1.1885697 -0.062646613 4288453788
0.077967763 -1.1124932 -0.086525835 4290690750
0.17411196 -1.1258651 -0.079246409 4289309097
0.20242673 -1.1214885 -0.050866701 4288387995
1.0279994 -1.1410751 -0.097835243 4288585374
1.058485 -1.1059952 -0.079039454 4288453788
0.043004852 -1.0751573 -0.052015275 4290559164
0.07388936 -1.073239 -0.079255179 4290361785
0.19777718 -1.0803114 -0.08231432 4289901234
0.2155837 -1.0732278 -0.067237429 4288387995
1.0879894 -1.0720491 -0.060848419 4288256409
0.044600174 -1.0222703 -0.058435358 4289835441
0.066124775 -1.0289593 -0.080443233 4289703855
0.2328351 -1.028667 -0.076732494 4289374890
1.0368186 -1.0292238 -0.0942818 4288585374
0.031108776 -0.97414982 -0.071483567 4288585374
0.056006461 -0.99034041 -0.091097854 4288716960
0.24018031 -0.98282659 -0.097953975 4291414473
0.26913479 -0.97592831 -0.070482507 4288782753
1.0796093 -0.98233533 -0.067855634 4288322202
-0.019738955 -0.91616768 -0.073277913 4286545791
0.011768713 -0.9421854 -0.081921116 4287401100
0.28787774 -0.93308645 -0.077236563 4289967027
0.31811681 -0.90782493 -0.060092162 4288387995
1.0447828 -0.92820692 -0.091072977 4288519581
-0.073218212 -0.87703848 -0.075826712 4285032552
-0.042500686 -0.89685792 -0.075314417 4285690482
0.29180986 -0.89895952 -0.094727091 4291414473
0.32367629 -0.87039351 -0.077903323 4289111718
1.0853772 -0.88575232 -0.065965496 4288256409
0.33977216 -0.82794183 -0.087322667 4288322202
0.36428046 -0.82162654 -0.064374305 4288387995
1.0650024 -0.82352561 -0.080114596 4288387995
-1.6182656 -0.75914067 -0.052638981 4288387995
0.37814802 -0.77706635 -0.077595353 4288322202
0.41060951 -0.75827491 -0.053866677 4288387995
1.058602 -0.75292218 -0.085505135 4288453788
1.1032548 -0.78526235 -0.056423608 4288387995
1.5913398 -0.76138461 -0.050453033 4284900966
-1.6537595 -0.70653856 -0.065590397 4288387995
-1.6351391 -0.72197539 -0.05651873 4288387995
0.391974 -0.73284358 -0.090646304 4288387995
0.41826776 -0.72170722 -0.068814859 4288387995
0.55686033 -0.70892441 -0.050579011 4288387995
0.96371543 -0.7223081 -0.051597156 4288387995
1.0833656 -0.72918928 -0.07014899 4288387995
1.1154157 -0.7051518 -0.055156611 4288387995
1.2816505 -0.70761222 -0.051449101 4288387995
1.5972434 -0.74529207 -0.050995976 4284900966
1.6071858 -0.71819824 -0.051910307 4284900966
-1.6615425 -0.66974396 -0.063698746 4288387995
-1.6422305 -0.68553758 -0.054249626 4288387995
0.43346056 -0.67772472 -0.080184929 4288387995
0.45915273 -0.66154742 -0.062238779 4288387995
0.54178065 -0.67276347 -0.051025838 4288387995
0.55214047 -0.69760275 -0.050719019 4288387995
0.64620662 -0.65995526 -0.053506091 4288387995
0.65417176 -0.67943108 -0.053262152 4288387995
0.76675677 -0.65598595 -0.056140408 4288387995
0.9399249 -0.6708923 -0.051343352 4288387995
0.95148015 -0.69586116 -0.051466752 4288387995
1.0403571 -0.6987164 -0.098147146 4288387995
1.0764635 -0.66550857 -0.075731352 4288387995
1.1104939 -0.67669898 -0.054972716 4288387995
1.2834995 -0.67030531 -0.053656895 4288387995
1.3020877 -0.67270315 -0.059101917 4288387995
1.4114667 -0.671112 -0.050796162 4288387739
1.4896493 -0.66422272 -0.055596355 4288387995
1.6233037 -0.67427701 -0.053392511 4284900966
-1.6713195 -0.62380934 -0.061376579 4288387995
-1.6475263 -0.64924109 -0.050853446 4288387995
0.44425374 -0.6366744 -0.094502144 4288387995
0.47010079 -0.62326068 -0.074625656 4288387995
0.51946789 -0.62407154 -0.051574282 4288387995
0.63218021 -0.62565482 -0.053935833 4288387995
0.74766374 -0.60825109 -0.056747392 4288387995
0.75722253 -0.63215226 -0.056443378 4288387995
0.88764381 -0.61528468 -0.059559561 4288387995
0.9178521 -0.62318468 -0.051107973 4288387995
1.0469688 -0.62658203 -0.095265932 4288387995
1.0849149 -0.62422484 -0.058454387 4288322202
1.1113369 -0.63344002 -0.054080795 4288387995
1.24384 -0.61248589 -0.05037431 4288322459
1.2780102 -0.63000506 -0.055741679 4288387995
1.4279273 -0.62042505 -0.052479379 4288387994
1.4889916 -0.61929446 -0.05793304 4288387995
1.5056455 -0.62718755 -0.063694865 4288387995
1.6397066 -0.62957817 -0.054900941 4288453788
1.650093 -0.60126948 -0.055856142 4288387997
-1.6831396 -0.57824749 -0.060436789 4288387995
0.39554149 -0.56166601 -0.050284751 4288387995
0.40253615 -0.5781486 -0.050083701 4288387995
0.48917827 -0.5759216 -0.077761166 4288387995
0.51118183 -0.57178736 -0.059561621 4288387995
0.6122517 -0.57692736 -0.054546133 4288387995
0.73420811 -0.57461727 -0.05717491 4288387995
0.879498 -0.57097113 -0.056371517 4288387995
0.90371472 -0.5926317 -0.050957125 4288387995
1.0273554 -0.57599998 -0.063346997 4288387995
1.0713685 -0.57345313 -0.061068926 4288387995
1.1148978 -0.56653941 -0.053048614 4288387995
1.1947291 -0.55228043 -0.067389928 4288387995
1.2479544 -0.57786405 -0.054683991 4288387995
1.2632331 -0.57650751 -0.053613681 4288387994
1.441689 -0.57806039 -0.053886473 4288453275
1.478114 -0.57160074 -0.059150461 4288387739
1.66062 -0.57257998 -0.056824252 4288387740
-1.6913506 -0.52638274 -0.055997908 4288387995
0.38013026 -0.5253399 -0.050728172 4288387995
0.48362097 -0.52803761 -0.060559753 4288387995
0.52668005 -0.52558148 -0.074772812 4288387995
0.58149898 -0.52053225 -0.054165605 4288387995
0.60043108 -0.54803365 -0.054907728 4288387995
0.71424043 -0.52469909 -0.057809602 4288387995
0.84679455 -0.51053786 -0.060913496 4288387995
0.86442041 -0.52697891 -0.054877006 4288387995
1.0259151 -0.5262121 -0.058532968 4288387995
1.0801423 -0.53920048 -0.062219154 4288387995
1.1068548 -0.51769596 -0.051429313 4288387995
1.1833608 -0.5212003 -0.067807637 4288387995
1.231602 -0.52378285 -0.058332879 4288387995
1.2666721 -0.52109337 -0.05247492 4288322459
1.3804119 -0.50577223 -0.07230293 4288387995
1.4483553 -0.50781596 -0.063061401 4288387995
1.4647702 -0.52298403 -0.057779189 4288387995
1.6776967 -0.52605343 -0.058394529 4288322458
-1.6953411 -0.49222386 -0.052163526 4288387995
0.35806751 -0.47335023 -0.051362287 4288387995
0.45846358 -0.47298622 -0.053493809 4288387995
0.53881454 -0.48380798 -0.088120185 4288387995
0.56745118 -0.47132286 -0.064483404 4288387995
0.64742422 -0.45520496 -0.052653335 4288387995
0.68192655 -0.47111955 -0.056589011 4288387995
0.70258307 -0.49555659 -0.058180138 4288387995
0.83757842 -0.47185886 -0.057225171 4288387995
0.85705119 -0.49178976 -0.050459124 4288387995
0.97825748 -0.47375426 -0.057797603 4288387995
1.0174559 -0.47774601 -0.053969495 4288387995
1.069356 -0.48998517 -0.083516404 4288387995
1.1127546 -0.47535267 -0.05453654 4288387995
1.1714706 -0.47065172 -0.066691726 4288387995
1.2107078 -0.47963837 -0.058104895 4288387995
1.270932 -0.47454262 -0.053337496 4288322203
1.3689178 -0.47304314 -0.072752692 4288387995
1.4335718 -0.47701097 -0.06289798 4288387995
1.4733741 -0.47409132 -0.056621738 4288322459
1.5967928 -0.45157504 -0.078027964 4288387995
1.6923201 -0.47652417 -0.064109877 4288257177
0.24060623 -0.41264606 -0.050163031 4288387995
0.33837801 -0.42694578 -0.051928528 4288387995
0.43935552 -0.42716759 -0.054059882 4288387995
0.54405046 -0.41017571 -0.056634404 4288387995
0.57692444 -0.4298479 -0.074629493 4288387995
0.61960942 -0.42064553 -0.054044675 4288387995
0.6729396 -0.42145053 -0.059122317 4288387995
0.773866 -0.4243629 -0.055893563 4288387995
0.8273294 -0.42481154 -0.05394993 4288387995
0.97850561 -0.42492566 -0.058144525 4288387995
1.025611 -0.42519999 -0.076081783 4288387995
1.074158 -0.43370819 -0.081495903 4288387995
1.1306787 -0.42201996 -0.060038976 4288387995
1.1748992 -0.42703095 -0.060981039 4288387995
1.2694676 -0.42849037 -0.053524733 4288387994
1.3245891 -0.40840924 -0.065353513 4288387739
1.3666626 -0.42841035 -0.070561074 4288387995
1.4119654 -0.43199229 -0.062659055 4288387995
1.4778428 -0.4244045 -0.057334561 4288387738
1.5887995 -0.42764428 -0.078365669 4288387995
1.6725708 -0.42485848 -0.068284094 4288387995
0.22341256 -0.37274873 -0.050644178 4288387995
0.31447563 -0.37061596 -0.052615754 4288387995
0.41665322 -0.37273023 -0.054732442 4288387995
0.52969664 -0.3750743 -0.057074197 4288387995
0.58540779 -0.38226536 -0.069096044 4288387995
0.62283999 -0.36909932 -0.068350524 4288387995
0.65608978 -0.37932992 -0.059657767 4288387995
0.7349869 -0.3749125 -0.053368401 4288387995
0.79202414 -0.37008846 -0.06272909 4288387995
0.80157554 -0.39457428 -0.06241278 4288387995
0.86683995 -0.37116662 -0.054325871 4288387995
0.92618227 -0.37495092 -0.062186934 4288387995
0.97327805 -0.37644765 -0.05631382 4288387995
1.0703607 -0.37225735 -0.085056216 4288387995
1.1319286 -0.3769725 -0.062285043 4288387995
1.1628722 -0.37857074 -0.057583015 4288387995
1.2485564 -0.3687582 -0.052008905 4288387995
1.2507715 -0.3914189 -0.051971599 4288387995
1.3241788 -0.37799171 -0.066076897 4288387739
1.3851736 -0.37616327 -0.06236292 4288387995
1.4620697 -0.37563649 -0.056084942 4288387995
1.5065434 -0.37837914 -0.060517959 4288322204
1.5714262 -0.37563825 -0.079099394 4288387995
1.6423254 -0.36284268 -0.067944728 4288387995
1.6539423 -0.38666427 -0.068075031 4288387995
0.19539458 -0.30773643 -0.051428121 4288387995
0.20671012 -0.33399177 -0.051111575 4288387995
0.29310527 -0.32025605 -0.053230047 4288387995
0.30245841 -0.34230381 -0.052960873 4288387995
0.39303073 -0.31608745 -0.055432204 4288387995
0.40238196 -0.33850998 -0.055155206 4288387995
0.52408367 -0.3204155 -0.053735733 4288322202
0.55405647 -0.34515625 -0.051464103 4288387995
0.63370913 -0.32852349 -0.071841411 4288387995
0.66834551 -0.3195942 -0.059089679 4288387995
0.73755705 -0.33316755 -0.052822907 4288124823
0.77558005 -0.32791871 -0.063274279 4288387995
0.84482217 -0.30631649 -0.058624197 4288387995
0.86613584 -0.32627922 -0.056450203 4288387995
0.93517113 -0.31793785 -0.060908731 4288387995
0.98315352 -0.34231147 -0.054488271 4288387995
1.0193307 -0.31410438 -0.058823187 4288387995
1.0735303 -0.3277767 -0.066220306 4288387995
1.1217679 -0.32351977 -0.060914058 4288387995
1.1508083 -0.33344844 -0.057240542 4288387995
1.2384562 -0.32557613 -0.05210245 4288387739
1.3217248 -0.32648221 -0.067249514 4288387994
1.36213 -0.32814643 -0.062108178 4288387995
1.4573791 -0.32656211 -0.056167971 4288387995
1.5275778 -0.32240736 -0.065232225 4288257177
1.5553994 -0.3276611 -0.079776324 4288387995
1.6237711 -0.32480043 -0.067736492 4288387995
0.092703022 -0.2655943 -0.050148088 4288387995
0.18069109 -0.2736156 -0.051839691 4288387995
0.27473611 -0.27696511 -0.053758241 4288387995
0.37674987 -0.27704653 -0.055914611 4288387995
0.48123538 -0.27091819 -0.054430313 4288387995
0.53312993 -0.28058016 -0.051169962 4288387995
0.63243198 -0.27399245 -0.064276986 4287861651
0.67421651 -0.27386951 -0.069634661 4288387995
0.74795675 -0.25708371 -0.064189941 4288387995
0.75649536 -0.27871525 -0.058927156 4286677377
0.81604958 -0.27321896 -0.058250219 4288387995
0.87729996 -0.27388549 -0.055572063 4288256409
0.91817343 -0.27514714 -0.060148168 4288387995
0.99608231 -0.25368673 -0.062642753 4288387995
1.0192016 -0.27614745 -0.058921468 4288387995
1.0791056 -0.27871212 -0.063511103 4288387995
1.1126459 -0.27840269 -0.05933065 4288387995
1.2377957 -0.27060759 -0.058155011 4288387995
1.2951924 -0.26303908 -0.075640284 4288387995
1.329744 -0.28360957 -0.06507761 4288387739
1.4526833 -0.27744079 -0.05625106 4288387995
1.5394672 -0.27479193 -0.073179036 4288126359
1.5937048 -0.26315331 -0.067399099 4288387995
1.6052551 -0.28683648 -0.067528717 4288387995
0.075371519 -0.22592898 -0.050621532 4288387995
0.16251428 -0.23143363 -0.052348524 4288387995
0.24590278 -0.2090176 -0.054587103 4288387995
0.25550643 -0.23164378 -0.054311287 4288387995
0.34645951 -0.20442224 -0.056811564 4288387995
0.3564319 -0.22832823 -0.056516446 4288387995
0.44305098 -0.21433717 -0.05004929 4288387995
0.46526837 -0.22959144 -0.05516614 4288387995
0.57839322 -0.21864487 -0.056311797 4288322202
0.61815751 -0.24042435 -0.055262588 4287664272
0.67772168 -0.2293586 -0.077489734 4287401100
0.71809798 -0.22143042 -0.064535514 4288387995
0.77099049 -0.22608605 -0.056769133 4286808963
0.89071923 -0.22179477 -0.059607442 4287072135
0.90430045 -0.2404715 -0.057743084 4288387995
0.9710753 -0.22533335 -0.062314048 4288387995
1.0303547 -0.22685784 -0.054415002 4288387995
1.0842693 -0.22675158 -0.064716868 4288387995
1.1165856 -0.22611761 -0.058278281 4288387995
1.1887279 -0.21382697 -0.06751468 4288387995
1.2255129 -0.23008701 -0.058080323 4288387995
1.281461 -0.2239273 -0.076178037 4288387995
1.312907 -0.22558455 -0.061563902 4288387995
1.4473543 -0.22372337 -0.059214074 4288387995
1.4510694 -0.20847738 -0.073706158 4288387995
1.5211169 -0.22503537 -0.0812243 4288387995
1.5683824 -0.2270108 -0.066606119 4288126359
1.6983428 -0.21782814 -0.061178807 4288387995
-1.0573361 -0.15284927 -0.07926514 4284900966
-1.028018 -0.16125768 -0.074711204 4284900966
-0.99659371 -0.16582711 -0.079278566 4284900966
0.046595186 -0.16007985 -0.051407129 4288387995
0.05703203 -0.1839565 -0.051122516 4288387995
0.13759334 -0.17360985 -0.053045712 4288387995
0.23338759 -0.1795233 -0.054946944 4288387995
0.33501461 -0.17697659 -0.057150733 4288387995
0.44368419 -0.16476689 -0.059708174 4288387995
0.45519382 -0.19291413 -0.059355475 4288387995
0.54374391 -0.15622753 -0.052933566 4288387995
0.57053101 -0.17875224 -0.058214944 4288387995
0.66728765 -0.17898102 -0.062640399 4285493103
0.72596925 -0.17646855 -0.072907411 4288387995
0.76322079 -0.16545704 -0.056921642 4286808963
0.88196796 -0.17929894 -0.059328478 4287466893
0.92197943 -0.17110388 -0.061324913 4287795858
1.0310997 -0.16742691 -0.057845309 4285953654
1.0696727 -0.17024359 -0.062288318 4287466893
1.1227622 -0.16641057 -0.062591173 4287993237
1.1639842 -0.18623351 -0.067185245 4288387995
1.229488 -0.17346218 -0.052331876 4288387995
1.2781274 -0.17349418 -0.0675034 4288322202
1.4307363 -0.17673235 -0.065620907 4288387995
1.5225154 -0.17196606 -0.075446829 4288387995
1.5568523 -0.18759447 -0.066985518 4288387995
1.6943481 -0.17492035 -0.061253518 4288387995
-1.1102564 -0.11457257 -0.075108625 4285624689
-1.08064 -0.13949104 -0.074423417 4286611584
0.037243307 -0.14601788 -0.051283371 4288387995
0.11707954 -0.12600581 -0.053619903 4287401100
0.21069574 -0.12604368 -0.055599485 4288387995
0.31443483 -0.12762758 -0.057760477 4288387995
0.42735702 -0.12484572 -0.060208164 4288387995
0.49875939 -0.10380912 -0.052355085 4288387995
0.52572 -0.11997701 -0.055601303 4288387995
0.55867064 -0.13578546 -0.062754378 4288387995
0.68328917 -0.11868577 -0.059964802 4288059030
0.73240185 -0.13593811 -0.08380986 4288387995
0.76790929 -0.12291503 -0.067526512 4287993237
0.84653336 -0.10794771 -0.057935316 4288387995
0.86510974 -0.12652528 -0.062160965 4288387995
0.90752202 -0.12530327 -0.060588703 4285427310
0.993815 -0.107731 -0.061188359 4285887861
1.0287623 -0.12730414 -0.059936512 4285624689
1.0707779 -0.14342125 -0.059161644 4285098345
1.1259044 -0.14158395 -0.060375575 4285295724
1.237233 -0.12778072 -0.067529798 4286940549
1.2609183 -0.12911555 -0.065683432 4288124823
1.3777355 -0.12825017 -0.072715573 4288387739
1.4382882 -0.12683439 -0.056505926 4288387995
1.4882431 -0.12662069 -0.082612976 4288387995
1.527035 -0.12645619 -0.066650935 4288387995
1.6844223 -0.11949156 -0.070625603 4288322459
-1.1353018 -0.077018052 -0.076023452 4284900966
0.18875 -0.074326083 -0.056230415 4286808963
0.29138711 -0.072365686 -0.058443099 4288387995
0.40794078 -0.077376388 -0.060802519 4288387995
0.47521749 -0.076380491 -0.05205217 4288387995
0.53394866 -0.073986962 -0.063539959 4288387995
0.63571638 -0.065776668 -0.055906344 4288387995
0.6712321 -0.079171114 -0.063588753 4288387995
0.78197592 -0.08034052 -0.077741846 4288059030
0.82414067 -0.071109861 -0.059893437 4288387995
0.85288882 -0.091340184 -0.060760152 4288387995
0.91849387 -0.071066357 -0.061994642 4284900966
0.97158784 -0.074589312 -0.059794698 4285822068
1.0627618 -0.077375613 -0.060592484 4284900966
1.2458141 -0.085781634 -0.0608222 4288387995
1.2519987 -0.098678112 -0.060890343 4288387995
1.338805 -0.085660607 -0.072189704 4288322202
1.432916 -0.070613727 -0.056601156 4288387995
1.4806108 -0.071480691 -0.076922596 4287006342
1.5087366 -0.088936605 -0.066445611 4288387995
1.6361575 -0.066541255 -0.079325676 4288387994
1.6770416 -0.081056416 -0.066616029 4288387994
-1.1522446 -0.020207481 -0.068460107 4284900966
-1.1477062 -0.042395283 -0.079247825 4284900966
0.27193421 -0.025717627 -0.059019506 4287532686
0.38624343 -0.024318064 -0.06146726 4288387995
0.43011034 -0.023823813 -0.051471885 4288387995
0.51512897 -0.026933169 -0.064138398 4288387995
0.58760047 -0.010426362 -0.05528101 4288387995
0.61098295 -0.037324905 -0.055584881 4288387995
0.65819889 -0.02691884 -0.067165174 4288387995
0.78976774 -0.018026521 -0.062009506 4288387995
0.82101446 -0.026020005 -0.064484291 4288322202
0.85016263 -0.0054456592 -0.051148891 4288387995
0.93916935 -0.01780609 -0.060421225 4285493103
0.95327199 -0.025791219 -0.060547657 4286019447
1.0712061 -0.022157395 -0.065355383 4284900966
1.4699706 -0.028844044 -0.072754577 4287006342
1.5885832 -0.015640199 -0.078672692 4288256922
1.6110756 -0.03970468 -0.078981437 4288453276
1.6803375 -0.024465954 -0.06151526 4288387995
0.25889945 0.0055394471 -0.059405718 4285493103
0.37418306 0.029969724 -0.055962946 4288256409
0.40271986 0.0080922842 -0.051119637 4288387995
0.49121961 0.032836348 -0.064898245 4288387995
0.53094912 0.027959585 -0.058027118 4288387995
0.56660694 0.013721724 -0.055008084 4288387995
0.63804132 0.024772178 -0.067833401 4288387995
0.74175358 0.034657478 -0.059298947 4288387995
0.77923995 0.02248981 -0.057876475 4288322202
0.83084291 0.0089232922 -0.067879342 4288387995
0.86267698 0.027829317 -0.058642343 4288387995
0.94506299 0.014264789 -0.059363108 4286743170
0.9536553 0.02750857 -0.062661022 4286874756
1.0823781 0.026810199 -0.066921614 4284900966
1.2462357 0.033870596 -0.069206499 4284900966
1.4608991 0.0091451406 -0.065908723 4288387995
1.5624256 0.012347301 -0.078313693 4288322461
1.6758254 0.023987345 -0.06159953 4288387995
0.34618354 0.073631227 -0.062693998 4285493103
0.35567498 0.059636641 -0.055328526 4287532686
0.47639269 0.080268316 -0.063840158 4288519581
0.51899493 0.068493247 -0.054389343 4288387995
0.61774397 0.076820925 -0.068506218 4288387995
0.6909312 0.092274845 -0.058630649 4288387995
0.72358131 0.072601125 -0.056979857 4288387995
0.77122021 0.075028084 -0.062723607 4288387995
0.89034724 0.067672715 -0.053649344 4288387995
0.93189085 0.076683655 -0.058537286 4287795858
0.96668822 0.072768316 -0.065030053 4287532686
1.0905548 0.076654635 -0.071302988 4285558896
1.2568042 0.07510902 -0.0705401 4284900966
1.6733146 0.050923765 -0.061646242 4288387995
0.44855702 0.13949966 -0.06625469 4286019447
0.4662469 0.12037419 -0.058657169 4287993237
0.59377754 0.13827996 -0.069300726 4288387995
0.61906964 0.12050649 -0.065311648 4288387995
0.66819495 0.1180527 -0.058331769 4288387995
0.73622322 0.12364832 -0.050937079 4288387995
0.7619524 0.12491594 -0.072575361 4288387995
0.87972355 0.13075046 -0.063400052 4288387995
0.92837799 0.12621143 -0.063168459 4288387995
0.97342044 0.10688242 -0.066662401 4287466893
1.0403125 0.13953291 -0.068704061 4284900966
1.0773056 0.12365237 -0.068243437 4286611584
1.1026317 0.14355564 -0.073089547 4288387995
1.2690692 0.12295352 -0.072087549 4284900966
1.4581174 0.13082799 -0.07471583 4284900966
0.4442867 0.15016329 -0.066389918 4285493103
0.58076388 0.18303089 -0.067763172 4288387995
0.61757958 0.17543972 -0.057666373 4288387995
0.72257185 0.1778568 -0.059154652 4288387995
0.75134671 0.1529237 -0.07294409 4288387995
0.83249629 0.18341228 -0.062771097 4288387995
0.87526643 0.17281687 -0.058869753 4288387995
0.92857552 0.18207191 -0.067938074 4287137928
0.97794366 0.17819794 -0.063471124 4284900966
1.0130684 0.15847066 -0.064072385 4284900966
1.088546 0.18812829 -0.068809465 4288387995
1.11127 0.1735481 -0.063249372 4288322202
1.2815359 0.17159301 -0.073660605 4284900966
1.4693573 0.16981561 -0.075992614 4284900966
0.56984001 0.22372875 -0.062108532 4287466893
0.69003296 0.22241585 -0.050438844 4288387995
0.72325045 0.22712469 -0.073921025 4288387995
0.78559208 0.23571324 -0.062146425 4288387995
0.8307125 0.23486331 -0.059358034 4285756275
0.8747161 0.22697674 -0.058001459 4286019447
0.91389138 0.21524443 -0.066194311 4286151033
1.0415002 0.23959404 -0.0681739 4288387995
1.0787402 0.22339404 -0.06380818 4288387995
1.1245791 0.22162695 -0.06679479 4288322202
1.4845656 0.22257416 -0.07772027 4284900966
0.68073875 0.27182493 -0.058435153 4288059030
0.7176339 0.27601466 -0.070167534 4288519581
0.76226449 0.26172668 -0.061835803 4288387995
0.84657019 0.28970268 -0.054131877 4288387995
0.87659264 0.27363339 -0.068163954 4288387995
0.90066361 0.25162542 -0.078192987 4288387995
0.99317437 0.29246381 -0.067521185 4288387995
1.0189109 0.26430827 -0.067868829 4288387995
1.0728292 0.27465919 -0.058909606 4288387995
1.1130813 0.26972112 -0.077534236 4288387995
1.2988588 0.29434371 -0.074696042 4288387995
1.3060479 0.28665149 -0.074794732 4288322202
1.496142 0.26273629 -0.079035401 4284900966
1.5039538 0.28983465 -0.079922795 4284900966
0.68950307 0.32345197 -0.072308205 4286611584
0.71489143 0.31455329 -0.061204989 4288387995
0.82975578 0.32523048 -0.053948503 4288387995
0.87351787 0.32583147 -0.07919009 4288387995
0.94518459 0.34496421 -0.066872925 4288387995
0.96834338 0.31962904 -0.067185774 4288387995
1.0452294 0.33216965 -0.058604486 4288387995
1.0759908 0.32071149 -0.074373998 4288387995
1.2487408 0.34796751 -0.074008204 4288387995
1.2770511 0.32468939 -0.072882362 4288387995
1.3245476 0.3318814 -0.080768339 4288387995
1.5098586 0.31031305 -0.080593497 4284900966
0.82114899 0.37043002 -0.060333475 4288387995
0.86544907 0.37527138 -0.07707075 4288519581
0.91846627 0.37419289 -0.066511974 4288387995
1.0245456 0.37526971 -0.058375858 4288387995
1.0708985 0.37583619 -0.084424518 4288387995
1.2238286 0.37462169 -0.073666252 4288387995
1.2834255 0.3730258 -0.063917018 4288387995
1.3197813 0.37769073 -0.089728758 4288387995
0.19461948 0.44163141 -0.050173271 4288387995
0.836685 0.42652482 -0.080543242 4286479998
0.87279254 0.42416167 -0.065895103 4288387995
0.99311531 0.44075897 -0.058028333 4288387995
1.0143924 0.41943246 -0.063605733 4288387995
1.0558875 0.41859496 -0.085012458 4288387995
1.174834 0.42704257 -0.072993793 4288387995
1.2479486 0.44576663 -0.063518912 4288387995
1.271595 0.42592186 -0.071382985 4288387995
1.3060879 0.41867867 -0.090306997 4288387995
1.5352589 0.43538991 -0.081509016 4288322202
0.1839366 0.45392245 -0.05003453 4288387995
0.83682841 0.45321995 -0.073231041 4286874756
0.9761529 0.47610179 -0.057840772 4288387995
1.0374161 0.47120515 -0.085735731 4288387995
1.1285226 0.47659215 -0.072358131 4288387995
1.2346898 0.47295588 -0.063370213 4288387995
1.2871298 0.4754315 -0.091107756 4288387995
1.4874471 0.48522252 -0.080840886 4288387995
1.5284311 0.4761937 -0.073664539 4288387995
1.5812937 0.47476527 -0.097316533 4288387995
0.29102927 0.54566491 -0.053373072 4288453788
1.0174553 0.52806079 -0.086517468 4287795858
1.0796096 0.52892554 -0.071686774 4288387995
1.1005182 0.50655222 -0.071973667 4288387995
1.1994269 0.54525787 -0.062974483 4288387995
1.2126329 0.51817828 -0.063122652 4288387995
1.2715101 0.52219594 -0.091767706 4288387995
1.4360102 0.53883058 -0.080122001 4288387995
1.4597007 0.51413709 -0.080452994 4288387995
1.5147766 0.52880573 -0.069656 4288387995
1.5653516 0.52551806 -0.098054029 4288387995
0.24778533 0.59468997 -0.052804414 4288387995
0.2700159 0.56948769 -0.053096749 4288387995
0.99666035 0.58728588 -0.08733163 4285361517
1.0212157 0.57316971 -0.077923276 4287335307
1.0552796 0.55495548 -0.071352765 4288387995
1.1858075 0.57318127 -0.062821642 4288387995
1.2470189 0.59550643 -0.092801951 4288387995
1.2557933 0.56924558 -0.09243156 4288387995
1.3888615 0.58796692 -0.079462953 4288387995
1.4123955 0.56343931 -0.079791866 4288387995
1.4901624 0.57832456 -0.069375023 4288387995
1.5457242 0.58800203 -0.098962002 4288387995
1.5528821 0.56521398 -0.098630853 4288387995
0.23006995 0.61477643 -0.052571565 4288387995
1.1621337 0.62172401 -0.062556028 4288387995
1.2364428 0.62717068 -0.093248799 4288387995
1.3420277 0.63677615 -0.07880836 4288387995
1.3654051 0.61241204 -0.07913509 4288387995
1.4656236 0.62769544 -0.069094993 4288387995
1.5349441 0.62232512 -0.099460833 4288387995
-1.158138 0.6734764 -0.056337412 4279505940
-1.110783 0.66898102 -0.075035855 4287137928
-1.0751121 0.68438566 -0.075747646 4286808963
-1.0460488 0.69612777 -0.09551359 4288387995
0.38212824 0.68562138 -0.056773864 4288387995
0.40248942 0.66291416 -0.057044901 4288322202
1.2205017 0.67489129 -0.093922108 4288190616
1.2916397 0.68928874 -0.078104049 4288387995
1.3148555 0.66509396 -0.078428544 4288387995
1.4387147 0.68183452 -0.068787932 4288387995
1.4509311 0.65725154 -0.068927236 4288387995
1.5259279 0.6510303 -0.099877998 4288387995
-1.0545671 0.70493913 -0.061782584 4281677109
-1.0298958 0.72594297 -0.076593697 4283848278
0.33734414 0.73555958 -0.056177471 4288387995
0.35716039 0.71346402 -0.056441426 4288387995
1.1972976 0.74436378 -0.094902523 4285361517
1.2214043 0.72779363 -0.087187462 4287137928
1.2685109 0.71339279 -0.077780776 4288387995
1.4167646 0.7259922 -0.06853734 4288387995
1.6870004 0.74093795 -0.08782953 4288387995
-1.0062069 0.77275139 -0.072887838 4279769112
-0.99918675 0.79134816 -0.088809893 4279505940
-0.05806211 0.78934473 -0.07879746 4290098613
-0.023706686 0.79110241 -0.081924066 4289572269
0.0073023238 0.79627323 -0.09212961 4288387995
0.32029974 0.75456196 -0.05595034 4288387995
1.3900148 0.77980614 -0.068231955 4288387995
1.4021591 0.75537074 -0.068370499 4288387995
1.6385484 0.78987217 -0.08713825 4288387995
1.6605334 0.76766962 -0.087451957 4288387995
-1.0001148 0.80463982 -0.053996071 4279505940
-0.99699259 0.82668424 -0.075618625 4280558628
-0.06006074 0.80108654 -0.054412588 4291019715
-0.016142599 0.80396497 -0.059673939 4291282887
0.028074907 0.81865567 -0.072697051 4290624957
0.057717178 0.84137988 -0.080399357 4290230199
0.48917073 0.84384614 -0.06071331 4288387995
0.51304263 0.81772935 -0.06103573 4288322202
1.3778809 0.80420935 -0.068093285 4288387995
1.5904232 0.83847028 -0.086451449 4288387995
1.6166363 0.8120029 -0.086825646 4288387995
-1.004882 0.88239837 -0.078302972 4289243304
-0.99865097 0.86140531 -0.066994913 4287532686
0.076044627 0.87352175 -0.072906233 4288256409
0.44169736 0.89578712 -0.060072269 4288387995
0.46777192 0.86726034 -0.060424425 4288387995
1.5382925 0.89111996 -0.085707687 4288387995
1.5643121 0.8648445 -0.086079024 4288387995
-1.0210122 0.92128152 -0.072118461 4290361785
0.093849361 0.92255694 -0.074831374 4289243304
1.490835 0.93904525 -0.085030451 4288322202
1.5123682 0.91729957 -0.085337721 4288387995
1.6867653 0.92761809 -0.075333856 4288387995
-1.2062659 0.99642634 -0.081140429 4284900966
-1.1807297 0.9815039 -0.075311236 4284900966
-1.0566913 0.99283385 -0.07508406 4284900966
0.096087381 0.97351044 -0.074914016 4290624957
0.64477563 0.99417269 -0.065718666 4288387995
0.66439021 0.97318125 -0.065987706 4288387995
1.6622236 0.97587985 -0.075048104 4288387995
-1.2289355 1.0222181 -0.073654503 4284900966
-1.0803915 1.0241077 -0.074792422 4284900966
0.082547411 1.0273532 -0.074509814 4291282887
0.5959866 1.0463619 -0.06504859 4288387995
0.62197268 1.0185665 -0.065405555 4288387995
1.6459029 1.0079868 -0.074858308 4288387995
-1.2545135 1.0687325 -0.073791668 4284900709
-1.106102 1.0943499 -0.055483557 4284900966
-1.0991253 1.0685935 -0.077576593 4284900966
0.036812242 1.0874078 -0.079387106 4291480266
0.062612511 1.0652375 -0.069214121 4291414473
0.58304387 1.0602177 -0.064871229 4288387995
-1.2627864 1.1141582 -0.086063676 4283914584
-1.1046866 1.1098883 -0.070793234 4284900966
0.026363432 1.1056961 -0.058374275 4291480266
0.82325488 1.1774361 -0.071557604 4288322202
0.7783168 1.2242806 -0.070929885 4288387995
0.74257398 1.2615377 -0.070430547 4288387995
0.75327289 1.2503855 -0.070579998 4288387995
1.0412265 1.3931133 -0.078615338 4288387995
1.0533199 1.3808815 -0.078787252 4288387995
0.99302864 1.4417942 -0.077927783 4288387995
1.0170903 1.4174922 -0.078271069 4288387995
0.9451679 1.4901334 -0.077245034 4288387995
0.96906066 1.4660012 -0.077585861 4288387995
0.93325686 1.5021701 -0.07707534 4288387995
1.2824583 1.6809043 -0.086870722 4288322459
1.3052243 1.6587715 -0.087203123 4288387995
-1.6762239 -1.6714035 -0.013259066 4288387995
-1.6257173 -1.6744566 -0.013947611 4288387995
-1.5758494 -1.6749032 -0.014592455 4288387995
-1.5250915 -1.6737511 -0.015226511 4288387995
-1.4755228 -1.6752446 -0.015881829 4288387995
-1.4259282 -1.6729887 -0.016485833 4288387995
-1.3755602 -1.6743833 -0.01715027 4288387995
-1.3222312 -1.6732155 -0.01781689 4288387995
-1.2743448 -1.6755532 -0.018462405 4288387995
-1.2300279 -1.681348 -0.019109974 4288387995
-1.193676 -1.6932287 -0.019740207 4288387995
-0.41122299 -1.6527044 -0.040552471 4288387995
-0.3699418 -1.6649573 -0.030984748 4288387995
-0.3232086 -1.6756423 -0.028362202 4288387995
-0.27519524 -1.6750398 -0.032296758 4288387995
-0.22990279 -1.6757826 -0.032603554 4288387995
-0.18291773 -1.6772674 -0.016810669 4288387995
-0.12530759 -1.6788293 -0.021972451 4288322202
-0.083776638 -1.6703186 -0.018401328 4288387995
-0.044901103 -1.670378 -0.019107101 4288387995
0.006262064 -1.6862015 -0.019907733 4288387995
1.0956469 -1.6504225 -0.0019412893 4288387995
1.2776276 -1.6716394 -0.0024915817 4288387995
1.4933671 -1.6900531 -0.0032825782 4288387995
1.5063301 -1.661122 -0.0039480575 4288387995
-1.6701056 -1.6292359 -0.012754723 4288387995
-1.6231159 -1.6247783 -0.013294626 4288387995
-1.5766553 -1.6265881 -0.013914153 4288387995
-1.5264103 -1.6228731 -0.014506325 4288387995
-1.477281 -1.6258867 -0.015177142 4288387995
-1.4252228 -1.6258818 -0.015843568 4288387995
-1.3749937 -1.6234304 -0.016453011 4288387995
-1.3251123 -1.6281626 -0.017157428 4288387995
-1.2823782 -1.6390034 -0.017854406 4288387995
-0.47187322 -1.6135508 -0.027746286 4288387995
-0.42509016 -1.6228122 -0.027435122 4288387995
-0.37468362 -1.6231334 -0.026662199 4288387995
-0.3262879 -1.6261551 -0.034229729 4288387995
-0.2756584 -1.6240765 -0.029583221 4288387995
-0.22620842 -1.6278824 -0.024565673 4288387995
-0.17587829 -1.6264595 -0.017067026 4288387995
-0.13423283 -1.6359431 -0.017728014 4288387995
-0.075078994 -1.6303504 -0.026475161 4288387995
0.94448864 -1.6137527 -0.0018763104 4288387995
1.0997673 -1.6392622 -0.0021932013 4288387995
1.1089922 -1.6142889 -0.0027572133 4288387995
1.161118 -1.6452197 -0.0035846978 4287864470
1.2915817 -1.637221 -0.003275383 4288387995
1.3025503 -1.6101749 -0.0038914462 4288387995
1.5227396 -1.6245086 -0.0047904388 4288387995
-1.652231 -1.5961163 -0.012525778 4288387995
-1.6216183 -1.5802295 -0.01269818 4288387995
-1.5760982 -1.5747287 -0.013204681 4288387995
-1.5255827 -1.5733671 -0.01383256 4288387995
-1.4731227 -1.5751437 -0.014528944 4288387995
-1.427152 -1.5762825 -0.015133395 4288387995
-1.3825277 -1.5827131 -0.015793493 4288387995
-1.345787 -1.5950954 -0.016435251 4288387995
-0.6095292 -1.5503545 -0.032413345 4288387995
-0.57256311 -1.560331 -0.024266286 4288387995
-0.52524704 -1.5742049 -0.025535291 4288387995
-0.47436568 -1.5734206 -0.025498783 4288387995
-0.42369151 -1.5758395 -0.028520873 4288387995
-0.37655273 -1.573831 -0.029735956 4288387995
-0.32700241 -1.5735853 -0.02794319 4288387995
-0.27757233 -1.5799094 -0.038523078 4288387995
-0.23646064 -1.588578 -0.024609653 4288387995
-0.027670166 -1.5765265 -0.013320501 4288322202
0.69121403 -1.5623608 -0.0015602105 4288387995
0.81327307 -1.5762131 -0.0019371264 4288387995
0.94982362 -1.5979786 -0.0022297925 4288387995
0.95759952 -1.5749905 -0.002744972 4288387995
1.0948017 -1.5772309 -0.047145028 4288453788
1.1234655 -1.5751044 -0.003642085 4288387995
1.3165503 -1.5756475 -0.0046778163 4288387995
1.5393671 -1.5874076 -0.0056439932 4288387995
1.5528395 -1.557354 -0.006335584 4288387995
-1.5681537 -1.5321262 -0.012717862 4288387995
-1.5260249 -1.5229834 -0.013130613 4288387995
-1.47595 -1.5260923 -0.013814653 4288387995
-1.4372944 -1.5397106 -0.014497802 4288387995
-0.66589129 -1.5080522 -0.0093079712 4288387995
-0.62109411 -1.5228409 -0.01267359 4288387995
-0.57577747 -1.5238291 -0.022618607 4288387995
-0.52486825 -1.5233953 -0.024301283 4288387995
-0.47365981 -1.5250384 -0.027781064 4288387995
-0.42525101 -1.5271249 -0.030841282 4288387995
-0.37668303 -1.5330652 -0.03266491 4288387995
-0.32785237 -1.5254134 -0.046735521 4288387995
-0.28066468 -1.5264124 -0.049050957 4288387995
-0.019426405 -1.5292485 -0.034471832 4288387995
0.0067984462 -1.5084507 -0.018892743 4288387995
0.40462184 -1.5056179 -0.0011741573 4288387995
0.49178201 -1.5163267 -0.0014262387 4288387995
0.58940566 -1.5256939 -0.001762802 4288387995
0.69752967 -1.5404185 -0.0020461045 4288387995
0.70435447 -1.5167009 -0.0025711912 4288387995
0.82867783 -1.5267315 -0.0030388623 4288387995
0.97346145 -1.5281003 -0.0037958969 4288387995
1.0223078 -1.5096586 -0.043639477 4288387995
1.1397142 -1.5259546 -0.0082479147 4288322203
1.1801381 -1.518877 -0.046637721 4288387995
1.337871 -1.523066 -0.0058753691 4288387995
1.5671641 -1.525388 -0.0070709335 4288387995
-1.519302 -1.4901952 -0.012763799 4288387995
-0.92139864 -1.4950918 -0.0022847895 4288387995
-0.87441343 -1.4885355 -0.0079424856 4288387995
-0.8244102 -1.4801885 -0.01265493 4288387995
-0.77306885 -1.471413 -0.017297456 4288387995
-0.72064722 -1.4694855 -0.022265272 4288387995
-0.67680568 -1.4693207 -0.022558317 4288387995
-0.62734413 -1.4698673 -0.020467445 4288387995
-0.57367057 -1.4745086 -0.024022551 4288387995
-0.52626538 -1.4777541 -0.031993382 4288387995
-0.47994825 -1.476501 -0.034962609 4288387995
-0.42581293 -1.4742246 -0.042724706 4288387995
-0.37440684 -1.4758512 -0.045238599 4288387995
-0.32207569 -1.4814671 -0.047732998 4288387995
-0.27767116 -1.4947449 -0.04971227 4288387995
0.017412186 -1.4740835 -0.029179944 4288387995
0.13260806 -1.4525414 -0.00079096475 4288387995
0.19330227 -1.4564128 -0.0010404969 4288387995
0.25864181 -1.4655919 -0.0012059367 4288387995
0.33072042 -1.4733737 -0.0014366633 4288387995
0.4115141 -1.4758575 -0.0018235864 4288387995
0.49856532 -1.489009 -0.0020250697 4288387995
0.50381708 -1.46786 -0.0024887016 4288387995
0.59771562 -1.4945607 -0.0024485528 4288387995
0.61323571 -1.467117 -0.0097207781 4288387995
0.71632969 -1.4750807 -0.0034925584 4288387995
0.75823373 -1.4604197 -0.038742099 4288387995
0.84253973 -1.4822035 -0.0040302589 4288387995
0.87622601 -1.4726778 -0.034977201 4288387995
0.99071825 -1.4770787 -0.0049392646 4288387995
1.0187097 -1.4740509 -0.043695878 4288387995
1.1670513 -1.4730656 -0.023989432 4288387739
1.3603098 -1.4677268 -0.0071357386 4288387995
1.5883347 -1.4781539 -0.0081577143 4288387995
-0.7146734 -1.4423723 -0.0061694314 4288387995
-0.67418104 -1.4352922 -0.010801926 4288387995
-0.62477547 -1.4341377 -0.016354915 4288387995
-0.57412291 -1.4261874 -0.025762346 4288387995
-0.52766007 -1.4231647 -0.033231068 4288387995
-0.47646427 -1.4201674 -0.038056035 4288387995
-0.43064004 -1.4200518 -0.042882938 4288387995
-0.38201129 -1.4250475 -0.046616156 4288387995
-0.1019243 -1.4004481 -0.00059130363 4288387995
-0.061511636 -1.4086139 -0.00064234232 4288387995
-0.017623505 -1.4139827 -0.00076975237 4288387995
0.033894025 -1.4180332 -0.01529556 4288387995
0.075443007 -1.4238777 -0.0038623447 4288387995
0.13769412 -1.4242538 -0.001400757 4288387995
0.19761074 -1.433851 -0.0015281107 4288387995
0.20172688 -1.4122932 -0.0019939486 4288387995
0.26673621 -1.4257711 -0.0020691876 4288387995
0.33634475 -1.4191033 -0.0071778609 4288387995
0.38159657 -1.4105017 -0.031685665 4288387995
0.42321101 -1.4253908 -0.0029255308 4288387995
0.46122253 -1.415934 -0.033195391 4288387995
0.52681392 -1.4235018 -0.015181013 4288387995
0.5510329 -1.439723 -0.034836333 4288387995
0.6295566 -1.4267493 -0.018826665 4288387995
0.7311244 -1.4236572 -0.0046308618 4288387995
0.75391382 -1.4187173 -0.038806166 4288387995
0.86829698 -1.4255391 -0.023216527 4288387995
1.0103474 -1.4250259 -0.020230567 4288387995
1.1012242 -1.4183978 -0.045990478 4288322202
1.1752832 -1.4210182 -0.024725033 4288387995
1.380108 -1.4189022 -0.0082477611 4288387995
1.6132838 -1.4224846 -0.0094384747 4288387995
-0.56518006 -1.399771 -0.0015956816 4288387995
-0.524885 -1.393378 -0.0057118204 4288387995
-0.47401655 -1.3879508 -0.013433434 4288387995
-0.42483485 -1.3825418 -0.020744691 4288387995
-0.37630978 -1.3741356 -0.02502572 4288387995
-0.32815924 -1.3657619 -0.027133908 4288387995
-0.27615929 -1.3592688 -0.024176164 4288387995
-0.22701974 -1.3661652 -0.011885197 4288387995
-0.17309108 -1.3700202 -0.00083141646 4288387995
-0.13098639 -1.3755606 -0.00094570435 4288387995
-0.074894823 -1.372209 -0.0013188162 4288387995
-0.013150513 -1.3710943 -0.0053742747 4288387995
0.034992147 -1.3703531 -0.0057658176 4288387995
0.079223365 -1.3746778 -0.016019475 4288387995
0.13194942 -1.3718126 -0.012516964 4288387995
0.17445391 -1.3670398 -0.023774499 4288387995
0.22605732 -1.3747085 -0.017399339 4288387995
0.27701715 -1.3752005 -0.0031655964 4288387995
0.313063 -1.3782586 -0.025835879 4288387995
0.36890489 -1.3728609 -0.021242857 4288387995
0.43512622 -1.3739752 -0.0040480872 4288387995
0.45710602 -1.3772638 -0.033252761 4288387995
0.53533906 -1.3767003 -0.01970451 4288387995
0.63560951 -1.3738067 -0.02095947 4288387995
0.74568319 -1.3716239 -0.019878656 4288387995
0.7509017 -1.3758507 -0.027966844 4288387995
0.87358809 -1.3758552 -0.023813453 4288387995
1.0180477 -1.3749948 -0.023512561 4288387995
1.1341021 -1.373935 -0.025842553 4288387995
1.1775439 -1.3750303 -0.030199723 4288387995
1.2041789 -1.3565478 -0.008576938 4288387995
1.3948429 -1.3825626 -0.0090754069 4288387995
1.4029698 -1.3625317 -0.0095318519 4288387995
1.6348324 -1.3744004 -0.010544681 4288387995
-0.56539398 -1.3025355 -9.2458853e-05 4288387995
-0.51818991 -1.3120949 -0.00015197531 4288387995
-0.46891093 -1.316576 -0.00032695886 4288387995
-0.42272919 -1.3172158 -0.00056419271 4288387995
-0.37502682 -1.3261466 -0.0025260758 4288387995
-0.32900962 -1.3278916 -0.0045844386 4288387995
-0.27455828 -1.3264917 -0.011169643 4288387995
-0.22192729 -1.3259395 -0.014286006 4288387995
-0.17436734 -1.3214841 -0.017435644 4288387995
-0.12430559 -1.320159 -0.019609962 4288322202
-0.073585175 -1.3209908 -0.014772249 4287466893
-0.02194377 -1.3225155 -0.010947755 4288387995
0.03119825 -1.3273053 -0.015207804 4288387995
0.082567863 -1.3276056 -0.019992221 4288387995
0.11769573 -1.3240919 -0.019093674 4288387995
0.16499467 -1.3221918 -0.015802201 4288387995
0.22622068 -1.3252332 -0.016499631 4288387995
0.29058897 -1.3189852 -0.010852493 4288387995
0.30154631 -1.3351622 -0.030414084 4288387995
0.36735073 -1.3277123 -0.018196223 4288387995
0.44644374 -1.324432 -0.010701527 4288387995
0.45214194 -1.3273846 -0.027765956 4288387995
0.53909636 -1.3262687 -0.018967442 4288387995
0.63936865 -1.3256342 -0.021518311 4288387995
0.74383515 -1.3213937 -0.038955975 4288387995
0.75980818 -1.323964 -0.0068377778 4288387995
0.87902147 -1.3256865 -0.024420757 4288387995
1.024896 -1.3277644 -0.023544552 4288387995
1.1627712 -1.3297319 -0.033436682 4288322459
1.2118473 -1.335781 -0.0090458021 4288387995
1.4102395 -1.3445981 -0.0099401996 4288387995
-0.66289741 -1.2697713 -0.00023790202 4288387995
-0.62432033 -1.2718124 -0.00040522346 4288387995
-0.57516187 -1.2697787 -0.0060817255 4288387995
-0.52407634 -1.2718719 -0.0066362671 4288387995
-0.47630337 -1.2744312 -0.008371898 4288387995
-0.42691198 -1.2721548 -0.0096131284 4288387995
-0.37659264 -1.2778779 -0.0096039986 4288387995
-0.32993752 -1.273989 -0.010201465 4288387995
-0.27732009 -1.2738335 -0.010866655 4288387995
-0.22529414 -1.2770469 -0.014952509 4288387995
-0.1773673 -1.2775065 -0.0083568608 4288387995
-0.12106732 -1.278497 -0.013104225 4287993237
-0.078965947 -1.2765797 -0.014852312 4287401100
-0.036029268 -1.2758667 -0.013871063 4288387995
0.012303007 -1.2741296 -0.012292085 4288387995
0.058083251 -1.2738552 -0.016263533 4288387995
0.11632239 -1.2780805 -0.01931138 4288387995
0.16670007 -1.2776316 -0.016323578 4288387995
0.22812517 -1.2800556 -0.01702336 4288387995
0.29594979 -1.2824699 -0.019647222 4288387995
0.3698312 -1.2868963 -0.018685387 4288387995
0.44762781 -1.2882148 -0.033384949 4288387995
0.45516622 -1.287515 -0.0059360065 4288387995
0.54177868 -1.2904663 -0.020730834 4288387995
0.63259286 -1.2932791 -0.036918972 4288387995
0.65109658 -1.2945307 -0.0068537667 4288387995
0.74128985 -1.2968223 -0.03899375 4288453788
1.1069174 -1.2776188 -0.044966839 4288387995
-0.66321445 -1.2272918 -0.0011103607 4288387995
-0.6234408 -1.2243193 -0.002254619 4288387995
-0.57675266 -1.2229486 -0.0083392905 4288387995
-0.52581847 -1.2257459 -0.0086731138 4288387995
-0.47416362 -1.2219312 -0.0094314627 4288387995
-0.42627326 -1.2213993 -0.0089986827 4288387995
-0.37560651 -1.223881 -0.011130163 4288387995
-0.3260636 -1.2230823 -0.011232104 4288387995
-0.27601248 -1.2254027 -0.010044657 4288387995
-0.22908585 -1.2225127 -0.014673989 4288387995
-0.17147887 -1.2204525 -0.01245838 4288059030
-0.1216965 -1.2229521 -0.01369389 4287401100
-0.074197046 -1.2304491 -0.013504977 4285558896
-0.037884247 -1.243701 -0.011853611 4285427310
0.16638231 -1.2287999 -0.021964051 4288387995
1.1378592 -1.2380813 -0.025962522 4288519581
-0.6621154 -1.1780725 -0.0021290791 4288387995
-0.62296331 -1.1754576 -0.0046207872 4288387995
-0.57578558 -1.1737007 -0.0083899302 4288387995
-0.52741098 -1.176254 -0.0093961107 4288387995
-0.47762233 -1.1762158 -0.0097334217 4288387995
-0.42604008 -1.1740403 -0.010433604 4288387995
-0.37211162 -1.1764152 -0.011755002 4288387995
-0.32391241 -1.1732343 -0.012109634 4288387995
-0.27492687 -1.1722203 -0.013246615 4288387995
-0.22847584 -1.1767024 -0.012660955 4288387995
-0.17195557 -1.1759838 -0.014355578 4287598479
-0.13154285 -1.17439 -0.012340418 4285427310
0.18686448 -1.1786964 -0.031425577 4288387995
0.20888776 -1.1787266 -0.0071560461 4288387995
1.1119988 -1.1519821 -0.04405304 4288387995
1.167748 -1.1998898 -0.0076050311 4288322202
-0.66028857 -1.1274827 -0.0031799674 4288387995
-0.62106979 -1.1252822 -0.0063468707 4288387995
-0.57590812 -1.1239069 -0.0094451262 4288387995
-0.52567768 -1.1248078 -0.01023866 4288387995
-0.47610658 -1.123886 -0.0093343668 4288387995
-0.42629224 -1.1236832 -0.011841245 4288387995
-0.37398642 -1.1256304 -0.011231232 4288387995
-0.32379222 -1.1252371 -0.013195843 4288387995
-0.27667436 -1.1227685 -0.014185353 4288387995
-0.22810881 -1.1259153 -0.013120965 4288387995
-0.1767306 -1.1230723 -0.01587107 4287532686
-0.14076726 -1.1250541 -0.011528203 4284900966
0.011015534 -1.1130769 -0.039657567 4290756543
0.22431189 -1.126591 -0.023506934 4288387995
1.1412195 -1.1166003 -0.02606955 4288519581
-0.658921 -1.0765046 -0.003430218 4288387995
-0.62026465 -1.0755583 -0.0069071283 4288387995
-0.57454407 -1.0739373 -0.0098390831 4288387995
-0.52588022 -1.075829 -0.010630046 4288387995
-0.47464126 -1.0752292 -0.009951639 4288387995
-0.42451379 -1.0745242 -0.011559644 4288387995
-0.37727463 -1.0732394 -0.012643822 4288387995
-0.32590237 -1.0745943 -0.01298784 4288387995
-0.27778777 -1.0744091 -0.012907133 4288387995
-0.22405322 -1.0743531 -0.014862061 4288387995
-0.17281324 -1.0750841 -0.015007533 4287335307
-0.13478398 -1.0763544 -0.013574096 4284966759
-0.078893185 -1.0679748 -0.011896812 4284900966
-0.024320364 -1.0635035 -0.010794249 4288322202
0.022272434 -1.0697277 -0.033967771 4290624957
0.23972782 -1.0812185 -0.035542093 4288387995
0.2627331 -1.0684412 -0.018380664 4288387995
1.1694981 -1.0823554 -0.0086659491 4288387995
-1.4657347 -1.007458 -0.0011580074 4288387995
-0.66582453 -1.0226455 -0.002595921 4288387995
-0.62125546 -1.025615 -0.0082575548 4288387995
-0.5749132 -1.0246204 -0.010412773 4288387995
-0.52462113 -1.0255435 -0.011085136 4288387995
-0.47452736 -1.0263606 -0.010757584 4288387995
-0.42387488 -1.0251305 -0.011791625 4288387995
-0.37315682 -1.0257815 -0.013275228 4288387995
-0.32534465 -1.0248374 -0.012797067 4288387995
-0.27604824 -1.0238825 -0.015321908 4288387995
-0.22546454 -1.0259817 -0.0150379 4288387995
-0.17668454 -1.0234981 -0.015413077 4288256409
-0.13260256 -1.0239128 -0.014720169 4285558896
-0.07458204 -1.0235622 -0.021684619 4284900966
-0.017371038 -1.0214922 -0.013115619 4287993237
0.019794257 -1.0226017 -0.031956028 4289309097
0.058865786 -1.0191721 -0.023505798 4284900966
0.11025122 -1.0177282 -0.024199987 4284900966
0.16607718 -1.0127228 -0.02505406 4284900966
0.22602229 -1.014253 -0.025770226 4284900966
0.28272036 -1.0213275 -0.027046423 4287598479
0.36393762 -1.0034797 -0.027833933 4284900966
1.1304014 -1.0232515 -0.034699228 4288322202
-1.4828399 -0.97330052 -0.0057494477 4288387995
-0.7050724 -0.95524907 -0.00088704354 4288387995
-0.67369062 -0.97446102 -0.0027919991 4288387995
-0.62178981 -0.9743619 -0.0090480996 4288387995
-0.5745545 -0.97429746 -0.012907499 4288387995
-0.5250411 -0.97317338 -0.013640171 4288387995
-0.47566268 -0.97386283 -0.01270373 4288387995
-0.42627445 -0.97438878 -0.012914995 4288387995
-0.37431568 -0.97252172 -0.013345353 4288387995
-0.32207429 -0.97314852 -0.013430852 4288387995
-0.27400801 -0.97434592 -0.012592087 4288387995
-0.22727938 -0.97344232 -0.013485136 4288387995
-0.17618719 -0.97377872 -0.014483219 4288387995
-0.12231858 -0.97668099 -0.016195389 4287269514
-0.079006471 -0.96757019 -0.013707058 4285756275
-0.019091537 -0.96834761 -0.015888516 4288256409
0.01101121 -0.97879207 -0.033631451 4288059030
0.061704505 -0.97288769 -0.024888277 4284900966
0.11329536 -0.97556227 -0.025465127 4284900966
0.16941682 -0.97294468 -0.026253454 4284900966
0.22985545 -0.97463226 -0.026971424 4284900966
0.29493421 -0.97467411 -0.031306796 4285558896
0.31685758 -0.9737258 -0.019342912 4288387995
0.36755598 -0.97469866 -0.028717032 4284900966
0.44630057 -0.97443563 -0.029724032 4284900966
0.53312927 -0.97299099 -0.030868007 4284900966
0.63012582 -0.96614122 -0.032298196 4284900966
0.73801637 -0.9596737 -0.033855755 4284900966
1.1710747 -0.97645521 -0.0096220002 4288322202
-1.5128781 -0.91972631 -0.015012008 4288387995
-1.4931048 -0.92986876 -0.0042093168 4288387995
-0.71329468 -0.91956824 -0.0012531618 4288387995
-0.67545897 -0.92507738 -0.0035271153 4288387995
-0.62220865 -0.92386472 -0.010461671 4288387995
-0.57459497 -0.92452496 -0.0138026 4288387995
-0.52542162 -0.92434794 -0.014405562 4288387995
-0.47614112 -0.92492878 -0.014476537 4288387995
-0.42516559 -0.92589301 -0.015044386 4288387995
-0.37424332 -0.92589945 -0.015515677 4288387995
-0.32524124 -0.92560458 -0.015109648 4288387995
-0.27354097 -0.92270923 -0.015150306 4288387995
-0.2264649 -0.92610896 -0.016590388 4288387995
-0.17731357 -0.92280918 -0.014436699 4288387995
-0.12561317 -0.92797959 -0.016650569 4288387995
-0.071757145 -0.92407095 -0.015629575 4288256409
-0.029216619 -0.92633814 -0.022987638 4287993237
0.021056773 -0.92044133 -0.01805933 4288256409
0.070194349 -0.91766274 -0.018609932 4288190616
0.12140843 -0.91642195 -0.020508127 4287730065
0.17652324 -0.91695011 -0.023504242 4287006342
0.23410027 -0.92132378 -0.025837518 4285756275
0.29933697 -0.94184339 -0.028806891 4284900966
0.32252294 -0.92816567 -0.028502729 4287203721
0.37015742 -0.91922647 -0.025628896 4285887861
0.45331302 -0.9251579 -0.031246444 4284900966
0.54057944 -0.92657852 -0.032312553 4284900966
0.63748109 -0.92543209 -0.033575665 4284900966
0.74456394 -0.92741388 -0.03487698 4284900966
0.75008059 -0.90024757 -0.03573719 4284900966
0.86487275 -0.92654097 -0.036429241 4284900966
0.99810922 -0.93413609 -0.037899282 4284900966
1.0038399 -0.91177082 -0.03862248 4284900966
1.1338272 -0.9229219 -0.034372583 4288387995
1.1571418 -0.91322875 -0.040525649 4284900966
1.3360806 -0.90321958 -0.043087758 4284900966
-1.554267 -0.86125165 -0.030648638 4288387995
-1.52351 -0.87615943 -0.013681551 4288387995
-1.4998834 -0.89676005 -0.0023620084 4288387995
-0.7213729 -0.87266904 -0.0021982209 4288387995
-0.67249405 -0.87358201 -0.00588289 4288387995
-0.62363255 -0.87467915 -0.01329253 4288387995
-0.57521534 -0.87574732 -0.014747717 4288387995
-0.52501255 -0.87442708 -0.014434878 4288387995
-0.47370967 -0.87472081 -0.014425873 4288387995
-0.4247098 -0.87463987 -0.013787531 4288387995
-0.37335983 -0.87550968 -0.014725537 4288387995
-0.32363254 -0.87367558 -0.014853991 4288387995
-0.27342546 -0.87127054 -0.016234081 4288387995
-0.22600801 -0.87624139 -0.016807856 4288387995
-0.17390108 -0.87376577 -0.017794738 4288387995
-0.12616019 -0.87177765 -0.018967053 4288387995
-0.07608328 -0.87634343 -0.023324283 4287401100
-0.031071305 -0.87176043 -0.017601507 4288387995
0.017451489 -0.87404466 -0.018278528 4288387995
0.069162972 -0.87421715 -0.019109981 4288387995
0.12425875 -0.87523484 -0.019309893 4288387995
0.1819268 -0.87599802 -0.019406285 4288387995
0.232301 -0.87171948 -0.022872079 4288387995
0.25936526 -0.87721664 -0.022955727 4288387995
0.31841952 -0.87201911 -0.022841873 4288190616
0.3733235 -0.86968875 -0.026307287 4288124823
0.40558368 -0.8610872 -0.019901192 4288387995
0.46836907 -0.86520183 -0.028023312 4287006342
0.54775614 -0.88188756 -0.033703759 4284900966
0.55162179 -0.85781002 -0.034453213 4284900966
0.64646775 -0.87570608 -0.03513626 4284900966
0.6506474 -0.85259461 -0.035861816 4284900966
0.75530171 -0.87454969 -0.036551073 4284900966
0.87685585 -0.87402284 -0.038109086 4284900966
1.0134529 -0.87427026 -0.039835364 4284900966
1.1700525 -0.87187523 -0.036695193 4285427310
1.344121 -0.87846005 -0.043909971 4284900966
1.5472832 -0.88143766 -0.046401579 4284900966
1.5547972 -0.8609643 -0.047092538 4284900966
-1.5669894 -0.82080662 -0.031247035 4288387995
-1.5326259 -0.8281166 -0.010539984 4288387995
-1.382328 -0.81390685 -0.00067133445 4288387995
-0.76547617 -0.81859255 -0.0023962937 4288387995
-0.72585905 -0.82524461 -0.0020994921 4288387995
-0.67106545 -0.82258183 -0.010200921 4288387995
-0.62514573 -0.82480341 -0.014208881 4288387995
-0.57492828 -0.82472599 -0.014156693 4288387995
-0.52528936 -0.82476878 -0.015225321 4288387995
-0.47434267 -0.82404834 -0.014340688 4288387995
-0.42450073 -0.82696152 -0.014121087 4288387995
-0.3747001 -0.82579303 -0.014931783 4288387995
-0.3245939 -0.82433051 -0.015802409 4288387995
-0.27606478 -0.82381278 -0.015854584 4288387995
-0.22711442 -0.82486123 -0.017586969 4288387995
-0.17660585 -0.82424724 -0.017344506 4288387995
-0.1237 -0.82398164 -0.018672356 4288387995
-0.073135667 -0.82605875 -0.018924262 4288387995
-0.024200963 -0.82300937 -0.019904088 4288387995
0.024075398 -0.82290477 -0.021603027 4288387995
0.072120711 -0.82233971 -0.02220119 4288387995
0.12003648 -0.82578361 -0.022137528 4288387995
0.17582957 -0.82446915 -0.021926679 4288387995
0.23834245 -0.82467234 -0.016715363 4288387995
0.26537392 -0.82452965 -0.031545702 4288387995
0.31670552 -0.82512307 -0.022268614 4288387995
0.39057299 -0.82484162 -0.023385037 4288387995
0.41282472 -0.82744771 -0.026807128 4288387995
0.47848526 -0.82289237 -0.021367714 4288387995
0.50942069 -0.81655121 -0.041383479 4288387995
0.57287008 -0.82178372 -0.023785818 4288387995
0.60932934 -0.80778861 -0.043570094 4288387995
0.6732716 -0.81561428 -0.027484441 4287664272
0.7679109 -0.82258588 -0.034676667 4285953654
0.88819021 -0.82433748 -0.039698146 4284900966
1.0267705 -0.82231069 -0.041515756 4284900966
1.1369371 -0.83182311 -0.034076348 4288322202
1.182719 -0.82450712 -0.043431129 4284900966
1.3608277 -0.8270216 -0.045618258 4284900966
1.5680938 -0.82472914 -0.048315331 4284900966
-1.6052736 -0.76799667 -0.045951664 4288387995
-1.575954 -0.77562052 -0.028543092 4288387995
-1.5400478 -0.78332639 -0.0069192341 4288387995
-1.3748144 -0.77393562 -0.00041724733 4288387995
-0.8155216 -0.76409113 -0.0027682097 4288387995
-0.77582401 -0.77435285 -0.0027701829 4288387995
-0.72298712 -0.77325886 -0.0056073596 4288387995
-0.67406785 -0.77403396 -0.012542905 4288387995
-0.6252088 -0.77579504 -0.013555964 4288387995
-0.57568783 -0.77539909 -0.014005116 4288387995
-0.5250017 -0.77487469 -0.014488594 4288387995
-0.47535828 -0.77394086 -0.014416617 4288387995
-0.42513305 -0.776124 -0.014458587 4288387995
-0.37572846 -0.77367061 -0.015526589 4288387995
-0.32381389 -0.77367043 -0.01656088 4288387995
-0.27475846 -0.77525771 -0.017957227 4288387995
-0.22505824 -0.77629191 -0.018268222 4288387995
-0.17569357 -0.77592206 -0.019094219 4288387995
-0.12460519 -0.77473456 -0.019110089 4288387995
-0.075577863 -0.77414763 -0.018793128 4288387995
-0.025305491 -0.77483648 -0.0204583 4288387995
0.023617702 -0.77424484 -0.021187164 4288387995
0.073819257 -0.77527642 -0.018669799 4288387995
0.12577307 -0.77520007 -0.021672908 4288387995
0.17651871 -0.77485859 -0.027435204 4288387995
0.22615626 -0.77594 -0.022996515 4288387995
0.27450493 -0.77252764 -0.012967839 4288387995
0.31746072 -0.7709595 -0.031382233 4288387995
0.37963745 -0.77532476 -0.019935185 4288387995
0.42325574 -0.77413023 -0.022195468 4288387995
0.47415388 -0.77483851 -0.024352534 4288387995
0.52257979 -0.77717638 -0.026174778 4288387995
0.5731256 -0.77497423 -0.026314974 4288387995
0.60324097 -0.79430062 -0.043506637 4288387995
0.67835206 -0.77450931 -0.025501929 4288387995
0.70908481 -0.77212685 -0.045887429 4288387995
0.78266597 -0.77824718 -0.027723141 4288387995
0.81241065 -0.77083552 -0.029163292 4288387995
0.89673668 -0.78688717 -0.040896144 4286019447
0.92716378 -0.76237607 -0.028143441 4288256409
0.95415354 -0.76706684 -0.028536819 4288387995
1.0388403 -0.77522212 -0.043038689 4285624689
1.0695299 -0.75307965 -0.020264335 4286808963
1.127822 -0.76069009 -0.041208215 4288387995
1.1903852 -0.78547561 -0.038073525 4285558896
1.2025133 -0.75583565 -0.045679811 4284900966
1.3766897 -0.77818608 -0.047240157 4284900966
1.5815811 -0.78797621 -0.049555626 4284900966
-1.6120534 -0.71938938 -0.041203197 4288387995
-1.5753723 -0.72835654 -0.019317208 4288387995
-1.5464891 -0.73629922 -0.0022493724 4288387995
-1.3704976 -0.74525946 -8.6540625e-05 4288387995
-0.86618942 -0.71749818 -0.0024302653 4288387995
-0.82610017 -0.72516382 -0.0026069391 4288387995
-0.77105254 -0.72401696 -0.0050222375 4288387995
-0.72289824 -0.72426188 -0.010430522 4288387995
-0.67476666 -0.72451496 -0.013870833 4288387995
-0.62598377 -0.72555482 -0.013558674 4288387995
-0.57478672 -0.72672909 -0.014018142 4288387995
-0.52522051 -0.72591519 -0.014705664 4288387995
-0.47446805 -0.72317904 -0.013486797 4288387995
-0.42650518 -0.72394937 -0.013553215 4288387995
-0.37435734 -0.72624415 -0.016762594 4288387995
-0.32396469 -0.72533089 -0.017129742 4288387995
-0.27526602 -0.72573465 -0.017937856 4288387995
-0.22598156 -0.72297519 -0.019849418 4288387995
-0.17765586 -0.72609502 -0.019060154 4288387995
-0.12915072 -0.72578019 -0.021422463 4288387995
-0.078366242 -0.72590268 -0.021705231 4288387995
-0.028598586 -0.72377563 -0.020143099 4288387995
0.021157434 -0.72635943 -0.020144096 4288387995
0.074095853 -0.72508627 -0.022717388 4288387995
0.1265468 -0.72349137 -0.021262666 4288387995
0.17873815 -0.72710037 -0.02056375 4288387995
0.22282514 -0.72441036 -0.029451879 4288387995
0.27050027 -0.72595197 -0.024177631 4288387995
0.32695407 -0.72444803 -0.020288205 4288387995
0.37484899 -0.72712374 -0.032384664 4288387995
0.42589307 -0.72281748 -0.019290984 4288387995
0.47326258 -0.72540855 -0.030294957 4288387995
0.53473276 -0.72144085 -0.011931838 4288387995
0.57342219 -0.72956103 -0.030797362 4288387995
0.6359427 -0.71551943 -0.01007002 4288387995
0.67616737 -0.72719753 -0.028986912 4288387995
0.78498352 -0.72599339 -0.021027314 4288387995
0.81010073 -0.72480887 -0.037233431 4288387995
0.93059343 -0.72579771 -0.027006039 4288387995
1.0477501 -0.74047202 -0.044162728 4288387995
1.0826595 -0.7174446 -0.022603905 4288322202
1.1028916 -0.72826511 -0.042096701 4288387995
1.163357 -0.72514522 -0.01920012 4288387995
1.2241973 -0.72009277 -0.038522571 4287203721
1.2710785 -0.70368886 -0.027564909 4288387995
1.3928702 -0.72836685 -0.048894659 4284900966
-1.6202247 -0.67223275 -0.03762091 4288387995
-1.5801229 -0.6777426 -0.012889469 4288387995
-0.90332782 -0.67795229 -0.00016228535 4288387995
-0.87361658 -0.67554694 -0.00061936874 4288387995
-0.82324898 -0.67533332 -0.0027849597 4288387995
-0.77371281 -0.67384708 -0.0084341364 4288387995
-0.72319371 -0.67414063 -0.012979848 4288387995
-0.67705667 -0.67539692 -0.013677769 4288387995
-0.62502855 -0.6759268 -0.013240179 4288387995
-0.57512861 -0.67494196 -0.013600933 4288387995
-0.52531487 -0.67571557 -0.01413802 4288387995
-0.47441572 -0.67807066 -0.012735782 4288387995
-0.42458516 -0.67338967 -0.015775187 4288387995
-0.37501079 -0.67568803 -0.015536178 4288387995
-0.32502872 -0.6738897 -0.018999415 4288387995
-0.27744257 -0.67784888 -0.019496271 4288387995
-0.22568847 -0.6746425 -0.020060401 4288387995
-0.17403859 -0.67616111 -0.019606112 4288387995
-0.12281662 -0.6762951 -0.019900158 4288387995
-0.070053548 -0.67295343 -0.021414515 4288387995
-0.01886767 -0.67511255 -0.023379806 4288387995
0.029398868 -0.67414087 -0.023752674 4288387995
0.068740822 -0.6770348 -0.025448972 4288387995
0.12154554 -0.67532986 -0.024785327 4288387995
0.17816728 -0.67123443 -0.025690038 4288387995
0.22242188 -0.67615324 -0.017544134 4288387995
0.26875815 -0.67553669 -0.028686633 4288387995
0.32807398 -0.67456967 -0.022415411 4288387995
0.37086853 -0.67649651 -0.030672628 4288387995
0.42117032 -0.67257482 -0.024041353 4288387995
0.48071086 -0.67658013 -0.0289215 4288387995
0.52208161 -0.673181 -0.018800788 4288387995
0.57829964 -0.67317307 -0.032338277 4288387995
0.62958652 -0.67558533 -0.013084075 4288387995
0.67518973 -0.67676467 -0.038827147 4288387995
0.72217089 -0.67017621 -0.014771947 4288387995
0.77699548 -0.67415142 -0.025653804 4288387995
0.81399411 -0.67903131 -0.02461639 4288387995
0.87990016 -0.66513157 -0.010544133 4288387995
0.92504126 -0.6755504 -0.0300883 4288387995
0.95223308 -0.65517324 -0.021642838 4288387995
1.0818931 -0.67408007 -0.029569695 4288387995
1.1155807 -0.66904891 -0.03155347 4288387995
1.1538029 -0.66168511 -0.026470041 4288387995
1.2259289 -0.67460757 -0.048339792 4288322460
1.2681115 -0.67468005 -0.020521298 4288322202
1.4027239 -0.6980316 -0.04990216 4284900966
1.4747216 -0.66107118 -0.024585679 4288387995
-1.653883 -0.61309445 -0.048168276 4288387995
-1.623942 -0.62313735 -0.030813623 4288387995
-1.5874219 -0.62954313 -0.0085511161 4288387995
-1.039324 -0.60343474 -0.001304443 4284900966
-0.86710161 -0.63526607 -0.00024058373 4288387995
-0.82071286 -0.62789953 -0.0041648019 4288387995
-0.77433616 -0.62542826 -0.0084028225 4288387995
-0.72395712 -0.62669784 -0.011578325 4288387995
-0.67707139 -0.62568504 -0.014000244 4288387995
-0.62495071 -0.62509054 -0.012883761 4288387995
-0.57610017 -0.62545812 -0.014287118 4288387995
-0.52440405 -0.62414676 -0.015404085 4288387995
-0.47422034 -0.62499398 -0.016845077 4288387995
-0.42423663 -0.62281471 -0.01529186 4288387995
-0.37557274 -0.62667775 -0.016252499 4288387995
-0.32591689 -0.62455082 -0.016029203 4288387995
-0.2759853 -0.62523425 -0.017032623 4288387995
-0.22403555 -0.62536693 -0.019118119 4288387995
-0.17553194 -0.62704271 -0.020586099 4288387995
-0.12740453 -0.62499076 -0.022977376 4288387995
-0.077373475 -0.62599391 -0.020599009 4288387995
-0.025385974 -0.62516642 -0.021502379 4288387995
0.029486945 -0.62588388 -0.022336634 4288387995
0.084787682 -0.62294328 -0.024968477 4288387995
0.12531944 -0.62512028 -0.027795535 4288387995
0.17175567 -0.62761104 -0.026326302 4288387995
0.22889416 -0.62186015 -0.026075387 4288387995
0.27245727 -0.62690955 -0.025164686 4288387995
0.32658276 -0.62361407 -0.028147118 4288387995
0.37499177 -0.6211254 -0.017895672 4288387995
0.4200643 -0.62569392 -0.027184263 4288387995
0.48232898 -0.62434208 -0.025933402 4288387995
0.5182249 -0.62550282 -0.022957638 4288387995
0.57420897 -0.62239933 -0.028730273 4288387995
0.61964232 -0.626454 -0.021640105 4288387995
0.68256199 -0.62596565 -0.035864647 4288387995
0.72643822 -0.62406462 -0.013743854 4288387995
0.77495188 -0.62883288 -0.037967149 4288387995
0.82348526 -0.62150699 -0.027234498 4288387995
0.88238865 -0.62611109 -0.013611519 4288387995
0.92872971 -0.63054377 -0.042968545 4288387995
0.97004604 -0.62102813 -0.020175913 4288387995
1.0269853 -0.62388229 -0.009288786 4288387995
1.0738891 -0.62869596 -0.03576117 4288387995
1.1129405 -0.62466091 -0.025914319 4288387995
1.1798568 -0.62243158 -0.013859227 4288387995
1.2406199 -0.6207099 -0.022164147 4288387739
1.2732607 -0.62704509 -0.026404973 4288387995
1.4717668 -0.62539214 -0.021083204 4288387995
-1.6591984 -0.56884575 -0.043295022 4288387995
-1.6248728 -0.57502711 -0.022400629 4288387995
-1.5941536 -0.57827324 -0.0032734293 4288387995
-1.0298795 -0.57550204 -0.0013556873 4284900966
-0.82231939 -0.58052015 -0.00032204145 4288387995
-0.77191645 -0.57888603 -0.0071789636 4288387995
-0.72290343 -0.5761553 -0.010438827 4288387995
-0.67308486 -0.57561845 -0.0117105 4288387995
-0.62626415 -0.5754149 -0.01440681 4288387995
-0.57495987 -0.57508355 -0.0144575 4288387995
-0.52684182 -0.5750742 -0.016171068 4288387995
-0.47522646 -0.57435572 -0.017263325 4288387995
-0.42617643 -0.57430488 -0.0174632 4288387995
-0.37466702 -0.57552135 -0.016735693 4288387995
-0.324283 -0.57595187 -0.016964704 4288387995
-0.27424169 -0.57744956 -0.017333951 4288387995
-0.22626157 -0.57453358 -0.01788637 4288387995
-0.1765807 -0.57460135 -0.018872684 4288387995
-0.12351881 -0.57531136 -0.020420352 4288387995
-0.072018802 -0.57642162 -0.021154096 4288387995
-0.029881759 -0.57718283 -0.024615731 4288387995
0.019946529 -0.57767755 -0.024647482 4288387995
0.075764373 -0.57350343 -0.023236753 4288387995
0.13267177 -0.57127345 -0.023926079 4288387995
0.16828316 -0.57504356 -0.02720939 4288387995
0.21706286 -0.57680702 -0.027418768 4288387995
0.28253359 -0.57184672 -0.028731396 4288387995
0.32010907 -0.57828611 -0.033127572 4288387995
0.37762749 -0.57048815 -0.026605181 4288387995
0.4225696 -0.57751024 -0.028609104 4288387995
0.47802228 -0.57193589 -0.024984268 4288387995
0.52563936 -0.57547617 -0.027883066 4288387995
0.57639939 -0.57361704 -0.021963276 4288387995
0.61878639 -0.57360005 -0.031875409 4288387995
0.67190129 -0.57875711 -0.028796799 4288387995
0.72454488 -0.57050598 -0.026338574 4288387995
0.78052521 -0.57578337 -0.039664526 4288387995
0.82696265 -0.5759837 -0.025143893 4288387995
0.86838037 -0.57510757 -0.0148995 4288387995
0.9353357 -0.57488173 -0.046239424 4288387995
0.97278422 -0.57160449 -0.021397257 4288387995
1.0333227 -0.57370716 -0.016120695 4288387995
1.0831523 -0.57597327 -0.04634678 4288387995
1.1280137 -0.57300138 -0.022842631 4288387995
1.1710154 -0.57725507 -0.014229527 4288387995
1.2251699 -0.57540721 -0.017555218 4288387995
1.2942624 -0.57969785 -0.02505054 4288387995
1.3027312 -0.55465716 -0.02561166 4288387995
1.3718747 -0.56092292 -0.01624587 4288387995
1.4379394 -0.57434821 -0.0036388736 4288387995
1.4749553 -0.5772301 -0.030477431 4288387995
1.6934971 -0.56273407 -0.0040515512 4288387995
-1.6664742 -0.52194971 -0.039186019 4288387995
-1.6296724 -0.52712035 -0.016511438 4288387995
-1.0129639 -0.53176951 -0.001460051 4284900966
-0.99704427 -0.51080829 -0.0015976741 4284900966
-0.80600357 -0.54095185 -0.00020140636 4288387995
-0.77613986 -0.52605087 -0.00042131005 4288387995
-0.72370416 -0.525841 -0.0081154322 4288387995
-0.67568231 -0.52616566 -0.010698396 4288387995
-0.6252045 -0.52704316 -0.013408305 4288387995
-0.57652712 -0.52656573 -0.015475999 4288387995
-0.52459729 -0.52588409 -0.016884219 4288387995
-0.47752997 -0.52430063 -0.015802309 4288387995
-0.42783773 -0.525581 -0.017627137 4288387995
-0.37534586 -0.52265352 -0.017305192 4288387995
-0.32520288 -0.52615482 -0.017832797 4288387995
-0.27301064 -0.52679688 -0.018981567 4288387995
-0.22252052 -0.52697313 -0.01847633 4288387995
-0.17318179 -0.52615303 -0.018951988 4288387995
-0.12511119 -0.52421999 -0.018700751 4288387995
-0.072588541 -0.52578366 -0.021795027 4288387995
-0.018242331 -0.52313691 -0.021393981 4288387995
0.030076578 -0.52676976 -0.024046013 4288387995
0.067359596 -0.5253616 -0.029909603 4288387995
0.1272067 -0.52460742 -0.024681095 4288387995
0.18199942 -0.52230483 -0.01781342 4288387995
0.2139505 -0.52567238 -0.030361112 4288387995
0.27755153 -0.52706242 -0.028289625 4288387995
0.33754081 -0.5220381 -0.031383079 4288387995
0.37049961 -0.52621764 -0.024698501 4288387995
0.43144053 -0.51984578 -0.033616703 4288387995
0.46774867 -0.52511972 -0.027097715 4288387995
0.51689965 -0.53113127 -0.028391339 4288387995
0.57119334 -0.5230366 -0.024648501 4288387995
0.62130982 -0.52283782 -0.024068072 4288387995
0.67481607 -0.5221746 -0.023302242 4288387995
0.71999788 -0.52748281 -0.033021972 4288387995
0.78025478 -0.52399409 -0.027271573 4288387995
0.83580202 -0.52431852 -0.025136909 4288387995
0.85763615 -0.52693897 -0.024863055 4288387995
0.92937988 -0.5234533 -0.030939003 4288387995
0.97340012 -0.52436632 -0.032098074 4288387995
1.0155785 -0.52899081 -0.019155445 4288387995
1.0813249 -0.52522922 -0.04824568 4288387995
1.1339377 -0.52678138 -0.02109096 4288387995
1.18287 -0.51868415 -0.0087825265 4288387995
1.2088913 -0.52571607 -0.026737154 4288387995
1.324445 -0.52005148 -0.021664388 4288387995
1.3580493 -0.54165512 -0.016092988 4288387995
1.4266409 -0.52605784 -0.020361356 4288387995
1.5115635 -0.5242179 -0.027370488 4288387995
1.5918952 -0.50995797 -0.017629042 4288387995
1.6799475 -0.52049935 -0.012387795 4288387995
-1.6733224 -0.475216 -0.034832798 4288387995
-1.6334884 -0.47708777 -0.0095921177 4288387995
-1.0018475 -0.49892884 -0.001520011 4284900966
-0.98626512 -0.47376761 -0.0016462196 4284900966
-0.76251733 -0.48257756 -0.0002403837 4288387995
-0.72378469 -0.47849306 -0.0019508369 4288387995
-0.67318922 -0.4784151 -0.0097933868 4288387995
-0.62528348 -0.47715592 -0.0098724607 4288387995
-0.57334626 -0.47545376 -0.013572639 4288387995
-0.52435488 -0.47452939 -0.017579116 4288387995
-0.4745183 -0.47626814 -0.017555604 4288387995
-0.42465222 -0.47529298 -0.016449744 4288387995
-0.37610331 -0.47496375 -0.018725228 4288387995
-0.32738319 -0.47419521 -0.018652843 4288387995
-0.27762425 -0.47750413 -0.015634157 4288387995
-0.22886708 -0.47642231 -0.018449746 4288387995
-0.17756142 -0.47359532 -0.019442681 4288387995
-0.12669337 -0.47690922 -0.017696228 4288387995
-0.077951349 -0.47448125 -0.020301253 4288387995
-0.029251179 -0.47584718 -0.021552715 4288387995
0.027475214 -0.47703746 -0.024894252 4288387995
0.084486835 -0.47173744 -0.019002099 4288387995
0.11950504 -0.47953638 -0.033974487 4288387995
0.17396338 -0.47490594 -0.024418036 4288387995
0.22697364 -0.47129697 -0.021981398 4288387995
0.2706539 -0.47567028 -0.029035414 4288387995
0.3333635 -0.47626907 -0.019749193 4288387995
0.36285487 -0.47354057 -0.028483164 4288387995
0.4325088 -0.47171581 -0.028861936 4288387995
0.4637574 -0.47982505 -0.02245521 4288387995
0.5331763 -0.47243559 -0.03570975 4288387995
0.57926178 -0.47724798 -0.02984859 4288387995
0.61612421 -0.4733015 -0.021482076 4288387995
0.67504144 -0.47290936 -0.025207106 4288387995
0.72761416 -0.47653547 -0.031635363 4288387995
0.76965362 -0.47190282 -0.034260184 4288387995
0.82871741 -0.47521892 -0.025969276 4288387995
0.87685788 -0.46869105 -0.021423141 4288387995
0.91584015 -0.47955614 -0.033110641 4288387995
0.98658031 -0.47265148 -0.013734328 4288387995
1.0064646 -0.47250366 -0.026713613 4288387995
1.0798819 -0.47139567 -0.035444625 4288387995
1.1237627 -0.49095747 -0.023386871 4288387995
1.1754164 -0.47328907 -0.019269854 4288387995
1.2975824 -0.4573915 -0.015424286 4288387995
1.3233836 -0.47671202 -0.022183832 4288387995
1.3887455 -0.47005025 -0.0032930863 4288387995
1.4109848 -0.47902393 -0.027907073 4288387995
1.5298722 -0.47464046 -0.028489886 4288387739
1.5662763 -0.47500572 -0.017347842 4288387995
1.6435282 -0.45838189 -0.0037042834 4288387995
1.6694951 -0.47677177 -0.024862112 4288387995
-1.6748823 -0.42531049 -0.026487648 4288387995
-1.6414796 -0.42846617 -0.0056195161 4288387995
-0.96794224 -0.42966086 -0.0017660354 4284900966
-0.72039592 -0.43102753 -0.00031685899 4288387995
-0.67405641 -0.4295817 -0.0029249797 4288387995
-0.62399548 -0.42735779 -0.012698372 4288387995
-0.57593721 -0.42576703 -0.012697945 4288387995
-0.52581656 -0.42426562 -0.013961825 4288387995
-0.47461095 -0.42771798 -0.020467354 4288387995
-0.42264345 -0.42661557 -0.017357651 4288387995
-0.37521192 -0.42613924 -0.018608654 4288387995
-0.32559216 -0.42421919 -0.019610777 4288387995
-0.2712228 -0.42412946 -0.018555298 4288387995
-0.21949552 -0.42351767 -0.021237584 4288387995
-0.16953063 -0.42284495 -0.020343959 4288387995
-0.12342568 -0.42594311 -0.020686623 4288387995
-0.07448855 -0.42376214 -0.019473085 4288387995
-0.026579442 -0.42702606 -0.018276799 4288387995
0.019752787 -0.42786902 -0.023047581 4288387995
0.076150693 -0.42393187 -0.02569052 4288387995
0.1320301 -0.4218941 -0.012215259 4288387995
0.16143975 -0.42768839 -0.033255901 4288387995
0.22763881 -0.42475298 -0.021887911 4288387995
0.2697787 -0.43035975 -0.04373521 4288387995
0.32505238 -0.4250395 -0.016322924 4288387995
0.36562032 -0.42779058 -0.037715383 4288387995
0.42931426 -0.42424926 -0.021066403 4288387995
0.47116476 -0.42378169 -0.033255409 4288387995
0.53254575 -0.42425886 -0.027130933 4288387995
0.56247729 -0.43289527 -0.021707546 4288387995
0.62969828 -0.4232541 -0.028798567 4288387995
0.66756833 -0.42502818 -0.02695871 4288387995
0.72072029 -0.42829338 -0.032374609 4288387995
0.78328741 -0.42067534 -0.02016185 4288387995
0.8120653 -0.43005347 -0.022672614 4288387995
0.87610561 -0.42236176 -0.019197537 4288387995
0.91861433 -0.42111197 -0.038196698 4288387995
0.96995133 -0.42755347 -0.016771859 4288387995
1.022889 -0.42104825 -0.024549702 4288387995
1.0665429 -0.42761222 -0.032976933 4288387995
1.1421108 -0.41809398 -0.0099456627 4288387995
1.1699378 -0.42771479 -0.024845459 4288387995
1.2757549 -0.42697459 -0.015182852 4288387995
1.3443757 -0.43154255 -0.028370814 4288387995
1.375084 -0.41990125 -0.02170066 4288387995
1.5354799 -0.42982069 -0.021098584 4288387994
1.5547271 -0.4073298 -0.030009562 4288387996
1.6309403 -0.42200708 -0.0091584511 4288387995
1.6582611 -0.42977357 -0.037168294 4288387995
-1.6754944 -0.37621221 -0.017685158 4288387995
-1.6473355 -0.38933235 -0.0020519823 4288387995
-0.9554919 -0.39098102 -0.0018306713 4284900966
-0.94173241 -0.37630689 -0.0019562005 4284900966
-0.67437333 -0.38090473 -0.00044739485 4288387995
-0.62169862 -0.37732118 -0.0060286117 4288387995
-0.57114583 -0.37686703 -0.013021595 4288387995
-0.52578366 -0.37542847 -0.011539704 4288387995
-0.47475407 -0.37598783 -0.015169865 4288387995
-0.42448315 -0.37729815 -0.023399666 4288387995
-0.37287715 -0.37709281 -0.017876463 4288387995
-0.32622141 -0.37214181 -0.01903866 4288387995
-0.2765106 -0.37374485 -0.019388605 4288387995
-0.22916269 -0.37334645 -0.020507565 4288387995
-0.18280137 -0.37961477 -0.019862311 4288387995
-0.12832627 -0.37554017 -0.022355197 4288387995
-0.072708577 -0.37277833 -0.021388786 4288387995
-0.023506446 -0.37696093 -0.024471242 4288387995
0.027190672 -0.37505931 -0.017616265 4288387995
0.068687886 -0.37470064 -0.024638601 4288387995
0.12792809 -0.37474442 -0.025449267 4288387995
0.17968749 -0.37265381 -0.010050993 4288387995
0.21760832 -0.37753606 -0.032511249 4288387995
0.2848798 -0.37528706 -0.019667525 4288387995
0.31417555 -0.37784606 -0.032119557 4288387995
0.38048697 -0.36838442 -0.018760789 4288387995
0.42083427 -0.37703526 -0.029266955 4288387995
0.47662869 -0.37691724 -0.025142342 4288387995
0.52808124 -0.37432539 -0.02448999 4288387995
0.55739379 -0.38011283 -0.01422508 4288387995
0.63718396 -0.37821883 -0.030226551 4288387995
0.66662723 -0.37317953 -0.022298928 4288387995
0.77815461 -0.37290576 -0.025134301 4288387995
0.82664925 -0.37921298 -0.02462435 4288387995
0.92332464 -0.37232831 -0.024202395 4288387995
0.95939577 -0.38222468 -0.027914524 4288387995
1.0272983 -0.37396595 -0.019139523 4288387995
1.0664327 -0.37548542 -0.048487939 4288387995
1.1329064 -0.3732228 -0.015368055 4288387995
1.1803766 -0.38134617 -0.024250131 4288387995
1.2350217 -0.37021104 -0.014732369 4288387995
1.2539848 -0.39664161 -0.014941998 4288387995
1.34126 -0.36936831 -0.0029594004 4288387995
1.3659253 -0.37631768 -0.02921859 4288387995
1.4888279 -0.36933279 -0.016497988 4288387995
1.5068874 -0.39397383 -0.016696163 4288387995
1.5731148 -0.3703557 -0.025300872 4288387995
1.6221219 -0.3793126 -0.021953227 4288387739
-1.6789156 -0.32827562 -0.010904701 4288387995
-0.92036182 -0.3259221 -0.0020979503 4284900966
-0.65783262 -0.33252919 -0.00026160822 4288387995
-0.62152398 -0.32284233 -0.00059378194 4288387995
-0.56992745 -0.32959327 -0.0099522602 4288387995
-0.52321768 -0.32720944 -0.011297433 4288387995
-0.47478026 -0.32394725 -0.011397693 4288387995
-0.42466694 -0.32776693 -0.018079091 4288387995
-0.37695643 -0.33095294 -0.0211062 4288387995
-0.32130507 -0.32587656 -0.018582627 4288387995
-0.27316144 -0.32330722 -0.018037351 4288387995
-0.22368154 -0.32590717 -0.019019781 4288387995
-0.1682118 -0.32327381 -0.019936938 4288387995
-0.1262854 -0.32576764 -0.01956146 4288387995
-0.083274782 -0.32872936 -0.021954892 4288387995
-0.023188427 -0.32390985 -0.023584034 4288387995
0.027432213 -0.32594073 -0.026024038 4288387995
0.076513462 -0.3242498 -0.019423509 4288387995
0.1193228 -0.32760453 -0.025799042 4288387995
0.17834586 -0.32205555 -0.022026209 4288387995
0.21806698 -0.32978737 -0.016221419 4288387995
0.28010839 -0.32412934 -0.02643645 4288387995
0.33559799 -0.31497824 -0.011243995 4288387995
0.37753284 -0.32672989 -0.025085643 4288387995
0.42694336 -0.33386683 -0.048298843 4288387995
0.48151705 -0.31637922 -0.015627073 4288387995
0.5134657 -0.33532465 -0.029646724 4288322202
0.59697127 -0.30788758 -0.0015191404 4288387995
0.62952197 -0.32355568 -0.021792097 4288387995
0.67826998 -0.32874313 -0.02784743 4288387995
0.72251749 -0.31072834 -0.0072711757 4288387995
0.77459288 -0.32794082 -0.028969036 4288387995
0.81061339 -0.3391715 -0.011684604 4288387995
0.916143 -0.3243188 -0.025033748 4288387995
0.9835242 -0.32050058 -0.012834372 4288387995
1.0018733 -0.34655058 -0.013038528 4288387995
1.0810014 -0.31460524 -0.028863529 4285960054
1.1194688 -0.32193318 -0.02585092 4284057177
1.174795 -0.32895386 -0.021723423 4284056921
1.2110775 -0.32652906 -0.023616923 4284581985
1.3287727 -0.32141519 -0.014068471 4288387995
1.3727044 -0.32936969 -0.031398181 4288387995
1.4468856 -0.31210709 -0.016037725 4288387995
1.4648283 -0.33658591 -0.016234679 4288387995
1.5819757 -0.32664523 -0.014688996 4288387994
1.6119051 -0.3282575 -0.03637784 4288453277
-1.6891131 -0.2822054 -0.00882727 4288387995
-0.90606564 -0.2822893 -0.0021734701 4284900966
-0.88898033 -0.27291143 -0.0023466083 4284900966
-0.6196233 -0.28259879 -0.0003068787 4288387995
-0.5754227 -0.27797738 -0.00076573511 4288387995
-0.52216893 -0.27593997 -0.0089924103 4288387995
-0.4747667 -0.27617732 -0.015644293 4288387995
-0.42881453 -0.27866811 -0.014125964 4288387995
-0.3772434 -0.27892259 -0.017680883 4288387995
-0.32847834 -0.27610874 -0.02445266 4288387995
-0.2765733 -0.27603784 -0.02054669 4288387995
-0.22548197 -0.27171907 -0.018155629 4288387995
-0.18113975 -0.27769572 -0.018995965 4288387995
-0.12377102 -0.27406669 -0.021839939 4288387995
-0.064812049 -0.26745167 -0.021968203 4288387995
-0.033688352 -0.28332457 -0.018698672 4288387995
0.025722751 -0.27408803 -0.025794562 4288387995
0.075074747 -0.27726799 -0.019730782 4288387995
0.12708321 -0.27517337 -0.024602434 4288387995
0.17155507 -0.28048745 -0.017548203 4288387995
0.2329143 -0.27147052 -0.016186852 4288387995
0.27025604 -0.27609935 -0.023949459 4288387995
0.33227542 -0.27414343 -0.013565577 4288387995
0.36660114 -0.27631015 -0.032080296 4288387995
0.4313086 -0.26486275 -0.0093659237 4288387995
0.47247905 -0.28019404 -0.02214513 4288387995
0.58503872 -0.26671776 -0.0086838715 4288387995
0.61144787 -0.2805925 -0.027479654 4288387995
0.69463187 -0.28453642 -0.043959159 4288387995
0.72411406 -0.27017492 -0.021957876 4288387995
0.76697451 -0.27707887 -0.023272414 4288387995
0.89225012 -0.27796865 -0.018306563 4288387995
0.92222339 -0.27180237 -0.022916375 4288387995
0.95791501 -0.28415462 -0.012549154 4288387995
1.0463135 -0.2532365 -0.024808502 4282088764
1.0683807 -0.27763742 -0.024477735 4283597650
1.1214446 -0.28134045 -0.037319884 4288387995
1.1720748 -0.27516559 -0.014629074 4288387995
1.2126455 -0.29336384 -0.030499863 4288387995
1.2911683 -0.26316291 -0.0026073835 4288387995
1.3188128 -0.28202257 -0.022589916 4288387995
1.3950392 -0.28176269 -0.031727511 4288387995
1.4171489 -0.27291879 -0.018489612 4288387995
1.5466907 -0.25613737 -0.0030314801 4288387995
1.5759262 -0.27684489 -0.0224739 4288387740
1.6082425 -0.26242808 -0.033281475 4288387996
-1.6930232 -0.23766792 -0.0029976447 4288387995
-0.87983686 -0.23313323 -0.0023721824 4284900966
-0.57078212 -0.22260232 -0.00039335669 4288387995
-0.52553451 -0.22626333 -0.00092778914 4288387995
-0.48115534 -0.23328012 -0.010410089 4288387995
-0.42726925 -0.22702628 -0.012281274 4288387995
-0.37368974 -0.22087304 -0.014693776 4288387995
-0.31855363 -0.22631434 -0.024448693 4288387995
-0.27130455 -0.22654188 -0.023500919 4288387995
-0.2212166 -0.2240421 -0.019063752 4288387995
-0.17601275 -0.22732027 -0.019608473 4288387995
-0.12999773 -0.22344418 -0.021355748 4288387995
-0.079059079 -0.2246602 -0.021244721 4288387995
-0.016487967 -0.21929556 -0.022621136 4288387995
0.015346889 -0.23335223 -0.020703813 4288387995
0.078392982 -0.22282279 -0.021352258 4288387995
0.12351159 -0.227963 -0.013643848 4288387995
0.17805001 -0.22139104 -0.029278249 4288387995
0.22275765 -0.22629473 -0.019262321 4288387995
0.26428455 -0.22809951 -0.017007601 4288387995
0.32532772 -0.22495052 -0.024781423 4288387995
0.36495423 -0.2290099 -0.016577652 4288387995
0.42988902 -0.2197116 -0.010958769 4288387995
0.46151388 -0.22624144 -0.033205282 4288387995
0.53226453 -0.2155809 -0.010361653 4288387995
0.57692575 -0.22740795 -0.022421632 4288387995
0.69572133 -0.20977056 -0.0057600481 4288387995
0.72891563 -0.22455898 -0.02753908 4288387995
0.76160526 -0.2198904 -0.011547384 4288387995
0.87906837 -0.22097075 -0.013017545 4288387995
0.91878891 -0.22609076 -0.015319221 4288387995
1.0357194 -0.22332093 -0.023649657 4282548035
1.0657455 -0.22879378 -0.028958863 4288387995
1.1351063 -0.22821203 -0.020835444 4288387995
1.1791471 -0.2211225 -0.018464953 4288387995
1.278074 -0.21946159 -0.0098586809 4288387995
1.3070016 -0.23453896 -0.03220959 4288387995
1.3827512 -0.22460409 -0.015333876 4288387995
1.4118305 -0.23212761 -0.032839987 4288387995
1.5310293 -0.22343512 -0.0029225948 4288387739
1.563848 -0.22301391 -0.035558429 4288387739
1.6236603 -0.22068226 -0.034224115 4288387741
1.6809587 -0.22127135 -0.017401529 4288387995
-1.0537528 -0.15038776 -0.04326297 4284900966
-1.0250595 -0.15483691 -0.026262384 4284900966
-0.99860013 -0.15967858 -0.043849155 4284900966
-0.8589744 -0.17702268 -0.0024966595 4284900966
-0.84349644 -0.16149247 -0.002639703 4284900966
-0.5246551 -0.18134438 -0.00059314759 4288387995
-0.47156879 -0.18303595 -0.005161454 4288387995
-0.41798449 -0.1694417 -0.014405644 4288387995
-0.36806241 -0.17358547 -0.011767837 4288387995
-0.33272815 -0.18257132 -0.015009253 4288387995
-0.27593467 -0.1725094 -0.020723101 4288387995
-0.22606929 -0.17740501 -0.029164771 4288387995
-0.17314528 -0.17227753 -0.017032016 4288387995
-0.12629782 -0.17705899 -0.019886563 4288322202
-0.074185118 -0.17036937 -0.025025716 4288059030
-0.023473261 -0.16935635 -0.020299917 4287335307
0.02210537 -0.16104859 -0.018908909 4287598479
0.065705091 -0.17933348 -0.017747656 4288387995
0.12778951 -0.16997863 -0.025228864 4288387995
0.17286457 -0.17508735 -0.014064375 4288387995
0.21726657 -0.18106781 -0.02819562 4288387995
0.27801269 -0.17196265 -0.023360327 4288387995
0.3222228 -0.18048991 -0.021108644 4288387995
0.38905206 -0.15998331 -0.021946317 4288387995
0.42362964 -0.17763129 -0.025627738 4288387995
0.47667527 -0.17642371 -0.011760515 4288387995
0.53071582 -0.17674437 -0.0057879277 4288387995
0.5636043 -0.17416407 -0.031833645 4288387995
0.63945973 -0.15902746 -0.013448758 4288387995
0.68046129 -0.17413005 -0.0089543117 4288387995
0.71678758 -0.18297501 -0.035515469 4288387995
0.77680248 -0.17369671 -0.024348535 4288387995
0.83511502 -0.16622661 -0.0046707238 4288387995
0.87210935 -0.17194073 -0.018507358 4288322202
1.0291616 -0.17410612 -0.021946948 4286152313
1.0798856 -0.16222993 -0.023802673 4286940549
1.1177506 -0.16620988 -0.02433286 4287335563
1.1736465 -0.17204323 -0.022882715 4288387995
1.2420388 -0.15900169 -0.0022620549 4288387995
1.2708007 -0.17888737 -0.020729983 4288387995
1.3384061 -0.16409703 -0.014847301 4288387995
1.3579804 -0.19080865 -0.015061997 4288387995
1.4975561 -0.15353549 -0.0026898819 4288387995
1.5243555 -0.17380732 -0.018959682 4288387995
1.5508263 -0.19449669 -0.035336394 4288387997
1.6397482 -0.16820127 -0.0261249 4288387996
1.6577774 -0.19040948 -0.017149471 4288387995
-1.1119534 -0.11241349 -0.024554012 4285493103
-1.0740172 -0.13906954 -0.024494678 4286216826
-1.0427163 -0.14947218 -0.0063641695 4284900966
-0.83348888 -0.12688951 -0.0026845401 4284900966
-0.51467627 -0.14290239 -0.00041006538 4288387995
-0.47077435 -0.12007711 -0.00072647288 4288387995
-0.41761988 -0.11778809 -0.0013037452 4288387995
-0.383407 -0.133425 -0.016609972 4288387995
-0.32241422 -0.12438072 -0.017240459 4288387995
-0.27151853 -0.12306903 -0.016659526 4288387995
-0.22956185 -0.12736556 -0.015176865 4288387995
-0.17921947 -0.12623051 -0.033990171 4288387995
-0.11803966 -0.11758108 -0.018838033 4287401100
-0.076274522 -0.13059896 -0.020757619 4285822068
-0.02549118 -0.14660953 -0.023157407 4285295724
0.024462385 -0.14588276 -0.024773778 4285558896
0.063729368 -0.1363465 -0.019323297 4287664272
0.12308071 -0.12760267 -0.017220492 4288322202
0.18242179 -0.12015308 -0.016205333 4288387995
0.22914863 -0.12394298 -0.027706947 4288387995
0.27438372 -0.12707104 -0.014630055 4288387995
0.32014564 -0.1252096 -0.036381252 4288387995
0.37538758 -0.12360024 -0.018190559 4288387995
0.42046806 -0.13010043 -0.024046244 4288387995
0.49345589 -0.11204354 -0.0088079888 4288387995
0.52830893 -0.12624899 -0.018861109 4288387995
0.57408804 -0.12202638 -0.018587688 4288387995
0.62144887 -0.13233352 -0.011513304 4288387995
0.67779493 -0.12798704 -0.023654101 4288387995
0.7892437 -0.12762454 -0.034688827 4288387995
0.8195349 -0.12130833 -0.01425452 4288322202
0.85552824 -0.13818866 -0.018763766 4288387995
0.99639863 -0.10943435 -0.024996577 4284900966
1.0272318 -0.12429511 -0.024742555 4285098345
1.0719733 -0.13783726 -0.021754086 4285295725
1.126586 -0.13754174 -0.024368925 4286348412
1.1812168 -0.12282886 -0.018965472 4288387995
1.2314665 -0.12253533 -0.0079652164 4288322202
1.2676229 -0.12491129 -0.028005052 4288387995
1.3132938 -0.12983532 -0.014571698 4288387995
1.48421 -0.12565792 -0.0025972377 4288387995
1.5184522 -0.12360253 -0.034784317 4288453275
1.5953064 -0.10724401 -0.016470077 4288387995
1.6116847 -0.12905493 -0.016648054 4288387995
1.6550635 -0.1356485 -0.036144104 4288387997
-1.1506201 -0.055013016 -0.02017043 4284900966
-1.1375411 -0.078944691 -0.026946772 4284900966
-0.81405294 -0.076987408 -0.0028055906 4284900966
-0.79320151 -0.062460959 -0.0030110863 4284900966
-0.47085306 -0.073996067 -0.00037267129 4288387995
-0.43441328 -0.084919617 -0.00086377602 4288387995
-0.36493298 -0.075660825 -0.014754715 4288387995
-0.32246199 -0.072600074 -0.020043211 4288387995
-0.27891815 -0.082036346 -0.012896728 4288387995
-0.21981212 -0.070291951 -0.025192561 4288387995
-0.17727442 -0.079049259 -0.0094522694 4288387995
-0.12908392 -0.074292563 -0.023181528 4285822068
0.18939859 -0.064722516 -0.016681725 4288387995
0.21754429 -0.078493446 -0.016974885 4288387995
0.27337149 -0.076905668 -0.03019123 4288387995
0.32889006 -0.07242988 -0.025497179 4288387995
0.37400207 -0.07574711 -0.016863102 4288387995
0.40210009 -0.09683615 -0.04267111 4288387995
0.47661909 -0.072920375 -0.005408599 4288387995
0.52318513 -0.075569458 -0.025571726 4288387995
0.55417091 -0.090376258 -0.011968033 4288387995
0.62990433 -0.073333688 -0.0053088013 4288387995
0.66715002 -0.077889659 -0.035987154 4288387995
0.73108226 -0.063958198 -0.013745223 4288387995
0.77809149 -0.075820282 -0.0089580193 4288387995
0.82548469 -0.077281296 -0.025402067 4288387995
0.8563292 -0.062335569 -0.0079832114 4288387995
0.973903 -0.075828336 -0.025077773 4284966759
1.0678016 -0.080882408 -0.024699355 4284900966
1.141116 -0.07403481 -0.045448538 4288387995
1.1723877 -0.07501445 -0.025482982 4288387995
1.2877929 -0.095042288 -0.014291834 4288387995
1.4487069 -0.051513076 -0.0023505262 4288387995
1.4756541 -0.073929988 -0.016621871 4288387995
1.5034219 -0.090672195 -0.034528248 4288453277
1.5724564 -0.07683152 -0.016221441 4288387995
-1.1567897 -0.029053489 -0.023038147 4284900966
-0.78433865 -0.018000165 -0.0030244279 4284900966
-0.41808915 -0.025666108 -0.00059238781 4288387995
-0.3755337 -0.024336874 -0.0010581079 4288387995
-0.32704681 -0.029438965 -0.0087411106 4288387995
-0.26071459 -0.012276597 -0.027064759 4288387995
-0.229883 -0.036257841 -0.0098825758 4288322202
-0.16228405 -0.017122716 -0.023680847 4287532686
-0.13913774 -0.027672065 -0.014981393 4284966759
0.28026584 -0.019661602 -0.027185177 4288387995
0.32481763 -0.032296225 -0.0092794104 4288387995
0.36662117 -0.028335705 -0.035347562 4288387995
0.4358592 -0.022316175 -0.0084173977 4288387995
0.47612566 -0.022941587 -0.014390755 4288387995
0.50357652 -0.043148596 -0.033784289 4288387995
0.58844602 -0.01873441 -0.0091956705 4288387995
0.62653947 -0.024794966 -0.022198681 4288387995
0.66935128 -0.025381736 -0.01540334 4288387995
0.70712519 -0.045206189 -0.013333385 4288387995
0.77496469 -0.026049405 -0.0067561744 4288387995
0.82951844 -0.03184047 -0.034689404 4288387995
0.86878586 -0.020792058 -0.021189896 4288387995
0.94197345 -0.019212669 -0.024509666 4285756275
0.95332098 -0.023833966 -0.025221832 4284900966
1.182819 -0.029162625 -0.019678554 4288387995
1.2127664 -0.015792966 -0.00082385552 4288387995
1.4376447 -0.028409988 -0.002273665 4288124823
1.4735135 -0.025185596 -0.034018114 4288387995
1.5334725 -0.024935817 -0.015797446 4288387995
-1.1600897 0.0019990206 -0.024384096 4284900966
-0.76769662 0.025101617 -0.0031266864 4284900966
-0.37983909 0.01964356 -0.00067312841 4288387995
-0.30898625 0.043055862 -0.0012866176 4288387995
-0.28141308 0.014554791 -0.01427519 4288387995
-0.21277587 0.035173558 -0.029990483 4288387995
-0.18131615 0.014970589 -0.011318956 4288256409
-0.13882223 0.021967536 -0.01708217 4284835173
0.26327175 0.0062042833 -0.01547115 4288322202
0.33818626 0.011220515 -0.019303717 4288387995
0.37738007 0.025074437 -0.021817412 4288387995
0.42635193 0.020436449 -0.0062653944 4288387995
0.46941829 0.024802392 -0.037416752 4288387995
0.54332167 0.04634726 -0.0086900843 4288387995
0.57841218 0.028645575 -0.0055960487 4288387995
0.62405151 0.019399785 -0.027465232 4288387995
0.74011111 0.03175522 -0.0070366897 4288387995
0.76965457 0.017792724 -0.012657571 4288387995
0.836689 0.042435925 -0.014111351 4288387995
0.87951016 0.020335941 -0.027680524 4288387995
0.93322587 0.025733905 -0.019328834 4286282619
0.95465416 0.02771851 -0.024462558 4285229931
1.1858772 0.022305349 -0.018681427 4288387995
1.2123359 0.02481854 -0.0018508659 4288387995
1.510836 0.0052027702 -0.01555135 4288453788
-0.75721234 0.076254249 -0.0031450349 4284900966
-0.74233466 0.066808052 -0.0033302258 4284900966
-0.35526073 0.084259212 -0.00045286404 4288387995
-0.33518374 0.066380449 -0.00081449834 4288387995
-0.25836435 0.093111955 -0.0014693966 4288387995
-0.23439687 0.066631511 -0.014932697 4288387995
-0.16226324 0.083781987 -0.03857547 4288387995
-0.13352783 0.067124903 -0.013783665 4286019447
-0.099719405 0.057770014 -0.005070711 4284900966
0.34920192 0.074615359 -0.0084097786 4288322202
0.36651388 0.067732908 -0.0079283649 4288387995
0.43540564 0.074191384 -0.017737761 4288387995
0.4558568 0.064369343 -0.044628058 4288387995
0.52727282 0.082586974 -0.0092269983 4288387995
0.57548177 0.071721919 -0.018228404 4288387995
0.60251331 0.058310449 -0.047743395 4288387995
0.69278878 0.092150629 -0.0095969513 4288387995
0.71984029 0.069087759 -0.0052947332 4288387995
0.77328157 0.080278724 -0.018856155 4288387995
0.81524724 0.058695477 -0.01374684 4288387995
0.89273047 0.057316024 -0.044403683 4288387995
0.92689806 0.074810922 -0.021935303 4287598479
0.96607339 0.074489549 -0.020941166 4285295724
1.1950227 0.072663344 -0.013780613 4288387995
1.2118144 0.073830485 -0.0030913751 4288387995
1.692132 0.081409097 -0.0024389564 4288124823
-0.72168696 0.11619498 -0.0034662664 4284900966
-0.31132522 0.13950557 -0.00052091351 4288387995
-0.28178406 0.1136263 -0.0010499109 4288387995
-0.1820213 0.12202926 -0.016564645 4288387995
-0.10810781 0.14464056 -0.04039491 4288387995
-0.077948742 0.12803961 -0.025706604 4286874756
-0.047012448 0.12031639 -0.011025558 4284900966
0.4813723 0.13263553 -0.0088223647 4288387995
0.52450305 0.1195013 -0.0049273251 4288387995
0.56886095 0.11858805 -0.038024794 4288387995
0.67853421 0.1317752 -0.0076553291 4288387995
0.72144902 0.12203044 -0.0083905999 4288387995
0.7586416 0.10161817 -0.01278448 4288387995
0.88396657 0.12829122 -0.005865905 4288387995
0.93315345 0.11981255 -0.029070543 4288387995
0.97451997 0.11941433 -0.01805318 4286545791
1.0226959 0.13421869 -0.023099216 4285887861
1.0739495 0.14105627 -0.0280232 4286677377
1.1993504 0.1127702 -0.011762917 4288387995
1.2112234 0.12956151 -0.0045008436 4288387995
-0.70944881 0.17600709 -0.0034871961 4284900966
-0.69324017 0.16593394 -0.0036885885 4284900966
-0.25471878 0.19298863 -0.00074445619 4288387995
-0.22613452 0.16838972 -0.0012527526 4288387995
-0.12065126 0.17732011 -0.021267151 4288387995
-0.084084831 0.16102819 -0.0028987853 4288322202
-0.031586856 0.19195865 -0.042615056 4288387995
0.015344421 0.1952213 -0.011578787 4284900966
0.45995986 0.15885736 -0.0081843529 4288387995
0.54121643 0.16372037 -0.021668041 4288387995
0.55683208 0.15703174 -0.047255944 4288387995
0.63714099 0.18059039 -0.0096389782 4288387995
0.67670494 0.17186587 -0.0052690706 4288387995
0.83826423 0.18268889 -0.010344466 4288387995
0.86339879 0.170664 -0.0040328586 4288387995
0.93252921 0.18595724 -0.02057494 4286743170
0.97729772 0.17650121 -0.022008896 4286545791
1.0210623 0.16651389 -0.022386253 4285229931
1.0866646 0.17257065 -0.015743693 4288059030
1.1062026 0.18491307 -0.035313409 4288387995
-0.67605382 0.22854829 -0.0037594247 4284900966
-0.62237734 0.22122943 -2.6571577e-05 4288387995
-0.26725674 0.20377541 -0.00052135281 4288387995
-0.16946189 0.23305053 -0.0013913006 4288387995
-0.14049974 0.20861888 -0.0019026799 4288387995
-0.066907197 0.23401372 -0.042168882 4288387995
-0.025893304 0.22102176 -0.016630106 4287861651
0.58261877 0.23868577 -0.0091816494 4288387995
0.61634684 0.21692125 -0.0083852084 4288387995
0.66037178 0.22126251 -0.00030607043 4288387995
0.79710311 0.24004874 -0.0098892637 4288387995
0.83286572 0.23221689 -0.018574027 4286545791
0.86960518 0.22493382 -0.023753775 4285756275
0.91568083 0.20806043 -0.024942495 4285098345
0.99722153 0.20133036 -0.021427682 4288387995
1.0239892 0.22689022 -0.010103021 4288387995
1.0694253 0.22461288 -0.0095283119 4288387995
1.1175463 0.22314273 -0.024318866 4288387995
1.185504 0.2423867 -0.016481986 4288453788
-0.65734941 0.29678971 -0.0038363761 4284900966
-0.64234042 0.28769687 -0.0040223412 4284900966
-0.59229666 0.28943241 -3.8648828e-05 4288387995
-0.21519355 0.27163035 -0.00058389414 4288387995
-0.1948787 0.25448984 -0.00094244082 4288387995
-0.075131238 0.27495658 -0.0070976894 4288387995
-0.046792388 0.25550497 -0.0025916947 4288387995
0.024377059 0.27910438 -0.044714995 4288387995
0.077178761 0.28335133 -0.012100704 4285558896
0.5789209 0.25376743 -0.0083289929 4288387995
0.67275798 0.25393569 -0.018838663 4288387995
0.77598959 0.28173184 -0.010358593 4288387995
0.82004631 0.27057117 -0.0069888937 4288387995
1.0260164 0.27420929 -0.0070632691 4288387995
1.0719452 0.27543977 -0.016618516 4288387995
1.1362456 0.27401334 -0.021576788 4288387995
1.154891 0.28292993 -0.030132821 4288387995
1.2886837 0.29430822 -0.0071997163 4288322202
-0.66400295 0.30082345 -0.0037541294 4284900966
-0.15671694 0.34621149 -0.00066648389 4288387995
-0.1266558 0.32140684 -0.0011930084 4288387995
-0.014063656 0.32440174 -0.044224817 4288387995
0.023541894 0.32972518 -0.0087619498 4288387995
0.058176398 0.30887559 -0.0033574593 4288387995
0.11170489 0.34717557 -0.047376193 4288387995
0.72921187 0.33196345 -0.0099107679 4288387995
0.78633487 0.33147889 -0.002450638 4288387995
0.8052302 0.30925956 -0.00033654325 4288387995
0.98127353 0.32317352 -0.010928156 4288387995
1.0253112 0.3272604 -0.0051607913 4288387995
1.0742669 0.32031927 -0.014639783 4288387995
1.14854 0.31254616 -0.0027911505 4288387995
1.1615732 0.32782933 -0.020271027 4288387995
1.269755 0.32443887 -0.0070195002 4288387995
1.3120388 0.32843775 -0.031264789 4288387995
-0.61913633 0.36083671 -0.0041401749 4284900966
-0.55612606 0.36403334 -8.7602617e-05 4288387995
-0.16610968 0.3539598 -0.00050188601 4288387995
-0.024521818 0.37544248 -0.0019217411 4288387995
0.082879066 0.38076359 -0.04700543 4288387995
0.13099007 0.37861291 -0.021197764 4288387995
0.16671602 0.37123141 -0.012934019 4284900966
0.70707649 0.35454783 -0.0095943995 4288387995
0.81951886 0.35909235 -0.020279953 4288387995
0.93598652 0.3849605 -0.01043113 4288387995
0.97953445 0.37868634 -0.0074272095 4288387995
1.0151904 0.35753226 -0.011087997 4288387995
1.1790447 0.37396127 -0.014337813 4288387995
1.2345384 0.38017887 -0.0078625949 4288387995
1.2840074 0.37308359 -0.025907395 4288387995
1.3832238 0.38601798 -0.017593455 4288387995
1.4125602 0.36646593 -0.018071581 4288322202
-0.60213041 0.4462148 -0.004164747 4284900966
-0.58059031 0.43357068 -0.0044310573 4284900966
-0.52083457 0.44755617 -8.5646716e-05 4288387995
-0.10445344 0.43977952 -0.00053394673 4288387995
-0.076543525 0.41731709 -0.0010186089 4288387995
0.047566652 0.42191648 -0.04655157 4288387995
0.075857982 0.42757216 -0.020284975 4288387995
0.11973882 0.41456985 -0.0032360132 4288322202
0.89432025 0.44341883 -0.010536538 4288387995
0.92328739 0.41923845 -0.011441113 4288387995
0.9646551 0.42174646 -0.0023842587 4288387995
1.1901723 0.42132971 -0.010115189 4288387995
1.2121562 0.42621872 -0.0053796484 4288387995
1.2782013 0.42101663 -0.026983686 4288387995
1.3251693 0.42470676 -0.016647201 4288387995
1.3589098 0.40222108 -0.017197141 4288387995
1.5265714 0.43910635 -0.0078482218 4288387995
0.031211089 0.48386422 -0.0017141545 4288387995
0.064317882 0.45795098 -0.0022833168 4288387995
0.14609385 0.49744558 -0.049542271 4288387995
0.16594151 0.47462216 -0.049800608 4288387995
0.24076208 0.49067762 -0.0087473793 4287466893
0.27035958 0.46996468 -0.013904244 4284900966
0.87335944 0.46617103 -0.010325914 4288387995
0.94729155 0.46591657 -0.00019050721 4288387995
0.99015009 0.48135269 -0.021955997 4288387995
1.1446788 0.4926306 -0.011568861 4288387995
1.178208 0.47490871 -0.0061721527 4288387995
1.2216004 0.47740799 -0.0079245092 4288387995
1.2678781 0.46288884 -0.015713442 4288387995
1.4937236 0.49070528 -0.0075416518 4288387995
1.5234667 0.47277728 -0.010991406 4288387995
1.5697088 0.4820084 -0.0083680796 4288387995
1.6239171 0.48119742 -0.0035859782 4288387995
1.675796 0.48080897 -0.0044448324 4288387995
-0.55848378 0.52597392 -0.0044992673 4284900966
-0.53765136 0.51396328 -0.0047561363 4284900966
-0.47248766 0.5390386 -0.00018991843 4287795858
-0.017062187 0.52165109 -0.00088436267 4288387995
0.0077853203 0.50220108 -0.0013114812 4288387995
0.13275146 0.51280236 -0.049369257 4288387995
0.18202356 0.53882492 -0.0029804816 4288387995
0.21505708 0.51377779 -0.0035421329 4288322202
1.1235145 0.5280183 -0.011641703 4288387995
1.1736097 0.5249446 -0.007935443 4288387995
1.2067206 0.50364614 -0.014716625 4288387995
1.4497997 0.54908824 -0.013528644 4288387995
1.4732494 0.52355182 -0.0073541156 4288387995
1.5272471 0.52200562 -0.033740446 4288387995
1.5846008 0.50996214 -0.0093976008 4288387995
1.6254653 0.52218443 -0.013522899 4288387995
1.6737244 0.5248279 -0.015882222 4288322202
0.1261369 0.58120137 -0.0020303212 4288387995
0.1599406 0.55556715 -0.00260496 4288387995
0.38329923 0.58613503 -0.014944978 4284900966
1.0862992 0.57526541 -0.011615056 4288387995
1.1298087 0.5716573 -0.0076931342 4288387995
1.1549014 0.56207311 -0.0003089197 4288387995
1.4337311 0.5793435 -0.0097178612 4288387995
1.4568992 0.56401581 -0.00082606502 4288387995
1.5089244 0.56076568 -0.033430491 4288387995
1.5753701 0.58484459 -0.018219387 4288387995
1.6282679 0.55571908 -0.019943837 4288387995
1.6821709 0.56792831 -0.026184101 4288387995
-0.5153963 0.61791044 -0.0048033507 4284900966
-0.49467987 0.6062153 -0.0050585172 4284900966
-0.42246708 0.64235508 -0.00025713598 4287795858
0.044078529 0.643417 -0.00063501211 4288387995
0.075110421 0.61989212 -0.0011627802 4288387995
0.29422259 0.64890265 -0.0033923669 4288387995
0.3199425 0.63010103 -0.0038242892 4288387995
0.35618246 0.60024893 -0.014613358 4286611584
1.0437208 0.61910897 -0.011260917 4288387995
1.0557232 0.60875392 -0.011152424 4288387995
1.1335385 0.60669076 -0.0001605056 4288387995
1.1909817 0.62525189 -0.023928618 4288387995
1.3849311 0.63296545 -0.012830357 4288387995
1.4216968 0.618173 -0.0041782563 4288387995
1.4891845 0.63894725 -0.016840199 4288387995
1.5266746 0.61541468 -0.017440185 4288387995
-1.1534263 0.68828672 -0.025674181 4279505940
-1.1127589 0.69003445 -0.030619835 4279440147
-1.0900294 0.69413859 -0.038462844 4279505940
0.23695266 0.69076681 -0.0024305587 4288387995
0.26883328 0.66745728 -0.0029658114 4288387995
1.3392549 0.6920259 -0.012338651 4288387995
1.3787518 0.67700404 -0.0089802016 4288387995
1.4195211 0.67245603 -0.010077512 4288387995
1.4626125 0.65562969 -0.016415033 4288387995
-1.111026 0.70311666 -0.0044114194 4279505940
-1.0687907 0.71384686 -0.023338566 4279505940
-1.0407108 0.73524761 -0.028531667 4279505940
-0.4627631 0.71838045 -0.0051980517 4284900966
-0.44364142 0.70782572 -0.0054325834 4284900966
0.17744035 0.73426557 -0.0014309516 4288387995
0.2134465 0.70795083 -0.0020358239 4288387995
0.48088518 0.73772168 -0.012991179 4286611584
0.51420575 0.72025114 -0.016152173 4284900966
1.3208745 0.72944307 -0.012915514 4288387995
1.3744197 0.71951455 -0.0067884456 4288387995
-1.0164313 0.773866 -0.025557129 4279505940
-0.3755374 0.76037991 -0.00022199223 4288190616
0.13966727 0.76187152 -0.00079639262 4288387995
0.39659727 0.79510283 -0.0034171042 4288387995
0.42376938 0.77606678 -0.0038671296 4288387995
0.4539839 0.75490153 -0.0043676025 4288387995
1.2786692 0.77076679 -0.012325093 4288387995
1.3066838 0.75351328 -0.013919767 4288387995
1.3570038 0.76895732 -0.00014106289 4288387995
1.4308057 0.79709005 -0.026283953 4288387995
1.6880563 0.78884989 -0.014484185 4288387995
-1.0021636 0.81313574 -0.018948805 4279505940
-0.99781787 0.83507884 -0.029309889 4279505940
-0.41988647 0.84054744 -0.0054411329 4284900966
-0.39239436 0.82578725 -0.0057782037 4284900966
-0.057693209 0.81624573 -0.022994816 4290953922
-0.022740737 0.81897408 -0.025058022 4291151301
0.021780735 0.83586365 -0.028421668 4291414473
0.33661264 0.83713043 -0.0024237651 4288387995
0.37179044 0.81248558 -0.0030063745 4288387995
1.6457744 0.84165025 -0.014034573 4288387995
1.6790801 0.82444811 -0.007402556 4288387995
-1.0017301 0.89370823 -0.028875191 4288453788
-0.99765933 0.86871552 -0.022816531 4282137660
-0.32009083 0.89415574 -0.00020678747 4288387995
-0.29196888 0.89055097 -0.00053248595 4287927444
0.043823097 0.85779923 -0.016628155 4291217094
0.065677352 0.87912476 -0.026837019 4289638062
0.2747381 0.88046318 -0.0013985656 4288387995
0.31045318 0.85545558 -0.0019904682 4288387995
0.63630199 0.89196283 -0.017187325 4286019447
0.6688323 0.8763206 -0.017582659 4284900966
1.6190288 0.87505186 -0.013750213 4288387995
1.6755197 0.87981606 -0.0051792213 4288387995
-1.0129652 0.92653733 -0.026311135 4289835441
0.087205298 0.92322546 -0.024652839 4287927444
0.23764665 0.90644664 -0.00078420999 4288387995
0.54264009 0.94621813 -0.0038929251 4288387995
0.57426083 0.92514658 -0.0044083535 4288387995
0.60209584 0.90659428 -0.0048619867 4288387995
1.5834905 0.92644095 -0.013734966 4288387995
1.631586 0.93283492 -0.0093123931 4288387995
1.6570214 0.90980208 -0.0084970454 4288387995
-1.1782988 0.98887187 -0.026072113 4284900966
-1.0602678 0.99722779 -0.031816263 4284900966
-1.0289519 0.96057391 -0.016671671 4290624957
-0.36684957 0.97658211 -0.0057711327 4284900966
-0.33763304 0.96137989 -0.0061286455 4284900966
0.096355021 0.97332925 -0.025084868 4290032820
0.48413429 0.98520821 -0.0029393281 4288387995
0.51652402 0.96362281 -0.0034672583 4288387995
1.5354269 0.98158675 -0.013620609 4288387995
1.5653549 0.95801413 -0.014414859 4288387995
1.624041 0.9701106 -9.9829085e-05 4288387995
-1.22043 1.0241823 -0.024985762 4284900966
-1.1965913 1.0027032 -0.014317232 4284900966
-1.0807061 1.0210311 -0.02702255 4284900966
-0.2623859 1.0481455 -0.00012198213 4288387995
-0.22975893 1.0444814 -0.00049747556 4288124823
0.090377398 1.0267926 -0.02604598 4291019715
0.39615202 1.0438238 -0.001504777 4288387995
0.42652869 1.0235814 -0.0019999316 4288387995
0.45711946 1.0032003 -0.0024986975 4288387995
-1.2540772 1.0848078 -0.043589007 4284900966
-1.2453798 1.0654542 -0.024443567 4284900966
-1.1040505 1.0659989 -0.023192722 4284900966
0.045536101 1.0987318 -0.040542707 4291480266
0.068729259 1.0755676 -0.026333986 4291348680
0.347363 1.0763476 -0.00070980919 4288387995
0.37075385 1.0607531 -0.0010908935 4288387995
0.7638225 1.0942986 -0.0052327514 4288322460
0.82286483 1.0746682 -0.018924322 4285558896
0.85900688 1.0581615 -0.019361686 4284900966
-1.2541792 1.1091237 -0.015409796 4284835173
-1.1139855 1.1116183 -0.0086463802 4284900966
-0.30591977 1.131933 -0.0061522066 4284900966
-0.27683344 1.1173338 -0.0065069138 4284900966
0.032009643 1.1183258 -0.022541357 4291480266
0.053044438 1.1055911 -0.0088415649 4291480266
0.69116884 1.1399121 -0.0040702457 4288387995
0.72403812 1.1192787 -0.0045962436 4288387995
0.750507 1.1026604 -0.0050197472 4288387995
0.62417108 1.1819507 -0.0029976228 4288387995
0.6629135 1.1576327 -0.0036176599 4288387995
-0.17490605 1.2242525 -0.00026112259 4288387995
-0.13568604 1.2205577 -0.00070915325 4288059030
0.52826977 1.2421491 -0.0014628697 4288387995
0.5731017 1.2140083 -0.0021803554 4288387995
-0.20669001 1.2973313 -0.0069430117 4284900966
-0.18688416 1.2878145 -0.0071839723 4284900966
0.4894926 1.2664971 -0.00084248721 4288387995
0.5060606 1.2560996 -0.00110769 4288387995
1.041871 1.2973406 -0.020947199 4284835430
1.0708772 1.2849165 -0.021296805 4284900966
-0.22641075 1.3068162 -0.0067034326 4284900966
0.92730761 1.3361852 -0.0052075856 4288322457
0.9622184 1.3158317 -0.0057549006 4288453273
1.0187831 1.3072419 -0.020669293 4286611584
0.83406007 1.3906016 -0.0037469156 4288322459
0.8779546 1.3649848 -0.004434471 4288453276
-0.10960293 1.4338729 -2.6913557e-07 4288387995
-0.077522948 1.431518 -0.00036349744 4288387995
-0.034480095 1.4283652 -0.0008511059 4288059030
0.73827976 1.4464939 -0.0022465189 4288387997
0.77154738 1.4270802 -0.0027676434 4288387741
0.80506438 1.4075202 -0.0032926602 4288322458
-0.10318422 1.4975145 -0.007714584 4284900966
-0.090162218 1.491565 -0.0078721037 4284900966
0.64947474 1.4983139 -0.00085533812 4288387995
0.67731971 1.4820732 -0.0012917282 4288387995
0.71471411 1.4602472 -0.0018774042 4288387997
-0.13019225 1.5098398 -0.0073874262 4284900966
1.19254 1.5918899 -0.0062153637 4288453277
1.2097114 1.5827358 -0.0064774859 4288387743
1.2843653 1.5810148 -0.023115791 4286150263
1.3238808 1.565392 -0.0235893 4284900965
1.3503662 1.5549248 -0.023906801 4284900966
1.0909736 1.6459894 -0.0046639396 4288322713
1.124561 1.6281016 -0.0051770359 4288322460
1.1640732 1.6070498 -0.005780471 4288387997
0.020588189 1.6790544 -0.00028605925 4288387995
0.07410343 1.6764351 -0.00088612409 4288190616
0.99737525 1.6958599 -0.0032345376 4288387993
1.0246912 1.6813023 -0.0036516315 4288387738
1.0632223 1.6607761 -0.0042401478 4288387993
-0.87541479 -1.6748439 0.03073895 4288322459
-0.82421201 -1.6754019 0.031842168 4288387739
-0.87548459 -1.624944 0.02992478 4288322459
-0.99029154 -1.3437592 0.031323172 4288387993
-0.87389082 -1.323954 0.028839542 4288387995
-0.82338959 -1.3245519 0.030522928 4288387995
-0.77400875 -1.3270876 0.030352034 4288387995
-0.77367651 -1.2767977 0.029345602 4288387995
-1.1375464 -1.2324796 0.033026632 4284966759
-1.0780454 -1.2495325 0.03021815 4287203721
-1.0179608 -1.2244976 0.037305031 4289638062
-0.98403341 -1.2260939 0.033592489 4289045925
0.02321614 -1.2468998 0.029842073 4287203721
1.024407 -1.2239883 0.029150466 4285295724
1.071721 -1.2260205 0.030890822 4285164138
-1.1282277 -1.1728299 0.031451844 4284900966
-0.96616822 -1.1732709 0.030867364 4290756543
0.13332456 -1.1716317 0.029512873 4290493371
0.97367746 -1.1774908 0.028683418 4285756275
1.1134003 -1.1945699 0.035887998 4284900966
1.6218677 -1.178514 0.029095106 4288387995
-1.3754139 -1.1239399 0.028416064 4288322202
-0.95759887 -1.1252853 0.032746285 4290624957
-0.77460378 -1.1245686 0.030379843 4288387995
0.14467323 -1.1290995 0.030697294 4291348680
-0.95696718 -1.0688258 0.034553975 4290624957
-0.82439321 -1.0770975 0.02992828 4288387995
-0.77527744 -1.0756768 0.030675719 4288387995
-0.027396649 -1.0642889 0.0057670604 4290690750
0.14394501 -1.0739707 0.030380767 4290822336
0.96148807 -1.0709563 0.028849717 4284966759
-1.2309716 -1.02174 0.029402506 4285361517
-1.0717565 -1.020857 0.028421383 4284900966
-1.0291281 -1.0233779 0.031001471 4284966759
-0.97316736 -1.0238159 0.031119015 4289177511
-0.87138188 -1.0231085 0.028400214 4288322202
-0.82521397 -1.0253247 0.030615732 4288322202
-0.77408266 -1.0244935 0.02974027 4288387995
-0.058974881 -1.024151 0.039429255 4290559164
0.12697202 -1.021974 0.031371679 4288980132
0.97017175 -1.0212266 0.030450149 4285427310
1.1968789 -1.049198 0.0081850579 4288387995
-1.1785794 -0.96730858 0.029657448 4285229931
-1.1247011 -0.96207517 0.03276993 4284966759
-1.0727541 -0.96898586 0.032457743 4285032552
-1.0237476 -0.97202528 0.031759247 4286940549
-0.82339281 -0.97755361 0.028772801 4288387995
0.028179782 -0.95612782 0.030661041 4285229931
0.078433722 -0.97274101 0.030560298 4286940549
1.0230396 -0.97133595 0.02991157 4285756275
1.0684724 -0.96362102 0.030246831 4286874756
1.1297185 -0.95674199 0.030058984 4285361517
1.1785154 -0.97061193 0.029593801 4287466893
-1.3747617 -0.92521024 0.028480433 4288387995
1.4880989 -0.87608248 0.032813665 4288387995
-1.6742505 -0.67490971 0.028239163 4288387995
1.6914619 -0.27688685 0.029463727 4288322459
0.074457087 -0.13481523 0.02860426 4288651167
1.6866899 -0.13171457 0.02888713 4288387738
-0.97063559 -0.075744614 0.029277442 4290690750
0.13463736 -0.078137338 0.031110123 4290427578
0.93213248 -0.070591561 0.029569997 4287466893
1.1858293 -0.087023795 0.032070927 4284900966
-1.1393348 -0.048977017 0.03736233 4289638062
-1.0212517 -0.041677117 0.043525886 4291085508
-0.95726347 -0.028022083 0.028095167 4291085508
0.1467963 -0.024470964 0.035579979 4291414473
0.9341616 -0.020643609 0.029342277 4286282619
1.0200875 -0.014865528 0.037388429 4284900966
1.2451367 -0.024943801 0.029202882 4291085508
-1.2455014 0.026448686 0.030101588 4284966759
-0.95447707 0.02426815 0.029309165 4290822336
0.14686865 0.027561778 0.032240108 4290690750
1.0041246 0.010015965 0.040443186 4284900966
0.13262117 0.075370938 0.029476013 4289177511
-1.1839994 0.12131953 0.031682204 4285295724
-1.1202452 0.14499557 0.037005547 4285164138
-1.0711001 0.14523363 0.038014114 4285164138
-0.079125814 0.13074401 0.029523989 4285229931
-0.022992875 0.14771351 0.030612752 4284900966
0.026853612 0.14753738 0.030385321 4285361517
0.074483857 0.13268317 0.029316874 4286808963
1.0206538 0.13383536 0.029223254 4285624689
1.13001 0.14792272 0.030416038 4285164138
1.6675769 0.13292678 0.030422511 4288322459
-1.1263483 0.16929811 0.029774088 4287598479
0.83310914 0.17943272 0.03208337 4288387995
1.6757801 0.17209065 0.029898135 4288387739
-1.1353886 0.22467689 0.030034175 4288387995
1.6692386 0.22943473 0.030853728 4288387739
-1.233037 0.27803659 0.028668022 4288387995
1.6697032 0.27909404 0.028388191 4288387994
-1.2809304 0.32952881 0.028334554 4288387995
-1.3298903 0.47260085 0.033580706 4288387995
-1.3189117 0.53080797 0.028580908 4288322202
-1.4350545 0.57610798 0.032184251 4288387995
-1.3698698 0.58024782 0.037607208 4288322202
-1.3287182 0.57972914 0.031777859 4288322202
-1.4177579 0.6190784 0.044859134 4288387995
-1.3647283 0.62729549 0.031001477 4288322202
-1.3308257 0.62175107 0.032820724 4288387995
-1.3792127 0.67283255 0.034803428 4288387995
-1.3290378 0.67203403 0.028630137 4288453788
-1.2825073 0.67320257 0.028710375 4288322202
-1.3673044 0.71890843 0.032011978 4288453788
-1.3207399 0.73121738 0.027969139 4288387995
-1.3233981 0.77493042 0.033198956 4288387995
-1.3588109 0.84755921 0.049644031 4288387995
-1.3203323 0.82077682 0.030895008 4288387995
-1.4234723 0.86934841 0.034548059 4288387995
-1.331926 0.88500762 0.027912891 4288387995
-1.281321 0.86571902 0.034362458 4288387995
-0.01962813 0.87453091 0.029749863 4288387995
-1.3907992 0.93708789 0.035633761 4288387995
-1.3196118 0.92075604 0.040888466 4288387995
-1.2727048 0.92205739 0.028148366 4288387995
-1.1213784 0.93192858 0.034229785 4288059030
0.025851021 0.92450756 0.02879646 4288124823
-1.3664079 0.969082 0.03462394 4288387995
-1.1764529 0.97162449 0.027858214 4285558896
-1.1294003 0.95476031 0.035233721 4285295724
-1.0702668 0.9593721 0.033464357 4287137928
-1.0221691 0.97351122 0.028398873 4289177511
-0.12113415 0.98100501 0.029554537 4286677377
-0.074772999 0.97352582 0.032884289 4285624689
-0.025005819 0.97059721 0.033656437 4285098345
0.028731281 0.96224511 0.034017604 4286019447
0.082090475 0.97491384 0.030114179 4287927444
1.0247357 0.97087455 0.031550318 4285361517
1.0698316 0.96497184 0.028424343 4285229931
1.1264603 0.95989293 0.028273884 4286677377
-1.3259842 1.0333154 0.029617395 4288322202
-1.2283781 1.022752 0.028587403 4285690482
-1.1898546 1.0065316 0.029177381 4284900966
-1.1011696 1.0470974 0.031475451 4284900966
-1.0143489 1.0226171 0.040448889 4289967027
-0.17594448 1.0243793 0.031664461 4287269514
-0.12994272 1.024422 0.037115291 4285690482
-0.029307716 1.0033177 0.031538423 4284900966
0.027190592 1.0174451 0.034328721 4286151033
0.12824272 1.0232522 0.031335235 4288651167
0.97310472 1.0200571 0.028871479 4285624689
-1.2403759 1.0739052 0.028519047 4285098345
-0.95530146 1.0720525 0.031464249 4291151301
-0.22261377 1.0758731 0.028218362 4288387995
-0.16917796 1.076758 0.028840248 4287335307
-0.14548725 1.0735284 0.036852416 4284900966
0.14618576 1.0698947 0.03560815 4291282887
0.96521711 1.0777479 0.032058582 4284966759
-1.2482401 1.1341807 0.0377336 4284900966
-1.1223994 1.123799 0.043655165 4284900966
-0.95348692 1.1256747 0.031051949 4290756543
-0.16916691 1.1221049 0.030828537 4286151033
-0.14017627 1.1276492 0.030946402 4285690482
-0.017295718 1.1351974 0.034007076 4288980132
0.06826476 1.1302475 0.031017601 4290624957
0.13121724 1.133849 0.031740818 4290295992
-1.0074606 1.1573948 0.031991795 4290624957
-0.96956837 1.1746576 0.031568825 4289703855
0.031788923 1.1625711 0.032116976 4289703855
0.92695767 1.1748739 0.027754994 4286677377
-1.12738 1.2453597 0.029565005 4285229931
-1.076566 1.2461152 0.033436354 4285624689
-1.0232995 1.2295282 0.033079676 4287730065
-0.029211398 1.2424834 0.029872922 4285098345
0.026940025 1.2404369 0.028489741 4285558896
0.076215684 1.2317851 0.027951425 4287137928
1.0576869 1.2087151 0.030527981 4284900966
1.0129105 1.2739986 0.03058913 4287137928
1.0047592 1.3227941 0.029966634 4288387995
1.0091782 1.3651379 0.02908225 4288387995
0.83833355 1.4896281 0.040814716 4288322461
0.87846047 1.4833503 0.037005797 4286940806
0.92291093 1.4727222 0.031625319 4287203721
0.82366914 1.5280354 0.032244116 4288387995
-1.675528 -1.6745212 0.059698973 4288387995
-1.6247342 -1.6750542 0.063641466 4288387995
-1.5755054 -1.6770426 0.067586146 4288387995
-1.5244654 -1.6736765 0.071218409 4288387995
-1.4739975 -1.6750606 0.075207233 4288387995
-1.4245837 -1.674105 0.078918032 4288387995
-1.3797702 -1.6829762 0.083103783 4288387995
-1.3429996 -1.6978469 0.087178364 4288387995
-0.9170745 -1.6687531 0.060754348 4278848010
-0.86754 -1.6745505 0.065121442 4278848010
-0.81862575 -1.6718408 0.069930792 4278848010
-0.7622692 -1.6671054 0.068761215 4281216558
-0.71459252 -1.6763178 0.060131337 4285427310
-0.66858637 -1.675081 0.058487542 4286874756
-0.62465024 -1.6724408 0.061576251 4286611584
-0.57955372 -1.6788994 0.069308139 4285164138
-0.52482814 -1.6756867 0.071354248 4285624689
-0.47477022 -1.6780951 0.06316267 4288387995
-0.42827511 -1.6699518 0.065697327 4288387995
-0.37160057 -1.6688503 0.061097324 4288387995
-0.31948349 -1.6724708 0.064319961 4288387995
-0.27096316 -1.6710652 0.060439922 4288387995
-0.22333832 -1.6733989 0.058718711 4288387995
-0.18302415 -1.6786981 0.059710387 4288387995
-0.12879555 -1.6744268 0.065179832 4288387995
-0.073377043 -1.6727467 0.067635857 4288387995
-0.01997003 -1.6719506 0.069514036 4288322202
0.017710095 -1.6775674 0.070433296 4288387995
0.08000242 -1.6762472 0.076209657 4288387995
0.12407728 -1.6682962 0.064391509 4288387995
0.17484225 -1.6768655 0.078553811 4288387995
0.22853133 -1.6752281 0.066762842 4288387995
0.2782304 -1.6752539 0.068290204 4288387995
0.32540742 -1.6731602 0.069998629 4288387995
0.36960006 -1.6737862 0.060635012 4288387995
0.42127216 -1.6728352 0.061559133 4288387995
0.4743768 -1.6826689 0.063213289 4288387995
0.52936375 -1.6681441 0.062215805 4288387995
0.58244193 -1.6719732 0.067787811 4288387995
0.61629856 -1.6932629 0.071958266 4288387995
0.67201132 -1.6683904 0.06885881 4288387995
0.73675281 -1.6707852 0.071307011 4288387995
0.76452565 -1.6937371 0.075327419 4288387995
0.83440542 -1.6696969 0.072546221 4288387995
0.87740821 -1.6682174 0.087601602 4288387995
0.92723358 -1.6803288 0.076219276 4288387995
0.9633013 -1.6981544 0.086594775 4288387995
1.0364065 -1.670771 0.079397514 4288387995
1.0790336 -1.6682154 0.093811378 4288387995
1.1320373 -1.6728166 0.088199191 4288387995
1.1574309 -1.6804397 0.080805525 4288387995
1.2884189 -1.6701406 0.079250716 4288322458
1.4468642 -1.6623065 0.088008381 4288387995
1.4540225 -1.6843963 0.088002943 4288387995
1.6319078 -1.674803 0.094332784 4288387995
-1.6659738 -1.6351821 0.057115864 4288387995
-1.6244133 -1.6269702 0.059614107 4288387995
-1.5762289 -1.6234211 0.063012384 4288387995
-1.5271316 -1.6236778 0.066801153 4288387995
-1.4761314 -1.6283962 0.071111612 4288387995
-1.4377481 -1.6389471 0.074945748 4288387995
-1.2523915 -1.6041551 0.080972992 4288387995
-1.2197809 -1.6077393 0.085499309 4288387995
-1.1727334 -1.6165081 0.092101008 4288387995
-1.1347296 -1.6251032 0.097464569 4288387995
-1.066957 -1.6187108 0.094368175 4288387995
-1.0265472 -1.6186579 0.096700802 4288387995
-0.97742951 -1.6119086 0.088888101 4286151033
-0.93420082 -1.6198133 0.072393551 4281545523
-0.88487685 -1.6291984 0.066144183 4278848010
-0.83653021 -1.6275249 0.070838593 4278848010
-0.77293617 -1.6280942 0.064575382 4283058762
-0.72782439 -1.6261744 0.059891894 4285822068
-0.677553 -1.624913 0.06456849 4285361517
-0.62590957 -1.6227556 0.067906499 4285427310
-0.57385576 -1.6221647 0.064873002 4286545791
-0.52795213 -1.6228142 0.06510178 4286479998
-0.47612053 -1.6225858 0.059094694 4288387995
-0.42612147 -1.6272624 0.058728483 4288387995
-0.37242112 -1.6234695 0.059724383 4288387995
-0.32232943 -1.6264445 0.061585311 4288387995
-0.2735815 -1.6236173 0.063742705 4288387995
-0.2211384 -1.6251845 0.066086166 4288387995
-0.1711874 -1.6267284 0.068281353 4288387995
-0.12796198 -1.6210086 0.065038092 4288387995
-0.079349972 -1.6275272 0.07017792 4288387995
-0.020567652 -1.6265296 0.074163064 4288387995
0.022987247 -1.6205771 0.069592707 4288387995
0.068715513 -1.6260494 0.076455764 4288387995
0.13277821 -1.6221851 0.079302415 4288387995
0.16999263 -1.6274924 0.076699272 4288387995
0.22141409 -1.6264236 0.072497502 4288387995
0.27505425 -1.6220125 0.074687533 4288387995
0.33287629 -1.6194303 0.064857833 4288387995
0.37277025 -1.6282916 0.063722417 4288387995
0.4207378 -1.622908 0.066194095 4288387995
0.46627569 -1.6322381 0.066462755 4288387995
0.52096891 -1.6244607 0.065901846 4288387995
0.57934099 -1.6254675 0.067895234 4288387995
0.63108873 -1.6262611 0.074380413 4288387995
0.66212547 -1.6322212 0.070923947 4288387995
0.72897691 -1.6209024 0.07309036 4288387995
0.77986073 -1.6342193 0.088745028 4288387995
0.81504965 -1.626569 0.069513574 4288387995
0.87835187 -1.6034758 0.095528774 4288387995
0.91682184 -1.6215838 0.079260498 4288387995
0.97483283 -1.634601 0.094703108 4288387995
1.0180621 -1.630764 0.07699392 4288387995
1.1403587 -1.6237924 0.07773868 4288387995
1.2807547 -1.620594 0.082571879 4288387738
1.435216 -1.6263504 0.088017188 4288387995
1.6159836 -1.6258867 0.09434218 4288387995
-1.6147457 -1.5884398 0.057108115 4288387995
-1.5731369 -1.5765946 0.059303723 4288387995
-1.5275383 -1.5849637 0.063507728 4288387995
-1.4962089 -1.5936067 0.066639245 4288387995
-1.3165953 -1.5671836 0.071457885 4288387995
-1.2727346 -1.5761148 0.077628016 4288387995
-1.221342 -1.5765715 0.084655128 4288387995
-1.1767426 -1.571189 0.090636119 4288387995
-1.1275201 -1.5708928 0.091723517 4288387995
-1.0746591 -1.5756457 0.086344197 4288387995
-1.0272421 -1.5744106 0.083216414 4286677377
-0.97604889 -1.5731171 0.086316407 4286743170
-0.92499006 -1.5740577 0.088073321 4286151033
-0.87291229 -1.5690607 0.089877225 4285953654
-0.82418513 -1.565048 0.089291021 4285822068
-0.77237433 -1.5632327 0.07220865 4284572001
-0.72438622 -1.5714092 0.060604379 4285822068
-0.67559087 -1.5745056 0.0585001 4286874756
-0.62400991 -1.5721395 0.060977388 4286940549
-0.57383043 -1.5759708 0.063480735 4287401868
-0.52600682 -1.5761974 0.0592268 4288387995
-0.47388616 -1.5772678 0.060305756 4288387995
-0.42637548 -1.5752536 0.061976016 4288387995
-0.3789669 -1.5719959 0.064697102 4288387995
-0.33043897 -1.5762331 0.065237664 4288387995
-0.28409946 -1.5748206 0.067067668 4288387995
-0.23148879 -1.5771822 0.069755845 4288387995
-0.17490308 -1.5750794 0.072462223 4288387995
-0.12107494 -1.5751611 0.074708484 4288387995
-0.075522758 -1.5703759 0.072617583 4288387995
-0.031834621 -1.5778438 0.076290689 4288387995
0.033126783 -1.5776905 0.079598509 4288387995
0.069023803 -1.5720258 0.076848812 4288387995
0.12366521 -1.5774926 0.087424636 4288387995
0.17449945 -1.5694247 0.078006074 4288387995
0.22300902 -1.581166 0.07806772 4288387995
0.27217051 -1.5701214 0.080928952 4288387995
0.3302975 -1.5758574 0.06597472 4288387995
0.38109195 -1.5781102 0.06548357 4288387995
0.4327946 -1.5700709 0.068305127 4288387995
0.4844242 -1.5758508 0.072923765 4288387995
0.51759005 -1.587198 0.074684098 4288387995
0.56802112 -1.5715357 0.069131099 4288387995
0.62904412 -1.5752186 0.071871497 4288387995
0.66610944 -1.5945721 0.090078391 4288387995
0.71952188 -1.568162 0.075904272 4288387995
0.78598428 -1.5666703 0.084382579 4288387995
0.81356651 -1.5860014 0.081193581 4288387995
0.88503551 -1.5728172 0.074965179 4288387995
0.90159619 -1.5923765 0.069755182 4288387995
0.99797404 -1.5573324 0.073530093 4288387995
1.0069532 -1.5853556 0.073519804 4288387995
1.125035 -1.5761337 0.077754542 4288387995
1.2621281 -1.5759172 0.082549825 4288387995
1.4183638 -1.574347 0.088029981 4288387995
1.5941082 -1.5586932 0.094355077 4288387995
1.6031637 -1.5865116 0.094349742 4288387995
-1.5714793 -1.5460848 0.056858584 4288387995
-1.3191324 -1.5198736 0.070153676 4288387995
-1.2758856 -1.5252823 0.076168567 4288387995
-1.2285831 -1.5271752 0.082666144 4288387995
-1.1743492 -1.5231351 0.089990035 4288387995
-1.1208888 -1.5278615 0.092311077 4288387995
-1.0766065 -1.5247451 0.072598651 4286019447
-1.023814 -1.5265639 0.074944198 4285887861
-0.97315717 -1.5244061 0.079858325 4286743170
-0.92430347 -1.5261703 0.083070025 4286611584
-0.87576324 -1.5247149 0.086357243 4286743170
-0.82516509 -1.5252732 0.089227021 4286611584
-0.774216 -1.5277884 0.085661568 4286743170
-0.72515661 -1.5240771 0.075602733 4286940549
-0.67546308 -1.5210551 0.074083172 4287533197
-0.6242618 -1.524857 0.065590009 4287401100
-0.57749355 -1.5300695 0.067130692 4287795858
-0.52868229 -1.527609 0.062266108 4288387995
-0.47413477 -1.525646 0.065261595 4288387995
-0.42110464 -1.5268584 0.066871069 4288387995
-0.36790928 -1.5252839 0.069018506 4288387995
-0.31752563 -1.5278504 0.070857093 4288387995
-0.26781297 -1.5256906 0.071959652 4288387995
-0.22102015 -1.5243438 0.074887611 4288387995
-0.17989212 -1.5284448 0.074028522 4288387995
-0.12860872 -1.5274658 0.077590093 4288387995
-0.066774994 -1.5254526 0.081784867 4288387995
-0.029099127 -1.5203189 0.077726282 4288387995
0.022831073 -1.5272812 0.084040731 4288387995
0.080836266 -1.5195063 0.08326681 4288387995
0.12054031 -1.5327122 0.086058997 4288387995
0.17354195 -1.5149149 0.084626354 4288387995
0.22205131 -1.5342973 0.083755903 4288387995
0.27163857 -1.5154181 0.08758603 4288387995
0.32194716 -1.5270765 0.069030382 4288387995
0.3690019 -1.5311383 0.065154225 4288387995
0.42371857 -1.5197074 0.071185537 4288387995
0.47902122 -1.5263197 0.072079971 4288387995
0.53492945 -1.5290642 0.072569691 4288387995
0.57027793 -1.5149393 0.088124566 4288387995
0.61918586 -1.5223773 0.076545782 4288387995
0.68364877 -1.5255671 0.080337666 4288387995
0.70308125 -1.5434406 0.06338153 4288387995
0.78324842 -1.5231767 0.066418715 4288387995
0.88017303 -1.5253456 0.069782056 4288387995
0.98750144 -1.5246587 0.07354214 4288387995
1.1088736 -1.5258703 0.077771276 4288387995
1.2432359 -1.517369 0.082566909 4288387995
1.2517691 -1.5438135 0.082559198 4288387995
1.3978572 -1.5110563 0.088045508 4288387995
1.4049982 -1.5330892 0.088040076 4288387995
1.5815246 -1.5200427 0.094362505 4288387995
-1.5826684 -1.4508736 0.050219651 4284835173
-1.3159573 -1.4751685 0.069682166 4288387995
-1.2748547 -1.4759477 0.075310513 4288387995
-1.2267867 -1.4769722 0.081895091 4288387995
-1.1719314 -1.473673 0.085133381 4288387995
-1.1265434 -1.4738566 0.077063404 4287137928
-1.0761845 -1.4739816 0.069669113 4287137928
-1.0253915 -1.4722165 0.067087986 4287598479
-0.97732329 -1.4724956 0.07073433 4286479998
-0.92689389 -1.4760249 0.076300278 4286677377
-0.87413877 -1.4742762 0.079587914 4286940549
-0.8266384 -1.4745721 0.082558684 4287466893
-0.77581698 -1.4798459 0.086758211 4287532686
-0.73159134 -1.4893622 0.090813845 4286612096
-0.67768449 -1.4833848 0.077909194 4286611584
-0.62486863 -1.4775093 0.076184355 4287203721
-0.57529235 -1.4739578 0.066560939 4288387995
-0.5243687 -1.4749401 0.068009421 4288387995
-0.47052076 -1.4774449 0.069529437 4288387995
-0.42104116 -1.4765658 0.071244478 4288387995
-0.37443647 -1.4762081 0.07313209 4288387995
-0.32730621 -1.4759599 0.074822873 4288387995
-0.27899522 -1.4744925 0.076653168 4288387995
-0.22467156 -1.4749836 0.078786857 4288387995
-0.1665553 -1.4765066 0.080818079 4288387995
-0.13003828 -1.4792259 0.080764711 4288387995
-0.078344651 -1.4733676 0.084347658 4288387995
-0.015366327 -1.4748501 0.088018164 4288387995
0.02440347 -1.4730355 0.085142292 4288387995
0.076131329 -1.4742775 0.088209182 4288387995
0.12327126 -1.4699662 0.083854616 4288387995
0.17124379 -1.4683027 0.090241954 4288387995
0.22482532 -1.4883518 0.089446254 4288387995
0.27719679 -1.4636327 0.081149481 4288387995
0.32260314 -1.4745319 0.072470412 4288387995
0.36703867 -1.4903347 0.075664915 4288387995
0.41386876 -1.4666864 0.074095652 4288387995
0.46950066 -1.4735218 0.075059704 4288387995
0.52953655 -1.4814875 0.076118663 4288387995
0.59807491 -1.4595456 0.060681425 4288387995
0.60606146 -1.4847112 0.060669407 4288387995
0.68048334 -1.472388 0.063413844 4288387995
0.76817 -1.4758726 0.066438973 4288387995
0.86496705 -1.4777634 0.069801077 4288387995
0.97195274 -1.4761465 0.073560037 4288387995
1.0914507 -1.4716851 0.077789322 4288387995
1.2291362 -1.4736743 0.082579672 4288387995
1.2609478 -1.492499 0.057264123 4287928725
1.3862379 -1.4751923 0.088054299 4288387995
1.5664359 -1.4736936 0.094371393 4288387995
-1.6093602 -1.408257 0.050220381 4288387995
-1.594101 -1.4326017 0.050220124 4286611584
-1.3118926 -1.4252676 0.069226943 4288387995
-1.2744267 -1.4257032 0.074351728 4288387995
-1.2229921 -1.425379 0.081368722 4288387995
-1.1727842 -1.4215176 0.081785291 4288387995
-1.1239433 -1.4276736 0.086505286 4287993237
-1.0758783 -1.4321398 0.084998414 4286808963
-1.0222754 -1.4285475 0.073409669 4286940549
-0.97386748 -1.4248834 0.073065497 4287664272
-0.92581624 -1.4214734 0.070330858 4287730065
-0.87554204 -1.4228419 0.068379775 4287401100
-0.82790923 -1.4216356 0.06838762 4287006854
-0.77388269 -1.4177577 0.075208649 4286151034
-0.71282721 -1.4251078 0.094516911 4284900966
-0.60356194 -1.4497743 0.068640552 4288387995
-0.56732434 -1.436372 0.071391508 4288387995
-0.52292186 -1.4274676 0.073845319 4288387995
-0.47562394 -1.4244666 0.075668007 4288387995
-0.4247604 -1.4264386 0.076993786 4288387995
-0.3759194 -1.4291636 0.078165524 4288387995
-0.32757771 -1.4256625 0.080081508 4288387995
-0.27580205 -1.4283596 0.081259847 4288387995
-0.23063906 -1.4325935 0.082318678 4288387995
-0.17900284 -1.4239124 0.085014917 4288387995
-0.11752997 -1.4254475 0.087205373 4288387995
-0.078470111 -1.421939 0.088207498 4288387995
-0.026055438 -1.4285579 0.090489917 4288387995
0.028486684 -1.4174888 0.092855543 4288387995
0.071032174 -1.4340857 0.093359545 4288387995
0.12609091 -1.4205172 0.088891245 4288387995
0.17744513 -1.4242551 0.095806397 4288387995
0.22771978 -1.4417779 0.095217094 4288387995
0.28996181 -1.4378533 0.050160952 4288387995
0.33745843 -1.4279776 0.051935721 4288387995
0.38300776 -1.4303706 0.074296214 4288387995
0.44625849 -1.4102428 0.055944536 4288387995
0.45351902 -1.4332008 0.055932608 4288387995
0.51642126 -1.426569 0.058208473 4288387995
0.58705962 -1.4248364 0.060697995 4288387995
0.66492271 -1.4234595 0.063436076 4288387995
0.74654859 -1.4080427 0.066468045 4288387995
0.75429755 -1.4323592 0.066457689 4288387995
0.84527218 -1.4161395 0.069825768 4288387995
0.85417825 -1.444008 0.069814615 4288387995
0.94765955 -1.4003456 0.073587947 4288387995
0.95661676 -1.4282943 0.07357765 4288387995
1.0761671 -1.4241489 0.077805117 4288387995
1.2130016 -1.4236747 0.082594275 4288387995
1.2917171 -1.4454267 0.076018766 4288191129
1.3213482 -1.4000987 0.094079837 4287863189
1.372178 -1.4318064 0.088064983 4288387995
1.5471283 -1.4143862 0.094382785 4288387995
1.5557231 -1.4407816 0.094377697 4288387995
-1.6322355 -1.3717263 0.050221071 4288387995
-1.3138826 -1.3728411 0.06789384 4288387995
-1.2785968 -1.3732282 0.072719917 4288387995
-1.2241814 -1.3755746 0.077793509 4288387995
-1.1756889 -1.3736224 0.079449192 4288387995
-1.1261321 -1.3741448 0.085511722 4288322202
-1.0763443 -1.3716201 0.079222687 4288059030
-1.0345972 -1.3781788 0.070512079 4285493103
-0.97892582 -1.3836389 0.06382969 4285295724
-0.92738414 -1.3850769 0.083701111 4285954166
-0.87245953 -1.3851671 0.08592356 4287730065
-0.82521397 -1.379752 0.082927033 4287795858
-0.77550292 -1.3755407 0.076268882 4288059030
-0.72899985 -1.3716357 0.0721481 4287730065
-0.67721975 -1.3630499 0.061918769 4288387995
-0.62922543 -1.3562231 0.056263853 4288387995
-0.46672907 -1.3849792 0.080759123 4288387995
-0.42503634 -1.380016 0.082648709 4288387995
-0.37492499 -1.3754954 0.084743388 4288387995
-0.31978574 -1.3738397 0.086643405 4288387995
-0.27887622 -1.3775463 0.087451153 4288387995
-0.22251204 -1.3762798 0.089341566 4288387995
-0.18019103 -1.3780731 0.090008259 4288387995
-0.12831163 -1.3763908 0.091688387 4288387995
-0.069576494 -1.3722302 0.093440093 4288387995
-0.029936537 -1.3782511 0.094994053 4288387995
0.025725046 -1.3733934 0.097211301 4288387995
0.073192388 -1.3879201 0.097028419 4288387995
0.10018051 -1.3973244 0.096712068 4288387995
0.16777736 -1.3807987 0.076743692 4288387995
0.37871942 -1.3850194 0.053875193 4288387995
0.43464908 -1.3735305 0.055963587 4288387995
0.49666288 -1.3641921 0.058239564 4288387995
0.50425887 -1.3881756 0.058227643 4288387995
0.57254112 -1.3790908 0.060719859 4288387995
0.64679652 -1.366459 0.063461922 4288387995
0.65434623 -1.3902023 0.063451171 4288387995
0.7354821 -1.373327 0.066482946 4288387995
0.83140504 -1.3727489 0.069843136 4288387995
0.93870658 -1.372413 0.073598251 4288387995
1.0606838 -1.3759923 0.077821121 4288387995
1.1947632 -1.3671526 0.082610764 4288387995
1.2023276 -1.3905988 0.082603946 4288387995
1.3477565 -1.356426 0.088083461 4288387995
1.3573173 -1.3859391 0.088076234 4288387995
1.5357661 -1.3794814 0.094389476 4288387995
-1.6627411 -1.3230259 0.05022186 4288387995
-1.3033819 -1.3476663 0.068817355 4288387995
-1.2735715 -1.3442233 0.072818957 4288387995
-1.2255052 -1.3327383 0.068011403 4288387995
-1.1719689 -1.3292133 0.076570757 4288387995
-1.1204556 -1.327014 0.079756305 4288322202
-1.0834113 -1.3290879 0.082906693 4288190616
-1.0292259 -1.321718 0.070527785 4287203721
-0.9748441 -1.3303875 0.075186774 4285887861
-0.91483784 -1.322948 0.081329122 4284900966
-0.86614388 -1.3260529 0.085775137 4284900966
-0.81589746 -1.3262261 0.090541489 4284900966
-0.75601107 -1.3451743 0.095909707 4286808963
-0.71630353 -1.3429306 0.091059044 4288387995
-0.67312002 -1.3354526 0.087246746 4288387995
-0.62282681 -1.330983 0.078755945 4288387995
-0.5768522 -1.3239505 0.073809892 4288387995
-0.52745026 -1.3179708 0.066987932 4288387995
-0.48044416 -1.3103957 0.06229838 4288387995
-0.42656821 -1.312708 0.062537178 4288387995
-0.36211506 -1.3327121 0.090357326 4288387995
-0.32499063 -1.3278831 0.092089549 4288387995
-0.27011836 -1.3246632 0.094172083 4288387995
-0.2273555 -1.3249912 0.095449187 4288387995
-0.1719633 -1.3257798 0.097059019 4288387995
-0.12927327 -1.3249553 0.098474301 4288387995
-0.077473506 -1.3203902 0.087034509 4286611584
-0.04114449 -1.3480706 0.098368652 4288387995
0.0082426472 -1.3362628 0.097020544 4288387995
0.17948289 -1.3352948 0.0605384 4288387995
0.20847416 -1.3127781 0.078064553 4288387995
0.4252218 -1.3437144 0.055978984 4288387995
0.48603177 -1.3306348 0.058256358 4288387995
0.54863226 -1.3037618 0.060755912 4288387995
0.5578953 -1.3329401 0.060741868 4288387995
0.63413376 -1.326648 0.063480057 4288387995
0.71946889 -1.3230907 0.066504471 4288387995
0.81623811 -1.3252897 0.069862142 4288387995
0.9229995 -1.3234059 0.073616326 4288387995
1.0426714 -1.3199686 0.077839755 4288387995
1.0511435 -1.346325 0.077831022 4288387995
1.1821918 -1.3281958 0.082622148 4288387995
1.2720046 -1.3228301 0.061173923 4288256668
1.3373855 -1.3244212 0.088091314 4288387995
1.5184047 -1.3261478 0.094399698 4288387995
-1.6894331 -1.2804142 0.050222546 4288387995
-1.2574112 -1.2771171 0.051462721 4288387995
-1.2211658 -1.2704977 0.055297922 4288387995
-1.1763103 -1.2803438 0.058982234 4288387995
-1.1266743 -1.2692895 0.074479364 4287203721
-1.0830948 -1.2638355 0.071973108 4286151033
-1.0185523 -1.2794595 0.074030563 4284900966
-0.97761375 -1.2782698 0.077992424 4284900966
-0.93599546 -1.2733837 0.082236186 4284900966
-0.88394886 -1.286585 0.086406387 4284900966
-0.56361926 -1.2969551 0.096244857 4288387995
-0.51966339 -1.2894485 0.092264123 4288387995
-0.47298762 -1.2859114 0.083800256 4288387995
-0.42319554 -1.2764503 0.080206066 4288387995
-0.37336692 -1.270583 0.073168486 4288387995
-0.33117518 -1.2678554 0.065068647 4288387995
-0.28120109 -1.2648151 0.066779003 4288387995
-0.23376521 -1.2528548 0.064683437 4288387995
-0.18175745 -1.2544873 0.080194168 4288387995
-0.12727368 -1.2560161 0.083990827 4288387995
-0.080548488 -1.2748877 0.077128001 4285098345
-0.030224899 -1.2571571 0.090819098 4288387995
0.026166648 -1.2604532 0.094676957 4288387995
0.053514183 -1.2658854 0.096388429 4288387995
0.21900187 -1.2699999 0.0623045 4288387995
0.54226452 -1.2836901 0.060765412 4288387995
0.61672622 -1.2719157 0.063504964 4288387995
0.69878596 -1.2582077 0.066532299 4288387995
0.70585406 -1.2803824 0.066522814 4288387995
0.79659629 -1.263823 0.069886692 4288387995
0.80407685 -1.2872307 0.069877326 4288387995
0.90790212 -1.2762969 0.073633656 4288322202
1.027003 -1.2712383 0.077855967 4288387995
1.1646816 -1.2739319 0.082637995 4288387995
1.3215725 -1.2763789 0.088013045 4288322459
1.4963118 -1.2582812 0.094412714 4288387995
1.5048815 -1.2846078 0.09440767 4288387995
-1.3018656 -1.2095244 0.051217079 4288387995
-1.2789997 -1.2286171 0.052266497 4288387995
-1.2202162 -1.2188933 0.06332238 4286940549
-1.1700476 -1.2220254 0.073866792 4284966759
-1.1353641 -1.2302766 0.074801438 4284966759
-1.0792729 -1.2368442 0.073708981 4286151033
-1.0186472 -1.2232116 0.074924499 4288585374
-0.99371278 -1.2153971 0.076379292 4288387995
-0.61748582 -1.2143153 0.050995745 4288387995
-0.57442367 -1.217702 0.053905703 4288387995
-0.52462816 -1.2193195 0.057366293 4288387995
-0.47532156 -1.2200357 0.060829774 4288387995
-0.42449921 -1.2185596 0.064491861 4288387995
-0.37246132 -1.2296016 0.072455116 4288387995
-0.32116309 -1.2319827 0.079651788 4288387995
-0.27471504 -1.2286987 0.078755036 4288387995
-0.22689067 -1.226771 0.077576905 4288387995
-0.17550968 -1.2205788 0.074233226 4288190616
-0.13031876 -1.2141272 0.076315872 4286216826
-0.076814152 -1.2252233 0.076757632 4285032552
-0.030810731 -1.2450246 0.074026644 4285229931
0.020028586 -1.2473414 0.074911855 4287006342
0.078452542 -1.2291411 0.074636102 4288784800
0.1103338 -1.2050089 0.07494235 4290427578
0.24470168 -1.2337967 0.067455582 4288387995
0.2561807 -1.2086207 0.063997932 4288387995
0.60573721 -1.237362 0.06352067 4288387995
0.68907177 -1.2277339 0.066545367 4288387995
0.78575373 -1.229901 0.069900312 4288387995
0.8931402 -1.2302324 0.073650584 4288322202
0.99308395 -1.2044636 0.075227149 4284900966
1.0265555 -1.2221255 0.075035177 4284966759
1.0707881 -1.2253076 0.07530047 4285032552
1.123199 -1.2385069 0.076127805 4286874756
1.1668713 -1.2324525 0.075244725 4288914339
1.298393 -1.2040799 0.08812087 4288387995
1.307727 -1.2328901 0.088113807 4288387995
1.4861634 -1.2271115 0.094418719 4288387995
-1.5649228 -1.1859175 0.098753475 4288387995
-1.5194632 -1.1789832 0.097281404 4288387995
-1.4722873 -1.1772138 0.094410636 4288387995
-1.4285808 -1.1735274 0.092257701 4288387995
-1.3188584 -1.1667184 0.059550129 4288322202
-1.2798097 -1.1682742 0.074063286 4287664272
-1.2199038 -1.172094 0.073357381 4284966759
-1.1855199 -1.1829046 0.070196107 4284900966
-1.124167 -1.1741607 0.074212357 4284900966
-1.0934676 -1.1809452 0.072710291 4284900966
-1.0498888 -1.1974769 0.075879261 4284900966
-0.96785802 -1.172145 0.075084962 4291151301
-0.92964423 -1.1564629 0.074770167 4288190616
-0.6569863 -1.1617326 0.050386384 4288387995
-0.62419879 -1.1739187 0.052201882 4288387995
-0.57486486 -1.1756274 0.055625994 4288387995
-0.52429086 -1.1741548 0.059270389 4288387995
-0.4748525 -1.1747429 0.062748738 4288387995
-0.42363453 -1.1731882 0.06644208 4288387995
-0.37389076 -1.173172 0.069967166 4288387995
-0.32383585 -1.1756221 0.073411562 4288387995
-0.27508456 -1.178799 0.076733187 4288387995
-0.220892 -1.1725233 0.082457066 4288387995
-0.16458909 -1.1837426 0.078577057 4287137928
-0.13208851 -1.1755245 0.076646253 4285164138
-0.067999572 -1.1842294 0.083539493 4284835173
-0.038958371 -1.17044 0.094197184 4284900966
0.1311125 -1.1714683 0.075369909 4290953922
0.27961716 -1.169966 0.065088511 4288387995
0.67759812 -1.1917362 0.066560775 4288387995
0.76772988 -1.1735013 0.069922864 4288387995
0.87566137 -1.175699 0.0736707 4288322202
0.97756141 -1.1766289 0.075672887 4284835173
1.0246542 -1.1938004 0.074862964 4284900966
1.0950744 -1.1990645 0.074278533 4284900966
1.1133308 -1.1946052 0.07436873 4284900966
1.2892514 -1.1828021 0.080331154 4288322459
1.4690882 -1.1746572 0.09442877 4288387995
-1.4097004 -1.140372 0.099141367 4288387995
-1.3632917 -1.107914 0.051191773 4285295724
-1.3245249 -1.1266859 0.064071298 4287664272
-1.2853153 -1.127604 0.077786215 4287006342
-1.2300377 -1.1257553 0.073775962 4284900966
-1.177189 -1.1207187 0.080313623 4284900966
-1.1439952 -1.147217 0.084931932 4284900966
-0.9553147 -1.1269834 0.075195551 4291414473
-0.93350142 -1.1230124 0.075299397 4289770160
-0.66784555 -1.1215798 0.051288519 4288387995
-0.62487262 -1.1246842 0.054204017 4288387995
-0.57379031 -1.1266743 0.057740286 4288387995
-0.52568477 -1.1236967 0.061272424 4288387995
-0.47442436 -1.1262858 0.064796403 4288387995
-0.42415485 -1.1242394 0.06844309 4288387995
-0.37442869 -1.1250492 0.07193245 4288387995
-0.32585093 -1.1272286 0.07528349 4288387995
-0.27375507 -1.1252487 0.079056919 4288387995
-0.22543059 -1.1237249 0.082543954 4288387995
-0.16165918 -1.1150459 0.080110513 4286479998
-0.13838305 -1.1244661 0.074491523 4284900966
0.1446313 -1.1295687 0.075261481 4291414473
0.15103561 -1.1127033 0.078210279 4290822336
0.29959416 -1.1138363 0.05123109 4288387995
0.30783454 -1.1233442 0.066367373 4288387995
0.75690353 -1.1396278 0.069936454 4288387995
0.85931331 -1.1246912 0.073689505 4288387995
0.94105911 -1.1180933 0.074116826 4284835941
0.95353562 -1.1252595 0.07507436 4284704611
1.0387847 -1.1012164 0.075415984 4286874756
1.3214393 -1.1206152 0.088960722 4288191128
1.4482563 -1.1106681 0.094441056 4288387995
1.4541752 -1.1288469 0.094437554 4288387995
1.6908904 -1.1074046 0.081760876 4291217092
-1.407824 -1.0539541 0.050304949 4284900966
-1.3647631 -1.0718075 0.054676879 4286874756
-1.3232186 -1.0762881 0.071314655 4287401100
-1.2743899 -1.0804207 0.077765867 4286085240
-1.2260892 -1.076377 0.075519383 4284769892
-1.1964304 -1.0891018 0.077908732 4284900966
-0.95679921 -1.0697397 0.075029008 4290756543
-0.93634892 -1.0807507 0.076888561 4290295992
-0.7104646 -1.0659403 0.050585557 4288387995
-0.67452806 -1.0733949 0.052821241 4288387995
-0.62467211 -1.0762727 0.056233719 4288387995
-0.57425141 -1.0761417 0.059811372 4288387995
-0.52278936 -1.0745293 0.063524537 4288387995
-0.47290006 -1.0748961 0.067043908 4288387995
-0.42784047 -1.0741254 0.07026843 4288387995
-0.37817109 -1.0780941 0.073622249 4288387995
-0.32451338 -1.0757074 0.077523269 4288387995
-0.27380034 -1.0708148 0.081319883 4288387995
-0.22514355 -1.0779505 0.084470078 4288387995
-0.16302668 -1.0853423 0.082793273 4286874756
-0.13545313 -1.0794249 0.074970044 4284900966
-0.077394232 -1.06701 0.074256152 4284900966
0.14468567 -1.0725912 0.07524585 4290756543
0.15226083 -1.0885037 0.077398039 4289638062
0.33315334 -1.0702286 0.060302127 4288387995
0.84495842 -1.0799019 0.073706008 4288387995
0.85040396 -1.096885 0.07369969 4288322202
0.94057459 -1.0742356 0.075342871 4284835429
0.95595127 -1.0704542 0.074692786 4284769892
1.0341635 -1.0672486 0.07504341 4287401100
1.2777791 -1.0592932 0.059975483 4288257436
1.6918306 -1.0831678 0.089634843 4290888129
-1.4180714 -1.0233091 0.05113535 4284900966
-1.3698801 -1.0229312 0.058482762 4287466893
-1.3261303 -1.0258121 0.078053236 4287532686
-1.2714821 -1.0209527 0.070806533 4285624689
-1.2281564 -1.0236274 0.076276802 4284966759
-1.0537752 -1.0010742 0.074389689 4284900966
-1.0384465 -1.015986 0.07406196 4285098345
-0.97181165 -1.0238173 0.076539181 4289638062
-0.93102843 -1.0433624 0.076275229 4289111718
-0.72132975 -1.0218771 0.051650185 4288387995
-0.6757797 -1.0252973 0.054735009 4288387995
-0.62499952 -1.0276852 0.058233321 4288387995
-0.57525581 -1.0256516 0.06184233 4288387995
-0.52492827 -1.0230047 0.065518096 4288387995
-0.47409272 -1.0255417 0.069014139 4288387995
-0.42572829 -1.0259991 0.072421812 4288387995
-0.37585345 -1.0264488 0.075936548 4288387995
-0.32253245 -1.0216985 0.079912141 4288387995
-0.27936187 -1.0286182 0.082682632 4288387995
-0.22556314 -1.0202479 0.086842664 4288387995
-0.17358458 -1.0283933 0.090186179 4288387995
-0.12828849 -1.0261388 0.07445588 4286151033
-0.082818553 -1.0138021 0.060701303 4290559164
-0.034410678 -1.0488064 0.074559733 4284900966
0.12565376 -1.0221255 0.074953541 4288980132
0.36362126 -1.0201896 0.061856639 4288387995
0.94541615 -1.034268 0.074992575 4285427310
0.97046131 -1.0210837 0.075238317 4284900966
1.0385684 -1.0253968 0.073487006 4285953654
1.2309421 -1.0272634 0.075651363 4289638574
1.30313 -1.0269008 0.075545833 4288126104
-1.4653859 -0.96073759 0.050322145 4284900966
-1.4254205 -0.97278196 0.05341211 4284900966
-1.3715351 -0.97509056 0.063417047 4287401100
-1.3253245 -0.97607648 0.074197106 4287532686
-1.2750381 -0.97560179 0.062213238 4287664272
-1.2191432 -0.98161077 0.076244093 4285558896
-1.1805019 -0.9688434 0.075332664 4284900966
-1.1248794 -0.96092355 0.074913509 4284900966
-1.0723736 -0.96548933 0.074260212 4285098345
-1.0227253 -0.97324526 0.07491453 4287072135
-0.99165231 -0.99209803 0.077337451 4288387995
-0.7650699 -0.96827835 0.050782692 4288387995
-0.72544473 -0.97529733 0.053297855 4288387995
-0.67831683 -0.97584516 0.056614071 4288387995
-0.62572205 -0.9750576 0.060373209 4288387995
-0.57618213 -0.9750461 0.063883558 4288387995
-0.5271582 -0.97416204 0.067393571 4288387995
-0.47386813 -0.97687596 0.07105618 4288387995
-0.42401752 -0.97559357 0.074641459 4288387995
-0.37274295 -0.97432113 0.078327253 4288387995
-0.32668552 -0.97531968 0.081548795 4288387995
-0.27360106 -0.97714746 0.085233763 4288387995
-0.22477603 -0.97410285 0.088819765 4288387995
-0.18072081 -0.97160655 0.092044778 4288387995
-0.11281976 -0.98116595 0.083827935 4287401100
-0.076221339 -0.9693312 0.073677786 4285822068
-0.028451016 -0.9543373 0.075006507 4284901222
0.028695954 -0.9556644 0.074990675 4285098345
0.076862477 -0.97425336 0.075283572 4286611584
0.10670889 -0.99185443 0.075424306 4286743170
0.38779679 -0.9805125 0.063107692 4288387995
0.4017939 -0.95744109 0.063769221 4288387995
0.9871223 -0.98608583 0.075597219 4284900966
1.0230263 -0.97106814 0.07513497 4284835173
1.0693421 -0.96249259 0.074405856 4284572001
1.1301941 -0.95626581 0.074918643 4285229931
1.1785694 -0.97113895 0.07455387 4287401100
1.2088981 -0.99029869 0.07488618 4288652447
1.2826 -0.9513461 0.071701147 4283585106
1.3276976 -0.99551213 0.090635337 4288453279
-1.4707699 -0.92054778 0.052176628 4284900966
-1.420702 -0.92398351 0.055289991 4285887861
-1.3740442 -0.92461032 0.069500349 4287269514
-1.327642 -0.92453778 0.065830894 4287532686
-1.2747031 -0.92662024 0.06693887 4287598479
-1.2272134 -0.92548627 0.076785468 4287598479
-1.1703283 -0.93098259 0.082613334 4285164138
-1.1197971 -0.9420563 0.075060233 4286479998
-1.077626 -0.94461954 0.074258707 4285098345
-0.76526707 -0.93992597 0.051949114 4288387995
-0.72391897 -0.93104619 0.055248156 4288387995
-0.67450744 -0.92537576 0.058985092 4288387995
-0.62543398 -0.92428017 0.062507614 4288387995
-0.57443488 -0.9266777 0.066021055 4288387995
-0.52639037 -0.92415613 0.069529913 4288387995
-0.47622681 -0.92725331 0.072955012 4288387995
-0.42511719 -0.92614096 0.076622337 4288387995
-0.3774468 -0.92212498 0.080167107 4288387995
-0.32697639 -0.92931736 0.083443381 4288387995
-0.27626637 -0.92113525 0.087376893 4288387995
-0.22570242 -0.92656517 0.090733036 4288387995
-0.1730801 -0.92893028 0.094362877 4288387995
-0.11515715 -0.92092639 0.083943352 4289045925
-0.09112674 -0.93218088 0.06038788 4289374890
-0.020928707 -0.94813108 0.075270072 4284704867
0.01734663 -0.94921154 0.076432623 4284835173
0.41817212 -0.92025119 0.058024745 4288387995
1.0405989 -0.94284004 0.075924233 4284900966
1.0782908 -0.93904883 0.075646766 4284835173
1.1246147 -0.93398249 0.075713918 4284572001
1.1691229 -0.92079437 0.075326316 4284177243
1.2289034 -0.91921425 0.074591629 4283058762
1.267562 -0.93548238 0.074918419 4282992969
-1.516098 -0.8638522 0.05120622 4284835173
-1.4777223 -0.87475336 0.054212328 4284900966
-1.4211295 -0.86996496 0.058381774 4286808963
-1.371008 -0.87342691 0.074720979 4287730065
-1.3279766 -0.87518263 0.062392574 4287993237
-1.2773448 -0.87543648 0.070719704 4288256409
-1.2274811 -0.87463212 0.081212744 4288387995
-1.1853842 -0.87442559 0.085032798 4286611584
-1.1280934 -0.87827694 0.090638041 4284835173
-1.0789077 -0.86751521 0.095052212 4284900966
-1.0380821 -0.86030459 0.096855827 4284900966
-0.66614753 -0.89182961 0.060974024 4288387995
-0.6241926 -0.87917358 0.064473562 4288387995
-0.57530624 -0.87508106 0.068107441 4288387995
-0.52735001 -0.87553132 0.071486317 4288387995
-0.47415486 -0.87823725 0.07514254 4288387995
-0.42328525 -0.87655342 0.078816712 4288387995
-0.37296587 -0.86806709 0.068439312 4288387995
-0.32603955 -0.87230855 0.07398352 4288387995
-0.27679998 -0.87740594 0.089159608 4288387995
-0.22995615 -0.87053251 0.092764519 4288387995
-0.17948131 -0.87327075 0.096226551 4288387995
-0.13031514 -0.88783872 0.082366787 4288387995
0.43903941 -0.88122702 0.056050532 4288387995
1.1867361 -0.85946834 0.088205457 4288256409
1.2706532 -0.86188209 0.051773254 4288387995
1.3330979 -0.88424963 0.092018895 4288453275
-1.5543102 -0.81209713 0.050621089 4288387995
-1.5220166 -0.82500046 0.05293129 4287203721
-1.473026 -0.82523215 0.057574786 4287203721
-1.4223177 -0.82182103 0.062265653 4288387995
-1.3744648 -0.82439214 0.07320907 4288387995
-1.3251823 -0.82502681 0.065600626 4288387995
-1.2753185 -0.82570231 0.075329997 4288387995
-1.2238623 -0.82562643 0.086144798 4288387995
-1.1804677 -0.82636678 0.09037926 4287203721
-1.1236175 -0.81766433 0.091235608 4284900966
-1.0794579 -0.82244307 0.095152065 4284900966
-1.0474063 -0.84075201 0.097120807 4284900966
-0.5726704 -0.84339702 0.069613233 4288387995
-0.52249914 -0.82794952 0.073810935 4288387995
-0.47467509 -0.8245346 0.077341452 4288387995
-0.42406696 -0.82569647 0.080878496 4288387995
-0.37534493 -0.81966174 0.071749024 4288387995
-0.32531136 -0.81880665 0.073087119 4288387995
-0.2754637 -0.82649446 0.087177157 4288387995
-0.22376569 -0.82841349 0.094956696 4288387995
-0.17527966 -0.82407808 0.098572403 4288387995
0.47016129 -0.82900572 0.056929808 4288387995
1.2937756 -0.83527684 0.066029243 4288453275
1.3162476 -0.80942762 0.079884693 4288453529
-1.5698849 -0.77250481 0.051472005 4288387995
-1.5266814 -0.77279347 0.055561893 4288387995
-1.4760886 -0.77450448 0.058956947 4288387995
-1.4255719 -0.77439547 0.066621654 4288387995
-1.3763156 -0.77674156 0.067651398 4288387995
-1.3276585 -0.77574319 0.069305912 4288387995
-1.2740046 -0.77633739 0.079943277 4288387995
-1.2221373 -0.77505845 0.090393744 4288387995
-1.1817417 -0.77589732 0.093347132 4288387995
-1.1220026 -0.77787137 0.093732163 4286677377
-1.0772221 -0.77822602 0.097968176 4287203721
-0.61339712 -0.75477356 0.050691206 4288387995
-0.57255244 -0.76342076 0.050877683 4288387995
-0.52374792 -0.77375507 0.051100582 4288387995
-0.47557956 -0.78784233 0.064947978 4288387995
-0.42647818 -0.78530896 0.070637159 4288387995
-0.37390622 -0.7707898 0.080974557 4288387995
-0.32445833 -0.77066058 0.073480278 4288387995
-0.28124654 -0.77174014 0.084592193 4288387995
-0.22812834 -0.77435195 0.096898369 4288387995
-0.19530742 -0.7854026 0.098763578 4288387995
0.12194002 -0.75779736 0.050042938 4288387995
0.19726944 -0.75606263 0.051964693 4288387995
0.21534897 -0.77943563 0.051758934 4288387995
0.2890476 -0.76541942 0.053984825 4288387995
0.30146384 -0.78123337 0.053849991 4288387995
0.38854074 -0.75452173 0.07538458 4290295992
0.42167014 -0.76550978 0.084178418 4290690750
0.4697786 -0.78243011 0.086563744 4290230199
0.50544322 -0.76854831 0.057123605 4288387995
1.2897146 -0.75209725 0.061898127 4288322711
1.3368022 -0.77430564 0.093932107 4288322201
-1.6085919 -0.72056729 0.050850566 4288387995
-1.5737419 -0.72319674 0.05400864 4288387995
-1.5233605 -0.72535574 0.058670845 4288387995
-1.4685347 -0.72528267 0.059929118 4288387995
-1.4215952 -0.7252053 0.070385799 4288387995
-1.3784832 -0.72922438 0.067585178 4288387995
-1.325435 -0.72544795 0.072770789 4288387995
-1.2768238 -0.72640872 0.083772138 4288387995
-1.2310265 -0.72942984 0.09387093 4288387995
-1.17714 -0.74537241 0.090404525 4288387995
-0.75526094 -0.7247383 0.050043501 4288387995
-0.72142231 -0.73190248 0.050197989 4288387995
-0.67698509 -0.74131083 0.05040089 4288387995
-0.62244433 -0.72514653 0.051587563 4288387995
-0.57596475 -0.70738328 0.052733816 4288387995
-0.525962 -0.71816194 0.052955717 4288387995
-0.47721523 -0.72866744 0.053171922 4288387995
-0.42384967 -0.74055642 0.058782164 4288387995
-0.38000122 -0.74455196 0.070822358 4288387995
-0.32189769 -0.71734965 0.078941174 4288387995
-0.27407289 -0.72182399 0.079137884 4288387995
-0.22599694 -0.72613984 0.09905652 4288387995
0.087846249 -0.71312737 0.050447877 4288387995
0.10949636 -0.74149275 0.050190713 4288387995
0.17238766 -0.72390497 0.052248068 4288387995
0.24220689 -0.70575303 0.054493334 4288387995
0.26195955 -0.73090976 0.054278806 4288387995
0.34388342 -0.73115665 0.074915528 4288848546
0.36941251 -0.74417198 0.072624952 4290164406
0.44124731 -0.70929068 0.05934355 4288387995
0.46037766 -0.73285753 0.059158415 4288387995
0.52814507 -0.72573584 0.054747343 4288387995
0.5588367 -0.7114864 0.0622059 4288387995
1.3217587 -0.71698099 0.081687421 4288387996
-1.6196498 -0.69393975 0.051367335 4288387995
-1.5827478 -0.69631654 0.054735526 4288387995
-1.5416548 -0.69945645 0.0584567 4288387995
-1.466398 -0.67099589 0.061435502 4288387995
-1.4232374 -0.67509109 0.072899975 4288387995
-1.3749462 -0.6754598 0.065005638 4288387995
-1.3249469 -0.6766628 0.07705842 4288387995
-1.2747072 -0.67501158 0.08943896 4288387995
-1.2397826 -0.67574853 0.097867608 4288387995
-0.82101989 -0.65456152 0.051646475 4288387995
-0.77238595 -0.66504443 0.051862258 4288387995
-0.72290391 -0.67570925 0.052081775 4288387995
-0.67374641 -0.68630588 0.052299935 4288387995
-0.63013613 -0.69570577 0.052493419 4288387995
-0.55708879 -0.65125251 0.054854151 4288387995
-0.52837765 -0.65756512 0.054977704 4288387995
-0.4722206 -0.66990387 0.055218995 4288387995
-0.42543483 -0.68018138 0.055419922 4288387995
-0.3724094 -0.69183272 0.055647768 4288387995
-0.34440058 -0.69798625 0.055768088 4288387995
-0.2697472 -0.67159802 0.081681289 4288387995
-0.2407507 -0.66974336 0.07473962 4288387995
0.04502809 -0.6570276 0.050956473 4288387995
0.063302964 -0.68096972 0.05073937 4288387995
0.13502949 -0.67561078 0.05267328 4288387995
0.21765171 -0.67446786 0.054759774 4288387995
0.29553878 -0.65622699 0.057208255 4288387995
0.31678528 -0.68286526 0.056989711 4288387995
0.39592898 -0.65346193 0.059782129 4288387995
0.41602135 -0.67821431 0.059587684 4288387995
0.52522761 -0.6708765 0.062509097 4288387995
0.55918241 -0.6726898 0.055006899 4288387995
0.64407283 -0.6578688 0.065829262 4288387995
0.66389644 -0.68131995 0.065664589 4288387995
0.79108864 -0.65758902 0.069492862 4288387995
1.2859962 -0.67591393 0.058114953 4288387995
1.3067013 -0.6542598 0.070920996 4288322461
-1.5010513 -0.6001339 0.052444283 4288387995
-1.4731288 -0.62236571 0.066219427 4288387995
-1.4244574 -0.62616968 0.073223934 4288387995
-1.3749279 -0.62537795 0.069731638 4288387995
-1.3247858 -0.62558025 0.08191365 4288387995
-1.2763497 -0.62615281 0.093645416 4288387995
-1.2477956 -0.64235723 0.099065959 4288387995
-0.96561784 -0.62339056 0.051004726 4288387995
-0.92529267 -0.63208383 0.051183719 4288387995
-0.87356889 -0.64323354 0.05141326 4288387995
-0.84842801 -0.64865172 0.051524773 4288387995
-0.77128887 -0.60419464 0.053934071 4288387995
-0.72696739 -0.61393011 0.054124385 4288387995
-0.67802882 -0.62468433 0.054334722 4288387995
-0.6277197 -0.63573712 0.054550838 4288387995
-0.58112192 -0.64597541 0.054751039 4288387995
-0.47246438 -0.60439157 0.057432771 4288387995
-0.42176762 -0.61576015 0.057642739 4288387995
-0.37387675 -0.62650186 0.057841182 4288387995
-0.32387146 -0.63771522 0.058048278 4288387995
-0.28507721 -0.64641404 0.058208924 4288387995
0.020628056 -0.62505418 0.051246177 4288387995
0.08761736 -0.61431855 0.0532129 4288387995
0.10840672 -0.64119452 0.052976303 4288387995
0.17910621 -0.62536931 0.055178247 4288387995
0.26930636 -0.62334031 0.057478134 4288387995
0.3754124 -0.62818652 0.059980679 4288387995
0.4791792 -0.61523324 0.06292446 4288387995
0.50292706 -0.64393127 0.062710285 4288387995
0.58491397 -0.6211791 0.056122139 4288387995
0.61611068 -0.62478834 0.066061512 4288387995
0.74442828 -0.60367858 0.069844313 4288387995
0.77008069 -0.63331914 0.069651127 4288387995
0.92228162 -0.61531562 0.073940739 4288387995
1.2825772 -0.60589278 0.054637123 4288387995
1.3367169 -0.62286574 0.089485228 4288387994
-1.697242 -0.57184732 0.05044575 4288387995
-1.5076488 -0.57069224 0.053720593 4288387995
-1.4763211 -0.57407838 0.073212869 4288387995
-1.4248742 -0.5767653 0.072798975 4288387995
-1.3750912 -0.57478195 0.074461766 4288387995
-1.3247334 -0.57525021 0.086671241 4288387995
-1.2872512 -0.57873225 0.095463537 4288387995
-0.96651149 -0.56130135 0.053095303 4288387995
-0.9217664 -0.57113266 0.053287558 4288387995
-0.87126446 -0.58222574 0.053504407 4288387995
-0.82508898 -0.59237224 0.053702842 4288387995
-0.79602253 -0.59875965 0.053827778 4288387995
-0.70829439 -0.55150354 0.056455888 4288387995
-0.67760789 -0.55838335 0.056582917 4288387995
-0.62461489 -0.57026786 0.056802437 4288387995
-0.57242262 -0.58197343 0.057018667 4288387995
-0.52101982 -0.59350044 0.057231564 4288387995
-0.37548223 -0.55472219 0.060250949 4288387995
-0.32684427 -0.56587398 0.060444228 4288387995
-0.27599859 -0.57753152 0.060646266 4288387995
-0.2227513 -0.58973873 0.06085781 4288387995
-0.093765177 -0.56437606 0.050103273 4288387995
-0.017956117 -0.5745014 0.051704463 4288387995
0.046488881 -0.56115693 0.053681172 4288387995
0.065404616 -0.58560604 0.053465784 4288387995
0.13479424 -0.56892467 0.055659313 4288387995
0.15498888 -0.59464705 0.055440046 4288387995
0.23156846 -0.57603008 0.057866395 4288387995
0.33007288 -0.57233602 0.060419537 4288387995
0.35081267 -0.5978834 0.060218781 4288387995
0.43657336 -0.5637452 0.063308716 4288387995
0.45747471 -0.58900476 0.063120231 4288387995
0.57312709 -0.57393759 0.066418536 4288387995
0.71738225 -0.57243055 0.070048027 4288387995
0.87940621 -0.56706846 0.074227467 4288387995
0.90130615 -0.59171319 0.074081026 4288387995
1.0792418 -0.57461083 0.078985319 4288387995
1.2831125 -0.55104923 0.084715471 4288387995
1.3122165 -0.5762468 0.072993837 4288387995
-1.6927445 -0.51991183 0.051500939 4288387995
-1.5131223 -0.52470917 0.058816675 4288387995
-1.4740881 -0.52483183 0.083870888 4288387995
-1.4201469 -0.52533782 0.070317216 4288387995
-1.37517 -0.52725613 0.078922972 4288387995
-1.325783 -0.52484125 0.091167897 4288387995
-1.2925308 -0.53175128 0.098607995 4288387995
-0.91829979 -0.50440496 0.055585902 4288387995
-0.87425357 -0.51428366 0.055768382 4288387995
-0.82563514 -0.5251857 0.055969723 4288387995
-0.77527243 -0.53648186 0.056178402 4288387995
-0.7333414 -0.54588181 0.056351952 4288387995
-0.60649395 -0.50175923 0.059333093 4288387995
-0.57606149 -0.50873685 0.059454035 4288387995
-0.52369195 -0.52074331 0.059662104 4288387995
-0.47377101 -0.5321883 0.059860446 4288387995
-0.42446232 -0.54349309 0.060056359 4288387995
-0.25998652 -0.50302762 0.063355058 4288387995
-0.22188485 -0.51197249 0.063499302 4288387995
-0.18353449 -0.52097809 0.063644581 4288387995
-0.12339775 -0.52505958 0.050468799 4288387995
-0.059543014 -0.52000868 0.052198283 4288387995
-0.04159677 -0.54352021 0.051985092 4288387995
0.017614579 -0.52383173 0.054009855 4288387995
0.090673961 -0.51271945 0.056138199 4288387995
0.10779091 -0.53452605 0.055952426 4288387995
0.18765661 -0.52097964 0.058318168 4288387995
0.20587265 -0.54381573 0.058130741 4288387995
0.28613761 -0.51821458 0.060844779 4288387995
0.30445921 -0.54078585 0.060667478 4288387995
0.39313036 -0.51125151 0.063700609 4288387995
0.4144322 -0.53699172 0.063508458 4288387995
0.53267568 -0.52608532 0.066754572 4288387995
0.67659903 -0.52531374 0.070355251 4288387995
0.83332121 -0.51521122 0.07453569 4288387995
0.85762084 -0.54255545 0.074373186 4288387995
1.0333449 -0.52447736 0.079249859 4288387995
1.0549861 -0.54811251 0.079125091 4288387995
1.242654 -0.5083276 0.084907621 4288387995
1.2738065 -0.53283179 0.075657554 4288387739
1.3291318 -0.52625114 0.082857445 4288453278
1.5005431 -0.50006449 0.091552116 4288387995
-1.6851851 -0.47303304 0.051972151 4288387995
-1.5203642 -0.47403949 0.063654132 4288387995
-1.4816071 -0.47597796 0.088190354 4288387995
-1.4216199 -0.4731636 0.072720021 4288387995
-1.3744868 -0.47484937 0.084030025 4288387995
-1.3264781 -0.4790464 0.095316254 4288387995
-1.0376651 -0.46662578 0.050098978 4288387995
-0.96925879 -0.49297488 0.055374742 4288387995
-0.9427349 -0.49892592 0.05548472 4288387995
-0.81684989 -0.45353159 0.058497291 4288387995
-0.77692479 -0.46268386 0.05865588 4288387995
-0.7292254 -0.4736208 0.058845446 4288387995
-0.67313218 -0.48648044 0.059068296 4288387995
-0.62908095 -0.49658278 0.059243429 4288387995
-0.55319893 -0.45183599 0.050815865 4284900966
-0.53674555 -0.47432512 0.050915707 4284900966
-0.47042233 -0.45361716 0.062558122 4288387995
-0.42471164 -0.46435109 0.062731266 4288387995
-0.37590897 -0.4758094 0.062916063 4288387995
-0.3255623 -0.48763037 0.063106716 4288387995
-0.28639808 -0.49682489 0.06325499 4288387995
-0.16567047 -0.46897832 0.050990392 4288387995
-0.12149779 -0.4682717 0.052108537 4288387995
-0.088957995 -0.48146853 0.052547649 4288387995
-0.021946788 -0.47269031 0.05446016 4288387995
0.047238529 -0.45739016 0.056609716 4288387995
0.064708114 -0.47964078 0.056420017 4288387995
0.14266972 -0.46458292 0.058781024 4288387995
0.16207087 -0.48890799 0.058581464 4288387995
0.24066722 -0.46219841 0.061284829 4288387995
0.25931183 -0.48516753 0.061104398 4288387995
0.34527051 -0.45341426 0.064132258 4288387995
0.36911678 -0.4822295 0.063917153 4288387995
0.48589146 -0.47074461 0.067143247 4288387995
0.50662905 -0.49528083 0.066971049 4288387995
0.63329792 -0.4752861 0.070681415 4288387995
0.65314829 -0.49821973 0.070531882 4288387995
0.78855515 -0.46484038 0.074835107 4288387995
0.80917823 -0.48804766 0.074697189 4288387995
0.98039627 -0.46664143 0.079555057 4288387995
1.0040708 -0.49249989 0.079418585 4288387995
1.1944063 -0.45737177 0.085136682 4288387995
1.2192781 -0.48364148 0.085018605 4288387995
1.2950255 -0.46451664 0.059958708 4288387995
1.335672 -0.4874022 0.0863095 4288387995
1.353561 -0.47025394 0.097402513 4288453277
1.4740609 -0.47316071 0.091648184 4288387995
-1.679763 -0.4249568 0.052775983 4288387995
-1.5552657 -0.40562648 0.054045446 4288387995
-1.5252491 -0.42596889 0.069519319 4288387995
-1.4882252 -0.42805195 0.092914812 4288387995
-1.4226406 -0.42300415 0.077200584 4288387995
-1.3764683 -0.42774364 0.087988764 4288387995
-1.3406202 -0.42617145 0.096860111 4288387995
-1.0620496 -0.41117048 0.05045123 4288387995
-1.0295035 -0.42299351 0.051925521 4288387995
-0.97394955 -0.41751471 0.05787313 4288387995
-0.92392254 -0.42898378 0.058071882 4288387995
-0.87533075 -0.44012147 0.058264844 4288387995
-0.83963382 -0.44830805 0.058406778 4288387995
-0.67064458 -0.40660843 0.061799988 4288387995
-0.62540364 -0.41723156 0.061971337 4288387995
-0.57428271 -0.4252539 0.055903491 4286479998
-0.5222221 -0.44145709 0.062362038 4288387995
-0.48658276 -0.42674351 0.05450115 4285361517
-0.31112674 -0.40399343 0.066105962 4288387995
-0.27678123 -0.41113222 0.063532315 4288387995
-0.22473837 -0.41877723 0.061437722 4288387995
-0.18170732 -0.43640539 0.06085211 4288387995
-0.13494776 -0.42635995 0.055020422 4288387995
-0.064295202 -0.41794705 0.054942209 4288387995
-0.046145618 -0.44141147 0.054735668 4288387995
0.023507506 -0.42716321 0.05686738 4288387995
0.095670223 -0.40566313 0.059264582 4288387995
0.11548088 -0.43050137 0.059060819 4288387995
0.19541407 -0.4064523 0.061722815 4288387995
0.21579507 -0.43155766 0.061525535 4288387995
0.32255214 -0.4259654 0.064337239 4288387995
0.437475 -0.41346708 0.067545414 4288387995
0.45707151 -0.43665156 0.067382656 4288387995
0.58345592 -0.41769758 0.071056798 4288387995
0.6037156 -0.44110611 0.07090421 4288387995
0.74049556 -0.41075969 0.075156502 4288387995
0.76358378 -0.43674141 0.075002111 4288387995
0.93570966 -0.41783264 0.079812646 4288387995
0.95686525 -0.44093883 0.07969068 4288387995
1.143582 -0.40369558 0.085378006 4288387995
1.169073 -0.43062001 0.085256994 4288387995
1.2916889 -0.41027701 0.05682556 4288322715
1.3306907 -0.4317123 0.082100488 4288387739
1.425377 -0.42369446 0.091824763 4288387995
-1.6744801 -0.37849954 0.05354663 4288387995
-1.64578 -0.35847521 0.050244138 4288387995
-1.5603515 -0.37431392 0.056642968 4288387995
-1.5262648 -0.37507901 0.078398205 4288387995
-1.4955209 -0.37962079 0.097299039 4288387995
-1.4243709 -0.37424991 0.081376053 4288387995
-1.3765278 -0.376645 0.09279196 4288387995
-1.0711199 -0.37460151 0.051080406 4288387995
-1.0262539 -0.37362042 0.053652752 4288387995
-0.99556327 -0.36521071 0.055654421 4288387995
-0.90551525 -0.3514688 0.060910791 4288387995
-0.87536544 -0.35854504 0.061024867 4288387995
-0.8263272 -0.37006 0.06121061 4288387995
-0.77704036 -0.38162827 0.061397113 4288387995
-0.7321229 -0.39217526 0.061567232 4288387995
-0.69918942 -0.39990795 0.061691947 4288387995
-0.61240351 -0.37090713 0.050456449 4284900966
-0.59575307 -0.39366186 0.050557375 4284900966
-0.51940835 -0.3664704 0.0579261 4286282619
-0.47278056 -0.36504766 0.065527253 4288387995
-0.42503479 -0.37388918 0.061245933 4286808963
-0.37524286 -0.38854551 0.065876409 4288387995
-0.32142487 -0.38034758 0.058242824 4288387995
-0.27866814 -0.37956214 0.050687946 4288387995
-0.23251967 -0.38028511 0.051815055 4288387995
-0.17055412 -0.37455592 0.053516686 4288387995
-0.11707468 -0.35627213 0.063777432 4288387995
-0.088320315 -0.38689291 0.05521575 4288387995
-0.018758336 -0.373319 0.057326108 4288387995
0.073059671 -0.37731671 0.059497204 4288387995
0.16789532 -0.37255585 0.061989207 4288387995
0.27996519 -0.37450269 0.064721346 4288387995
0.39330935 -0.36122069 0.067912295 4288387995
0.4142414 -0.3859815 0.067738399 4288387995
0.53805113 -0.36523953 0.071398817 4288387995
0.55978012 -0.39034453 0.07123515 4288387995
0.69380915 -0.35823017 0.075468779 4288387995
0.71707833 -0.38440934 0.075313114 4288387995
0.88733143 -0.36498719 0.080091469 4288387995
0.90842074 -0.38802171 0.079969905 4288387995
1.0983325 -0.35591376 0.085592903 4288387995
1.120899 -0.37974703 0.085485756 4288387995
1.288581 -0.35977554 0.053907726 4288387995
1.3261865 -0.37978372 0.078265481 4288387995
1.3773881 -0.37440145 0.092572391 4288387994
1.6862465 -0.36903903 0.099844396 4288387995
-1.6761998 -0.32668006 0.055453442 4288387995
-1.6423739 -0.31085849 0.0513108 4288387995
-1.5685121 -0.32425207 0.060776588 4288387995
-1.528653 -0.32547796 0.086154021 4288387995
-1.4235862 -0.32599232 0.086116634 4288387995
-1.381034 -0.3255448 0.096512944 4288387995
-1.111352 -0.32884651 0.050231311 4288387995
-1.0752938 -0.32580489 0.052369051 4288387995
-1.0213884 -0.32355121 0.056101006 4288387995
-0.97686958 -0.32995081 0.059554752 4288322202
-0.92880911 -0.34599453 0.060822405 4288387995
-0.72150183 -0.30513132 0.064637028 4288387995
-0.66729653 -0.31450251 0.072612815 4285558896
-0.63769501 -0.31485936 0.068034351 4285690482
-0.56765395 -0.3294307 0.058945037 4286611584
-0.54313266 -0.3442544 0.056978587 4286019447
-0.4612208 -0.32195261 0.055477798 4284900966
-0.44640791 -0.34254718 0.055561997 4284900966
-0.36149251 -0.31113684 0.058445085 4284900966
-0.32761487 -0.31969273 0.05754973 4288387995
-0.27503723 -0.3205834 0.059493884 4288387995
-0.22046062 -0.32365471 0.062720947 4288387995
-0.17833109 -0.33607274 0.064097628 4288387995
-0.13603106 -0.33283478 0.058565747 4288387995
-0.064565063 -0.31496993 0.057823393 4288387995
-0.044720054 -0.34024721 0.057607926 4288387995
0.029577076 -0.32280824 0.059944618 4288387995
0.12483383 -0.31950653 0.062405929 4288387995
0.23599744 -0.3213715 0.065117925 4288387995
0.25673312 -0.34642673 0.064930864 4288387995
0.34348154 -0.30227625 0.068326212 4288387995
0.37032193 -0.33402577 0.068103224 4288387995
0.49292502 -0.31310853 0.071738787 4288387995
0.51588756 -0.33963943 0.071565844 4288387995
0.64275098 -0.30077386 0.075810239 4288387995
0.66513634 -0.32596326 0.075660512 4288387995
0.84038025 -0.31370336 0.080362096 4288387995
0.85950875 -0.33459619 0.080251835 4288387995
1.0473697 -0.30209351 0.085834891 4288387995
1.0847378 -0.31833851 0.081142791 4283728468
1.1223179 -0.31572518 0.07573051 4278216192
1.1705106 -0.32657191 0.075436324 4278216192
1.2856802 -0.31263065 0.051184092 4288387995
1.3249122 -0.32585239 0.08635208 4288387995
1.3529963 -0.32639396 0.093425319 4288387995
1.6359076 -0.32012427 0.099964291 4288387995
1.6609764 -0.34448713 0.099904597 4288387995
-1.6742042 -0.277118 0.056776319 4288387995
-1.6312095 -0.27164689 0.051949587 4288387995
-1.57353 -0.27669376 0.066460282 4288387995
-1.537466 -0.27646685 0.089671612 4288387995
-1.4266864 -0.27537134 0.090134665 4288387995
-1.3904854 -0.28076231 0.098435022 4288387995
-1.10969 -0.27617654 0.051971752 4288387995
-1.0723155 -0.27279469 0.054194544 4288387995
-1.0249724 -0.27093774 0.056934617 4288387995
-0.98016411 -0.2735779 0.059390631 4288387995
-0.92256129 -0.25669464 0.063917331 4288387995
-0.87357378 -0.2684975 0.064092733 4288387995
-0.83081228 -0.26828647 0.067628384 4286479998
-0.7765637 -0.29186523 0.064439893 4288387995
-0.74769521 -0.29881978 0.064543225 4288387995
-0.61485517 -0.28237295 0.074712262 4284900966
-0.58540404 -0.28548434 0.052584223 4284900966
-0.5158779 -0.25592703 0.064198755 4287203721
-0.47686785 -0.27769175 0.062101264 4286611584
-0.41996121 -0.27485788 0.067215621 4287795858
-0.37440822 -0.28645077 0.061070517 4287203721
-0.32236442 -0.27212283 0.055605818 4288387995
-0.27064562 -0.27202234 0.053903256 4288387995
-0.23741716 -0.28694934 0.054310784 4288387995
-0.17533185 -0.27441239 0.056206163 4288387995
-0.10609579 -0.25758526 0.063427679 4288322202
-0.084135234 -0.27080157 0.065937296 4288322202
-0.012337327 -0.27026641 0.060375929 4288387995
0.0037075877 -0.29037809 0.060210798 4288387995
0.080629647 -0.26505086 0.062833734 4288387995
0.10374331 -0.29352462 0.062610045 4288387995
0.18863897 -0.26414132 0.06554506 4288387995
0.20784013 -0.2873427 0.065371849 4288387995
0.32284752 -0.27787003 0.068497665 4288387995
0.44298774 -0.25541094 0.072114907 4288387995
0.46691316 -0.28305322 0.071934693 4288387995
0.61899024 -0.27403763 0.075969152 4288387995
0.79272389 -0.26164928 0.080636799 4288387995
0.8164677 -0.2875835 0.080499925 4288387995
1.0251713 -0.27212644 0.086995639 4287075463
1.0679244 -0.27683687 0.076092564 4278216192
1.2811271 -0.27058473 0.086726062 4288387995
1.3209368 -0.28322452 0.079429686 4288322459
-1.672823 -0.22357337 0.058312152 4288387995
-1.6218736 -0.22029181 0.053110123 4288387995
-1.5740172 -0.2262204 0.075600617 4288387995
-1.5401089 -0.23322967 0.096072271 4288387995
-1.4539384 -0.20512652 0.090125896 4288387995
-1.428826 -0.22643018 0.094228007 4288387995
-1.1032904 -0.21441209 0.054265454 4288387995
-1.0741032 -0.22412309 0.055614915 4288387995
-1.0191571 -0.22569567 0.059706151 4288387995
-0.97407454 -0.23086011 0.062168907 4288387995
-0.94596756 -0.23002446 0.062689073 4288387995
-0.82283747 -0.22376069 0.071467027 4284637794
-0.7211256 -0.20534518 0.068017825 4288387995
-0.67543042 -0.21666677 0.06817089 4288387995
-0.62783116 -0.2284544 0.068330146 4288387995
-0.57589567 -0.24132223 0.068504095 4288387995
-0.53078526 -0.22522141 0.05508199 4284900966
-0.42348641 -0.22406706 0.058106232 4284900966
-0.31355482 -0.21787822 0.062089313 4286282619
-0.28010553 -0.22279961 0.06292028 4287795858
-0.22037593 -0.22010398 0.065946683 4288387995
-0.17862195 -0.23504271 0.070657127 4288387995
-0.13125075 -0.2353256 0.064585127 4288387995
-0.067173928 -0.2075198 0.076393887 4285032552
-0.02528582 -0.21818683 0.074550621 4286545791
0.024174567 -0.21122141 0.075464167 4288387995
0.058564425 -0.23786876 0.06304729 4288387995
0.14307582 -0.2090891 0.065956123 4288387995
0.16450477 -0.23498273 0.065762825 4288387995
0.27579454 -0.22220655 0.068888515 4288387995
0.39908516 -0.20468336 0.072445549 4288387995
0.42012835 -0.22899726 0.072287068 4288387995
0.57639724 -0.22611299 0.076254033 4288387995
0.74166793 -0.20587879 0.08093106 4288387995
0.76641452 -0.23291068 0.080788441 4288387995
0.97138137 -0.22184555 0.086195707 4288387995
1.0372057 -0.22439323 0.074636541 4278216192
1.2266563 -0.22177593 0.092545472 4288387995
1.2735782 -0.23108143 0.074167848 4288387995
1.3250147 -0.22461277 0.074643552 4288387739
1.3595028 -0.20796537 0.096333914 4288387995
-1.6717529 -0.17678317 0.059672993 4288387995
-1.6232895 -0.17071421 0.056697227 4288387995
-1.5775497 -0.17438221 0.083040282 4288387995
-1.5483356 -0.18909216 0.099053554 4288387995
-1.4538436 -0.16979194 0.093480334 4288387995
-1.4383065 -0.17746024 0.09653794 4288387995
-1.2054203 -0.15302517 0.07445839 4284900966
-1.1707599 -0.16400008 0.074955806 4285229931
-1.1233751 -0.16324466 0.074899808 4285690482
-1.0803797 -0.16067155 0.073803335 4286743170
-1.0260917 -0.177636 0.059787951 4288387995
-0.97483194 -0.17643054 0.062729098 4288387995
-0.92686999 -0.16660383 0.06634438 4288387995
-0.87286395 -0.16775391 0.067509733 4288387995
-0.81776315 -0.17900336 0.071349584 4285229931
-0.77348328 -0.19237393 0.067842506 4288387995
-0.7448687 -0.19946027 0.067938253 4288387995
-0.47142899 -0.16067812 0.06604021 4286808963
-0.43396702 -0.17461099 0.068504378 4287335307
-0.37191144 -0.17630252 0.070540644 4287664272
-0.33266288 -0.18651491 0.066505022 4286414205
-0.25566047 -0.17057431 0.057120584 4288387995
-0.23019187 -0.17239118 0.060946718 4286611584
-0.17370269 -0.17594613 0.05900814 4288387995
-0.12483136 -0.16842265 0.076470681 4284966759
-0.081074528 -0.18134439 0.072561912 4285756275
-0.021416223 -0.16059703 0.074956872 4286019447
0.024622181 -0.16460349 0.074286722 4285164138
0.074669957 -0.17737353 0.074971184 4286743938
0.11113349 -0.16547069 0.070332415 4284572001
0.23035449 -0.16844897 0.069265939 4288387995
0.25241423 -0.1945464 0.069082707 4288387995
0.37518105 -0.17706801 0.072625637 4288387995
0.52985257 -0.17373678 0.07656531 4288387995
0.55292666 -0.19970059 0.076410994 4288387995
0.69547248 -0.15542257 0.081197351 4288387995
0.71782136 -0.17983353 0.081068531 4288387995
0.92285389 -0.17059498 0.086426131 4288387995
1.0298564 -0.17275293 0.075252943 4284378974
1.0881455 -0.1514442 0.075535417 4285493103
1.113144 -0.15135464 0.075714067 4286611583
1.1778785 -0.17221324 0.092722379 4288387995
1.2021589 -0.19688272 0.092634313 4288387995
1.2930354 -0.17721033 0.053367022 4288387995
1.3240873 -0.17391041 0.073112763 4288387995
1.3547984 -0.17031562 0.092635773 4288387995
-1.6730204 -0.12739629 0.061439246 4288387995
-1.6229463 -0.12381116 0.059602767 4288387995
-1.5837117 -0.12543921 0.081955828 4288387995
-1.4560783 -0.1270318 0.096967697 4288387995
-1.4490926 -0.14267242 0.097192712 4288387995
-1.2555044 -0.10285981 0.075813763 4285690482
-1.2223257 -0.12278113 0.074583396 4286282619
-1.1748984 -0.12929931 0.07518629 4284900966
-1.1227003 -0.13631663 0.074917629 4285229931
-1.0743554 -0.13820492 0.074859813 4286545791
-1.0205647 -0.13141152 0.075103767 4288980132
-0.98413593 -0.12105697 0.07662119 4290098613
-0.93521005 -0.1162766 0.082056858 4289111718
-0.82509035 -0.12939562 0.072258405 4284637794
-0.67138803 -0.10592739 0.071965218 4288387995
-0.6248799 -0.1177999 0.07210876 4288387995
-0.57537907 -0.13044855 0.07226181 4288387995
-0.52621329 -0.14300331 0.072413646 4288387995
-0.4859134 -0.13639437 0.057765123 4284900966
-0.37402609 -0.12470497 0.061087091 4284900966
-0.25456756 -0.10457915 0.064757064 4284900966
-0.225255 -0.12595408 0.06510286 4286348412
-0.16271128 -0.11914381 0.074988067 4285690482
-0.12270316 -0.12280802 0.073270835 4285953654
-0.077039383 -0.1287275 0.075821541 4284900966
-0.030858232 -0.14206661 0.077472828 4285098345
0.028747568 -0.14474396 0.074964367 4287203721
0.073435023 -0.13425519 0.075129695 4288716960
0.11192093 -0.11761984 0.075417556 4289704367
0.18742405 -0.11351892 0.062075607 4288387995
0.2089389 -0.14311555 0.069443837 4288387995
0.32953161 -0.12433072 0.072969519 4288387995
0.47934866 -0.11690762 0.07690309 4288387995
0.50656796 -0.14753425 0.076721027 4288387995
0.64730132 -0.10280383 0.081474997 4288387995
0.6734587 -0.13137726 0.081324242 4288387995
0.87891227 -0.12418776 0.086634777 4288387995
0.99020445 -0.1096786 0.075840995 4284900966
1.0265596 -0.12244446 0.075716965 4284835173
1.0719239 -0.1380471 0.075436585 4285229931
1.1245402 -0.14219132 0.074979722 4286941061
1.1730828 -0.13007812 0.074106388 4288782753
1.2043785 -0.10840361 0.074747607 4290295992
1.2903684 -0.1412878 0.051000495 4288387995
1.3277334 -0.12191486 0.074475326 4288387995
1.3572145 -0.12977743 0.093425974 4288387995
-1.6755853 -0.072359145 0.063565999 4288387995
-1.6256883 -0.077913284 0.063738681 4288387995
-1.5908592 -0.069367528 0.077191286 4288387995
-1.2562096 -0.063855134 0.07519494 4288387995
-1.2341474 -0.090157583 0.073682055 4287072135
-1.1553409 -0.060065296 0.075336508 4284900966
-1.1354561 -0.087261453 0.075158589 4284900966
-0.97211194 -0.076218441 0.075044043 4290953922
-0.92622554 -0.071367905 0.077036776 4289506476
-0.87172127 -0.066291764 0.07335344 4285361517
-0.83853012 -0.083532818 0.072040662 4285887861
-0.77543926 -0.079352044 0.071643762 4288387995
-0.72154921 -0.093114257 0.071810208 4288387995
-0.41279548 -0.069647253 0.060885042 4284900966
-0.37846139 -0.06362424 0.074385516 4287795858
-0.32654041 -0.070654586 0.077203907 4288387995
-0.27676499 -0.077642567 0.070418082 4286479998
-0.23307034 -0.095336795 0.077465251 4288387995
-0.16432922 -0.079475053 0.072716974 4285361517
-0.12345492 -0.07526619 0.074808173 4284835173
-0.069560945 -0.075499915 0.089166984 4284900966
0.13496549 -0.075454392 0.074367881 4291085508
0.15677205 -0.067881547 0.07057105 4290230199
0.27916756 -0.064072721 0.070248805 4288387995
0.30668342 -0.097931445 0.073141605 4288387995
0.43441096 -0.066341646 0.077203624 4288387995
0.45495832 -0.089461893 0.077066198 4288387995
0.59986913 -0.050996423 0.081748419 4288387995
0.62527823 -0.078749985 0.081601948 4288387995
0.82627791 -0.068603516 0.086884715 4288387995
0.85113668 -0.094858885 0.08676669 4288387995
0.94587737 -0.060962699 0.074316844 4284900966
0.9721337 -0.078843072 0.076268189 4284835173
1.0648199 -0.082275495 0.075672477 4284900966
1.2288897 -0.075214013 0.076027326 4291085508
1.2990632 -0.066226006 0.055156019 4288387995
1.3201884 -0.078353286 0.068855688 4288387995
1.3609481 -0.068084322 0.094664514 4288387995
-1.6688389 -0.024291147 0.061764598 4288387995
-1.6241606 -0.025904149 0.070323676 4288387995
-1.5814626 -0.029748559 0.057404153 4288387995
-1.2631091 -0.029372269 0.074909389 4284900966
-1.2473276 -0.015396288 0.074917696 4285098345
-1.1684606 -0.0273213 0.07465601 4284900966
-1.0142084 -0.039107639 0.072659336 4291151301
-0.95827007 -0.027272927 0.073251471 4291348680
-0.93246013 -0.026129441 0.073889755 4290559164
-0.88648421 -0.039988097 0.074260361 4287203721
-0.56902409 -0.0066237152 0.076525956 4288387995
-0.52018201 -0.01952213 0.076662526 4288387995
-0.47287875 -0.032013059 0.076794781 4288387995
-0.42637014 -0.044634819 0.072318926 4287335307
-0.35413224 -0.0018342733 0.051116411 4288387995
-0.31945738 -0.014765594 0.056797512 4286808963
-0.29246357 -0.028112372 0.054941121 4287203721
-0.15501373 -0.018907776 0.074302077 4285558896
-0.13659438 -0.02409061 0.074457169 4284900966
-0.076005965 -0.018916965 0.088403098 4284900966
0.14716603 -0.024657613 0.074899621 4291414473
0.15697505 -0.023590012 0.074769266 4291085508
0.23429251 -0.023374865 0.061209846 4288387995
0.25702474 -0.039771736 0.064191483 4288387995
0.38673776 -0.01269418 0.077522427 4288387995
0.40949747 -0.038305908 0.077370234 4288387995
0.57472008 -0.023525894 0.081893377 4288387995
0.77983618 -0.019556269 0.087105222 4288387995
0.8039012 -0.044970512 0.086990952 4288387995
0.94076532 -0.0230792 0.074603088 4284900966
0.95501816 -0.028399833 0.075492956 4284900966
1.0251273 -0.013276363 0.074656293 4284900966
1.2464871 -0.025592048 0.074909769 4291414473
1.2952414 -0.022262514 0.05190381 4288387995
1.3264092 -0.021452172 0.071769774 4288387995
1.3574457 -0.026978076 0.091669142 4288387995
-1.6734247 0.024457276 0.064045578 4288387995
-1.6291093 0.026658058 0.070041597 4288387995
-1.5761176 0.023073057 0.052960236 4288387995
-1.2454848 0.026413178 0.075042441 4284900966
-1.1751554 0.0076881349 0.075231105 4284900966
-0.95325762 0.024766913 0.074429721 4290953922
-0.94159997 0.020438656 0.074879736 4290756543
-0.8736276 0.02358675 0.074714527 4288322202
-0.84874082 0.03727746 0.053915095 4288387995
-0.76443672 0.044977266 0.075979613 4288387995
-0.72595346 0.034813881 0.076087229 4288387995
-0.6760484 0.021637583 0.076226726 4288387995
-0.62648261 0.0085485699 0.076365307 4288387995
-0.59970349 0.0014772415 0.076440185 4288387995
-0.40733671 0.013892055 0.051925831 4288387995
-0.37298059 0.018390417 0.055765867 4287203721
-0.33861828 0.016295135 0.064343043 4284900966
-0.27399564 0.042867921 0.052916169 4288387995
-0.21903007 0.036939085 0.065114178 4287861651
-0.165534 0.02181443 0.071136124 4286479998
-0.13311112 0.025201846 0.075131625 4284900966
-0.089466333 0.0049800873 0.082544081 4284900966
-0.037132621 0.042946696 0.073216565 4284900966
0.14722233 0.024864845 0.075170651 4290822336
0.15125321 0.013534518 0.075146094 4290098613
0.33191761 0.038843997 0.063716955 4288387995
0.36078972 0.017178942 0.069782183 4288387995
0.53012878 0.029435173 0.09099178 4288387995
0.57009345 0.034412451 0.094785139 4288387995
0.6211645 0.044061113 0.097530164 4288387995
0.73034757 0.032702971 0.087340251 4288387995
0.75447083 0.0072263479 0.087225705 4288387995
0.94105357 0.024202006 0.074152514 4284900966
0.96731669 0.0283561 0.075450212 4284572001
1.0036945 0.010143352 0.075065926 4284900966
1.2462666 0.023343513 0.076006256 4290953922
1.3262097 0.028172867 0.070723094 4288387995
1.3635406 0.021675915 0.094655633 4288387995
-1.6758727 0.076587126 0.067558482 4288387995
-1.6288245 0.073567495 0.073713891 4288387995
-1.576908 0.070832655 0.054608226 4288387995
-1.5441544 0.084161162 0.050532691 4288387995
-1.2285051 0.075355515 0.074994937 4284900966
-0.96911752 0.074918784 0.074587338 4289572269
-0.9133116 0.071943313 0.073977493 4288387995
-0.86706096 0.07436496 0.076162674 4288387995
-0.8300671 0.067366071 0.074021131 4288387995
-0.78844392 0.051314831 0.07591252 4288387995
-0.42626634 0.093555547 0.065897696 4288387995
-0.37195033 0.07625176 0.072717577 4287927444
-0.32564545 0.066317476 0.065302931 4288387995
-0.27670857 0.06930951 0.065194324 4288387995
-0.22793823 0.070420578 0.061276264 4286414205
-0.16335247 0.071852222 0.065549493 4286611584
-0.1315853 0.074845932 0.074388579 4285164394
-0.079241417 0.069893867 0.074472234 4284900966
-0.043786407 0.052802205 0.073188625 4284900966
0.13085413 0.072393455 0.07530348 4289440683
0.3170926 0.053154379 0.068048462 4288387995
0.47387886 0.086053498 0.073431291 4288387995
0.5328666 0.05771134 0.083972566 4288387995
0.57399803 0.069138028 0.083876759 4288387995
0.62045568 0.062671073 0.090615861 4288387995
0.67563039 0.072152197 0.090984963 4288387995
0.70439398 0.060114443 0.087463468 4288387995
0.88940954 0.094585419 0.082040794 4288387995
0.93131816 0.074614227 0.073467456 4286808963
0.97029698 0.073999502 0.075304374 4284703587
1.2275026 0.073736884 0.075199969 4289703855
1.2980632 0.086927176 0.051681057 4288387995
1.3240836 0.074412256 0.068510376 4288387995
1.3613855 0.074508727 0.092302158 4288387995
-1.675694 0.12365595 0.07183335 4288387995
-1.6297283 0.11921518 0.066783763 4288387995
-1.5754062 0.12643179 0.056193806 4288387995
-1.5477079 0.14939904 0.053123828 4288387995
-1.2060001 0.10542245 0.075332217 4284900966
-1.1783676 0.12382757 0.075118512 4284900966
-1.1273302 0.14352345 0.0756611 4284900966
-1.0715536 0.14518216 0.074954011 4285098345
-1.0251421 0.12798987 0.075564176 4286874756
-0.99375695 0.10691651 0.077200577 4288190616
-0.90137863 0.14721942 0.077006266 4288387995
-0.88101262 0.1216094 0.077359691 4288387995
-0.81675035 0.13770814 0.07369113 4288256409
-0.61057544 0.14773166 0.081261262 4288387995
-0.57339138 0.13754506 0.081352808 4288387995
-0.52286261 0.12840432 0.073722802 4288387995
-0.47485152 0.11351915 0.065934904 4288387995
-0.44119233 0.10133255 0.081678212 4288387995
-0.36764759 0.13628373 0.052201185 4288387995
-0.32612002 0.11977891 0.053772192 4288387995
-0.27051109 0.1240638 0.062865682 4286414205
-0.22666864 0.11825839 0.056286156 4287993237
-0.17525764 0.11367793 0.053952672 4288387995
-0.1100408 0.11306608 0.075231992 4284900966
-0.078028433 0.13176422 0.074650742 4284966759
-0.023075677 0.14798185 0.075058535 4284900966
0.029172944 0.1473151 0.073316664 4285164138
0.071574934 0.13242044 0.074133851 4286414205
0.10587559 0.10730412 0.075324744 4287532686
0.43039322 0.12172094 0.070972838 4288387995
0.45400703 0.10562372 0.075549692 4288387995
0.63353574 0.13494526 0.087799929 4288387995
0.65790534 0.10921106 0.087684199 4288387995
0.78558064 0.12977105 0.078741632 4290164406
0.82475245 0.12719122 0.088223942 4290098613
0.87934572 0.1301652 0.091877021 4289111718
0.9256798 0.12636222 0.080284819 4288322202
0.98140895 0.1232513 0.074333474 4285295724
1.0197009 0.13202712 0.075011708 4285229931
1.0690776 0.14778133 0.073381931 4284900966
1.1288664 0.1482091 0.074874498 4285098345
1.1743242 0.13148953 0.07497865 4286940549
1.2124262 0.10087486 0.080338091 4287795858
1.3238271 0.1248257 0.067413077 4288387995
1.3624022 0.12628545 0.091991618 4288387995
-1.6775903 0.17376254 0.078562252 4288387995
-1.6208088 0.18125494 0.064205922 4288387995
-1.5720838 0.17782812 0.057393242 4288387995
-1.5325007 0.17971605 0.052009519 4288387995
-1.1014293 0.15048912 0.075467542 4284900966
-1.0944208 0.15012704 0.08470019 4284900966
-0.85823184 0.19167149 0.08083991 4288387995
-0.83717883 0.16428091 0.081176497 4288387995
-0.77612865 0.19172986 0.077949092 4288387995
-0.72638565 0.17945725 0.080976166 4288387995
-0.67452621 0.16524938 0.081103846 4288387995
-0.62190676 0.16834326 0.071158864 4288387995
-0.574637 0.17911661 0.050860751 4288387995
-0.53700346 0.15562868 0.050642893 4288387995
-0.46083695 0.1937499 0.052720431 4288387995
-0.42419568 0.17115459 0.052516274 4288387995
-0.39418101 0.15264326 0.052349113 4288387995
-0.30799788 0.19445199 0.054660685 4288387995
-0.27556214 0.1761815 0.059579436 4287401100
-0.22532757 0.17768432 0.061422408 4288387995
-0.17608722 0.18030307 0.073094763 4288387995
-0.12527652 0.17370252 0.06944485 4287269514
-0.080869377 0.16059083 0.07409811 4286414205
-0.023990268 0.15295072 0.074871495 4284835173
0.018405233 0.15273155 0.074654981 4285032552
0.063973084 0.17978212 0.078245848 4284900966
0.57681066 0.18661134 0.075491413 4288387995
0.60797226 0.1619432 0.087921306 4288387995
0.7944805 0.16568831 0.065543234 4289638062
0.82669407 0.17120491 0.071537934 4289111718
0.87518871 0.1668376 0.069490783 4288782753
0.92520899 0.16333356 0.071295276 4287795858
0.97951615 0.16042301 0.075275227 4285822068
1.020301 0.16813456 0.075876854 4284772964
1.0709916 0.16953243 0.075804569 4286085240
1.117573 0.15542263 0.077036679 4285032552
1.2993068 0.18541527 0.050650056 4288387995
1.3259592 0.17252587 0.067889303 4288387995
1.3634644 0.17898287 0.091693081 4288387995
-1.6739504 0.22851166 0.077537537 4288387995
-1.6287107 0.22759087 0.066786163 4288387995
-1.5787002 0.22372054 0.059782583 4288387995
-1.5279027 0.22873212 0.052956965 4288387995
-0.86850053 0.21531704 0.080616191 4288387995
-0.81867558 0.21727844 0.082349434 4288387995
-0.78440648 0.22329724 0.077885129 4288190616
-0.65868491 0.23157234 0.051347315 4288387995
-0.62850207 0.21273887 0.051172439 4288387995
-0.52211845 0.2315384 0.053061944 4288387995
-0.48404112 0.20805977 0.052849699 4288387995
-0.37345156 0.23911613 0.069377899 4288387995
-0.32947266 0.22084531 0.071120188 4288387995
-0.26987007 0.21544906 0.087549262 4288387995
-0.21997853 0.22266732 0.072446249 4288387995
-0.16997407 0.22298427 0.063306689 4286940549
-0.12686792 0.22886224 0.062857844 4287664272
-0.072278284 0.23663446 0.061032563 4288387995
-0.018592685 0.23078705 0.060152087 4288322202
0.035179537 0.22326708 0.07813739 4284900966
0.53369731 0.21274705 0.070141025 4288387995
0.55884111 0.21382977 0.088154599 4288387995
0.78091425 0.23113289 0.094162107 4288387995
0.80547738 0.20617455 0.094073027 4288387995
1.0357735 0.21273157 0.07466273 4283203916
1.0799935 0.22488321 0.071828574 4286812803
1.1124871 0.23409918 0.083946183 4287271818
1.3264476 0.225151 0.067225963 4288387995
1.3646532 0.22931775 0.091518722 4288387995
-1.6820683 0.27455139 0.080430053 4288387995
-1.62006 0.27970645 0.067276105 4288387995
-1.5659704 0.27635574 0.059728149 4288387995
-1.524685 0.27664232 0.054058582 4288387995
-0.85547006 0.29923439 0.084358454 4288387995
-0.83549464 0.27226418 0.084647074 4288387995
-0.7595998 0.29073665 0.089523911 4287927444
-0.61823291 0.29081184 0.053597372 4288387995
-0.56957531 0.27176449 0.061747536 4288387995
-0.52319682 0.28772339 0.087023005 4288387995
-0.47234118 0.28073335 0.075271644 4288387995
-0.42702153 0.26422575 0.069816001 4288387995
-0.3954964 0.2512939 0.087288246 4288387995
-0.30442035 0.29661453 0.057710197 4288387995
-0.27414718 0.27846074 0.057556737 4288387995
-0.21848868 0.27185363 0.064003967 4287335307
-0.1798562 0.26160574 0.066697851 4286874756
-0.13103986 0.26700196 0.06130923 4288387995
-0.077433452 0.27792338 0.060011763 4288387995
-0.01865983 0.27717778 0.07193125 4286019447
0.010605842 0.26037854 0.078044832 4284900966
0.68980134 0.29252183 0.070077881 4288387995
0.72639799 0.27929741 0.085203625 4288387995
0.75650132 0.25593483 0.094250672 4288387995
1.0949309 0.26223457 0.081674717 4288387995
1.1193037 0.27817574 0.073228337 4288387995
1.3250806 0.27489918 0.065432593 4288387995
1.3651286 0.27702224 0.0909383 4288387995
-1.6786575 0.32134622 0.080663517 4288387995
-1.630761 0.32139593 0.070091687 4288387995
-1.5809119 0.31803253 0.06312643 4288387995
-1.5242682 0.32157677 0.055449452 4288387995
-1.4947852 0.33897781 0.05195494 4288387995
-0.78079486 0.32053795 0.089254715 4288387995
-0.72314149 0.33816847 0.083158888 4288387995
-0.67194676 0.33016232 0.086713992 4288387995
-0.62474722 0.31329444 0.080198824 4288387995
-0.57008767 0.3254911 0.071445517 4288387995
-0.52389222 0.32582831 0.05581218 4288387995
-0.4888832 0.30452573 0.055625416 4288387995
-0.36991984 0.33588433 0.058042455 4288387995
-0.33125371 0.31270507 0.057846237 4288387995
-0.17536096 0.33567327 0.060480047 4288387995
-0.12742031 0.32701164 0.063104659 4288387995
-0.073479988 0.33873981 0.078205459 4288190616
-0.026753221 0.32593468 0.078922279 4285953654
0.026397429 0.32123047 0.077415138 4286808963
0.064818203 0.31610507 0.063514784 4288322202
0.18727735 0.33020741 0.084115118 4284900966
0.20426702 0.30398679 0.084170081 4284900966
0.64759368 0.31585729 0.07023403 4288453788
0.67916644 0.31606773 0.084068485 4288387995
0.70529139 0.3079713 0.094436392 4288387995
1.1296084 0.32336512 0.071387038 4288387995
1.3261945 0.32540166 0.065207578 4288387995
1.366326 0.32559404 0.090802431 4288387995
-1.6728102 0.37068528 0.077464178 4288387995
-1.618412 0.37299392 0.07005617 4288387995
-1.5670962 0.36911982 0.062872894 4288387995
-1.5207669 0.37514067 0.05669428 4288387995
-1.4804538 0.36885431 0.050946705 4288387995
-0.87399989 0.38780808 0.086294256 4288387995
-0.82118195 0.37193441 0.087602228 4288387995
-0.77559155 0.3597315 0.086498693 4288387995
-0.73322141 0.37935773 0.087598659 4288322202
-0.60758525 0.37675384 0.056258656 4288387995
-0.58578122 0.36348805 0.056142289 4288387995
-0.46448323 0.39259329 0.058521751 4288387995
-0.42441216 0.36856622 0.058318567 4288387995
-0.3968569 0.35204542 0.05817879 4288387995
-0.26637805 0.39248455 0.06752497 4288387995
-0.22715537 0.37780523 0.07733468 4288387995
-0.17062604 0.37019742 0.089415975 4288387995
-0.11855284 0.35748637 0.094130278 4288387995
-0.063051395 0.38102224 0.073758669 4285887861
-0.024534205 0.37756684 0.063606344 4288387995
0.014755805 0.35482213 0.063431159 4288387995
0.1461544 0.39366847 0.083982132 4284900966
0.16341114 0.37173072 0.081315584 4285427310
0.87142116 0.39138043 0.075266182 4288387995
1.1415976 0.36786261 0.079187959 4288387995
1.1559459 0.38511476 0.060432643 4288387995
1.32648 0.37465057 0.064477235 4288387995
1.3676277 0.37684971 0.090686113 4288387995
-1.6813408 0.42032418 0.080237359 4288387995
-1.6355715 0.41994619 0.073929846 4288387995
-1.5829074 0.41566429 0.06654793 4288387995
-1.532814 0.42229283 0.05987113 4288387995
-1.4949208 0.43161929 0.054959729 4288387995
-0.75884795 0.42826283 0.093864985 4288387995
-0.74511319 0.40807128 0.094011903 4288387995
-0.55986679 0.44978118 0.059005558 4288387995
-0.52963477 0.43165681 0.058852177 4288387995
-0.49229002 0.40926328 0.058662839 4288387995
-0.41482219 0.44592491 0.093647182 4288387995
-0.36808103 0.43755352 0.081582122 4288387995
-0.32480705 0.42150584 0.076009206 4288387995
-0.28530407 0.40647537 0.087300174 4288387995
-0.1215654 0.43618038 0.067452431 4287466893
-0.079967864 0.42723814 0.070416979 4287466893
-0.024692655 0.4327046 0.069584429 4288387995
0.023420358 0.4239727 0.069094941 4288387995
0.075826786 0.41446248 0.068561748 4288387995
0.12718867 0.42253685 0.073075362 4287203721
0.15699942 0.41311279 0.06735792 4288387995
0.79590178 0.43196511 0.075511143 4288387995
0.82518274 0.4162299 0.075416163 4288387995
0.85455966 0.4004426 0.07532087 4288387995
1.1494191 0.40044868 0.095510915 4288387995
1.1680291 0.42646646 0.075354807 4288387995
1.3284744 0.42532754 0.064815402 4288387995
1.3659008 0.42506129 0.088702813 4288387995
-1.6616859 0.47382337 0.079258278 4288387995
-1.6147972 0.47318363 0.072788171 4288387995
-1.5683513 0.47254959 0.066379182 4288387995
-1.522342 0.47192332 0.060030371 4288387995
-1.476763 0.47130144 0.053741012 4288387995
-0.80106932 0.49032688 0.09341339 4288387995
-0.78604412 0.46824479 0.093574047 4288387995
-0.69394517 0.48110002 0.092656627 4288322202
-0.57096589 0.48245293 0.083588943 4288387995
-0.52561778 0.47899517 0.093466543 4288387995
-0.47795537 0.46477038 0.09354423 4288387995
-0.43001619 0.47505608 0.070803776 4288387995
-0.38593587 0.45986465 0.061486769 4288387995
-0.21680033 0.48885489 0.064463824 4288387995
-0.17676096 0.46567112 0.06428542 4288387995
-0.14992547 0.45015025 0.064165488 4288387995
0.030019969 0.49264193 0.067675717 4288387995
0.080739528 0.47356346 0.074743405 4286808963
0.10454921 0.45488071 0.078358851 4286019447
0.34209791 0.48347449 0.095876783 4287006342
0.36428237 0.48778242 0.094691895 4288124823
1.1872609 0.47217709 0.076080337 4288387995
1.2024682 0.49282318 0.058905996 4288387995
1.3284708 0.47585681 0.063886702 4288387995
1.3678467 0.47470239 0.089025207 4288387995
1.6620476 0.49805367 0.050411504 4287598479
-1.6920129 0.52387261 0.085042961 4288387995
-1.6330452 0.51917887 0.076780565 4288387995
-1.5799977 0.52181041 0.069568731 4288387995
-1.5271533 0.52660608 0.06245479 4288387995
-1.4749533 0.52706677 0.055289485 4288387995
-1.444976 0.54076713 0.051607598 4288387995
-0.75507772 0.54749012 0.093092397 4288387995
-0.71976125 0.52989316 0.096494138 4288387995
-0.67341834 0.52783084 0.090368547 4288387995
-0.62671798 0.50917506 0.093301676 4288387995
-0.596048 0.50002098 0.093351685 4288387995
-0.51710474 0.5372175 0.062114023 4288387995
-0.47329491 0.51138175 0.061904531 4288387995
-0.30918029 0.5423246 0.064875871 4288387995
-0.27415121 0.52205193 0.064719588 4288387995
-0.24334741 0.50422359 0.064582169 4288387995
-0.058151066 0.54259974 0.068037376 4288387995
-0.02079913 0.52699947 0.069021784 4288387995
0.02614619 0.53830343 0.074734248 4287861651
0.070509337 0.52852988 0.078258775 4286808963
0.12373748 0.52769196 0.073456064 4288387995
0.17654198 0.51945078 0.072977871 4288387995
0.22918408 0.52321625 0.072251692 4288387995
0.25747338 0.52305973 0.071869805 4288387995
0.32894161 0.52093279 0.09337531 4285887861
0.37549263 0.52478474 0.095071338 4288387995
0.4212248 0.52973527 0.086897008 4288387995
0.46148881 0.5428254 0.080211729 4288387995
1.024555 0.53898466 0.0815304 4288387995
1.0569935 0.52212715 0.081441991 4288387995
1.1959585 0.50632674 0.091841847 4288387995
1.21113 0.52607411 0.073735297 4288387995
1.3375382 0.5250296 0.068760395 4288387995
1.3681058 0.52595937 0.088240989 4288387995
1.6350173 0.52998185 0.050584912 4288387995
1.65431 0.50719631 0.050461117 4288453788
-1.6741256 0.5758248 0.084256992 4288387995
-1.6246477 0.5746392 0.077413261 4288387995
-1.5756627 0.57346892 0.070637554 4288387995
-1.5240923 0.57974321 0.06374637 4288387995
-1.4759207 0.57855183 0.057082098 4288387995
-1.4282227 0.57737553 0.050483275 4288387995
-0.87667376 0.58378732 0.092894115 4288387995
-0.82351041 0.56791842 0.09298081 4288387995
-0.77324206 0.56790537 0.095235616 4288387995
-0.74141884 0.56179309 0.099025905 4288387995
-0.5399611 0.55069447 0.062223367 4288387995
-0.40441573 0.597453 0.065300532 4288387995
-0.37599081 0.58099508 0.065173864 4288387995
-0.33530769 0.55744833 0.064992398 4288387995
-0.15530789 0.59765959 0.068435706 4288387995
-0.12551877 0.58077848 0.068313561 4288387995
-0.083249092 0.55682445 0.068140261 4288387995
0.028948318 0.57455939 0.08360298 4284900966
0.13925657 0.59692228 0.072114378 4288387995
0.17636938 0.57640445 0.071977064 4288387995
0.21012279 0.55773914 0.071852259 4288387995
0.28684446 0.57921255 0.090902209 4284900966
0.30114937 0.55655181 0.090939358 4284900966
0.38225228 0.57075375 0.096514218 4288387995
0.42455921 0.57399696 0.088873811 4288387995
0.47556904 0.57590318 0.080244593 4288190616
0.52104414 0.58334446 0.071563579 4288387995
0.5605045 0.59430504 0.064902231 4288387995
0.98307073 0.56054997 0.081643373 4288387995
1.2314454 0.57525444 0.07552658 4288387995
1.3452762 0.56959999 0.072870627 4288387995
1.370325 0.57527381 0.088743106 4288387995
1.5851682 0.58885449 0.050904792 4288387995
1.6081146 0.56175512 0.050757539 4288387995
-1.6581359 0.62226421 0.083554432 4288387995
-1.6217461 0.62930149 0.078775853 4288387995
-1.571468 0.62781942 0.071812354 4288387995
-1.521701 0.62634921 0.064919703 4288387995
-1.4724374 0.6248982 0.058096666 4288387995
-1.4491606 0.64002359 0.055382404 4288387995
-0.63010907 0.64535367 0.080282629 4288256409
-0.474675 0.6381104 0.065614104 4288387995
-0.422986 0.60819691 0.065383464 4288387995
-0.22190332 0.63538915 0.068708934 4288387995
-0.18130684 0.61238754 0.068542406 4288387995
0.0096805096 0.60428798 0.083540715 4284900966
0.075845972 0.63197893 0.072349004 4288387995
0.11406402 0.61085057 0.072207592 4288387995
0.23730308 0.64650726 0.081582166 4287466893
0.26622036 0.63209414 0.084523 4286611584
0.32339564 0.63618964 0.077812918 4288387995
0.38370973 0.62510151 0.092359424 4288387995
0.42639825 0.6255185 0.091552638 4288387995
0.47475851 0.62569809 0.084423304 4287993237
0.52640766 0.62532145 0.073030852 4288387995
0.56763476 0.62407178 0.065327004 4288387995
1.2450898 0.61577928 0.085311934 4288387995
1.2574966 0.63010287 0.068414085 4288387995
1.3727421 0.62438834 0.089375064 4288387995
1.5433635 0.63822889 0.051173024 4288387995
1.5623245 0.61583412 0.051051363 4288387995
-1.6907161 0.68101478 0.089929439 4288387995
-1.6385269 0.67921585 0.082692809 4288387995
-1.5868845 0.67743367 0.075532027 4288387995
-1.5357801 0.67566872 0.068445891 4288387995
-1.4852057 0.67392445 0.061433166 4288387995
-1.4351526 0.67219907 0.054492742 4288387995
-0.49811077 0.65168291 0.065718472 4288387995
-0.31965071 0.69077551 0.06910982 4288387995
-0.27260816 0.66411781 0.068916924 4288387995
-0.24934387 0.6509409 0.068821415 4288387995
-0.027153183 0.68893933 0.072729826 4288387995
0.021824082 0.66185862 0.072548673 4288387995
0.083428942 0.66695744 0.079690509 4288387995
0.12030156 0.66222584 0.079402059 4288387995
0.17661595 0.6550082 0.078961402 4288387995
0.2247026 0.67044538 0.089026369 4285361517
0.29883623 0.69909322 0.077123493 4288387995
0.32743186 0.6837306 0.077030674 4288387995
0.38017896 0.66375238 0.088197149 4288387995
0.42647141 0.67304128 0.094324067 4288387995
0.47498924 0.67512983 0.086055569 4288190616
0.52468091 0.67424411 0.076217428 4288387995
0.56190383 0.67294908 0.069252186 4288387995
1.2411952 0.69533551 0.088849321 4288387995
1.2643251 0.67441231 0.09014684 4288387995
1.376671 0.65186185 0.091372222 4288387995
1.4943936 0.69606388 0.051487248 4288387995
1.5169452 0.66942596 0.051342577 4288387995
1.5926797 0.69919163 0.050859757 4288387995
1.6264746 0.69012856 0.053153802 4288387995
1.6729763 0.67871934 0.056651637 4288387995
-1.6770136 0.72369385 0.089420363 4288387995
-1.6209126 0.73037356 0.081918858 4288387995
-1.5682055 0.72827858 0.074601509 4288387995
-1.5160602 0.72620326 0.067362167 4288387995
-1.4644674 0.72415185 0.060199525 4288387995
-1.4134183 0.72212315 0.053112339 4288387995
-1.1213742 0.73831236 0.071892962 4279505940
-1.0868922 0.7440877 0.06110036 4279505940
-0.41489339 0.74473912 0.069500506 4288387995
-0.37423629 0.72170109 0.069333769 4288387995
-0.34495699 0.70511597 0.069213584 4288387995
-0.12015325 0.74036008 0.073073834 4288387995
-0.078333005 0.71723676 0.072919153 4288387995
0.18835071 0.73516232 0.090646848 4284900966
0.22223891 0.72862023 0.081161134 4287335307
0.27347758 0.71272463 0.077205703 4288387995
0.4323729 0.72312814 0.096167177 4288387995
0.47812104 0.72631925 0.088968851 4288059030
0.52218038 0.72342569 0.080865286 4288059030
0.55767983 0.72076696 0.072836041 4288387995
1.184909 0.72344708 0.088969029 4288387995
1.215551 0.70814091 0.088903882 4288387995
1.4496047 0.74896067 0.051774647 4288387995
1.4719588 0.72255611 0.051631242 4288387995
1.5410128 0.7295081 0.052641015 4288387995
1.5767183 0.72793061 0.057634469 4288387995
1.624415 0.72499233 0.064037949 4288387995
1.6749015 0.72572881 0.072051726 4288387995
-1.6627496 0.76812512 0.088890381 4288387995
-1.6056348 0.77474344 0.081247598 4288387995
-1.5553132 0.76336825 0.073959343 4288387995
-1.5310484 0.78069162 0.071179993 4288387995
-1.4780086 0.77828985 0.063806966 4288387995
-1.4391012 0.78558731 0.058690593 4288387995
-1.3907021 0.77430421 0.051669538 4288387995
-1.1026609 0.75413895 0.097035587 4279505940
-1.0680783 0.76418495 0.078797251 4279505940
-1.0391986 0.785483 0.06991531 4279505940
-0.95987022 0.79664165 0.074313447 4287598479
-0.5912497 0.75343287 0.084969856 4288387995
-0.45105541 0.76523197 0.06964878 4288387995
-0.43752342 0.75755596 0.069593444 4288387995
-0.21360298 0.79202348 0.073419593 4288387995
-0.17538138 0.77089477 0.073278144 4288387995
-0.14121044 0.75200379 0.073151715 4288387995
0.13413389 0.78761643 0.07765761 4288387995
0.16926327 0.77020228 0.084052995 4286611584
0.23638868 0.79899818 0.085188068 4288387995
0.27774221 0.79497164 0.084920749 4288387995
0.32505381 0.79036528 0.084614903 4288387995
0.373308 0.78566372 0.084303007 4288387995
0.43387422 0.77578354 0.0946251 4288387995
0.47453743 0.77435911 0.09089312 4287993237
0.52610898 0.7739861 0.081761755 4288387995
0.55098832 0.76256084 0.076524138 4288387995
1.4273686 0.7752229 0.051917326 4288387995
1.6323931 0.75534093 0.075017557 4288387995
1.6742773 0.76100188 0.083288357 4288387995
-1.6730127 0.82516181 0.092140466 4288387995
-1.6418808 0.83313102 0.088114984 4288387995
-1.5897198 0.8209669 0.080548294 4288387995
-1.5317125 0.82761115 0.072783634 4288387995
-1.4775465 0.82490128 0.065245599 4288387995
-1.4239783 0.82221544 0.057790965 4288387995
-1.3709989 0.81956321 0.050418116 4288387995
-1.0153372 0.82563472 0.073566452 4279505940
-0.92688257 0.83142072 0.075155973 4287006342
-0.30531514 0.84273291 0.073758833 4288387995
-0.27547479 0.82623923 0.073648371 4288387995
-0.24010818 0.80668312 0.073517568 4288387995
0.032487035 0.84224582 0.077987276 4288387995
0.075670049 0.81903869 0.077847198 4288387995
0.12594426 0.80226696 0.084144481 4286611584
0.18567793 0.80391693 0.085516095 4288387995
0.21089429 0.8014726 0.085352957 4288387995
0.44048327 0.82738173 0.093860455 4287006342
0.47460747 0.81650084 0.09128575 4288256409
0.51999712 0.81441098 0.084899932 4288387995
1.3804133 0.83067846 0.052218631 4288387995
1.4052093 0.80139679 0.052059487 4288387995
-1.6862726 0.87502253 0.095571309 4288387995
-1.6294186 0.87194479 0.087652013 4288387995
-1.5698061 0.87880248 0.079673313 4288387995
-1.5140357 0.87572795 0.07190305 4288387995
-1.4588971 0.87268972 0.064220786 4288387995
-1.4083816 0.85999024 0.056863166 4288387995
-1.3963754 0.88907003 0.056148939 4288387995
-1.0021683 0.86460418 0.078494117 4279505940
-0.99846518 0.88557118 0.071486451 4279505940
-0.90539867 0.8736068 0.075496331 4286019447
-0.89955014 0.89659607 0.074621037 4285229931
-0.54742575 0.87531972 0.090254977 4288387995
-0.37086233 0.87897509 0.07400129 4288387995
-0.33520189 0.85925776 0.073869385 4288387995
-0.06530951 0.88591993 0.077104539 4286545791
-0.023835927 0.87585527 0.075145386 4288387995
0.019936008 0.88453639 0.072807886 4289769648
0.15665868 0.89742929 0.07387352 4288782753
0.34109548 0.89422703 0.083392292 4288387995
0.37523422 0.8764739 0.083299384 4288387995
0.41386896 0.86608589 0.094547257 4285887861
1.3575482 0.85768449 0.052365333 4288387995
1.4891473 0.89289445 0.085703254 4288387995
1.5209702 0.88536769 0.071893945 4288387995
1.5564413 0.89689863 0.066300012 4288387995
-1.671175 0.92575949 0.095129974 4288387995
-1.6132455 0.92232352 0.087051086 4288387995
-1.5560285 0.91881609 0.079067953 4288387995
-1.5489517 0.93936872 0.078757018 4288387995
-1.4956901 0.92566276 0.070989199 4288387995
-1.4395466 0.92227632 0.063157402 4288387995
-1.3798498 0.92909259 0.055165946 4288387995
-1.1524045 0.9496547 0.054442704 4284900966
-1.122368 0.93983287 0.074860357 4287532686
-1.077482 0.9456867 0.074633472 4287598479
-1.0018665 0.93741536 0.07023745 4287203721
-0.99846601 0.9154703 0.076545648 4279966491
-0.90101349 0.94506913 0.07508368 4285690482
-0.89883882 0.92042524 0.074871317 4284900966
-0.157462 0.94432724 0.078603417 4288387995
-0.12689844 0.93126053 0.07627359 4285427310
-0.092487663 0.90446669 0.076005541 4285361517
-0.0081883371 0.93712682 0.074862309 4286151033
0.029625451 0.92562521 0.077753715 4288651167
0.071927391 0.93420637 0.07401669 4289309097
0.10105859 0.94684374 0.075106621 4284506208
0.17857014 0.92841375 0.075928561 4288387995
0.23818099 0.94771904 0.083672643 4288387995
0.27094063 0.93069237 0.083583407 4288387995
0.31486359 0.90786171 0.083463751 4288387995
0.3792924 0.92441529 0.099034347 4284900966
0.5372293 0.94847399 0.091134794 4288387995
0.58021045 0.9457587 0.090921924 4288387995
0.6301899 0.94260502 0.090674348 4288387995
0.66186666 0.94059825 0.090517499 4288387995
1.0841194 0.94913316 0.07436303 4285558896
1.4334046 0.9166581 0.097772211 4288387995
1.4783279 0.92766279 0.074495845 4288387995
1.5265919 0.92488647 0.073343135 4288387995
1.5723318 0.92647755 0.07681638 4288387995
1.6192657 0.93481845 0.08253213 4288387995
1.6587329 0.94657946 0.088860974 4288387995
-1.6554863 0.97848344 0.094671354 4288387995
-1.5964429 0.97466213 0.08642678 4288387995
-1.5381012 0.97088367 0.078280233 4288387995
-1.4765328 0.97781199 0.070034824 4288387995
-1.4193445 0.97404671 0.062047187 4288387995
-1.3585138 0.98076671 0.053896762 4288387995
-1.2106526 0.98902452 0.075845659 4284900965
-1.1759232 0.96827459 0.074826129 4284900966
-1.1286868 0.95502096 0.074091859 4285164138
-1.0709239 0.95823038 0.074735239 4287203721
-1.023098 0.97191846 0.075075276 4289177511
-0.98888355 0.9908691 0.075383127 4290559164
-0.91086423 0.97543931 0.075230777 4285822068
-0.25313437 0.99573278 0.078913882 4288387995
-0.22633775 0.98134172 0.07882683 4288387995
-0.16372596 0.98014563 0.078121722 4285756275
-0.12083334 0.98668867 0.075607873 4284835173
-0.074507475 0.97501713 0.074901544 4284900966
-0.026490327 0.96978629 0.07466469 4285098345
0.025400491 0.96246052 0.074318528 4286085240
0.077385917 0.97508073 0.075570971 4287664272
0.12165906 0.97803235 0.074478969 4287137928
0.1903431 0.97752082 0.075622797 4287664272
0.21374254 0.96041805 0.083739251 4288387995
0.29344976 0.96385193 0.092342392 4288387995
0.33192816 0.97161865 0.094721965 4287072135
0.37036106 0.96019173 0.094279885 4287203721
0.42407611 0.95560962 0.091695346 4288387995
0.47112966 0.95265055 0.09146218 4288387995
0.50695598 0.95038658 0.091284737 4288387995
0.64257836 0.99430448 0.090122491 4288387995
0.66134518 0.98493147 0.090082571 4288322202
0.99279219 0.99192446 0.074895769 4284900966
1.0257032 0.97060323 0.074802168 4284900966
1.0666962 0.95652908 0.074647851 4285098345
1.1222123 0.95519245 0.075379804 4287006342
1.1516025 0.96162593 0.074930407 4288387995
1.4360244 0.980753 0.085395195 4288387995
1.4751008 0.974177 0.085817263 4288387995
1.5240583 0.97398305 0.088926621 4288387995
1.5744549 0.97478694 0.092449062 4288387995
1.6248001 0.96799552 0.093531974 4288387995
1.6729709 0.9647786 0.09562064 4288387995
-1.6424353 1.0223417 0.094289854 4288387995
-1.5824685 1.018188 0.085907601 4288387995
-1.5194021 1.0251902 0.077458642 4288387995
-1.4566202 1.0320163 0.069042832 4288387995
-1.4026437 1.0168384 0.061129522 4288387995
-1.3940585 1.0388451 0.060657583 4288387995
-1.3407795 1.0237206 0.052841756 4288387995
-1.2502763 1.0463613 0.075555779 4284900966
-1.2251825 1.0244129 0.074670993 4284835429
-1.1827952 1.0110165 0.075815395 4284900966
-1.1013982 1.04471 0.054903828 4284900966
-1.0850363 1.0235827 0.059922118 4284900966
-1.0185777 1.0195543 0.076223843 4290164406
-0.96806359 1.0251249 0.074706338 4291151301
-0.93866342 1.021854 0.07482405 4290822336
-0.4976306 1.013814 0.096260644 4288387995
-0.32125631 1.0323504 0.07913474 4288387995
-0.27767348 1.0089264 0.078993402 4288387995
-0.17699191 1.0251068 0.07472726 4284374622
-0.12800995 1.0235653 0.074802212 4284835173
-0.030209739 1.003547 0.074882858 4284900966
0.027263414 1.0188941 0.075769305 4286282619
0.09550938 1.025905 0.075077519 4289967027
0.12499537 1.0240575 0.075177453 4289309097
0.19557109 1.0249213 0.074797265 4288453788
0.31914973 1.0226052 0.098926015 4284900966
0.54035157 1.0453677 0.090339847 4288387995
0.572707 1.0292001 0.0902711 4288387995
0.61765146 1.0067589 0.090175472 4288387995
0.9741264 1.0203426 0.075338908 4284900966
1.0706861 1.0454807 0.074763224 4284900966
1.3900638 1.0245147 0.09645468 4288387995
1.4235471 1.0158179 0.095833972 4288387995
1.4729285 1.0100689 0.097188763 4288387995
1.5248893 1.0034124 0.098419741 4288387995
1.5528921 1.0013837 0.099582575 4288387995
1.690573 1.0361075 0.057611659 4288387995
-1.6289306 1.0677257 0.093895078 4288387995
-1.564292 1.0748049 0.085232265 4288387995
-1.5039289 1.0701319 0.076778725 4288387995
-1.4959683 1.093251 0.076428965 4288387995
-1.4400506 1.0771151 0.068217479 4288387995
-1.3808863 1.0725955 0.059933811 4288387995
-1.3224421 1.0681336 0.051750913 4288387995
-1.2560375 1.0741837 0.074978687 4284900966
-1.2331918 1.0716933 0.07312353 4284900966
-1.1130238 1.0697401 0.054409038 4284900966
-1.0035959 1.0775877 0.080502279 4290493371
-0.95547003 1.0709035 0.0750653 4291151301
-0.94711846 1.0816215 0.074430399 4288526749
-0.20984788 1.0705413 0.076041184 4283585106
-0.15698729 1.0795228 0.075616956 4284243036
-0.14422268 1.0701669 0.07474529 4284900966
0.089022964 1.0764974 0.074161701 4290953922
0.1453131 1.073606 0.074133255 4291414473
0.16820371 1.0776546 0.074857481 4291348680
0.43976444 1.0956111 0.090553731 4288387995
0.47434968 1.0783361 0.090480193 4288387995
0.51735431 1.0568606 0.090388708 4288387995
0.94980448 1.0942953 0.080369189 4284900966
0.9662261 1.076919 0.074244663 4284900966
1.0238469 1.058906 0.075624064 4284900966
1.6444798 1.0880107 0.057874724 4288387995
1.6653889 1.0644673 0.057755381 4288387995
-1.614948 1.1147163 0.093486324 4288387995
-1.5453641 1.1337632 0.084529012 4288387995
-1.4837462 1.1287479 0.075891942 4288387995
-1.4229009 1.1237961 0.067363173 4288387995
-1.3589185 1.1385262 0.070594475 4287072135
-1.3082954 1.1023943 0.050909448 4288387995
-1.257687 1.1192751 0.073701665 4285032552
-1.2465733 1.1317837 0.074269846 4284900966
-0.95340508 1.1257352 0.075110003 4290888641
-0.94943941 1.1086676 0.07565213 4291151301
-0.22149989 1.1141576 0.075165883 4283585106
-0.16097476 1.1218829 0.075267099 4284835173
-0.14535998 1.1287357 0.074592069 4284900966
-0.015581762 1.1359484 0.074224435 4288980132
0.029621584 1.1477535 0.070186533 4289835441
0.070505872 1.132684 0.074948117 4290756543
0.1303813 1.1328841 0.075981103 4290690750
0.1533269 1.1200268 0.074851915 4291085508
0.34077197 1.1450452 0.090764314 4288387995
0.37660488 1.1271538 0.090688072 4288387995
0.41712853 1.1069129 0.090601899 4288387995
0.53943092 1.1481612 0.099945769 4288387995
0.5784567 1.1471907 0.099818364 4288387995
0.62467104 1.1460398 0.099667497 4288387995
0.67174798 1.1448724 0.099513792 4288387995
0.72657096 1.1435261 0.099334739 4288387995
0.77543515 1.1423098 0.099175215 4288387995
0.82523036 1.1410675 0.099012673 4288387995
0.94674629 1.1284128 0.075311616 4285032552
0.95884782 1.1151569 0.075293168 4285098345
-1.6041485 1.1510077 0.09317065 4288387995
-1.5967753 1.1757891 0.092955083 4288387995
-1.5295846 1.1829159 0.083942704 4288387995
-1.4669623 1.1774931 0.075154483 4288387995
-1.4051397 1.1721449 0.066478342 4288387995
-1.3668551 1.1760745 0.074935019 4286545791
-1.344101 1.1668611 0.057912298 4288387995
-1.2336531 1.1738241 0.075008109 4286151033
-0.971367 1.1744274 0.074438982 4289967027
-0.21803236 1.1839528 0.076767825 4288387995
-0.16186717 1.1731131 0.075944282 4285361517
-0.13271274 1.1776123 0.075227916 4284900966
0.033697736 1.1632613 0.077284962 4291019715
0.051740885 1.1504216 0.079486735 4289901234
0.12956561 1.1775262 0.074807592 4289703855
0.24334717 1.1937041 0.090971515 4288387995
0.27418926 1.178299 0.090905927 4288387995
0.31701806 1.1569105 0.090814821 4288387995
0.84276164 1.197686 0.098617949 4288453788
0.85322809 1.192708 0.098602958 4288453788
0.93748838 1.1763245 0.074980289 4284900966
1.0843128 1.1910483 0.075136773 4284900966
1.1241848 1.1763823 0.058389045 4284900966
-1.5854442 1.2138658 0.092623875 4288387995
-1.5132245 1.2338729 0.083334893 4288387995
-1.453994 1.2151612 0.074584618 4288387995
-1.445137 1.2408863 0.074195422 4288387995
-1.3726387 1.2204971 0.0738957 4286414205
-1.3247132 1.216543 0.056846872 4288387995
-1.16381 1.234133 0.074843615 4284900966
-1.1263539 1.2453892 0.075150311 4285098345
-1.0746169 1.2458862 0.075339615 4285690482
-1.0251211 1.2279192 0.076390304 4287532686
-0.99362314 1.2045828 0.076422326 4288782753
-0.26293486 1.2081726 0.085037917 4288387995
-0.24789608 1.2003597 0.084996909 4288387995
-0.12261834 1.2184834 0.075813957 4285101673
-0.071971849 1.2307401 0.075646214 4284835173
-0.026624193 1.2465667 0.074661553 4284900966
0.0273897 1.2469479 0.074873544 4285032552
0.074193723 1.2312599 0.07477136 4286808963
0.10770081 1.209317 0.074873611 4288453788
0.7441982 1.2445982 0.09875901 4288387995
0.77516973 1.2298586 0.098714665 4288387995
0.81668735 1.2100978 0.098655269 4288387995
0.93638933 1.2027733 0.075025976 4284900966
1.0359123 1.2311347 0.074638769 4284900966
1.057914 1.2085075 0.075134501 4284900966
-1.5698656 1.2662207 0.092168465 4288453275
-1.5005739 1.2732756 0.082864895 4288387995
-1.4315209 1.2804286 0.073597193 4288387995
-1.3656684 1.2591435 0.072030239 4286611584
-1.3097302 1.2549411 0.056023423 4288387995
-1.2994963 1.2811657 0.055461045 4288387995
-0.085050389 1.26441 0.074608266 4285238379
-0.013860353 1.2510635 0.074885659 4284900966
0.018197164 1.251644 0.076275796 4284900966
0.642057 1.2931969 0.098905265 4288387995
0.67763227 1.2762675 0.098854341 4288387995
0.71851236 1.2568206 0.098795794 4288387995
1.0126072 1.274528 0.075064346 4284637794
-1.5578134 1.3067203 0.091816179 4288387993
-1.549574 1.3344134 0.091575287 4288322711
-1.4875243 1.3139243 0.082380027 4288387995
-1.4127924 1.3348224 0.072774291 4288387995
-1.3528864 1.3143791 0.063875332 4288387995
-1.3427978 1.3418398 0.063372768 4288387995
-1.2837616 1.3214848 0.054596409 4288387995
-0.065011382 1.3477091 0.09162733 4288387995
0.53656024 1.3433927 0.099056326 4288387995
0.57655203 1.3243626 0.098999068 4288387995
0.61677963 1.3052226 0.098941475 4288387995
1.0043174 1.3234137 0.0753837 4284374622
-1.5368941 1.3770227 0.091204658 4288387741
-1.4695654 1.3698651 0.08171276 4288387996
-1.3982966 1.3769259 0.072137311 4288387995
-1.3272766 1.3840857 0.062599637 4288387995
-1.262115 1.3769555 0.053406838 4288387995
-0.15820965 1.3942534 0.09182556 4288387995
-0.12109046 1.3757191 0.091746591 4288387995
-0.085847341 1.3581134 0.091671653 4288387995
0.43280971 1.3927536 0.099204913 4288387995
0.47707063 1.3716952 0.099141523 4288387995
0.51169652 1.3552219 0.099091932 4288387995
1.0094131 1.3641115 0.075032525 4284045657
-1.5238819 1.4207559 0.090824232 4288453277
-1.4556582 1.41318 0.081196092 4288387995
-1.4461427 1.4428205 0.08084254 4288387997
-1.3833288 1.4203945 0.071479678 4288387995
-1.311353 1.4274319 0.061806355 4288387995
-1.2396269 1.4345826 0.052171022 4288322202
-0.18077344 1.4055225 0.091873556 4288387995
0.38886428 1.413664 0.099267833 4288387995
0.40835261 1.4043959 0.099239901 4288387995
-1.5104353 1.46594 0.090431198 4288518556
-1.4364376 1.4730514 0.080481932 4288387995
-1.362709 1.4802809 0.070573673 4288387995
-1.3004591 1.4570822 0.061263733 4288387995
-1.2893488 1.4873266 0.060710222 4288387995
-1.2222075 1.4792223 0.051213719 4288387995
-1.4918969 1.5282438 0.089889251 4288387995
-1.4214857 1.519624 0.079926409 4288387995
-1.3467247 1.5267034 0.069871351 4288387995
-1.2722343 1.5339143 0.059857622 4288387995
-1.5589468 1.5530427 0.099911332 4288387995
-1.5499701 1.5858253 0.099733002 4288322461
-1.477514 1.5765764 0.089468822 4288322713
-1.4061247 1.567472 0.079355672 4288387995
-1.3301928 1.5747182 0.069144949 4288387995
-1.2546537 1.5817713 0.058981799 4288387995
0.025268257 1.5866625 0.099788465 4288387995
-1.5408037 1.6192939 0.09955094 4288387997
-1.462626 1.6266087 0.089033619 4288387740
-1.390228 1.6169858 0.078765064 4288387995
-1.3132026 1.6240621 0.068398438 4288387995
-1.2364631 1.6312829 0.058075696 4288387995
-0.069103345 1.6315633 0.099923603 4288387995
-0.024949361 1.6105607 0.099860355 4288387995
-1.5266604 1.6709343 0.099270038 4288387994
-1.4473145 1.6780626 0.088586047 4288519322
-1.3738828 1.6678967 0.078157797 4288387995
-1.3015579 1.6578859 0.067886733 4288387995
-1.2896655 1.6924227 0.067364223 4288387995
-1.2177606 1.6821932 0.05714399 4288322202
-1.1055658 -1.655539 0.10206317 4288387995
-1.0713353 -1.6622009 0.10621369 4288387995
-1.0230813 -1.6718566 0.10923446 4288387995
-0.97392941 -1.6759028 0.11406165 4288387995
-0.92409277 -1.673649 0.11735774 4288387995
-0.87220383 -1.6748158 0.12136397 4288387995
-0.8259564 -1.6741617 0.12347379 4288387995
-0.77460867 -1.673486 0.13048272 4288387995
-0.72287387 -1.6737034 0.12398754 4288387995
-0.67653245 -1.6747937 0.12686546 4288387995
-0.62264639 -1.6762372 0.13024271 4288387995
-0.5775497 -1.6756669 0.13275641 4288387995
-0.52540404 -1.6758693 0.13581432 4288387995
-0.47087482 -1.671885 0.13577212 4287598479
-0.42578983 -1.6754919 0.13542756 4286743170
-0.37473208 -1.6717547 0.13549036 4287401100
-0.3293201 -1.6738909 0.14380795 4287927444
-0.29114303 -1.6771222 0.11976299 4284900966
-0.21126969 -1.6731257 0.13313049 4285756275
-0.19407415 -1.6923469 0.12809393 4284900966
-0.11948228 -1.6650864 0.13678977 4284900966
-0.098841429 -1.6941481 0.13704078 4284900966
0.27339649 -1.6720028 0.10029367 4288387995
0.38885027 -1.6741989 0.10593178 4288387995
0.40125453 -1.697196 0.10587126 4288387995
0.5186711 -1.6740941 0.11234682 4288387995
0.66684568 -1.6730063 0.11969707 4288387995
0.83921629 -1.6732359 0.12820376 4288387995
0.85260403 -1.6939542 0.12825893 4288387995
1.0354546 -1.6654305 0.13812466 4288387995
1.0532581 -1.6910748 0.13825366 4288387995
1.272656 -1.658963 0.13775969 4288387995
1.3188498 -1.6682131 0.10119732 4288387995
1.37082 -1.681482 0.11060963 4288126358
1.4120342 -1.6958308 0.10069806 4288387995
1.5778106 -1.6598371 0.11019439 4288387995
1.6245106 -1.6724378 0.11009532 4288387995
1.6727411 -1.6854539 0.10999302 4288453788
-1.1097083 -1.6298132 0.1009767 4288387995
-1.0732411 -1.6228976 0.1058161 4288387995
-1.0218847 -1.6289889 0.1095132 4288387995
-0.97563511 -1.6317626 0.1102124 4288387995
-0.92546946 -1.6263229 0.11164001 4288387995
-0.87740064 -1.624319 0.11496644 4288387995
-0.8276583 -1.6245984 0.11942995 4288387995
-0.7741257 -1.6265382 0.12364732 4288387995
-0.72743738 -1.6230892 0.11714997 4288387995
-0.67607945 -1.6225959 0.11770734 4288387995
-0.62688804 -1.626595 0.12126214 4288387995
-0.5714432 -1.6259367 0.12435967 4288387995
-0.52339917 -1.6289297 0.12767111 4288387995
-0.47695294 -1.6231257 0.12208778 4286875524
-0.42315966 -1.6273983 0.12879965 4287532686
-0.38263884 -1.6389205 0.1314823 4287466893
-0.32455087 -1.6242656 0.11969958 4284900966
-0.24016254 -1.6235327 0.12776464 4284900966
0.24246353 -1.6115803 0.10053366 4288387995
0.25517693 -1.6364142 0.10043502 4288387995
0.36374587 -1.6276287 0.10605425 4288387995
0.48744154 -1.6193039 0.11240739 4288387995
0.50166202 -1.6442503 0.11237981 4288387995
0.63719243 -1.6240203 0.11966567 4288387995
0.65234315 -1.6490492 0.11968172 4288387995
0.79482985 -1.604564 0.12802088 4288387995
0.81155193 -1.6304348 0.12808977 4288387995
0.99469042 -1.6067128 0.13782927 4288387995
1.012027 -1.6316823 0.13795489 4288387995
1.0923034 -1.6010712 0.10241111 4288387995
1.1257687 -1.61099 0.10223182 4288387995
1.1716285 -1.6245818 0.1019861 4288387995
1.2323464 -1.6251158 0.133614 4288387995
1.2558805 -1.6453285 0.12563501 4288387995
1.3761854 -1.6054314 0.11062206 4288387995
1.4208879 -1.6211087 0.12320103 4288321945
1.473663 -1.6317335 0.11041529 4288387995
1.5174947 -1.6435621 0.11032231 4288387995
1.6969239 -1.6026771 0.12083585 4288387995
-1.1086709 -1.5768543 0.10004606 4288387995
-1.0782571 -1.5773628 0.10420935 4288387995
-1.0303959 -1.5710974 0.11061783 4288387995
-0.9771983 -1.5762308 0.11798605 4288387995
-0.92393285 -1.5727575 0.12518924 4288387995
-0.87425482 -1.5811321 0.11904243 4288387995
-0.82277358 -1.5814083 0.12093115 4288387995
-0.77509683 -1.5773317 0.11296762 4288387995
-0.72848862 -1.5734566 0.11531322 4288387995
-0.67631042 -1.5743737 0.10920887 4288387995
-0.62631196 -1.5757014 0.11234044 4288387995
-0.57594198 -1.5759133 0.11529735 4288387995
-0.52549249 -1.5804186 0.11600053 4287466893
-0.4894878 -1.5902177 0.11715758 4287203721
-0.43603417 -1.5701685 0.11228725 4284900966
-0.3603605 -1.5676028 0.11963162 4284900966
-0.34467864 -1.5924168 0.11966138 4284900966
-0.26223505 -1.5905766 0.12760696 4284900966
0.22589646 -1.5792192 0.10066219 4288387995
0.33504793 -1.5744003 0.10619425 4288387995
0.4493643 -1.5524999 0.11248126 4288387995
0.46261388 -1.5757473 0.11245556 4288387995
0.59687543 -1.5574199 0.11962297 4288387995
0.61327755 -1.5845139 0.11964035 4288387995
0.77533245 -1.5743935 0.12794054 4288387995
0.93669903 -1.5549549 0.10324481 4288387995
0.97404015 -1.5730515 0.12777533 4288387995
1.0279468 -1.5819975 0.10275593 4288387995
1.0704668 -1.5946008 0.10252811 4288387995
1.1900896 -1.5551853 0.13638377 4288387995
1.2154475 -1.5761929 0.13649754 4288387995
1.2719564 -1.5773058 0.11084314 4288387995
1.3250889 -1.5794377 0.10776506 4288322203
1.5236543 -1.5605714 0.12063611 4288387995
1.5690417 -1.5716008 0.12068843 4288387995
1.6159053 -1.5829892 0.12074246 4288387995
1.664005 -1.5946774 0.12079789 4288387995
-1.0730507 -1.5260472 0.10388141 4288387995
-1.0248218 -1.5237519 0.1104206 4288387995
-0.97521132 -1.52918 0.11730477 4288387995
-0.92337149 -1.5219661 0.12423757 4288387995
-0.86820638 -1.5242531 0.13181657 4288387995
-0.81865174 -1.5309756 0.13871944 4288387995
-0.77688175 -1.520087 0.14420268 4288387995
-0.7266717 -1.5342126 0.1213404 4288387995
-0.6753149 -1.5386909 0.10298809 4288387995
-0.63110983 -1.5369771 0.1052487 4288387995
-0.59392381 -1.5481123 0.10936378 4288387995
-0.53246301 -1.5273557 0.10564157 4284900966
-0.46380988 -1.5236313 0.11238711 4284900966
-0.3832047 -1.5314662 0.11958825 4284900966
0.18992344 -1.5089493 0.10094129 4288387995
0.20379633 -1.5360491 0.10083365 4288387995
0.29698086 -1.5037894 0.10637996 4288387995
0.30970755 -1.5273936 0.10631788 4288387995
0.43367481 -1.5249715 0.11251169 4288387995
0.5774442 -1.5253229 0.1196024 4288387995
0.7400589 -1.5198113 0.12779519 4288387995
0.7744289 -1.5176514 0.11002635 4288387995
0.82443148 -1.5216823 0.10384632 4288387995
0.8700518 -1.5352026 0.1036019 4288387995
0.93101025 -1.5258161 0.13173485 4288387995
0.97024918 -1.5231791 0.12448347 4288387995
1.0193402 -1.5091408 0.11137899 4288387995
1.0728875 -1.5235896 0.1112654 4288387995
1.1284887 -1.5385935 0.11114746 4288387995
1.1670777 -1.5287632 0.14126685 4288387995
1.2885598 -1.5034454 0.1203651 4288387995
1.3275168 -1.5129106 0.12041001 4288387995
1.3737307 -1.519496 0.12036956 4288387738
1.4223708 -1.535961 0.12051935 4288387995
1.4650085 -1.5463213 0.12056851 4288387995
1.6716752 -1.5068914 0.13174351 4288387995
-1.1613376 -1.4505012 0.10120277 4288387995
-1.0691339 -1.4793595 0.10347102 4288387995
-1.0243396 -1.4733182 0.10946533 4288387995
-0.97677189 -1.4739579 0.11597379 4288387995
-0.92786628 -1.4781557 0.12273676 4288387995
-0.88010043 -1.4737254 0.1291694 4288387995
-0.83224601 -1.4741421 0.13571244 4288387995
-0.77533376 -1.4718273 0.14343707 4288387995
-0.73011494 -1.4903023 0.14998572 4288387995
-0.56286341 -1.4734522 0.10592589 4284900966
-0.52403522 -1.481348 0.10915187 4284900966
-0.48718846 -1.484465 0.11247114 4284900966
0.17207333 -1.4740876 0.10107978 4288387995
0.28132612 -1.4747576 0.10645632 4288387995
0.39669847 -1.460101 0.11258343 4288387995
0.40986505 -1.4832053 0.11255789 4288387995
0.5398072 -1.4631459 0.11956254 4288387995
0.56782049 -1.4782416 0.11475494 4288387995
0.62708521 -1.4631952 0.10490367 4288387995
0.68536383 -1.4729979 0.11036521 4288387995
0.72133678 -1.486397 0.11768942 4288387995
0.82504928 -1.4567139 0.1117911 4288387995
0.87895977 -1.4643784 0.12184729 4288387995
0.9188053 -1.4841462 0.12439135 4288387995
0.96790206 -1.4952607 0.1114881 4288387995
1.0861825 -1.4542669 0.12013181 4288387995
1.1310052 -1.4718134 0.14035729 4288387995
1.1778327 -1.476537 0.12023746 4288387995
1.2260144 -1.4882457 0.12029301 4288387995
1.2631997 -1.4972804 0.12033587 4288387995
1.3881921 -1.4591246 0.13781066 4288519072
1.4276557 -1.4542193 0.13065402 4288387995
1.4706944 -1.4635085 0.13084617 4288387995
1.5299025 -1.4762888 0.13111052 4288387995
1.5757401 -1.4861827 0.13131517 4288387995
1.6230791 -1.4964014 0.13152653 4288387995
-1.1548042 -1.4477198 0.10220031 4288387995
-1.1233934 -1.4238973 0.11699302 4288387995
-1.0744634 -1.418499 0.11038238 4288387995
-1.0264506 -1.4182419 0.10818302 4288387995
-0.9761762 -1.4234135 0.11394726 4288387995
-0.92336643 -1.4242697 0.12226024 4288387995
-0.8771655 -1.4233419 0.12855022 4288387995
-0.82606304 -1.4267676 0.13559766 4288387995
-0.77137458 -1.4252447 0.14303461 4288387995
-0.74908775 -1.4082996 0.14573479 4288387995
-0.65934253 -1.4139589 0.10025742 4284900966
-0.64639264 -1.4382541 0.10005804 4284900966
-0.58610529 -1.4322366 0.10614328 4284900966
0.14261477 -1.4165443 0.10130832 4288387995
0.15414563 -1.4390668 0.10121886 4288387995
0.24457014 -1.4065795 0.10663565 4288387995
0.2689245 -1.4192643 0.10329164 4288387995
0.32738948 -1.425735 0.10024381 4288387995
0.37682825 -1.4252365 0.11262198 4288387995
0.42705587 -1.4039119 0.10597539 4288387995
0.47205731 -1.4172496 0.10573428 4288387995
0.52049094 -1.4281387 0.11327451 4288387995
0.56804425 -1.445696 0.10522 4288387995
0.63414317 -1.4051989 0.11219605 4288387995
0.68068779 -1.4239631 0.12175477 4288387995
0.72991294 -1.4310417 0.1119929 4288387995
0.7809 -1.4448007 0.11188477 4288387995
0.87169367 -1.4198232 0.13266008 4288387995
0.92960149 -1.4162159 0.11995131 4288387995
0.97970587 -1.4283923 0.12000906 4288387995
1.021281 -1.4384944 0.12005699 4288387995
1.0822384 -1.4246824 0.14241414 4288387995
1.1081421 -1.444144 0.14818907 4288387995
1.1929368 -1.403553 0.1296061 4288387995
1.2295753 -1.4114618 0.12976967 4288387995
1.2798586 -1.4223164 0.12999417 4288387995
1.3319421 -1.4335592 0.1302267 4288387995
1.3859293 -1.4452109 0.13046774 4288387995
1.6303711 -1.4084139 0.14248492 4288387995
1.6794748 -1.417665 0.14286867 4288387995
-1.1102412 -1.3943975 0.14184126 4288387995
-1.0722427 -1.3746893 0.12581024 4284315229
-1.0270387 -1.378312 0.12364906 4287993237
-0.9744435 -1.3752213 0.12342425 4288387995
-0.92636108 -1.3729397 0.1183615 4288387995
-0.87478745 -1.3680003 0.11761834 4288387995
-0.82412016 -1.3682177 0.12296038 4288387995
-0.7758972 -1.3673468 0.13488127 4288387995
-0.74297422 -1.3723433 0.14584175 4288387995
-0.67450434 -1.3855233 0.1004908 4284900966
0.093188524 -1.3501801 0.10224804 4288387995
0.12532428 -1.3701822 0.10166192 4288387995
0.17602098 -1.3769026 0.10153918 4288387995
0.22603624 -1.3838787 0.10392164 4288387995
0.27575561 -1.3590709 0.10678603 4288387995
0.33326647 -1.370865 0.10916241 4288387995
0.36711636 -1.3887081 0.10840005 4288387995
0.42020243 -1.3744359 0.10936016 4288387995
0.47991508 -1.3695405 0.1164116 4288387995
0.52488101 -1.3757167 0.11242782 4288387995
0.57449889 -1.389105 0.11232257 4288387995
0.6301592 -1.3717579 0.12359895 4288387995
0.66865206 -1.3731375 0.12355769 4288387995
0.72996455 -1.367705 0.11972117 4288387995
0.78125471 -1.3801689 0.11978029 4288387995
0.83147997 -1.3795286 0.13185433 4288387995
0.85311997 -1.397633 0.11986314 4288387995
0.97117424 -1.3556863 0.12861601 4288387995
1.0355517 -1.3618243 0.14004961 4288387995
1.0722657 -1.3839763 0.13842507 4288387995
1.1340413 -1.3908417 0.12934315 4288387995
1.1690634 -1.3983992 0.12949951 4288387995
1.3409256 -1.354164 0.13062026 4288453275
1.3770412 -1.3606892 0.14050512 4288387995
1.4188985 -1.3685751 0.14083223 4288387995
1.4764688 -1.3794202 0.14128214 4288387995
1.5210203 -1.3878131 0.14163032 4288387995
1.5670153 -1.3964785 0.14198978 4288387995
-1.1153258 -1.324037 0.12428038 4283716692
-1.0600142 -1.3221728 0.10153402 4288387995
-1.0294096 -1.3226159 0.10572195 4288387995
-0.97741276 -1.3271638 0.11503923 4288387995
-0.92586172 -1.3344302 0.13088156 4288387995
-0.87693179 -1.3313731 0.13279018 4288387995
-0.8252058 -1.3286877 0.13085352 4288387995
-0.77539164 -1.3258953 0.12562604 4288387995
-0.72737086 -1.3191502 0.12263103 4288387995
-0.67734283 -1.3107439 0.11192652 4288387995
-0.62967724 -1.304206 0.10607852 4288387995
-0.59557158 -1.3003519 0.10110634 4288387995
-0.065208115 -1.3009819 0.11147723 4286019447
-0.026661802 -1.311517 0.1032737 4288387995
0.025880301 -1.3284674 0.10282405 4288387995
0.084234878 -1.3267682 0.10311459 4288387995
0.12162524 -1.3248478 0.10557836 4288387995
0.18300508 -1.3202082 0.10711201 4288387995
0.22022347 -1.3419356 0.10696241 4288387995
0.27369028 -1.3079355 0.11296064 4288387995
0.32197273 -1.3239028 0.11278227 4288387995
0.37034744 -1.334017 0.11275561 4288387995
0.42622074 -1.3305905 0.1153843 4288387995
0.46985674 -1.3216531 0.11945517 4288387995
0.5238471 -1.3176181 0.11948356 4288387995
0.57370061 -1.3237768 0.12254944 4288387995
0.61932003 -1.3326139 0.12420808 4288387995
0.68072844 -1.3096554 0.13900375 4288387995
0.73001903 -1.3036309 0.12753934 4288387995
0.78709906 -1.312073 0.1342372 4288387995
0.81409281 -1.3309579 0.13546653 4288387995
0.8728134 -1.3344536 0.12817687 4288387995
0.92098206 -1.344852 0.12839192 4288387995
1.0170304 -1.3228401 0.14723803 4288387995
1.0687902 -1.3026195 0.13809609 4288387995
1.1253738 -1.3132776 0.1385383 4288387995
1.1842082 -1.3243616 0.13899809 4288387995
1.2331859 -1.3335884 0.13938087 4288387995
1.2838962 -1.3431423 0.13977718 4288387995
1.3774413 -1.3142822 0.12826988 4288584863
-1.1288123 -1.26688 0.12558676 4285822068
-1.0845901 -1.2537321 0.12368347 4286808963
-1.021014 -1.2913635 0.10623556 4287993237
-0.97080028 -1.2882125 0.11302851 4288256409
-0.92154408 -1.2807789 0.11960397 4288322202
-0.87666517 -1.2753791 0.12562287 4288322202
-0.82858753 -1.2760693 0.132202 4288387995
-0.77069086 -1.2775277 0.1410047 4288387995
-0.72413194 -1.2863189 0.14273742 4288387995
-0.67235935 -1.2849532 0.13530418 4288387995
-0.62300217 -1.2776877 0.12972231 4288387995
-0.57558739 -1.2729467 0.12222119 4288387995
-0.52890688 -1.2675173 0.11556399 4288387995
-0.48190609 -1.2616899 0.10920591 4288387995
-0.44039983 -1.25555 0.10454059 4288387995
-0.25458151 -1.2736783 0.10087052 4288387995
-0.21933527 -1.2754272 0.10174263 4288387995
-0.17793716 -1.2733759 0.10326792 4288387995
-0.12447613 -1.279963 0.10411078 4288387995
-0.065628029 -1.277698 0.12162176 4285690482
-0.023019524 -1.2583654 0.12892404 4285822068
0.022677807 -1.2678723 0.12180122 4287532686
0.075914077 -1.2756352 0.10911518 4288387995
0.1169437 -1.2680125 0.10743965 4288387995
0.17239463 -1.2785072 0.10975488 4288387995
0.22818667 -1.2830071 0.11228535 4288387995
0.28463632 -1.2651501 0.11564469 4288387995
0.31409281 -1.2757028 0.11670023 4288387995
0.37676433 -1.282276 0.11918124 4288387995
0.42568308 -1.2801255 0.11942029 4288387995
0.47373888 -1.2787499 0.12529293 4288387995
0.52280164 -1.2589033 0.12661418 4288387995
0.57398373 -1.2802529 0.12853435 4288387995
0.62552214 -1.2810757 0.1270728 4288387995
0.67584902 -1.2923926 0.13195482 4288387995
0.77260578 -1.2754086 0.13859545 4288387995
0.82695371 -1.257059 0.13620612 4288387995
0.87375623 -1.2658759 0.13657188 4288387995
0.92225027 -1.2750115 0.13695088 4288387995
0.97900337 -1.2790762 0.14369763 4288387995
1.025234 -1.2944129 0.13775569 4288387995
1.0677736 -1.2566993 0.14716631 4284966759
1.112816 -1.2597406 0.14768085 4286743170
1.2368481 -1.2546015 0.14912948 4288387995
1.2749776 -1.2607262 0.1495567 4288387995
1.3010052 -1.2649066 0.14984834 4288387995
1.4040135 -1.2736368 0.14446656 4288453527
-1.6799423 -1.2072237 0.12440079 4288387995
-1.2070484 -1.2051177 0.12446277 4284835173
-1.170452 -1.2216301 0.12410191 4284900966
-1.1363317 -1.2312924 0.12471937 4284966759
-1.0147194 -1.2227765 0.1252384 4289703855
-0.99222785 -1.2034777 0.12491892 4290559164
-0.82410079 -1.2479784 0.13224599 4288387995
-0.76700449 -1.2404124 0.13988924 4288387995
-0.71958715 -1.2348181 0.14625092 4288387995
-0.56796944 -1.2457922 0.1462329 4288387995
-0.52784181 -1.2401891 0.14140496 4288387995
-0.47214684 -1.2347475 0.13247228 4288387995
-0.42106995 -1.2273812 0.12655008 4288387995
-0.37440172 -1.2206949 0.12109727 4288387995
-0.3247233 -1.2164216 0.11257488 4288387995
-0.28504831 -1.2113609 0.10734301 4288387995
-0.24741578 -1.2064607 0.10247587 4288387995
-0.1625703 -1.2291666 0.1091345 4288387995
-0.12665987 -1.2137879 0.12377854 4285887861
-0.075964361 -1.2285981 0.12518911 4285427310
-0.033370577 -1.233392 0.12792397 4285098345
0.019692566 -1.2477129 0.12421191 4287006343
0.075760625 -1.2312886 0.12468365 4287998870
0.11573971 -1.2088798 0.12406889 4289967027
0.17859276 -1.2337205 0.11908557 4288387995
0.22389114 -1.2447282 0.11913778 4288387995
0.27179134 -1.2204291 0.11916965 4288387995
0.32564059 -1.2163452 0.12573394 4288387995
0.38401359 -1.220952 0.12268753 4288387995
0.42053261 -1.2384558 0.12393641 4288387995
0.46811432 -1.2470982 0.12637004 4288387995
0.53900129 -1.2080866 0.12975764 4288387995
0.56574458 -1.2246585 0.13063256 4288387995
0.62498814 -1.2190123 0.13462773 4288387995
0.68035251 -1.2294408 0.13506041 4288387995
0.7276361 -1.2276697 0.13575839 4288387995
0.77311599 -1.2469168 0.13578537 4288387995
0.93150663 -1.2113457 0.14608803 4288387995
0.98592895 -1.210803 0.13104221 4285690482
1.0255901 -1.2226465 0.12628897 4284769380
1.0709727 -1.2256014 0.12530151 4285032552
1.1231424 -1.2394845 0.12518595 4286940549
1.1687506 -1.2330894 0.12545006 4288980132
1.3416824 -1.2227973 0.10376593 4288519579
1.6943886 -1.2206628 0.10177279 4288387995
-1.676071 -1.1740665 0.13441515 4288387995
-1.6300859 -1.1704291 0.11711171 4288387995
-1.5728996 -1.1652359 0.10443293 4288387995
-1.524631 -1.1596538 0.10242932 4288387995
-1.4826339 -1.1544943 0.10076082 4288387995
-1.2806882 -1.1619705 0.1361459 4284900966
-1.2207376 -1.1719625 0.12447461 4284900966
-1.1919852 -1.1919554 0.12527269 4284900966
-1.1259563 -1.1759533 0.12532017 4284900966
-0.96750224 -1.1723418 0.1247803 4291151301
-0.92961502 -1.1567224 0.12490831 4286940549
-0.37212193 -1.1948552 0.14520788 4288387995
-0.32366991 -1.1872478 0.14018208 4288387995
-0.27430001 -1.1825135 0.13217826 4288387995
-0.22150254 -1.1755793 0.12540677 4288387995
-0.1719283 -1.1694064 0.11872618 4288387995
-0.13277665 -1.176327 0.12533745 4285558896
-0.066034257 -1.1548754 0.10574027 4284835173
-0.020812575 -1.1817429 0.11862479 4284900966
0.00093472004 -1.1906359 0.14299905 4284900966
0.13154359 -1.1713721 0.12547693 4290756543
0.2307626 -1.1958654 0.12531033 4288387995
0.28938925 -1.1557913 0.13200498 4288387995
0.32372612 -1.1622572 0.13227335 4288387995
0.37642935 -1.178342 0.12825732 4288387995
0.42754015 -1.1818143 0.13308465 4288387995
0.47353962 -1.1904799 0.13344413 4288387995
0.51335847 -1.1795191 0.12882487 4288387995
0.586133 -1.1500957 0.14183827 4288387995
0.62445068 -1.1562501 0.14226761 4288387995
0.68546289 -1.1662521 0.13873495 4288387995
0.7207793 -1.1807165 0.14036818 4288387995
0.77342576 -1.180177 0.14393687 4288322202
0.81846333 -1.1874081 0.14444152 4288453788
0.88146716 -1.1802056 0.14541458 4288387995
0.9119876 -1.1829872 0.14614162 4288387995
0.9767772 -1.1781574 0.12542458 4284900966
1.0242828 -1.1940298 0.12512341 4284900966
1.094806 -1.1992193 0.1247448 4284900966
1.1132396 -1.1946516 0.12483519 4284900966
1.36786 -1.1852131 0.11976747 4288124823
1.680761 -1.1790345 0.10177819 4288387995
-1.6698387 -1.1326793 0.13821502 4288387995
-1.6266736 -1.1296493 0.12307776 4288387995
-1.5736314 -1.1221839 0.11514252 4288387995
-1.5259482 -1.1237906 0.11140031 4288387995
-1.4750495 -1.1266809 0.10711461 4288387995
-1.4268078 -1.1206179 0.10523207 4288387995
-1.3967329 -1.1117307 0.10532265 4288387995
-1.3012135 -1.1118795 0.14522657 4284900966
-1.2802742 -1.1249741 0.12479711 4285032552
-1.2333883 -1.1271825 0.12550202 4284900966
-1.1794689 -1.1210335 0.12461094 4284900966
-1.1490026 -1.1496594 0.13381352 4284900966
-0.95435524 -1.1235895 0.12481526 4291414473
-0.93338513 -1.1229773 0.12508759 4289638574
-0.15724638 -1.1221287 0.13056235 4285690482
-0.13765676 -1.1256778 0.12578228 4285098345
-0.071351491 -1.1292708 0.13155383 4287993237
-0.023033291 -1.1201013 0.12805496 4287203721
0.018699691 -1.1170688 0.12036304 4285822068
0.066995829 -1.1086441 0.11615806 4284900966
0.14324938 -1.1284995 0.12489746 4291217094
0.15125147 -1.1157055 0.12553242 4290690750
0.38790065 -1.1182597 0.13961712 4288387995
0.42603549 -1.1243846 0.14004441 4288387995
0.48427534 -1.1353174 0.1360205 4288387995
0.52771711 -1.1407148 0.14118373 4288387995
0.56386149 -1.1465187 0.14158872 4288387995
0.64661419 -1.1053133 0.1353071 4288387995
0.66168016 -1.1270224 0.13541627 4288387995
0.86412823 -1.1192716 0.14564204 4288322202
0.94028813 -1.1162592 0.12508349 4284310877
0.95321137 -1.1256925 0.12434268 4284573281
1.0384755 -1.1003606 0.12011207 4286874756
1.3931693 -1.1488807 0.13523839 4288519070
1.6634519 -1.117117 0.11044744 4289506476
-1.6625724 -1.0747119 0.13313352 4288387995
-1.6272418 -1.0775069 0.12996335 4288387995
-1.5760928 -1.0725493 0.12760314 4288387995
-1.5275358 -1.0747477 0.123653 4288387995
-1.4774106 -1.076671 0.11966106 4288387995
-1.4269899 -1.0746721 0.11661938 4288387995
-1.3883508 -1.0708728 0.11484981 4288387995
-1.3008505 -1.0872234 0.14629939 4284835173
-1.2786156 -1.0804398 0.11848729 4286282619
-1.228103 -1.0758057 0.12513681 4284770148
-1.1966331 -1.0957088 0.10810992 4284900966
-0.95648611 -1.0700345 0.12414824 4290756543
-0.93447995 -1.0770992 0.1246756 4288059030
-0.15251608 -1.0819256 0.12712574 4285229931
-0.13553032 -1.0792866 0.12483872 4284900966
-0.077473946 -1.0659692 0.12314656 4284900966
-0.032009166 -1.0650333 0.14256023 4286019447
0.030382872 -1.0917693 0.14157096 4288322202
0.083769619 -1.0835226 0.1359041 4286874756
0.14335164 -1.0737246 0.12555927 4289901234
0.15620539 -1.0812676 0.12713265 4288716960
0.21762356 -1.0589163 0.12545078 4284900966
0.49145603 -1.0752307 0.14805554 4288387995
0.52667212 -1.0798966 0.14857091 4288387995
0.57045996 -1.0856972 0.14921175 4288387995
0.62248081 -1.0908573 0.14250018 4288387995
0.83124065 -1.0754856 0.14529879 4288387995
0.94055986 -1.0744052 0.12418905 4284769636
0.95558536 -1.0708925 0.12409713 4284573025
1.034158 -1.068574 0.12627454 4287335307
1.3592676 -1.0694649 0.11214258 4288191897
1.6453047 -1.0707148 0.10179221 4288387995
1.6717175 -1.0720448 0.12483427 4290558908
-1.6669949 -1.0267522 0.14531681 4288387995
-1.624499 -1.0266331 0.14236556 4288387995
-1.5743836 -1.0232781 0.13968112 4288387995
-1.5239174 -1.0240214 0.13595735 4288387995
-1.4737496 -1.0258838 0.13197736 4288387995
-1.4234029 -1.0254182 0.12856139 4288387995
-1.3780913 -1.0225996 0.12608105 4288387995
-1.3028392 -1.0162283 0.10185101 4288387995
-1.2751048 -1.0230136 0.11897383 4285887861
-1.2272514 -1.0252212 0.12509926 4284900966
-1.053949 -1.0006979 0.126151 4284900966
-1.0385988 -1.015661 0.12574607 4285098345
-0.97147846 -1.0236055 0.12499426 4289506476
-0.92937946 -1.0436897 0.12525053 4283519313
-0.44155443 -1.0033058 0.14514159 4284900966
-0.12968522 -1.024567 0.12551349 4285756275
-0.042796414 -1.0496455 0.11425171 4284900966
0.12629692 -1.0223303 0.12534973 4289045925
0.22559226 -1.041036 0.14051268 4284900966
0.28729829 -1.0298125 0.13557936 4284900966
0.32995331 -1.0127852 0.14102465 4284900966
0.37559628 -1.0054685 0.13643438 4284900966
0.79405832 -1.0259812 0.14491066 4288387995
0.80666655 -1.0427719 0.14504226 4288453788
0.94600809 -1.0382049 0.12426829 4284900966
0.97046161 -1.0210072 0.12461258 4284835173
1.0379652 -1.0261809 0.12506129 4282664004
1.2299111 -1.0243518 0.12522013 4289507244
1.3834269 -1.036793 0.12694766 4288322461
1.4068375 -1.0051361 0.14129394 4288322711
1.6327857 -1.0324672 0.10179716 4288387995
1.6898198 -1.0364504 0.13253725 4289703855
-1.607002 -0.99649477 0.14859936 4288387995
-1.5695393 -0.98967153 0.14766119 4288387995
-1.5184138 -0.98470646 0.14530434 4288387995
-1.4733881 -0.97853386 0.14367434 4288387995
-1.4232398 -0.97496259 0.14104113 4288387995
-1.3734363 -0.97385424 0.13782224 4288387995
-1.3186218 -0.9691093 0.11473868 4288387995
-1.2862736 -0.97674674 0.11988797 4288322202
-1.213941 -0.98356217 0.1262345 4284900966
-1.1797494 -0.9684335 0.12507097 4284900966
-1.1264161 -0.96148539 0.12561244 4284900966
-1.0733236 -0.96533763 0.12586989 4285032552
-1.0232232 -0.97267097 0.124612 4287072135
-0.99126279 -0.99204528 0.12488449 4288387995
-0.61990023 -0.96056211 0.13070454 4284900966
-0.55511093 -0.9546181 0.13721327 4284900966
-0.53970659 -0.97505617 0.13747458 4284900966
-0.46797982 -0.97032058 0.1445719 4284900966
-0.44781995 -0.99548614 0.14500652 4284900966
-0.1614393 -0.97135872 0.13131109 4290493371
-0.11718125 -0.98497266 0.11967065 4286940549
-0.075650007 -0.96833408 0.12448848 4284243036
-0.028404813 -0.95417958 0.12526265 4283651667
0.028936623 -0.95540124 0.12522538 4285098345
0.077224448 -0.97396642 0.12523952 4286546047
0.10688717 -0.99140686 0.12547483 4286743170
0.3747189 -0.99491787 0.14673792 4284900966
0.42239928 -0.9851957 0.14392871 4284900966
0.47210997 -0.97130316 0.14458913 4284900966
0.52415788 -0.95288193 0.14898287 4284900966
0.98657036 -0.98611242 0.12412392 4284835174
1.0228957 -0.97074604 0.12464178 4284506208
1.0695404 -0.96159124 0.12396672 4282137660
1.129854 -0.95598233 0.12479225 4285229931
1.1791732 -0.97059518 0.12530573 4287401100
1.2080947 -0.98898113 0.12591824 4288521373
1.2840242 -0.95005441 0.10382092 4278848010
1.3515188 -0.96507275 0.10526604 4288322461
-1.4286056 -0.94529891 0.14876105 4288387995
-1.3736228 -0.93763101 0.14680274 4288387995
-1.3238742 -0.926624 0.12269426 4288387995
-1.2847148 -0.92471743 0.13063405 4288322202
-1.1723351 -0.9270162 0.12443387 4284572001
-1.1196508 -0.9417097 0.12451281 4286348412
-1.0774964 -0.94495553 0.12491811 4285098345
-0.88451207 -0.90310079 0.10893422 4284900966
-0.82951087 -0.91092449 0.11370184 4284900966
-0.77199191 -0.91634804 0.11885033 4284900966
-0.71251583 -0.91828394 0.12438998 4284900966
-0.66824931 -0.92240047 0.12835586 4284900966
-0.63795584 -0.9351427 0.13048498 4284900966
-0.57712412 -0.92542726 0.13683996 4284900966
-0.51501513 -0.91160548 0.14355785 4284900966
-0.4929418 -0.93915892 0.14403373 4284900966
-0.15280282 -0.9474678 0.12732039 4290295992
-0.13611856 -0.93485194 0.11047276 4289967027
-0.07408338 -0.92527759 0.10152876 4288387995
-0.022159753 -0.94368887 0.12256524 4285296492
0.020672463 -0.94350201 0.12196101 4284966759
0.094181776 -0.91529447 0.11386584 4284900966
0.15852708 -0.90691078 0.11877356 4284900966
0.57911396 -0.93742359 0.14980844 4284900966
1.0399045 -0.94290292 0.12410914 4284900966
1.0787008 -0.93862039 0.12473888 4284177243
1.1236597 -0.93353689 0.12451328 4282861383
1.1694419 -0.92020142 0.12484197 4281019179
1.2286141 -0.91873705 0.12503916 4278848010
1.269061 -0.93853831 0.12516496 4278848010
1.3858386 -0.92122197 0.12634525 4288387998
-1.3519486 -0.8506915 0.10130498 4288387995
-1.3212019 -0.87565768 0.11638197 4288387995
-1.2857174 -0.87624133 0.13906941 4288387995
-1.1252494 -0.88518173 0.12456381 4284900966
-1.08059 -0.87384313 0.12341514 4284900966
-1.0484324 -0.87275261 0.11635725 4284900966
-0.97680509 -0.86731863 0.10226786 4284900966
-0.92540222 -0.87186795 0.10688621 4284900966
-0.87761343 -0.87806135 0.11106426 4284900966
-0.82191432 -0.87111264 0.11676806 4284900966
-0.78197646 -0.87846833 0.12013164 4284900966
-0.73973113 -0.87765265 0.12419555 4284900966
-0.67988563 -0.87611306 0.12997511 4284900966
-0.61846864 -0.87058878 0.13613872 4284900966
-0.57143825 -0.87105727 0.140582 4284900966
-0.53772688 -0.88325644 0.14306822 4284900966
-0.48421502 -0.85551608 0.14978871 4284900966
-0.10672009 -0.86376846 0.10177729 4288387995
-0.074342161 -0.87569654 0.10357466 4288387995
-0.033701435 -0.87605995 0.10643887 4288387995
0.010167718 -0.87786937 0.10947173 4288387995
0.070749938 -0.8746174 0.11389921 4285164138
0.13886832 -0.87382787 0.11875816 4284900966
0.15373862 -0.89886123 0.11876981 4284900966
0.2157917 -0.8757779 0.1241269 4284900966
0.29271111 -0.86449546 0.13004638 4284900966
0.30389982 -0.88207364 0.13010724 4284900966
0.3824338 -0.85860842 0.13664822 4284900966
0.48163271 -0.85014957 0.14402846 4284900966
1.4188247 -0.87907279 0.14660506 4288387743
-1.35607 -0.81994677 0.1044153 4288387995
-1.3248898 -0.82630694 0.12325598 4288387995
-1.2909375 -0.8297897 0.14441565 4288387995
-1.174094 -0.80907625 0.10128133 4288387995
-1.015238 -0.825243 0.101092 4284900966
-0.97325563 -0.82512236 0.10508998 4284900966
-0.92815083 -0.82572281 0.10934236 4285295724
-0.88031596 -0.82580423 0.11388449 4284900966
-0.83244771 -0.82069761 0.1187356 4284900966
-0.77480674 -0.82528079 0.12394494 4284900966
-0.71651614 -0.82454073 0.12952967 4284900966
-0.67086607 -0.82245719 0.1339919 4284900966
-0.64204228 -0.83932197 0.13573889 4284900966
-0.57839578 -0.8324914 0.14219144 4284900966
-0.50687206 -0.82892811 0.14920035 4284900966
-0.49564469 -0.84210193 0.14949191 4284900966
-0.12676428 -0.82599121 0.10192993 4288387995
-0.074344531 -0.82745296 0.10558305 4288387995
-0.017555615 -0.82831764 0.10957036 4288387995
0.039338917 -0.82008827 0.11394396 4288322202
0.075028419 -0.82364637 0.11632445 4288387995
0.11293539 -0.83018702 0.11873785 4285164138
0.18519108 -0.82596189 0.12403295 4284900966
0.26676461 -0.82373065 0.12990524 4284900966
0.34575617 -0.80314952 0.13635859 4284900966
0.36520189 -0.83255178 0.13651215 4284900966
0.44749177 -0.800614 0.14367183 4284900966
0.47399938 -0.81657296 0.14285193 4285624689
0.52481502 -0.81029612 0.12906483 4290427578
0.56956136 -0.8285135 0.13694428 4290822336
0.60867125 -0.82479018 0.14375854 4290756543
1.3773963 -0.83060706 0.11928151 4288257179
-1.3636082 -0.77580547 0.10784025 4288387995
-1.3257604 -0.77753222 0.13183171 4288387995
-1.2978638 -0.78714055 0.14795448 4288387995
-1.1739312 -0.77115542 0.1048963 4288322202
-1.0336449 -0.77268851 0.10243676 4288124823
-0.97372591 -0.78362286 0.10748883 4288322202
-0.91853279 -0.78791004 0.11248317 4285953654
-0.86840183 -0.7902196 0.11711272 4284900966
-0.79640114 -0.79303807 0.12379066 4284900966
-0.7353251 -0.79806578 0.12930097 4284900966
-0.15963182 -0.7640506 0.10218021 4288387995
-0.12377806 -0.77420294 0.10429776 4288387995
-0.076181144 -0.77331507 0.10770682 4288387995
-0.032063603 -0.77541947 0.11074487 4288387995
0.013459384 -0.7751627 0.11398083 4288387995
0.080133982 -0.77498221 0.11871215 4288387995
0.14487797 -0.76033294 0.12390919 4288387995
0.15891455 -0.78318244 0.12395229 4287466893
0.23423924 -0.77262896 0.12972832 4286611584
0.33228415 -0.76413023 0.13702862 4285953654
0.37541875 -0.76136774 0.12678233 4285624689
0.42318758 -0.7735588 0.12699011 4286611584
0.47414592 -0.79094732 0.12378696 4288980132
1.3593525 -0.75982416 0.10646071 4288387995
1.409076 -0.79225087 0.13877848 4288387995
-1.3716348 -0.72321069 0.11253566 4288387995
-1.332629 -0.72979587 0.13636015 4288387995
-1.2067001 -0.72111076 0.10164089 4288387995
-1.1755918 -0.72383529 0.10895351 4288322202
-1.1446956 -0.71646041 0.11716664 4288256409
-0.18003391 -0.72559398 0.10233556 4288387995
-0.13068019 -0.72397691 0.10589965 4288387995
-0.074263476 -0.7269696 0.10977211 4288387995
-0.01568396 -0.72457349 0.11402235 4288387995
0.043120664 -0.71269113 0.11868316 4288387995
0.059685349 -0.74056834 0.11869613 4288387995
0.12256985 -0.72401196 0.12384071 4288387995
0.19352233 -0.70865858 0.12950684 4288387995
0.21048051 -0.73530132 0.12959908 4288387995
0.28910747 -0.71748984 0.13591127 4288387995
0.3289963 -0.74391776 0.11924067 4286151033
0.3771123 -0.72328192 0.13058065 4286940549
0.40787464 -0.74313927 0.14325795 4284900966
0.64339519 -0.7415278 0.14590439 4290822336
1.380033 -0.73603404 0.11921155 4288453275
1.4001642 -0.71286952 0.13162337 4288387993
-1.4042015 -0.66465515 0.10258082 4288387995
-1.3737624 -0.67465067 0.12026379 4288387995
-1.3373307 -0.67830259 0.14298525 4288387995
-1.2152855 -0.67176455 0.10420386 4288387995
-1.1756772 -0.6737138 0.11365797 4288387995
-1.1361878 -0.67164826 0.12346163 4288256409
-0.21070018 -0.66780412 0.10256911 4288387995
-0.16811927 -0.67350829 0.10534835 4288387995
-0.11708988 -0.6698395 0.10911645 4288387995
-0.075583011 -0.6720764 0.111964 4288387995
-0.040021539 -0.68232161 0.11405702 4288387995
0.020730341 -0.67500812 0.11866561 4288387995
0.086625651 -0.66549385 0.12373036 4288387995
0.10266447 -0.69160372 0.1237796 4288387995
0.17324817 -0.67680645 0.12939656 4288387995
0.24661767 -0.65324318 0.13557574 4288387995
0.26431715 -0.68000388 0.13571551 4288387995
0.34680283 -0.65453577 0.14261998 4288387995
0.36177453 -0.67625606 0.1427764 4288387995
0.67149574 -0.6765914 0.14484383 4290756543
1.362635 -0.672189 0.10693127 4288322458
1.4197671 -0.69031358 0.14370953 4288453277
1.5101697 -0.65787685 0.10184563 4288322202
-1.4109205 -0.61942583 0.10673536 4288387995
-1.3759875 -0.62594259 0.12795712 4288387995
-1.3463966 -0.62681925 0.14680363 4288387995
-1.2522042 -0.60903293 0.10113469 4288387995
-1.2231033 -0.62287796 0.10691041 4288387995
-1.1745763 -0.62417322 0.11859625 4288387995
-1.1274271 -0.62342876 0.13013931 4288322202
-0.17827393 -0.63656265 0.10616715 4288387995
-0.13161853 -0.62446278 0.10997617 4288387995
-0.074290395 -0.62283117 0.11410584 4288387995
-0.014079869 -0.61642694 0.11863835 4288387995
0.0023890138 -0.64414281 0.11865125 4288387995
0.063842237 -0.62840492 0.12366042 4288387995
0.13491243 -0.61657739 0.12918802 4288387995
0.15327907 -0.64543259 0.12928794 4288387995
0.22937673 -0.62717247 0.13543959 4288387995
0.32800129 -0.62725526 0.14242357 4288387995
0.69760895 -0.61624575 0.14385822 4290756543
1.3919854 -0.64002621 0.12505707 4288387995
1.410895 -0.61930358 0.13673492 4288388247
1.507328 -0.64919341 0.10184674 4288322202
-1.4187007 -0.57228488 0.11056641 4288387995
-1.3772939 -0.57745409 0.13619961 4288387995
-1.262472 -0.57132459 0.10219114 4288387995
-1.2257198 -0.57581252 0.11071088 4288387995
-1.1745055 -0.57499921 0.12324942 4288387995
-1.1248602 -0.57348967 0.13547185 4288387995
-1.0943145 -0.563842 0.14381386 4288256409
-0.092026949 -0.59204113 0.11413111 4288387995
-0.03618218 -0.57923055 0.11862104 4288387995
0.029646169 -0.57273066 0.12355544 4288387995
0.095489502 -0.55463636 0.12897359 4288387995
0.11170852 -0.58012247 0.1290618 4288387995
0.18735152 -0.56362629 0.13510773 4288387995
0.20525619 -0.59070253 0.13524911 4288387995
0.28495511 -0.56480384 0.1419739 4288387995
0.30437934 -0.59298557 0.14217681 4288387995
0.39183193 -0.56104207 0.14970261 4288387995
0.40560037 -0.58014357 0.1498829 4288387995
0.70422685 -0.59569764 0.149627 4290888129
1.3750956 -0.58272475 0.11322214 4288387994
1.4160249 -0.57646924 0.13921365 4288453274
-1.4247746 -0.52407777 0.115693 4288387995
-1.3855451 -0.52846259 0.14007436 4288387995
-1.2700244 -0.52501512 0.10471954 4288387995
-1.2253121 -0.52467728 0.11563102 4288387995
-1.1758699 -0.52527469 0.12760539 4288387995
-1.1242177 -0.52518833 0.14018191 4288387995
-1.0949954 -0.52830142 0.14699891 4288387995
0.0093625784 -0.53970653 0.12349318 4288387995
0.073943973 -0.52079052 0.12885639 4288387995
0.14944148 -0.50630087 0.13480838 4288387995
0.1638829 -0.52814114 0.13492242 4288387995
0.24579418 -0.50798476 0.14156482 4288387995
0.26308924 -0.53307801 0.14174548 4288387995
0.36882177 -0.52912039 0.14940132 4288387995
0.72804302 -0.54083836 0.14852479 4290822336
1.368454 -0.51999545 0.1078238 4288387739
1.4205414 -0.53519428 0.14133 4288387997
-1.4562641 -0.46962079 0.10566208 4288387995
-1.4246244 -0.47488889 0.1250024 4288387995
-1.3907306 -0.47565085 0.14663438 4288387995
-1.306625 -0.46169981 0.10178245 4288387995
-1.2755004 -0.4750658 0.10809581 4288387995
-1.2258884 -0.47564271 0.12011366 4288387995
-1.1761775 -0.47570384 0.13220376 4288387995
-1.1261295 -0.4765141 0.14430569 4288387995
0.13309896 -0.48159391 0.13467932 4288387995
0.22316535 -0.4751569 0.14132844 4288387995
0.32899997 -0.47387794 0.14887993 4288387995
0.75030309 -0.48956275 0.14749458 4290822336
1.3830972 -0.47339445 0.11630078 4288387995
1.4208308 -0.4676035 0.14026257 4288387994
-1.4632771 -0.42479059 0.10955336 4288387995
-1.4262366 -0.42646384 0.1330362 4288387995
-1.3131853 -0.42216086 0.10391352 4288387995
-1.2741265 -0.42554227 0.11309882 4288387995
-1.2266207 -0.42678604 0.12454139 4288387995
-1.175191 -0.42724851 0.13701206 4288387995
-1.134799 -0.43327802 0.1462725 4288387995
0.19606161 -0.43583018 0.1410453 4288387995
0.20216119 -0.44468299 0.14110902 4288387995
0.28944626 -0.41900492 0.14836203 4288387995
0.30632758 -0.44242641 0.14858305 4288387995
0.77115345 -0.44153523 0.14652964 4290756543
1.3765914 -0.41861981 0.11113639 4288387994
1.413017 -0.41327798 0.13427204 4288387739
-1.4718504 -0.37424242 0.11351302 4288387995
-1.4304725 -0.37841189 0.13931502 4288387995
-1.3538722 -0.35589755 0.1002603 4288387995
-1.3268847 -0.37428966 0.1050934 4288387995
-1.2734423 -0.37600276 0.1179359 4288387995
-1.2222266 -0.37494019 0.13049822 4288387995
-1.1743928 -0.37573245 0.14206284 4288387995
-1.1465769 -0.39085233 0.14740604 4288387995
0.27274919 -0.39584666 0.14814338 4288387995
1.3897092 -0.37743229 0.11874059 4288387995
1.4254246 -0.37276167 0.14143583 4288322459
-1.5060263 -0.31724104 0.1022329 4288387995
-1.4747174 -0.3255592 0.12078932 4288387995
-1.4380454 -0.32782596 0.14392416 4288387995
-1.3570884 -0.32613045 0.10228453 4288387995
-1.3242567 -0.32651418 0.11023692 4288387995
-1.276191 -0.32447076 0.12212536 4288387995
-1.2251505 -0.32259911 0.13472135 4288387995
-1.1784892 -0.32913154 0.14545944 4288387995
-0.66475075 -0.31467685 0.12619197 4284900966
-0.64189869 -0.3034988 0.12527771 4284900966
0.82207668 -0.31988627 0.14915571 4290756543
1.0977396 -0.30158839 0.1244144 4278216192
1.1246266 -0.31488737 0.12448567 4278216192
1.1741896 -0.32528269 0.12462735 4278216192
1.3833835 -0.32923025 0.11381301 4288322459
1.4179231 -0.3248933 0.13576424 4288387995
-1.5136968 -0.27034494 0.10608856 4288387995
-1.4760591 -0.27678412 0.12906258 4288387995
-1.44893 -0.27878797 0.14611599 4288387995
-1.3669231 -0.27216113 0.1049794 4288387995
-1.3265526 -0.27812105 0.11424076 4288387995
-1.2740405 -0.27466166 0.12734446 4288387995
-1.2247729 -0.2758736 0.13921835 4288387995
-1.1898825 -0.28304645 0.14703208 4288387995
-0.83601743 -0.25571293 0.12046909 4279045389
-0.61371768 -0.28070146 0.12548032 4284900966
1.0494927 -0.25148815 0.11285987 4278216192
1.0702255 -0.27728435 0.12475834 4278216192
1.3774697 -0.28415239 0.10920565 4288387995
1.4182737 -0.27373496 0.13504019 4288322459
1.582168 -0.26790637 0.10009231 4288387995
1.6109884 -0.29591399 0.10002366 4288387995
-1.5174972 -0.22215259 0.11267325 4288387995
-1.4793015 -0.22593015 0.13650423 4288387995
-1.4027605 -0.20955551 0.10216171 4288387995
-1.3738688 -0.22546808 0.10769118 4288387995
-1.3252604 -0.22443913 0.11961605 4288387995
-1.2770981 -0.22741318 0.13105482 4288387995
-1.2259284 -0.22597051 0.14364196 4288387995
-0.82231599 -0.22329073 0.12238916 4279045389
-0.066700257 -0.20813394 0.1260729 4284900966
-0.022958094 -0.21610221 0.12608686 4286282619
0.023319295 -0.21078303 0.12731569 4288387995
1.0373169 -0.22161523 0.12272943 4278215936
1.3792562 -0.23590393 0.10945145 4288322458
1.4198508 -0.21768327 0.13500778 4288387995
1.5332663 -0.22039089 0.1002088 4288387995
1.5576103 -0.24404943 0.10015081 4288387995
-1.5220269 -0.17415215 0.11875361 4288387995
-1.4849817 -0.17991944 0.14147255 4288387995
-1.4151765 -0.1696572 0.1029017 4288387995
-1.3760241 -0.17522082 0.11190406 4288387995
-1.3248054 -0.17505488 0.12438264 4288387995
-1.276527 -0.17725722 0.13592245 4288387995
-1.2248602 -0.16486964 0.13802849 4287006342
-1.170736 -0.16436209 0.12495779 4283979864
-1.1234002 -0.16353555 0.12505513 4283387727
-1.0804187 -0.1594822 0.12520753 4286414205
-1.0447657 -0.15009707 0.13985187 4288519581
-0.81587428 -0.17854786 0.12330369 4279045389
-0.12585522 -0.16900982 0.12623417 4284900966
-0.080776051 -0.18111971 0.12588407 4284900966
-0.02297114 -0.15898868 0.12637545 4285756275
0.025431102 -0.16341406 0.12480827 4284243036
0.073683858 -0.17860934 0.12593178 4283657299
0.10322716 -0.1541793 0.12480078 4278848010
0.38875893 -0.15683834 0.14964582 4288387995
0.40650684 -0.15078801 0.14908457 4288387995
1.0304537 -0.17248315 0.1242983 4284379486
1.0879261 -0.15107171 0.12445185 4285427310
1.1128049 -0.1513029 0.12457075 4286545790
1.3769747 -0.18047635 0.10696941 4288387995
1.4206952 -0.17003995 0.13466395 4288387995
1.4800463 -0.16867818 0.10033556 4288387995
1.5050354 -0.19295889 0.10027604 4288387995
-1.5561813 -0.12976706 0.10512432 4288387995
-1.5235317 -0.12177864 0.12759578 4288387995
-1.4912448 -0.13671273 0.1455413 4288387995
-1.4239696 -0.12325251 0.10513699 4288387995
-1.3774219 -0.12594523 0.11620951 4288387995
-1.324339 -0.12621413 0.12910053 4288387995
-1.2686787 -0.11841841 0.13649267 4285624689
-1.2234026 -0.12451743 0.12631793 4281545523
-1.1736749 -0.13014077 0.12596421 4284900966
-1.1223326 -0.1349021 0.12460395 4284835173
-1.0764745 -0.13524261 0.1246288 4286743170
-1.0213892 -0.13094589 0.1261176 4288980132
-0.98497796 -0.12197547 0.12508631 4290493371
-0.93722284 -0.11410034 0.12595378 4290164406
-0.82465178 -0.12902103 0.12441401 4279111182
-0.15678327 -0.12057491 0.12649632 4284900966
-0.12285347 -0.12147478 0.12576823 4284900966
-0.075178258 -0.12728922 0.12542558 4284900966
-0.032282181 -0.14085309 0.12520243 4285032552
0.029626014 -0.14503182 0.12476838 4287269514
0.07344532 -0.13442194 0.12570789 4288782753
0.1112872 -0.11720784 0.12563178 4288260761
0.39341038 -0.14417681 0.14542305 4288387995
0.42640832 -0.1256742 0.14171112 4288387995
0.47503591 -0.11692029 0.14305314 4288387995
0.52299309 -0.11172856 0.145643 4288387995
0.57195657 -0.10648229 0.14830714 4288387995
0.60129654 -0.10081616 0.14897533 4288387995
0.99039894 -0.11033488 0.12512514 4284900966
1.0268042 -0.1219493 0.12436192 4284835173
1.0720335 -0.13785325 0.12439492 4285164394
1.1254125 -0.14219818 0.1247431 4287006854
1.1737524 -0.13037817 0.12581681 4288980388
1.2047567 -0.10873877 0.12505794 4290295992
1.3867867 -0.12685898 0.11223495 4288387995
1.4290282 -0.12256856 0.11929964 4288387739
1.4532286 -0.14261866 0.10039943 4288387995
-1.566213 -0.074111164 0.10910358 4288387995
-1.528388 -0.077193156 0.13282651 4288387995
-1.4584745 -0.081179261 0.10070749 4288387995
-1.4261457 -0.074871927 0.10916868 4288387995
-1.3755902 -0.075417161 0.12141886 4288387995
-1.3261497 -0.077117205 0.13328877 4288387995
-1.2663873 -0.068863042 0.13224357 4282935624
-1.2354779 -0.089874305 0.12501849 4281611316
-1.1585494 -0.059542876 0.12754244 4284900966
-1.1382447 -0.083960518 0.12547573 4284900966
-0.97196388 -0.075821608 0.12464628 4291019715
-0.92342108 -0.074583478 0.12566327 4290888129
-0.8725242 -0.065524988 0.1244016 4280163870
-0.84352767 -0.091937259 0.12517357 4279111182
-0.16574019 -0.078459524 0.12586808 4284900966
-0.12429468 -0.074875094 0.12560084 4284900966
-0.070185013 -0.075953215 0.12441301 4284900966
0.13346191 -0.078805365 0.12542906 4291019715
0.15314658 -0.060536362 0.12630621 4291348680
0.44010282 -0.088342108 0.12925942 4288387995
0.47639143 -0.075829044 0.12806019 4288387995
0.52365863 -0.075574309 0.132402 4288387995
0.57542074 -0.075126536 0.13709444 4288387995
0.62658072 -0.074453704 0.14164764 4288387995
0.67191458 -0.069179662 0.14396101 4288387995
0.72060019 -0.062117741 0.14593087 4288387995
0.75948405 -0.058012843 0.1480695 4288387995
0.94368076 -0.057401352 0.12512608 4284900966
0.97188389 -0.079040468 0.12493297 4284900966
1.0639129 -0.082695082 0.12445139 4284900966
1.2290473 -0.076098129 0.12430806 4291019715
1.3794316 -0.069576204 0.1042695 4288387995
1.4179157 -0.079596497 0.12730286 4288387995
-1.6866679 -0.013743728 0.11579622 4288387995
-1.5703642 -0.028422799 0.11499394 4288387995
-1.5342604 -0.023578504 0.13909586 4288387995
-1.4565947 -0.031063616 0.10588979 4288387995
-1.4229099 -0.027632518 0.11440969 4288387995
-1.3746449 -0.023460932 0.12654708 4288387995
-1.326017 -0.025854902 0.13815401 4288387995
-1.2672063 -0.029431751 0.12876903 4285427310
-1.2472706 -0.015633285 0.12452481 4284835173
-1.1731995 -0.028108675 0.12499344 4284900966
-1.0156103 -0.039481629 0.12051582 4291151301
-0.95788062 -0.027083369 0.1234852 4291348680
-0.93383789 -0.026530307 0.12439743 4290230199
-0.88721353 -0.043340228 0.12439834 4284045657
-0.15318181 -0.019302333 0.12536907 4283519313
-0.13614975 -0.024347924 0.1254285 4284900966
-0.075819448 -0.021088982 0.12542734 4284900966
0.14715168 -0.028627638 0.12429477 4291414473
0.1571741 -0.023900712 0.12552573 4291085508
0.48387331 -0.031337414 0.11239104 4288387995
0.52486598 -0.025746189 0.1141803 4288387995
0.57470047 -0.023832696 0.11815261 4288387995
0.62418026 -0.024996869 0.12322402 4288387995
0.67416894 -0.025021452 0.12792392 4288387995
0.72470891 -0.025243444 0.1327481 4288387995
0.76252282 -0.021303961 0.13484697 4288387995
0.94060671 -0.022041187 0.12436255 4284835173
0.9555257 -0.029000219 0.1255555 4284900966
1.0243728 -0.01304548 0.12563676 4284900966
1.2466122 -0.027824784 0.12373641 4291414473
1.2500495 -0.0035246313 0.13974811 4291414473
1.384451 -0.024602115 0.10885103 4288387995
1.4281502 -0.024030566 0.1367145 4288387995
1.6844602 -0.010459821 0.10985548 4288387995
-1.6740531 0.025294619 0.12107122 4288387995
-1.6218984 0.031481996 0.1221436 4288387995
-1.5737542 0.027960718 0.12591629 4288387995
-1.5391992 0.022079825 0.14447427 4288387995
-1.4592012 0.022192091 0.11027628 4288387995
-1.4251082 0.023730505 0.11871711 4288387995
-1.3719305 0.02525682 0.13180068 4288387995
-1.326659 0.025065079 0.1427983 4288387995
-1.2980015 0.0070458055 0.14807276 4288387995
-1.245535 0.026682105 0.12487462 4284900966
-1.1832721 0.016553342 0.12719214 4284900966
-0.95300412 0.025225878 0.12408914 4290953922
-0.94244069 0.021245742 0.12542354 4290953922
-0.154119 0.024679095 0.12623431 4283256141
-0.13334885 0.025692102 0.12476725 4284900965
0.14744227 0.025893332 0.12534848 4290822336
0.15097716 0.013449636 0.12508368 4290361785
0.52806199 0.0084887277 0.10188302 4288387995
0.57698196 0.013032251 0.10480186 4288387995
0.62528032 0.019570503 0.10692797 4288387995
0.67347062 0.023753883 0.10991087 4288387995
0.72351384 0.016672095 0.11721272 4288387995
0.75869465 0.011441031 0.12243889 4288387995
0.94060016 0.026286623 0.12548123 4285229931
0.96663523 0.028570654 0.12531187 4284572001
1.0030673 0.010329105 0.12555392 4284900966
1.2465453 0.024760246 0.125047 4290953922
1.3858232 0.03133722 0.10868993 4288387995
1.4200028 0.023446815 0.13063803 4288387995
1.6356478 0.034548163 0.10990392 4288387995
1.6621814 0.010080636 0.1098776 4288387995
-1.6744679 0.075442441 0.12620348 4288387995
-1.6229161 0.074046299 0.12354441 4288387995
-1.5776863 0.07459113 0.13245171 4288387995
-1.5281729 0.082424641 0.14339557 4288387995
-1.4606394 0.076173186 0.11501554 4288387995
-1.4215832 0.074633054 0.124374 4288387995
-1.3748572 0.070956096 0.13539697 4288387995
-1.3289691 0.073879331 0.14683834 4288387995
-1.2282065 0.076518923 0.12354657 4284900966
-0.96953356 0.075542606 0.12432674 4289572269
-0.15095966 0.053136218 0.12624313 4284900966
-0.13063392 0.07414142 0.12520695 4284574049
-0.09245386 0.065162756 0.12505285 4284900966
0.13034524 0.074078016 0.12603928 4289440683
0.83942252 0.087223291 0.10374102 4290427578
0.87982965 0.078865357 0.11648332 4290493371
0.93061203 0.074713811 0.12724125 4289440683
0.97166556 0.07533554 0.12693796 4285624689
1.0024021 0.096167088 0.13616405 4289901234
1.2277811 0.0734386 0.12466934 4289703855
1.3858997 0.076550171 0.10790108 4288387995
1.4235809 0.07377103 0.13198811 4288387995
1.4507581 0.064276814 0.14949942 4288387995
1.6136625 0.054820538 0.10992574 4288387995
-1.6742125 0.12435923 0.13127461 4288387995
-1.623509 0.12679215 0.12788101 4288387995
-1.5782588 0.12104121 0.13866931 4288387995
-1.5231713 0.12518424 0.14630389 4288387995
-1.4759709 0.118793 0.13361448 4288387995
-1.4247489 0.12785688 0.12862121 4288387995
-1.3741152 0.12153537 0.14034586 4288387995
-1.2062746 0.10574856 0.12736815 4284900966
-1.1783073 0.12409337 0.12529096 4284900966
-1.1270689 0.14382212 0.12534676 4284900966
-1.075918 0.14656678 0.12525894 4285032552
-1.0264163 0.12888794 0.12514289 4286808963
-0.9939422 0.10738602 0.1248422 4288190616
-0.11086479 0.1111847 0.12584837 4284900966
-0.078879662 0.13255624 0.12517603 4284900966
-0.027846774 0.14794572 0.12477567 4284900966
0.032422788 0.1473989 0.1246531 4285098345
0.071924634 0.13285783 0.12402929 4286348412
0.10670902 0.10711955 0.12490938 4287927444
0.83305991 0.13300738 0.13410309 4279966491
0.87200373 0.12359561 0.10916188 4287137928
0.92448741 0.11760726 0.10989514 4289703855
0.98265493 0.11902145 0.12397795 4285427310
1.0199876 0.12992328 0.12464605 4285690482
1.0679561 0.14787287 0.12678562 4284835174
1.1274245 0.14793508 0.12649111 4285229931
1.1748114 0.13143542 0.12506603 4287006342
1.211056 0.10256791 0.12453612 4286216826
1.3881099 0.12717281 0.10837322 4288387995
1.42641 0.12376101 0.13286676 4288387995
-1.6740836 0.17374524 0.13211326 4288387995
-1.6248808 0.1731175 0.13329543 4288387995
-1.5778868 0.17368573 0.1455075 4288387995
-1.5414143 0.16325758 0.14842643 4288387995
-1.4587145 0.16853034 0.1241912 4288387995
-1.4241419 0.17833622 0.13352802 4288387995
-1.379626 0.17145884 0.14371167 4288387995
-1.100932 0.15099484 0.12463008 4284900966
-1.0944957 0.15048009 0.12462431 4284900966
-0.024958514 0.15329005 0.12563834 4284900966
0.019138569 0.15283899 0.12509431 4284900966
0.84095162 0.15906703 0.14365962 4278848010
0.87794131 0.16950904 0.1335862 4281940281
0.92347282 0.1756967 0.12453408 4285229931
0.98017949 0.17406133 0.12557665 4284900710
1.0279468 0.17541982 0.12561549 4284773988
1.0718532 0.16191618 0.12422097 4285230187
1.1179677 0.16901657 0.12535191 4285361517
1.3910618 0.17678513 0.10933705 4288387995
1.4276938 0.17422684 0.13275087 4288387995
1.4527495 0.18691653 0.1484978 4288387995
-1.6705441 0.22548528 0.13152342 4288387995
-1.6275744 0.22294617 0.13752785 4288387995
-1.5901554 0.21018383 0.14780337 4288387995
-1.4661889 0.21961978 0.12718908 4288387995
-1.427483 0.22580707 0.13719054 4288387995
-1.3858414 0.21948142 0.14672662 4288387995
1.0358316 0.212455 0.12675138 4278675463
1.0676621 0.22666809 0.122464 4285237867
1.1218112 0.22410567 0.11419521 4285433966
1.3871444 0.22734654 0.10590178 4288387995
1.4249543 0.2260178 0.13004397 4288387995
1.4554641 0.24777973 0.14910215 4288387995
-1.675382 0.27542305 0.138944 4288387995
-1.6338296 0.26449943 0.13841332 4288387995
-1.4668595 0.27975303 0.132695 4288387995
-1.4224139 0.27483782 0.14304647 4288387995
-1.3967795 0.25396633 0.14731613 4288387995
0.020991683 0.2933743 0.14712313 4288387995
1.0232571 0.27517769 0.10142362 4288387995
1.0838531 0.27407682 0.1267698 4288387995
1.1206863 0.27552423 0.1038835 4288387995
1.3903319 0.27551231 0.10704274 4288387995
1.4253139 0.27757204 0.12931833 4288387995
1.4524512 0.27284539 0.14671582 4288387995
-1.6784116 0.31389415 0.13391314 4288387995
-1.633365 0.31866384 0.1395268 4288387995
-1.468437 0.32548523 0.13662298 4288387995
-1.4314758 0.3247034 0.14554273 4288387995
0.036910344 0.32260105 0.14588976 4288387995
0.069208659 0.33460876 0.14061575 4288387995
0.10375348 0.34069908 0.13457829 4288387995
0.94700682 0.34926385 0.10160526 4288387995
0.97437018 0.32268327 0.10154007 4288387995
1.0967298 0.31521919 0.13933013 4288387995
1.1102684 0.3299014 0.11980547 4288387995
1.2955829 0.3481307 0.11024134 4288387995
1.3156489 0.32963121 0.11022143 4288387995
1.3906373 0.32212764 0.10637391 4288387995
1.4264188 0.32629547 0.12912615 4288387995
1.4555594 0.32481256 0.14774549 4288387995
-1.6741349 0.36985645 0.1229229 4288387995
-1.6352892 0.3649193 0.14695436 4288387995
-1.4703104 0.36730453 0.14010933 4288387995
-1.4356835 0.37661666 0.1494128 4288387995
0.039709229 0.37386712 0.14837615 4288387995
0.077870652 0.3746593 0.1413594 4288387995
0.12427311 0.37617004 0.13285941 4288387995
0.17264295 0.38625115 0.12449779 4288387995
0.89973307 0.39520383 0.10171785 4288387995
0.92330557 0.37229928 0.1016617 4288387995
1.1269826 0.37400061 0.12544343 4288387995
1.2439983 0.39569885 0.11029252 4288387995
1.2716943 0.37015873 0.11026504 4288387995
1.3906242 0.38041633 0.10529427 4288387995
1.4236026 0.37582687 0.1264212 4288387995
1.4529206 0.37708414 0.14509884 4288387995
-1.6739124 0.42678213 0.1337277 4288387995
-1.4758472 0.42175078 0.14389534 4288387995
-1.4454162 0.4072926 0.14993718 4288387995
0.047054887 0.40835923 0.14903793 4288387995
0.076521851 0.42700508 0.14467661 4288387995
0.12826021 0.42398518 0.13492368 4288387995
0.17615721 0.42319906 0.12601237 4288387995
0.22462973 0.42731181 0.11728188 4288387995
0.26918089 0.43929413 0.10973826 4288387995
0.84654355 0.4468894 0.10184454 4288387995
0.87028307 0.42382279 0.10178799 4288387995
1.1425018 0.41617253 0.13208193 4288387995
1.1616664 0.43675679 0.11492346 4288387995
1.2165602 0.42100263 0.11031973 4288387995
1.3900172 0.42934978 0.10400707 4288387995
1.4244635 0.42413384 0.12607576 4288387995
1.4568501 0.42665926 0.14668696 4288387995
-1.6764443 0.47653145 0.14141893 4288387995
-1.4900309 0.46466577 0.14448993 4288387995
0.084771872 0.47137052 0.14574945 4288387995
0.12390999 0.47586781 0.13876931 4288387995
0.17555012 0.47576562 0.12920521 4288387995
0.22637109 0.47303301 0.11963895 4288387995
0.27541599 0.476107 0.1107416 4288387995
0.31740713 0.47703469 0.10302395 4288387995
0.83995688 0.45328987 0.10186023 4288387995
1.1412269 0.49046803 0.11039449 4288387995
1.1696273 0.47451216 0.12394759 4288387995
1.3926651 0.47417247 0.10486574 4288387995
1.4247122 0.47523782 0.12528782 4288387995
1.4568244 0.47491899 0.14577678 4288387995
1.5796379 0.48130012 0.12103934 4288387995
-1.6836894 0.52444726 0.14573886 4288387995
-0.017623713 0.54373652 0.10161617 4288387995
0.024326781 0.53056169 0.10166252 4285558896
0.085167184 0.51930702 0.12707528 4286808963
0.12636279 0.52635401 0.14127408 4288387995
0.17655648 0.52574247 0.13194783 4288387995
0.2256311 0.52269715 0.12268633 4288387995
0.27627555 0.52627009 0.11352216 4288387995
0.32348984 0.525249 0.10472354 4288387995
1.0863035 0.5411157 0.11044899 4288387995
1.1152345 0.51443762 0.11042028 4288387995
1.1892689 0.5220719 0.12782806 4288387995
1.2046152 0.54049486 0.10773433 4288387995
1.3926702 0.52512592 0.10392512 4288387995
1.4264873 0.52216077 0.12555076 4288387995
1.4584537 0.52689558 0.14585315 4288387995
1.5247997 0.52881473 0.12100812 4288387995
1.5566629 0.50120783 0.12102626 4288387995
-0.64719009 0.59449327 0.10538599 4288387995
-0.17277542 0.59246123 0.10144474 4288387995
-0.12543061 0.57759178 0.10149707 4288387995
-0.074852541 0.56170738 0.10155295 4288387995
-0.04396987 0.55201113 0.10158705 4288387995
0.093546808 0.56363779 0.14953245 4288387995
0.12436344 0.57575816 0.14453927 4288387995
0.17970619 0.57578665 0.13429774 4288387995
0.22852616 0.57402235 0.12515827 4288387995
0.27643162 0.5771966 0.11647774 4288387995
0.32519808 0.57416761 0.10727422 4288387995
0.36007175 0.58040088 0.10118502 4288387995
0.47094923 0.59870398 0.12583601 4284900966
1.0378306 0.58581311 0.11049708 4288322202
1.0638407 0.56182957 0.11047127 4288387995
1.1972051 0.55768073 0.14730513 4288387995
1.2131789 0.57460988 0.12381686 4288387995
1.3942209 0.57389784 0.10401082 4288387995
1.4289417 0.57450026 0.12552974 4288387995
1.465461 0.57307696 0.13610111 4288387995
-0.66792238 0.62831485 0.10526858 4288387995
-0.35436586 0.64948487 0.10124415 4288387995
-0.32683882 0.64084399 0.10127454 4288387995
-0.27663264 0.62507623 0.10133001 4288387995
-0.22564137 0.60906392 0.10138634 4288387995
-0.19970933 0.6009171 0.101415 4288387995
0.13058577 0.62457019 0.14624785 4288387995
0.17401113 0.62625211 0.13830918 4288387995
0.22638096 0.62469214 0.12852466 4288387995
0.27715987 0.62382466 0.11907544 4288387995
0.32707673 0.6246174 0.10988289 4288387995
0.36439914 0.625063 0.10300131 4288387995
0.47107673 0.62982863 0.12589712 4284900966
1.2339549 0.62508577 0.12585589 4288387995
1.2504214 0.64512134 0.10460275 4288387995
1.3939 0.63157958 0.10848471 4288387995
1.4258187 0.62347651 0.12336019 4288387995
1.4602619 0.62788147 0.14513591 4288387995
-0.70708042 0.69218779 0.10504685 4288387995
-0.69240195 0.66824353 0.10512996 4288387995
-0.50775248 0.69765735 0.10107467 4288387995
-0.47495165 0.68735701 0.10111091 4288387995
-0.4274103 0.67242569 0.10116343 4288387995
-0.37432742 0.65575594 0.10122208 4288387995
0.13761047 0.67306691 0.14778969 4288387995
0.17570937 0.67533004 0.140871 4288387995
0.22413722 0.67525876 0.13190338 4288387995
0.27598533 0.67262334 0.12215253 4288387995
0.32596061 0.67528325 0.11305866 4288387995
0.37177771 0.67661208 0.10465646 4288387995
0.47971272 0.67096937 0.12599683 4284900966
1.2445345 0.6522975 0.1286203 4288387995
1.2523428 0.65039194 0.10547791 4288387995
1.3392713 0.68956572 0.12090249 4288387995
1.3721173 0.66384208 0.11797122 4288387995
1.4352806 0.65032995 0.12878522 4288387995
-0.72198778 0.71651232 0.10496239 4288387995
-0.66447574 0.74687749 0.10090151 4288387995
-0.61999023 0.737167 0.10512418 4288322202
-0.58134586 0.72034842 0.10285044 4288387995
-0.53128356 0.70504779 0.10104867 4288387995
0.14416178 0.7241894 0.1396379 4287466893
0.17350353 0.72720557 0.13849659 4287795858
0.22604358 0.72320414 0.13436027 4288387995
0.27406809 0.72600448 0.12563567 4288387995
0.32515347 0.7251386 0.11612978 4288387995
0.37566766 0.72558659 0.10680646 4288387995
0.40793553 0.72727734 0.10093329 4288387995
1.2838252 0.73760766 0.12087093 4288387995
1.3135775 0.71182847 0.12088786 4288387995
-1.1170931 0.76430416 0.12473575 4279505940
-1.0751309 0.78162491 0.12326475 4279505940
-1.0474181 0.7960192 0.11036696 4279505940
-0.9598133 0.79667228 0.12571087 4287598479
-0.81483853 0.7940942 0.10073542 4288387995
-0.77087206 0.78028762 0.10078399 4288387995
-0.72232211 0.76504129 0.10083763 4288387995
-0.68851674 0.75442266 0.10087498 4288387995
-0.62951052 0.77543724 0.11204307 4288387995
-0.0085974932 0.79907084 0.11036137 4288453788
0.024917532 0.78792107 0.11037737 4288387995
0.077304706 0.77049583 0.11040237 4287006342
0.11987218 0.75634122 0.11042267 4284900966
0.17962104 0.77259952 0.14584713 4288387995
0.22683284 0.77445865 0.13721773 4288387995
0.27590442 0.77590817 0.12822035 4288387995
0.32437247 0.77339369 0.11910212 4288387995
0.37398648 0.77556044 0.11004636 4288387995
0.41383028 0.77608538 0.10270256 4288387995
1.2585343 0.75952154 0.12085652 4288322202
-1.0558918 0.80604905 0.14681698 4279505940
-1.0302244 0.82489967 0.124608 4279505940
-0.92567456 0.83118314 0.12435114 4287072135
-0.87882471 0.81418931 0.10066471 4288387995
-0.84429288 0.80334747 0.10070285 4288387995
-0.66255248 0.83275104 0.1119625 4288387995
-0.64715272 0.80603957 0.11200006 4288387995
-0.15418953 0.84749007 0.11029193 4288387995
-0.12484195 0.83772814 0.11030593 4288387995
-0.076177202 0.82154453 0.11032914 4288387995
-0.03266231 0.80707067 0.11034991 4288387995
0.18467785 0.82369328 0.14790547 4288387995
0.22666103 0.81922966 0.13987325 4288387995
0.27700466 0.81925541 0.13055691 4288387995
0.32442915 0.82013845 0.12183111 4288387995
0.37460923 0.8161487 0.11230959 4288387995
0.42341143 0.81628454 0.10328487 4288387995
1.6852449 0.84360766 0.13382542 4288387995
-1.0065832 0.87351352 0.1241648 4279505940
-0.99931669 0.89768994 0.11042745 4279505940
-0.90498942 0.8737694 0.12538624 4286019447
-0.89912069 0.89676273 0.12532249 4285295724
-0.68079185 0.86438257 0.11191804 4288387995
-0.55331165 0.88692158 0.11984442 4288387995
-0.54566514 0.87271273 0.11983331 4288322202
-0.30285913 0.89693666 0.110221 4288387995
-0.27288821 0.88696891 0.1102353 4288387995
-0.22319326 0.87044162 0.11025901 4288387995
-0.17876016 0.85566097 0.11028021 4288387995
-0.066026151 0.89041114 0.12312948 4286216826
-0.024113545 0.8873468 0.12513673 4288256409
0.018129008 0.89038771 0.12271556 4288453788
0.15730068 0.89788836 0.12581314 4289374890
1.6300378 0.88795692 0.13369642 4288387995
1.6600456 0.86384648 0.13376652 4288387995
-1.1559826 0.94988173 0.13649677 4284900966
-1.1224768 0.93963182 0.12570879 4287532686
-1.0772355 0.94541609 0.12552181 4287598479
-1.0006856 0.93548733 0.12198918 4282071867
-0.99868357 0.92629856 0.12605293 4279440147
-0.90054303 0.94524086 0.12523139 4279440147
-0.89831579 0.91980779 0.12527685 4284900966
-0.57402152 0.9254272 0.11987454 4288387995
-0.45470631 0.94743776 0.11014856 4288387995
-0.42409205 0.93725777 0.11016317 4288387995
-0.37333408 0.92037392 0.11018737 4288387995
-0.3279523 0.90528363 0.11020902 4288387995
-0.12368231 0.92811549 0.12445237 4284900966
-0.092311628 0.90302527 0.12440041 4284900966
-0.0076953331 0.93291396 0.13103108 4287137928
0.027263569 0.92604929 0.12610756 4288848546
0.073089175 0.93345606 0.12605324 4288453788
0.11763604 0.92454827 0.12973402 4284966759
0.17869489 0.93009162 0.12631565 4287203721
1.0841141 0.94880503 0.12473188 4285493103
1.5756767 0.93163234 0.13356939 4288387995
1.6052155 0.90789938 0.13363841 4288387995
-1.2109684 0.98914737 0.12539724 4284900710
-1.176384 0.96611643 0.12542796 4284900966
-1.1252812 0.95413393 0.12523131 4285229931
-1.0712355 0.95799351 0.12524585 4287203721
-1.0242383 0.97234052 0.1245185 4288914339
-0.98964792 0.98887461 0.12574027 4290164406
-0.90981859 0.97615319 0.12498508 4282861383
-0.88917333 0.99294406 0.12595472 4288387995
-0.6088587 0.99195051 0.11746217 4288387995
-0.58328253 0.98176897 0.11289395 4288387995
-0.52669883 0.97138464 0.11011422 4288387995
-0.48033917 0.95596439 0.11013633 4288387995
-0.15687181 0.9899404 0.1249702 4284900966
-0.12239958 0.98679674 0.12560342 4284572001
-0.075105421 0.9747324 0.12540929 4284506208
-0.025502009 0.97075325 0.12590909 4285032552
0.024206314 0.9618029 0.12564808 4286414205
0.074235842 0.97421938 0.12450042 4286611584
0.12133442 0.97858429 0.12516208 4283782484
0.19602081 0.97695363 0.12630554 4285690482
0.22280002 0.96601057 0.13173576 4284900966
0.71255529 0.98023707 0.10926665 4284900966
0.99223369 0.99187982 0.124993 4284900966
1.0253981 0.97038954 0.12519367 4284900966
1.0663617 0.95637405 0.1255054 4285098345
1.1225317 0.95530927 0.1253299 4287072135
1.1519645 0.96180743 0.12497781 4288453788
1.5317978 0.96688777 0.13346688 4288387995
1.5784211 0.98177695 0.11165026 4288387995
1.6248615 0.99289882 0.10152358 4288387995
1.6757835 0.98886019 0.10352706 4288387995
-1.2509421 1.0468819 0.12574573 4284900966
-1.2263268 1.0237054 0.12350744 4284769892
-1.1802791 1.0165228 0.11115658 4284900966
-1.0205896 1.0222809 0.12778151 4290032820
-0.96784991 1.0248486 0.1253638 4291151301
-0.93820512 1.0218315 0.12516397 4290822337
-0.86375576 1.0230705 0.12605403 4288387995
-0.75767279 1.0482051 0.11000402 4288387995
-0.72575533 1.0375887 0.11001924 4288387995
-0.67284167 1.0199904 0.11004449 4288387995
-0.62898827 1.0169276 0.1157148 4288387995
-0.48282492 1.044921 0.1287754 4288322202
-0.17542098 1.0277743 0.12699486 4281545523
-0.12831296 1.0236197 0.12584139 4284111450
-0.030545201 1.0077093 0.12675744 4284900966
0.026953727 1.0181744 0.12597939 4286216826
0.093114488 1.0261613 0.12495992 4288980132
0.12683806 1.0269746 0.12621379 4289374890
0.19602475 1.0252056 0.12515771 4282598211
0.26797271 1.0144482 0.1208933 4284900966
0.68721455 1.0231944 0.10924631 4284900966
0.9724949 1.0230427 0.12590098 4284900966
1.0706193 1.0454791 0.12561904 4284900966
1.385381 1.0408303 0.10138436 4288387995
1.4270656 1.0388911 0.10346259 4288387995
1.4764029 1.0349722 0.10540167 4288387995
1.5271881 1.0284864 0.10661118 4288387995
1.5753369 1.0251099 0.10864715 4288387995
1.6247859 1.0253704 0.11193404 4288387995
1.6751236 1.0242578 0.11483798 4288387995
-1.6906128 1.0722895 0.10252646 4288387995
-1.2564971 1.0740796 0.12521413 4284900966
-1.2268538 1.0699644 0.11433173 4284508000
-1.0034864 1.0765975 0.12596706 4290493371
-0.95536268 1.0708865 0.12521094 4290888129
-0.9473632 1.0805488 0.12707692 4286229114
-0.82997227 1.0669968 0.11808327 4288387995
-0.77904397 1.0553101 0.10999384 4288387995
-0.50698906 1.0935318 0.12892619 4288387995
-0.49349901 1.0663847 0.12884198 4288387995
-0.21081881 1.0720116 0.12464926 4278848010
-0.15706551 1.083274 0.12464456 4283387727
-0.143581 1.0666124 0.12549892 4284900966
-0.037949204 1.0625318 0.13204056 4284900966
0.093514554 1.0764929 0.12509955 4290493371
0.14667167 1.0736613 0.12568748 4291414473
0.16939674 1.0766734 0.12586388 4291348680
0.6457504 1.093469 0.10921306 4284900966
0.66173667 1.0663743 0.10922588 4284900966
0.94935274 1.0941522 0.12520745 4284900966
0.96667129 1.0758505 0.1252501 4284900966
1.0234803 1.0588601 0.12544158 4284900966
1.3883948 1.0675877 0.11016195 4288387995
1.424777 1.0758559 0.11517062 4288387995
1.4730028 1.075225 0.11809225 4288387995
1.5244164 1.0751879 0.12141093 4288387995
1.5741996 1.0756509 0.1247845 4288387995
1.6248978 1.0737695 0.12746502 4288387995
1.6743912 1.0756156 0.13126343 4288387995
-1.677639 1.1196578 0.10226879 4288387995
-1.3576657 1.1462052 0.12489273 4279374354
-1.2553728 1.1215521 0.12611111 4284900966
-1.2471707 1.1354986 0.11798424 4284835173
-0.95329148 1.1258527 0.1251667 4290823360
-0.94930017 1.1108752 0.12752689 4291085508
-0.52345663 1.126669 0.12902899 4288387995
-0.22162195 1.1137197 0.12618662 4278848010
-0.1606745 1.1230906 0.12541847 4284572001
-0.14409244 1.1294229 0.12521502 4284900966
-0.077787735 1.1372359 0.12099198 4284900966
-0.021062762 1.1332 0.12451115 4287795858
0.024477433 1.1483256 0.12567846 4289177511
0.080944635 1.1300381 0.1249095 4290822336
0.13037953 1.1303407 0.12546293 4290691007
0.15328828 1.1202983 0.12341247 4291085508
0.48202768 1.1495918 0.10013315 4288387995
0.51375788 1.1488037 0.10002956 4288387995
0.62648153 1.1261251 0.10919759 4284900966
0.94684917 1.1285583 0.12684113 4285295724
0.95878953 1.1143882 0.12519403 4284966759
1.4321759 1.1215987 0.13032183 4288387995
1.4744868 1.127486 0.13495106 4288387995
1.5245398 1.1242772 0.13716421 4288387995
1.5731593 1.1258316 0.14081229 4288387995
1.6232713 1.1222708 0.14291632 4288387995
1.6744263 1.1166455 0.14442587 4288387995
-1.6641952 1.1687456 0.10200176 4288387995
-1.3674308 1.1769811 0.12469478 4279374354
-1.2345102 1.1721635 0.12368883 4281940281
-0.96939969 1.1725342 0.12541941 4290098613
-0.55434489 1.1888291 0.12922183 4288387995
-0.54300308 1.1660014 0.12915099 4288387995
-0.44055319 1.1725624 0.10314486 4288387995
-0.2517958 1.1990266 0.12104163 4288387995
-0.22432986 1.1892756 0.1210338 4288387995
-0.16212776 1.1746907 0.12515119 4285427310
-0.13171953 1.1723278 0.12483528 4284900966
0.037361782 1.1769071 0.12307359 4291019715
0.057701249 1.1601216 0.12971477 4290756543
0.13026346 1.1773471 0.12531689 4289638574
0.43822074 1.1506805 0.10027616 4288387995
0.45689607 1.1502233 0.10021516 4288387995
0.59098327 1.1862988 0.10916911 4284900966
0.60392559 1.1643639 0.10917949 4284900966
0.93697441 1.1762292 0.12510008 4284900966
1.0840296 1.1911285 0.12449552 4284900966
1.445639 1.1595312 0.14336088 4288387995
1.4739437 1.1628748 0.14626674 4288387995
1.5230085 1.1577308 0.14779519 4288387995
1.5590968 1.1511748 0.14803004 4288387995
-1.6538043 1.2066872 0.10179538 4288387995
-1.6467056 1.2326038 0.1016544 4288387995
-1.3706695 1.2223274 0.12618394 4279374354
-1.16572 1.2332083 0.12501761 4284835173
-1.1260611 1.2456505 0.12520468 4285098345
-1.0750846 1.2462246 0.125567 4285624689
-1.0248051 1.2284373 0.12544054 4287466893
-0.99437523 1.2061347 0.12544371 4288848546
-0.56874728 1.2178038 0.1293117 4288387995
-0.40916336 1.2467839 0.13925774 4288322202
-0.3683826 1.240432 0.12107491 4288387995
-0.32374677 1.2245816 0.12106217 4288387995
-0.27938902 1.2088307 0.12104952 4288387995
-0.1227494 1.218416 0.12579785 4281095212
-0.072540976 1.2304461 0.12373685 4284900709
-0.026767934 1.2466372 0.12458722 4284900966
0.025965089 1.2415501 0.12803154 4285822068
0.074858882 1.2312214 0.12525459 4286808963
0.10808816 1.2096519 0.12519832 4288453788
0.56824034 1.2248341 0.10915089 4284900966
0.93585193 1.2026674 0.12509112 4284900966
1.0373753 1.2290776 0.12649255 4284900966
1.0595235 1.2070103 0.1224229 4284900966
-1.6992164 1.2923615 0.11080316 4288387995
-1.6357905 1.2724626 0.10143758 4288387995
-1.3647952 1.2532755 0.12519178 4279440147
-0.52111202 1.2946714 0.12111851 4288387995
-0.47552949 1.2784855 0.12110551 4288387995
-0.42384768 1.2689766 0.13026002 4288322202
-0.39641139 1.2503855 0.12108291 4288387995
-0.084960386 1.264443 0.1261088 4278216192
-0.013651183 1.2514727 0.12511487 4284900966
0.019936407 1.2519237 0.12537482 4284900966
0.53886032 1.274627 0.10912732 4284900966
0.98243016 1.2822348 0.1216755 4284900966
1.012023 1.2753682 0.12478416 4281545523
-1.6887759 1.3341309 0.11071332 4288387995
-1.6207712 1.3273008 0.10113928 4288387995
-0.66547233 1.3459364 0.1211597 4288387995
-0.62477612 1.3314852 0.12114809 4288387995
-0.57275778 1.3130116 0.12113324 4288387995
-0.54401171 1.302804 0.12112503 4288387995
-0.45453072 1.3468229 0.13981469 4288387995
-0.44298851 1.3213753 0.13967304 4288387995
0.39698169 1.3463261 0.13363601 4284900966
0.51589149 1.3135682 0.10910887 4284900966
0.94794369 1.3434815 0.12169271 4284900966
0.96177238 1.3189391 0.12168583 4284900966
1.0037975 1.3245642 0.12457462 4278848010
-1.6780632 1.3769879 0.11062112 4288387995
-1.6051648 1.3842816 0.10082932 4288387995
-0.80680591 1.396131 0.12120004 4288387995
-0.77122557 1.3834932 0.12118988 4288387995
-0.72403944 1.3667369 0.12117641 4288387995
-0.68883908 1.354236 0.12116638 4288387995
-0.46919966 1.3791739 0.13999481 4288387995
-0.37446177 1.3563811 0.11111552 4288322202
0.38011009 1.3527868 0.13365677 4284900966
0.59739518 1.3739941 0.10978876 4288387995
0.62559259 1.3745047 0.10975027 4288387995
0.67564631 1.37541 0.10968194 4288387995
0.72660941 1.3763355 0.10961237 4288387995
0.77108788 1.3771404 0.10955165 4288387995
0.82393682 1.3780971 0.1094795 4288387995
0.87777108 1.3790731 0.109406 4288387995
0.92810482 1.3767051 0.11640442 4286348412
0.97259307 1.3807932 0.10927656 4288387995
1.0109603 1.3671141 0.12206454 4280427042
1.0623993 1.3824446 0.10915391 4288387995
-1.6669949 1.4212682 0.11052588 4288387995
-1.5930746 1.4284346 0.10058914 4288387995
-0.83062845 1.4045901 0.12120683 4288387995
-0.49008569 1.4252347 0.14025126 4288387995
0.89572692 1.4362104 0.12171876 4284900966
0.90970826 1.4113834 0.12171178 4284900966
1.0808499 1.4482245 0.10897589 4288387995
-1.6556294 1.4667369 0.11042807 4288387995
-1.6478465 1.4978714 0.1103611 4288387995
-1.5805776 1.4740652 0.10034093 4288322715
-0.50529093 1.4587712 0.14043799 4288387995
0.02180329 1.4900451 0.13409795 4284900966
0.051414281 1.478708 0.13406152 4284900966
0.8746776 1.4736056 0.12172927 4284900966
0.98705387 1.4902476 0.10903344 4288387995
1.0279349 1.4719353 0.10900835 4288387995
1.0631598 1.4561477 0.10898675 4288387995
-1.6399035 1.5296485 0.11029274 4288387995
-1.5677404 1.5209373 0.10008596 4288322715
-0.11598142 1.5428286 0.13426761 4288387995
-0.073762268 1.5266567 0.13421562 4286874756
-0.025815345 1.5082893 0.13415658 4284900966
0.83939075 1.5362649 0.12174687 4284900966
0.86944646 1.5299621 0.11331376 4287203721
0.92334491 1.5187874 0.10907254 4288387995
0.95801228 1.5032604 0.10905125 4288387995
-1.6276559 1.5786449 0.11018735 4288387995
-0.27003571 1.5883455 0.12977779 4288387995
-0.2196036 1.5825247 0.13439518 4288387995
-0.17065273 1.5637739 0.13433492 4288387995
-0.14021778 1.5521128 0.13429743 4288387995
0.74709654 1.5977511 0.10918067 4288387995
0.77520514 1.5851524 0.10916343 4288387995
0.82254094 1.5675721 0.11474344 4286808963
-1.6943185 1.6218216 0.12074842 4288387995
-1.615062 1.6290284 0.11007897 4288453788
-0.37478557 1.6419748 0.13458627 4288387995
-0.33099666 1.625199 0.13453236 4288387995
-0.28746238 1.6085234 0.13447876 4288387995
0.64143026 1.6450726 0.10924554 4288387995
0.67462027 1.6302111 0.10922516 4288387995
0.71912825 1.6102728 0.10919784 4288387995
0.7890138 1.6345998 0.12165856 4285756275
0.82302022 1.6367601 0.12144598 4287466893
0.86334968 1.6492893 0.12136495 4288387995
-1.6825712 1.6738377 0.12080916 4288387995
-1.6064258 1.6635804 0.11000465 4288387995
-1.5976021 1.6988811 0.10992872 4288387993
-0.50779855 1.6929315 0.13475007 4288387995
-0.4695529 1.6782763 0.13470297 4288387995
-0.42516866 1.6612749 0.13464831 4288387995
-0.39992559 1.6516032 0.13461722 4288387995
0.54836631 1.6867685 0.10930264 4288387995
0.57560611 1.6745629 0.10928593 4288387995
0.61392117 1.6573995 0.10926241 4288387995
0.76441807 1.6694098 0.12178427 4284900966
0.88820219 1.6509511 0.1213845 4288387996
0.93012029 1.6537523 0.12141749 4288387995
0.98123866 1.6571712 0.1214577 4288387995
1.0245302 1.6600652 0.12149176 4288387995
1.0685353 1.663009 0.12152638 4288387995
1.1222143 1.6665961 0.12156861 4288387995
1.1769097 1.6702571 0.12161165 4288387995
1.2232559 1.6733568 0.12164812 4288387995
1.270388 1.6765062 0.12168518 4288387995
1.324658 1.6766024 0.12958641 4286611584
-0.7275008 -1.6743984 0.15406987 4288387995
-0.67673206 -1.6811962 0.16114004 4288387995
-0.6192252 -1.6711195 0.16878852 4288387995
-0.56131917 -1.6759135 0.17679261 4288387995
-0.51147825 -1.6791168 0.18366334 4288387995
-0.45532522 -1.6733383 0.19121401 4288387995
-0.39602306 -1.6771896 0.19938983 4288387995
-0.30936968 -1.6861614 0.15014687 4288387995
-0.27430829 -1.6871599 0.15235469 4288387995
-0.23823336 -1.6969322 0.15616503 4288387995
-0.16395414 -1.6902577 0.15555857 4288387995
-0.12137166 -1.6849598 0.16266795 4288387995
-0.077613644 -1.6750114 0.16973698 4288387995
-0.024786187 -1.6790309 0.17911272 4288387995
0.024028361 -1.6686857 0.18703797 4288387995
0.0662627 -1.6759424 0.19474605 4288387995
1.2910557 -1.6876669 0.15009831 4288387995
1.475341 -1.6928928 0.19773012 4288126361
1.5731387 -1.6784229 0.1643011 4288387995
-0.71865666 -1.6244777 0.15426691 4288387995
-0.681813 -1.62682 0.15934536 4288387995
-0.63343412 -1.6285999 0.16598734 4288387995
-0.57825762 -1.6255872 0.17346089 4288387995
-0.52574062 -1.6234152 0.18058799 4288387995
-0.49724948 -1.608073 0.18416791 4288387995
-0.4450759 -1.6236107 0.19160688 4288387995
-0.38556054 -1.6279719 0.19982186 4288387995
0.02817367 -1.6411685 0.1863118 4288387995
0.080700777 -1.6308028 0.19488005 4288387995
1.531352 -1.6274456 0.16372868 4288387995
-0.70990783 -1.5750933 0.15446182 4288387995
-0.67288154 -1.5775015 0.15956655 4288387995
-0.63140571 -1.5710886 0.1651001 4288387995
-0.58827728 -1.5729344 0.17102674 4288387995
-0.54192066 -1.5763775 0.17742638 4288387995
-0.49078622 -1.5758005 0.1843971 4288387995
-0.434903 -1.574255 0.1919968 4288387995
1.4298496 -1.5708649 0.16645235 4288583834
1.4865253 -1.5727594 0.16311464 4288387995
1.5067213 -1.5973997 0.16339128 4288387995
-0.7028811 -1.5354424 0.15461838 4288387995
-0.67370242 -1.5225438 0.15834172 4288387995
-0.62227052 -1.5218043 0.16534974 4288387995
-0.57915866 -1.524935 0.17129998 4288387995
-0.53222871 -1.5266483 0.17774305 4288387995
-0.48009127 -1.5223954 0.18477634 4288387995
-0.42481011 -1.5252913 0.19238368 4288387995
1.4350491 -1.5099624 0.1624095 4288387995
1.4585079 -1.5342621 0.1679543 4288387996
-1.69006 -1.4550402 0.19730386 4288387995
-0.72653854 -1.4696875 0.15005672 4288387995
-0.67354405 -1.476666 0.15743445 4288387995
-0.61293012 -1.471411 0.16560499 4288387995
-0.56964177 -1.4748242 0.17158511 4288387995
-0.52259982 -1.4772433 0.17805764 4288387995
-0.47007552 -1.472375 0.18513145 4288387995
-0.41461176 -1.4758219 0.19277464 4288387995
1.3927084 -1.4583094 0.1618295 4288387995
1.4118248 -1.4816283 0.16209136 4288387995
-1.6781306 -1.4221915 0.19276504 4288387995
-1.6375959 -1.4086096 0.19731237 4288387995
-0.7186805 -1.4243927 0.15021273 4288387995
-0.68368524 -1.4271002 0.15504603 4288387995
-0.6245594 -1.423748 0.16305198 4288387995
-0.56025398 -1.4254125 0.17186643 4288387995
-0.51287186 -1.4273282 0.17837545 4288387995
-0.46003857 -1.4222689 0.18548742 4288387995
-0.40440446 -1.4263058 0.19316591 4288387995
1.3663574 -1.4261631 0.16146854 4288387995
1.4161575 -1.4133447 0.15480071 4288453275
1.6897676 -1.4142733 0.17778978 4288387995
-1.6734765 -1.3739882 0.18378577 4288387995
-1.6275754 -1.37468 0.19220898 4288387995
-1.5852582 -1.3644756 0.19776587 4288387995
-1.103781 -1.3811662 0.15284409 4288387995
-1.0752794 -1.365643 0.17097163 4283067210
-1.0281935 -1.3559387 0.16181089 4288322202
-0.99485046 -1.351687 0.17600858 4288519581
-0.71005023 -1.374645 0.15038408 4288387995
-0.6747629 -1.3767353 0.1552448 4288387995
-0.63694841 -1.3791199 0.16045664 4288387995
-0.57872337 -1.3765814 0.16835582 4288387995
-0.51901037 -1.3766099 0.17651027 4288387995
-0.47095099 -1.3725237 0.18299009 4288387995
-0.44723457 -1.3583465 0.18594149 4288387995
-0.39409143 -1.3762656 0.1935612 4288387995
1.2924259 -1.3523434 0.18056467 4288387995
1.3228428 -1.3730791 0.16087243 4288387995
1.4431032 -1.3692369 0.17117134 4288322715
1.5060614 -1.3616244 0.19531412 4288387995
1.6446478 -1.3643715 0.17702138 4288387995
1.6670719 -1.3891746 0.17740329 4288387995
-1.6756545 -1.3241141 0.1732334 4288387995
-1.625765 -1.3255612 0.18253008 4288387995
-1.5799475 -1.3396263 0.19366233 4288387995
-1.1179978 -1.3227262 0.17498089 4281413937
-1.0608037 -1.3392318 0.18461566 4287664272
-1.0231291 -1.3412077 0.18058877 4287993237
-0.97388023 -1.3352307 0.17543948 4288453788
-0.92763263 -1.3199705 0.17140219 4288387995
-0.87910116 -1.3131804 0.16079228 4288387995
-0.82949883 -1.3059578 0.15510722 4288387995
-0.70327616 -1.3356109 0.15051861 4288387995
-0.67547339 -1.3228618 0.15405707 4288387995
-0.62698287 -1.3240986 0.16070348 4288387995
-0.58565289 -1.3242596 0.16635048 4288387995
-0.54142988 -1.3263084 0.17243046 4288387995
-0.49391103 -1.3300523 0.17899497 4288387995
-0.44019708 -1.3232021 0.18619101 4288387995
-0.38406166 -1.327613 0.19394568 4288387995
0.93526489 -1.314921 0.15681817 4288387995
1.0897622 -1.3180935 0.16763204 4288387995
1.1035286 -1.336278 0.1678502 4288387995
1.2774525 -1.3256061 0.17026141 4288387995
1.3004003 -1.3456991 0.160565 4288387995
1.4817183 -1.3350629 0.19289714 4288387739
1.5273175 -1.3012519 0.15238413 4288387995
1.5828826 -1.3074211 0.16451466 4288387995
1.6188066 -1.3313189 0.17194381 4288387995
1.6707507 -1.3242885 0.15399128 4288387995
-1.6818938 -1.2857251 0.1642877 4288387995
-1.646152 -1.2961624 0.17286295 4288387995
-1.1297796 -1.265362 0.17558715 4285558896
-1.0866135 -1.2512411 0.17511997 4286743170
-0.90316457 -1.2910753 0.18801911 4288387995
-0.87420034 -1.2868685 0.18468907 4288387995
-0.82267165 -1.2789361 0.17919311 4288387995
-0.77580523 -1.2734492 0.17254399 4288387995
-0.72970659 -1.2655388 0.16840491 4288387995
-0.67758548 -1.2673723 0.15772524 4288387995
-0.62374878 -1.2639213 0.15793686 4288387995
-0.57629788 -1.2737951 0.16660616 4288387995
-0.53195387 -1.2764124 0.17271435 4288387995
-0.48306307 -1.274386 0.17934938 4288387995
-0.43021545 -1.2733576 0.18654494 4288387995
-0.37392771 -1.2784586 0.19433415 4288387995
-0.057648063 -1.2606747 0.174257 4284900966
-0.026327167 -1.2639016 0.17555648 4284835173
0.01552982 -1.2589339 0.17468886 4286874757
0.051072121 -1.2552822 0.17931129 4288387995
1.0402194 -1.2527683 0.18101628 4284900966
1.0795538 -1.2577052 0.1741613 4285493103
1.1019838 -1.2524675 0.17594293 4286348412
1.2313823 -1.2615055 0.15961957 4288387995
1.2544316 -1.289624 0.15993531 4288387995
1.3275048 -1.2691622 0.15014526 4288387995
1.3682256 -1.2757024 0.15060154 4288387995
1.4242153 -1.2846932 0.15122887 4288387995
1.4823318 -1.294027 0.15188009 4288387995
1.545082 -1.2542424 0.17532583 4288387995
1.5662699 -1.277679 0.17568666 4288387995
-1.2076721 -1.2047076 0.1748471 4284835173
-1.1693463 -1.2213683 0.17410691 4284835173
-1.135112 -1.2288088 0.17534882 4284966759
-1.0174363 -1.2251821 0.17201857 4289638062
-0.99464101 -1.2065772 0.17908247 4290427578
-0.76241988 -1.2459024 0.19546728 4288387995
-0.71733314 -1.2397002 0.18995334 4288387995
-0.67136514 -1.2335207 0.1772251 4288387995
-0.62271094 -1.2261697 0.17394339 4288387995
-0.57520932 -1.2230694 0.1698878 4288387995
-0.52765894 -1.2184268 0.16844276 4288387995
-0.47708267 -1.2127709 0.16710177 4288387995
-0.42598364 -1.2194079 0.1773411 4288387995
-0.36329722 -1.2268784 0.19474161 4288387995
-0.12326969 -1.2119495 0.17576122 4284506208
-0.077869982 -1.2302502 0.17570128 4284506208
-0.025985479 -1.2395999 0.17090915 4284966759
0.019426528 -1.2410326 0.17385314 4286611328
0.079254471 -1.2287613 0.17495036 4287868307
0.11121447 -1.2046115 0.17439277 4290427578
0.99090558 -1.2116925 0.17694302 4284835173
1.0235987 -1.2252579 0.17457317 4284835173
1.0699718 -1.2249049 0.17503428 4285032552
1.122604 -1.2398547 0.1748915 4286940549
1.1666987 -1.232784 0.17498203 4288980132
1.2097777 -1.235149 0.15932362 4288387995
1.4368385 -1.217909 0.16105065 4288321944
1.4733378 -1.2053175 0.162425 4288387995
1.519611 -1.2222106 0.1715243 4288387995
1.5806427 -1.2195342 0.16399536 4288387995
1.6288178 -1.2259178 0.16470039 4288387995
1.6786325 -1.2325176 0.1654294 4288387995
-1.3135365 -1.1648015 0.18257068 4284900966
-1.2944337 -1.1673812 0.15857051 4284900966
-1.220794 -1.1710982 0.17512447 4284900966
-1.1851481 -1.1853385 0.17574948 4284900966
-1.1267251 -1.177418 0.17507826 4284900966
-0.9673757 -1.1728345 0.1749348 4291151301
-0.92958575 -1.156983 0.1753194 4287006342
-0.56844062 -1.1952471 0.19034116 4288387995
-0.51905149 -1.1894065 0.18559949 4288387995
-0.4690145 -1.1805319 0.18269412 4288387995
-0.42014971 -1.175319 0.17941269 4288387995
-0.37179828 -1.1760639 0.17323357 4288387995
-0.33264294 -1.1620106 0.16834074 4288387995
-0.27525496 -1.1581892 0.15566137 4288387995
-0.15088277 -1.1511562 0.18493204 4282532418
-0.13226633 -1.1780927 0.17511809 4284572001
0.13183932 -1.1717353 0.17482258 4290690750
0.97388053 -1.1777207 0.17517424 4284835173
1.0239141 -1.1942577 0.1750847 4284900966
1.0945376 -1.199374 0.17519453 4284900966
1.1131486 -1.1946979 0.17529792 4284900966
1.4152212 -1.1976173 0.16157448 4288387995
1.4754933 -1.1803789 0.17657843 4288387994
-1.6774436 -1.1111943 0.15346099 4288387995
-1.6390475 -1.1103354 0.15346986 4288387995
-1.3188541 -1.1287315 0.17540427 4284835173
-1.250543 -1.1076335 0.17740977 4284900966
-1.2346536 -1.1261128 0.17479481 4284900966
-1.1844604 -1.12405 0.17481893 4284900966
-0.95400482 -1.1237549 0.17452773 4291414473
-0.93344736 -1.1225952 0.17494802 4289704367
-0.36792043 -1.1444393 0.192312 4288387995
-0.32558304 -1.1379373 0.18955517 4288387995
-0.27947691 -1.1318101 0.18193731 4288387995
-0.23165864 -1.1254362 0.17589389 4288387995
-0.16225171 -1.1214176 0.17363653 4285887861
-0.13776372 -1.1246134 0.17406701 4285164138
-0.083214417 -1.1076775 0.1551955 4288387995
0.048634052 -1.1087539 0.18552987 4284900966
0.14497133 -1.1293998 0.1750831 4291414473
0.15132427 -1.1152755 0.17509651 4290953922
0.21531391 -1.1446097 0.19926311 4284900966
0.68806857 -1.1012783 0.15093288 4288387995
0.73018044 -1.1068586 0.15154918 4288387995
0.7737456 -1.1126302 0.15218674 4288387995
0.81906146 -1.1186343 0.15284991 4288387995
0.87567854 -1.1261345 0.15367849 4288387995
0.9411267 -1.1188951 0.1738912 4284770404
0.95272154 -1.1254835 0.17505433 4284507744
1.4176533 -1.1137289 0.15020464 4288191129
1.6349084 -1.1181743 0.16921864 4288849315
1.6696372 -1.1374407 0.17675097 4288453788
-1.6745454 -1.0738864 0.16473836 4288387995
-1.6429287 -1.0736755 0.16459538 4288387995
-1.3185793 -1.0894554 0.17446934 4285098345
-1.2506777 -1.0919641 0.17866434 4284900966
-1.2307073 -1.074825 0.17374313 4284769892
-0.95600444 -1.0705066 0.17534226 4290756543
-0.93799275 -1.0771121 0.17376475 4288980132
-0.20223486 -1.0968773 0.1957151 4288387995
-0.15616207 -1.0787396 0.17778414 4285361517
-0.13307881 -1.0786767 0.17677307 4285295724
-0.077107966 -1.069513 0.179343 4285953654
-0.029430382 -1.0689502 0.17393328 4287203721
0.025995422 -1.0671616 0.16619635 4288387995
0.070522048 -1.0599766 0.16176324 4288387995
0.14510103 -1.0718096 0.17459787 4290559164
0.15179755 -1.0859551 0.17483334 4290164406
0.6395281 -1.0948488 0.15022251 4288387995
0.66351473 -1.0980251 0.15057355 4288387995
0.83828032 -1.0509455 0.16169925 4288322202
0.87665558 -1.054939 0.16239403 4288387995
0.93982267 -1.0739253 0.17490515 4284901222
0.95506382 -1.0708822 0.17466427 4284638562
1.0347236 -1.0741211 0.1749635 4287269514
1.4413513 -1.0797036 0.16469048 4288388508
1.6376519 -1.073875 0.17909047 4290756543
1.6569117 -1.059907 0.15853009 4290427578
-1.6744711 -1.0226995 0.17507343 4288387995
-1.6458988 -1.0272963 0.17865774 4288387995
-1.265412 -1.0212319 0.17511782 4283321934
-1.2285531 -1.0234871 0.17526999 4284900966
-1.0541087 -1.000352 0.17370652 4284900966
-1.0387421 -1.0153559 0.17450209 4285098345
-0.9706496 -1.0230641 0.1744424 4289506476
-0.92962402 -1.0423951 0.17616363 4282795590
-0.35724288 -1.0045002 0.15308586 4284900966
-0.34312779 -1.0210631 0.1534524 4284900966
-0.26153636 -1.0100855 0.16185527 4284900966
-0.23764664 -1.0363953 0.16257665 4284900966
-0.16067867 -1.0117227 0.17134608 4284900966
-0.12805952 -1.0247141 0.1762173 4285427310
-0.0900466 -1.0396606 0.19170216 4284900966
-0.019969832 -1.0440495 0.1826202 4285558896
0.02140215 -1.0413945 0.19198124 4288387995
0.076380476 -1.0328927 0.18615429 4288387995
0.12634143 -1.0229018 0.17458972 4289045925
0.16300304 -1.021834 0.17474096 4288387995
0.2202362 -1.0164189 0.16539256 4288124823
0.28515112 -1.0097344 0.15530774 4286611584
0.59990454 -1.0261451 0.15738346 4288387995
0.63117379 -1.0293986 0.15794957 4288387995
0.67964238 -1.0344419 0.15882711 4288387995
0.73023683 -1.039705 0.15974312 4288387995
0.77406609 -1.0442653 0.16053665 4288387995
0.81036341 -1.0480419 0.1611938 4288387995
0.94553339 -1.0380518 0.17416029 4284900966
0.96955681 -1.0216421 0.17510313 4284835173
1.0363529 -1.024626 0.17584147 4282729797
1.2310024 -1.0253749 0.17433275 4289704367
1.4754186 -1.0307961 0.18551481 4288322713
1.6458802 -1.0437959 0.1907333 4289967027
1.6769172 -1.0210803 0.17576566 4289045925
-1.6725223 -0.97723573 0.17542234 4288387995
-1.6251553 -0.97382778 0.15717196 4288387995
-1.5757155 -0.96558315 0.15405779 4288387995
-1.5303509 -0.96033502 0.15217525 4288387995
-1.4958382 -0.95301366 0.15156701 4288387995
-1.2153823 -0.98299927 0.17455021 4284900966
-1.1777115 -0.96633273 0.17562065 4284900966
-1.1267225 -0.96108836 0.17575732 4284900966
-1.074162 -0.96484339 0.17487997 4285032552
-1.0231371 -0.97227257 0.17549813 4287072135
-0.98973435 -0.99188852 0.17474964 4288453788
-0.4012289 -0.95288855 0.15194365 4284900966
-0.38121364 -0.97637141 0.15246336 4284900966
-0.30702156 -0.95997739 0.16048166 4284900966
-0.28457439 -0.98470068 0.1611595 4284900966
-0.20940503 -0.96141076 0.16967665 4284900966
-0.18647881 -0.98508149 0.17046212 4284900966
-0.11228564 -0.98235947 0.18036692 4284966759
-0.07422182 -0.96714979 0.174944 4284308829
-0.025664266 -0.95317215 0.1744424 4284243804
0.029022506 -0.95529294 0.1748089 4285098345
0.076841727 -0.9731971 0.17427541 4286545790
0.10781299 -0.99240589 0.17562681 4287203721
0.18585081 -0.99491483 0.19466372 4288387995
0.2397992 -0.98849791 0.18710631 4288387995
0.28242528 -0.98428738 0.18031308 4288387995
0.3265416 -0.97701079 0.17607172 4287927444
0.37279889 -0.9718082 0.16930556 4287006342
0.42086124 -0.96334827 0.16519338 4286216826
0.47125739 -0.9563629 0.15908018 4284900966
0.7389378 -0.97239882 0.1682221 4288387995
0.77439117 -0.97506553 0.16898848 4288387995
0.82028276 -0.97851968 0.16998051 4288387995
0.87764961 -0.98283577 0.1712206 4288387995
0.92747653 -0.98658609 0.17229772 4288387995
0.98572618 -0.98443532 0.17361316 4285164138
1.0226375 -0.97066146 0.17478973 4284506464
1.06897 -0.96137685 0.17465404 4282269246
1.1298453 -0.95586884 0.17520677 4285229931
1.1782961 -0.96939802 0.17498428 4287335307
1.2079217 -0.98806751 0.17483857 4288521373
1.3002113 -0.96651977 0.18102293 4278848010
1.4295331 -0.97445679 0.15520264 4288387995
1.6984406 -0.99554443 0.194958 4287664272
-1.6784283 -0.92665923 0.17089856 4288387995
-1.6247513 -0.92609715 0.1672729 4288387995
-1.5742424 -0.92569619 0.16382933 4288387995
-1.5257623 -0.92518562 0.16055509 4288387995
-1.4792771 -0.92455614 0.15745039 4288387995
-1.4274282 -0.92157221 0.15455258 4288387995
-1.377736 -0.91310221 0.15316395 4288387995
-1.3360342 -0.90509272 0.15222161 4288387995
-1.200997 -0.94853085 0.17538936 4284900966
-1.173349 -0.92650127 0.1751916 4284374622
-1.1203102 -0.94188911 0.17595872 4285953654
-1.0785522 -0.94428122 0.17635018 4285032552
-0.42368603 -0.92653722 0.1513605 4284900966
-0.35669321 -0.90526217 0.15898165 4284900966
-0.33222961 -0.93220842 0.15972041 4284900966
-0.26100391 -0.90813291 0.16790879 4284900966
-0.23564465 -0.93431646 0.16877764 4284900966
-0.16007245 -0.90709758 0.17756414 4284900966
-0.12270059 -0.92733616 0.18675253 4284900966
-0.02091662 -0.94808912 0.17504454 4284770147
0.016492726 -0.94933933 0.17509064 4284900966
0.3705622 -0.94487643 0.1956051 4288387995
0.41917831 -0.93941832 0.18848449 4288387995
0.46974793 -0.92990839 0.18473937 4287664272
0.52298421 -0.9257862 0.1751699 4286414205
0.57853878 -0.91754669 0.1689461 4284900966
0.63681161 -0.90888488 0.1624361 4284900966
0.88847429 -0.91026461 0.18040738 4288387995
0.92882663 -0.9121241 0.1814231 4288387995
0.97048706 -0.91404653 0.18247171 4288387995
1.0358717 -0.93997955 0.17507523 4285427310
1.0783671 -0.93773496 0.17531474 4284374622
1.124444 -0.93345755 0.17555515 4283124555
1.1684694 -0.91978031 0.17467594 4281216558
1.2268337 -0.91770083 0.17625155 4278848010
1.2695196 -0.93869144 0.17478116 4278848010
1.4622283 -0.93023813 0.17523845 4288453276
-1.6738292 -0.87519091 0.18331769 4288387995
-1.6255844 -0.87701482 0.17948231 4288387995
-1.574307 -0.87405521 0.17661841 4288387995
-1.5236344 -0.87877244 0.17189635 4288387995
-1.4772542 -0.87578064 0.16938384 4288387995
-1.4246163 -0.87698585 0.16539332 4288387995
-1.3739346 -0.87653393 0.16195042 4288387995
-1.3286728 -0.87418568 0.15935703 4288387995
-1.2713379 -0.85888755 0.15155753 4288322202
-1.1253836 -0.88634998 0.17409298 4284900966
-1.078755 -0.87636769 0.17410991 4284900966
-0.46662775 -0.87614769 0.15024538 4284900966
-0.42744148 -0.87397105 0.1540989 4284900966
-0.3834669 -0.87577069 0.15817314 4284900966
-0.30746669 -0.86015528 0.16631687 4284900966
-0.28550678 -0.88283449 0.1670693 4284900966
-0.2059108 -0.86281013 0.17581467 4284900966
-0.18536404 -0.88266706 0.17659892 4284900966
-0.10698786 -0.88685894 0.18987173 4284900966
0.57784384 -0.89346313 0.19213331 4288256409
0.63650715 -0.8868863 0.18353224 4285756275
0.69804829 -0.8785677 0.17586485 4284900966
0.76291507 -0.85963088 0.17749901 4284900966
1.1973722 -0.86965096 0.16940449 4288387995
1.2075927 -0.88096201 0.16957852 4288322202
1.4399736 -0.85205436 0.1595948 4288191645
1.4936481 -0.8877492 0.19449285 4288584093
-1.6743321 -0.82868564 0.19486642 4288387995
-1.6235342 -0.82672912 0.19178756 4288387995
-1.5741688 -0.82451946 0.18887201 4288387995
-1.5248295 -0.82529277 0.18521991 4288387995
-1.4733109 -0.82582027 0.18147583 4288387995
-1.4245361 -0.82417846 0.17846121 4288387995
-1.3734109 -0.82410324 0.17489387 4288387995
-1.3234535 -0.82724929 0.17061095 4288387995
-1.2782652 -0.81657773 0.16090621 4288322202
-0.41573882 -0.84022498 0.15719861 4284900966
-0.31820011 -0.84907788 0.16594918 4284900966
0.28859991 -0.84325123 0.19912735 4289243304
0.32212225 -0.81314009 0.19119208 4288716960
0.37562937 -0.81015599 0.19205645 4288190616
0.42943648 -0.81014168 0.18833889 4287401100
0.47779885 -0.81210798 0.17794727 4286414205
0.52383339 -0.8221938 0.17544362 4285756275
0.5717259 -0.83260304 0.17109643 4286743170
0.60481787 -0.80397642 0.17793442 4285887861
0.69812965 -0.8006779 0.16142675 4284900966
0.70282829 -0.8068862 0.1615012 4284900966
0.76324093 -0.84197128 0.19428928 4284900966
0.83170319 -0.83500451 0.18357456 4284900966
0.90451747 -0.81360644 0.18554381 4284900966
1.0489541 -0.83865809 0.19408496 4288387995
1.0833397 -0.8392309 0.19507414 4288387995
1.1305209 -0.84001493 0.19643146 4288387995
1.1793666 -0.84082866 0.19783664 4288387995
1.2299767 -0.84166968 0.19929257 4288387995
1.4705143 -0.81302941 0.17835274 4288387739
-1.6094111 -0.79454303 0.19876543 4288387995
-1.5725189 -0.79057634 0.19715953 4288387995
-1.5269179 -0.78200001 0.19608425 4288387995
-1.4737515 -0.77735573 0.19350506 4288387995
-1.4257554 -0.77562737 0.19056636 4288387995
-1.3780007 -0.77722013 0.18682256 4288387995
-1.327001 -0.77596331 0.18355639 4288387995
-1.2829648 -0.77476263 0.16654889 4288387995
0.33307591 -0.78332204 0.16801755 4287730065
0.37376064 -0.78510779 0.16588065 4287203721
0.42590073 -0.79179168 0.16312566 4286414205
0.46150318 -0.7971015 0.15772013 4285822068
0.53702909 -0.76246601 0.1516038 4284900966
0.55675513 -0.78983068 0.15186208 4284900966
0.62036413 -0.76860142 0.17671855 4287598479
0.67721426 -0.77304268 0.16109535 4284900966
0.82628369 -0.76851833 0.17184526 4284900966
0.90528083 -0.79939866 0.19892518 4284900966
0.98419172 -0.77755362 0.18647081 4284900966
1.0645051 -0.761603 0.1946359 4284900966
1.4294237 -0.76760662 0.15130094 4288387995
1.4755797 -0.77805245 0.18815455 4288322202
-1.4276893 -0.74510986 0.19825734 4288387995
-1.3729353 -0.7384066 0.19607605 4288387995
-1.323053 -0.72674173 0.18433334 4288387995
-1.2804689 -0.72571856 0.17721283 4288322202
0.49742436 -0.70752358 0.15108523 4284900966
0.5126012 -0.72857797 0.15128395 4284900966
0.63721186 -0.71999985 0.16946623 4287006342
0.65324891 -0.73440915 0.15784772 4286940549
0.78607196 -0.71815759 0.17109306 4284900966
0.80613494 -0.7432797 0.17146838 4284900966
0.94785678 -0.70241427 0.18321072 4284900966
0.96829337 -0.7265467 0.18365385 4284900966
1.1580137 -0.71900338 0.19770248 4284900966
1.4492211 -0.74363375 0.16348501 4288584345
1.4684907 -0.72030449 0.17534429 4288387995
-1.3136851 -0.67258453 0.15924679 4288387995
-1.277414 -0.67684245 0.1824086 4288387995
-1.2479143 -0.69251913 0.19866699 4288387995
0.47616133 -0.67802674 0.15080683 4287795858
0.59043896 -0.65840274 0.15972042 4287466893
0.62091005 -0.68631268 0.16919857 4285756275
0.66534024 -0.67153692 0.16715272 4289769648
0.74303055 -0.66424894 0.17028797 4284900966
0.76000452 -0.68550688 0.17060548 4284900966
0.92491913 -0.67532486 0.18271336 4284900966
1.1285642 -0.67491317 0.19715853 4284900966
1.4388621 -0.66834986 0.1554828 4288387997
1.4872532 -0.69758511 0.18689138 4288322715
1.5055283 -0.67544889 0.19813821 4288387995
-1.3204578 -0.62511373 0.16378671 4288387995
-1.282128 -0.62534988 0.18836746 4288387995
0.43646052 -0.62295026 0.15028699 4288387995
0.45451438 -0.64800078 0.15052336 4288387995
0.56700057 -0.6274327 0.15934904 4288387995
0.68353361 -0.62006712 0.17818032 4289045925
0.71371126 -0.62752855 0.16973951 4287072135
0.88328153 -0.62615311 0.18181054 4284900966
0.90222502 -0.64852488 0.18222129 4284900966
1.081426 -0.62275708 0.19599026 4284900966
1.4754556 -0.62624246 0.17804444 4288256923
-1.3555489 -0.56196982 0.15306927 4288387995
-1.3256836 -0.5764457 0.16954502 4288387995
-1.2888552 -0.57818896 0.1928784 4288387995
0.41485667 -0.59298253 0.15000412 4288387995
0.52539313 -0.57246357 0.1586898 4288387995
0.67825735 -0.58006018 0.17104809 4288387995
0.70924032 -0.56460559 0.17177486 4289440683
0.83630776 -0.57067913 0.18079205 4288387995
0.85521698 -0.59300679 0.18120205 4286545791
1.032577 -0.56870705 0.19477959 4284900966
1.0545454 -0.59301436 0.19532406 4284900966
1.4473212 -0.57938194 0.15923022 4288322713
1.4648712 -0.56016374 0.1700691 4288387995
1.510541 -0.58587682 0.19967647 4288387995
-1.3629748 -0.52177155 0.15582807 4288387995
-1.3253918 -0.52684975 0.1790214 4288387995
-1.2951502 -0.53558201 0.19681454 4288387995
-1.0817065 -0.51564592 0.15142556 4288387995
0.48696148 -0.52168888 0.15808085 4288387995
0.50384057 -0.54398525 0.15834829 4288387995
0.63199091 -0.5251745 0.16821091 4288387995
0.72636509 -0.52211696 0.17446685 4289309097
0.78675091 -0.51215577 0.17971751 4288387995
0.80833489 -0.53764272 0.18018553 4288387995
0.98870039 -0.52015841 0.19369218 4288387995
1.0077664 -0.54125702 0.19416469 4288387995
1.4379463 -0.51698911 0.15209477 4288387995
1.490363 -0.53222138 0.18581164 4288387995
-1.3671378 -0.47307384 0.16227381 4288387995
-1.3283738 -0.47728971 0.18638797 4288387995
-1.1001503 -0.45294809 0.15284947 4288387995
-1.0797571 -0.47272345 0.15594655 4288322202
0.44040769 -0.46018264 0.15734321 4288387995
0.45793727 -0.48334357 0.15762097 4288387995
0.58804584 -0.47013593 0.16738889 4288387995
0.60552466 -0.49202174 0.16771586 4288387995
0.74023676 -0.47499293 0.18311188 4288782753
0.76050222 -0.47395885 0.1714859 4289045925
0.93574566 -0.46156433 0.19237976 4288387995
0.95938212 -0.48772049 0.19296555 4288387995
1.4714251 -0.48197386 0.17280108 4288322460
-1.4034998 -0.4059974 0.15147679 4288387995
-1.3741122 -0.42622247 0.16656826 4288387995
-1.335307 -0.42672473 0.19140463 4288387995
-1.1137507 -0.42127448 0.15252547 4288387995
-1.0738672 -0.42366287 0.16200513 4288387995
-1.0467769 -0.4203949 0.16890498 4288059030
0.39668036 -0.40240604 0.15665039 4288387995
0.41760525 -0.43005607 0.15698193 4288387995
0.5400421 -0.41000956 0.16649097 4288387995
0.56097794 -0.43623358 0.16688259 4288387995
0.69309831 -0.40155795 0.17768684 4288387995
0.71798152 -0.43094063 0.1782264 4288387995
0.76825631 -0.42332667 0.17515801 4289177511
0.88954294 -0.41044623 0.19123466 4288387995
0.9143917 -0.43793973 0.19185053 4288387995
1.4457395 -0.4426856 0.15568922 4288387995
1.4697311 -0.41868842 0.17054817 4288387995
1.5036405 -0.4482764 0.1927259 4288387995
-1.4072649 -0.36897248 0.15599243 4288387995
-1.3758609 -0.37782019 0.17451023 4288387995
-1.3439518 -0.37703907 0.19515623 4288387995
-1.1196541 -0.37446156 0.15550226 4288387995
-1.072643 -0.37536854 0.16685607 4288387995
-1.035194 -0.37132162 0.17634955 4288387995
0.37420145 -0.37271142 0.15629421 4288387995
0.49398518 -0.35232699 0.16562945 4288387995
0.51544279 -0.3792018 0.16603082 4288387995
0.64999437 -0.35064834 0.17675227 4288387995
0.6714161 -0.37595159 0.17721671 4288387995
0.78742296 -0.37733343 0.17638248 4288980132
0.82149971 -0.35731378 0.17395401 4289703855
0.8660419 -0.38444343 0.19065221 4288387995
1.4713297 -0.37699068 0.1707954 4288387739
1.5081087 -0.38030243 0.19431692 4288387995
-1.4127216 -0.32639366 0.1604615 4288387995
-1.3752848 -0.32560802 0.18465978 4288387995
-1.1528194 -0.30848801 0.15365192 4288387995
-1.1257166 -0.32620621 0.15857634 4288387995
-1.0767273 -0.32528019 0.17058426 4288387995
-1.0307916 -0.32656977 0.18164015 4288387995
-0.66496104 -0.31497568 0.17396122 4284900966
-0.64737093 -0.3069717 0.17467134 4284900966
0.28132188 -0.31289086 0.19698556 4288387995
0.32272628 -0.30506593 0.19799164 4288387995
0.47220486 -0.325048 0.16522202 4288387995
0.62804794 -0.32473457 0.1762764 4288387995
0.79520088 -0.32499933 0.19001442 4288387995
0.81251717 -0.32557741 0.17984022 4288980132
1.0992135 -0.30103698 0.16363443 4278216192
1.1265116 -0.31374511 0.17398405 4278216192
1.1778796 -0.32398954 0.17396303 4278216192
1.4444026 -0.32713807 0.15269607 4288387995
1.4785303 -0.32289633 0.17438644 4288387995
1.5121881 -0.31824303 0.19576932 4288322715
-1.4234806 -0.276739 0.16284958 4288387995
-1.3843313 -0.27407035 0.1885006 4288387995
-1.167999 -0.27008143 0.15357928 4288387995
-1.1262746 -0.27906021 0.16288522 4288387995
-1.0749029 -0.27466375 0.17579988 4288387995
-1.0216017 -0.27374092 0.18885674 4288387995
-0.98727244 -0.25793862 0.19869962 4288256409
-0.83522213 -0.25498492 0.17683634 4279045389
-0.62050503 -0.28598151 0.17506118 4284900966
0.28846914 -0.29054755 0.1894349 4288387995
0.32462877 -0.27485979 0.1870553 4288387995
0.37347436 -0.27210683 0.19062592 4288387995
0.42294142 -0.26640901 0.19317111 4288387995
0.47295341 -0.26153785 0.19607171 4288387995
0.51329154 -0.25631243 0.19793423 4288387995
0.57890695 -0.2692554 0.17936344 4288387995
0.60590768 -0.29859006 0.17579632 4288387995
0.74603999 -0.25166181 0.18767817 4288387995
0.76554322 -0.27324355 0.18816151 4288387995
0.83055282 -0.2768214 0.1757208 4289177511
0.85046887 -0.25058055 0.15231456 4290888129
1.0686443 -0.27293691 0.17440945 4278216192
1.4681424 -0.27107158 0.16680034 4288387995
1.5090598 -0.26767963 0.19283733 4288387995
-1.4546397 -0.22761112 0.15203321 4288387995
-1.4233361 -0.22496121 0.17264003 4288387995
-1.3902019 -0.23196626 0.19261464 4288387995
-1.1744497 -0.22605845 0.15615983 4288387995
-1.1243727 -0.22216146 0.16871227 4288387995
-1.07592 -0.22587799 0.18015184 4288387995
-1.0274171 -0.2251253 0.19202474 4288387995
-0.98899496 -0.24373525 0.19961947 4288387995
-0.8217333 -0.22276554 0.1791648 4279045389
-0.067620851 -0.20827556 0.17511103 4284900966
-0.023167687 -0.21660687 0.17520362 4286282619
0.024307337 -0.21095921 0.17443533 4288453788
0.051546298 -0.20028147 0.17654258 4289638062
0.3396247 -0.23116496 0.17238431 4288387995
0.37658423 -0.22491322 0.17355216 4288387995
0.42487013 -0.2231722 0.17744248 4288387995
0.47480267 -0.22429815 0.18254235 4288387995
0.52477342 -0.22615023 0.18791306 4288387995
0.57359976 -0.2244544 0.19084337 4288387995
0.62341756 -0.2169967 0.1938014 4288387995
0.6730451 -0.21134235 0.19637768 4288387995
0.72380912 -0.21652578 0.19199792 4288387995
0.84397107 -0.23634906 0.18605185 4288387995
0.85869092 -0.21777454 0.1678144 4289572269
1.037882 -0.21971114 0.17525899 4278216192
1.443258 -0.22817695 0.15013258 4288387995
1.4749409 -0.22458273 0.1702757 4288387995
1.5127933 -0.2148419 0.19423991 4288387995
-1.4596486 -0.17697877 0.15829843 4288387995
-1.4250993 -0.17411388 0.18103079 4288387995
-1.3958987 -0.18914807 0.19697508 4288387995
-1.206121 -0.16254863 0.16552705 4286414205
-1.172588 -0.16718656 0.17319873 4285361517
-1.1241817 -0.16572618 0.1745674 4284243036
-1.0789944 -0.16364588 0.1772479 4286808963
-1.0334393 -0.16818078 0.18794678 4288387995
-0.81537187 -0.17810485 0.17851247 4279045389
-0.12598877 -0.16951215 0.17611474 4284900966
-0.082470797 -0.18117449 0.17522117 4284900966
-0.023236759 -0.15868779 0.17521644 4285690482
0.02546973 -0.16346321 0.17502579 4284243036
0.076996841 -0.17564103 0.17500034 4282934600
0.10151553 -0.15541907 0.17557991 4278848010
0.38054651 -0.18324552 0.15859175 4288387995
0.42480651 -0.1756907 0.15996505 4288387995
0.47367164 -0.17496672 0.16428415 4288387995
0.52498478 -0.17497016 0.16910049 4288387995
0.57575113 -0.17567642 0.1741242 4288387995
0.62423974 -0.17507786 0.17845392 4288387995
0.67448366 -0.17583941 0.18321393 4288387995
0.72578102 -0.17484836 0.18789786 4288387995
0.7549057 -0.17454948 0.19052102 4288387995
0.87417954 -0.17462033 0.17565952 4289243304
1.0310626 -0.17220809 0.17440109 4284380255
1.0887579 -0.15080079 0.17393062 4285493103
1.113907 -0.15101485 0.17653812 4286611583
1.4494627 -0.17834067 0.15316728 4288387995
1.4798858 -0.17504704 0.17251225 4288387995
1.5162382 -0.16609889 0.19553439 4288387995
-1.4692463 -0.12401826 0.16205147 4288387995
-1.4306602 -0.12494583 0.18666717 4288387995
-1.2549496 -0.10410818 0.17501967 4281150765
-1.2247077 -0.12550412 0.17453863 4282795590
-1.174257 -0.13437104 0.17670111 4284900966
-1.1222925 -0.13583516 0.17513198 4285098345
-1.0757695 -0.13170747 0.17623961 4287006342
-1.0222856 -0.13055614 0.17500202 4288848546
-0.98362833 -0.12358004 0.1755033 4290493371
-0.936418 -0.11462773 0.17392267 4290295992
-0.82420039 -0.12863524 0.17809106 4279111182
-0.15690075 -0.12106979 0.1747095 4284900966
-0.12098036 -0.12017801 0.17437394 4284900966
-0.074935928 -0.12741256 0.17479892 4284900966
-0.031731386 -0.14155366 0.17516932 4285032552
0.027616804 -0.14577378 0.1759855 4286808963
0.075385317 -0.13293925 0.17408703 4288782753
0.11246306 -0.11700056 0.17531468 4288457628
0.43955207 -0.14824241 0.15124907 4288387995
0.47852811 -0.14277279 0.15289366 4288387995
0.52621394 -0.13482183 0.15444255 4288387995
0.57566965 -0.13075361 0.15758654 4288387995
0.62594658 -0.12539333 0.16033202 4288387995
0.67515147 -0.12409589 0.16447185 4288387995
0.72436368 -0.12532786 0.16954313 4288387995
0.75757927 -0.12485917 0.17248754 4288387995
0.83611327 -0.12290505 0.19942035 4288387995
0.88897365 -0.13173237 0.18008049 4288716960
0.90608788 -0.10988981 0.16414185 4289703855
0.98950738 -0.10915531 0.17521752 4284900966
1.0268191 -0.12192728 0.17432766 4284835173
1.0723381 -0.1376743 0.17397852 4285164138
1.1251546 -0.14231783 0.17464329 4286941061
1.1745312 -0.12998511 0.17494333 4288192664
1.2059317 -0.10824871 0.17710632 4290295992
1.4769297 -0.12315293 0.16966537 4288387995
1.5072088 -0.13100028 0.18912481 4288387995
-1.5066322 -0.05362463 0.15121746 4288387995
-1.4753077 -0.076250531 0.16710421 4288387995
-1.4356076 -0.073370814 0.19314852 4288387995
-1.2655059 -0.07256294 0.17522687 4282537538
-1.2355393 -0.0897085 0.17499304 4280821800
-1.1604879 -0.059025008 0.17532413 4284900966
-1.131983 -0.08779525 0.17706788 4284900966
-0.97156298 -0.076625727 0.17534152 4290953922
-0.92317557 -0.075053357 0.17475577 4291217094
-0.87216032 -0.06533058 0.17747226 4279111182
-0.84309834 -0.091580965 0.17800847 4279111182
-0.1658567 -0.078977212 0.17415521 4284900966
-0.12398927 -0.075635105 0.1751785 4284900966
-0.071820587 -0.07417579 0.17520897 4284900966
0.13216816 -0.080755726 0.1744708 4291019715
0.15317245 -0.061614525 0.17353827 4291348680
0.64102328 -0.095947608 0.15091197 4288387995
0.68046451 -0.089352474 0.15218633 4288387995
0.72697574 -0.086526066 0.15551075 4288387995
0.7594226 -0.081570283 0.15673184 4288387995
0.92689359 -0.068795897 0.17652361 4287598479
0.97192717 -0.077712126 0.17486683 4284900966
1.0003496 -0.094117582 0.18545502 4284900966
1.0632079 -0.08301919 0.1740741 4284900966
1.2291962 -0.077036381 0.17520398 4291019715
1.4481069 -0.0990026 0.15083289 4288387995
1.4736038 -0.072263502 0.1666013 4288387995
1.5097965 -0.076646365 0.18976848 4288387995
-1.5099059 -0.018563071 0.15568136 4288387995
-1.4741054 -0.027039185 0.17709351 4288387995
-1.4461873 -0.023494542 0.19569321 4288387995
-1.2750185 -0.028153028 0.1743726 4284835173
-1.2473115 -0.014611055 0.17296273 4284900966
-1.1782973 -0.027283147 0.1758299 4284900966
-1.0307643 -0.044747639 0.17093198 4291085508
-0.96390384 -0.029161941 0.17579427 4291217094
-0.93410271 -0.02670536 0.17620946 4290361785
-0.88707584 -0.043212231 0.17593473 4279308561
-0.15323773 -0.019045655 0.1750439 4283650899
-0.13545087 -0.026734343 0.17548187 4284900966
-0.07639195 -0.022706222 0.17482887 4284900966
0.14748403 -0.029875766 0.17480093 4291414473
0.15719602 -0.024720846 0.17410652 4291151301
0.93885404 -0.022922318 0.1761708 4285822068
0.95639843 -0.029564939 0.17562909 4284900966
1.0236429 -0.012822189 0.1749424 4284900966
1.2467315 -0.030716265 0.17495129 4291414473
1.250327 -0.0037198067 0.17549042 4291414473
1.4735836 -0.026945392 0.16574882 4288387995
1.5133086 -0.023061156 0.19101605 4288387995
1.6949314 -0.021582544 0.19046895 4291414473
-1.5141252 0.027358472 0.16157173 4288387995
-1.4768689 0.023261145 0.18473928 4288387995
-1.2881098 0.043900132 0.15395409 4288256409
-1.2455888 0.026973177 0.17504388 4284900966
-1.1898857 0.01306206 0.1764752 4284900966
-0.95285535 0.025384011 0.17418808 4290953922
-0.94253814 0.021588054 0.1746991 4290953922
-0.15424199 0.025384793 0.1755861 4283190348
-0.13309786 0.025989484 0.17506699 4284835173
0.14756384 0.027776957 0.17334577 4290822336
0.1510765 0.013837029 0.17445593 4290427578
0.94022191 0.024209563 0.17474964 4284900966
0.96768516 0.0305255 0.17371017 4285229931
1.0024604 0.010508795 0.17438839 4284900966
1.246783 0.025447354 0.17402203 4290953922
1.2500192 0.0036951303 0.19482656 4291282887
1.4735336 0.024932295 0.16475588 4288387995
1.5123116 0.025211722 0.18948591 4288387995
1.696064 0.01095739 0.19464633 4291019715
-1.5246917 0.077895574 0.16424847 4288387995
-1.4890562 0.072310239 0.18609607 4288387995
-1.3004544 0.086426616 0.15495932 4288387995
-1.2942085 0.064908087 0.15445065 4288387995
-1.2290376 0.075607941 0.17499909 4284900966
-0.96932554 0.075575568 0.1745026 4289572269
-0.15144333 0.053330231 0.17617214 4284900966
-0.13042629 0.074516736 0.17505364 4284573793
-0.087542176 0.07016468 0.1746622 4284900966
0.13018534 0.074976996 0.17513904 4289374890
0.948291 0.054987621 0.17338809 4284900966
0.97156537 0.075199768 0.17271206 4285493103
1.2280937 0.073182441 0.17488562 4289703855
1.4787538 0.075493321 0.16714904 4288387995
1.5176016 0.075704776 0.19192493 4288387995
-1.5542266 0.13209474 0.15542527 4288387995
-1.5204867 0.12866749 0.17645937 4288387995
-1.4725075 0.12650242 0.16655259 4288387995
-1.4268726 0.1437113 0.15774314 4288387995
-1.3212746 0.12534611 0.15356281 4288387995
-1.2879885 0.12016252 0.16117342 4288453788
-1.2067891 0.10584068 0.17495935 4284900966
-1.1782254 0.12437295 0.17530444 4284900966
-1.1268079 0.14412086 0.17501536 4284900966
-1.076081 0.14670397 0.17521626 4285032552
-1.0259763 0.12896496 0.17564252 4286808963
-0.99325162 0.10715008 0.1748587 4288190616
-0.3014009 0.11604124 0.19640164 4288387995
-0.28947476 0.13750611 0.19545244 4288387995
-0.24746883 0.14825231 0.18830723 4288387995
-0.11143362 0.11100863 0.17556579 4284900710
-0.078335673 0.13279042 0.17537825 4284900710
-0.032506865 0.14769745 0.17383416 4284900966
0.032945536 0.1477755 0.17524621 4285098345
0.075988419 0.13083477 0.17560184 4286479998
0.10720161 0.10710351 0.1751314 4287993237
0.79682684 0.14206338 0.16344416 4278848010
0.80889797 0.14351866 0.15605547 4278848010
0.98588496 0.11947259 0.17496511 4284835173
1.0191541 0.13242288 0.17487584 4285295724
1.0735717 0.1482562 0.17505379 4285164139
1.1244369 0.14150254 0.17502567 4286216826
1.1750154 0.13158125 0.17481641 4287006342
1.2095201 0.1044658 0.17408215 4286151033
1.4761143 0.12767118 0.16449891 4288387995
1.5158393 0.12220126 0.18993953 4288387995
-1.5643866 0.18105263 0.15806761 4288387995
-1.5226004 0.17979708 0.16703598 4288387995
-1.4778614 0.1723807 0.16076422 4288387995
-1.4248158 0.17515385 0.1611899 4288387995
-1.3703003 0.17974643 0.16448519 4288387995
-1.3230947 0.17991479 0.15967831 4288387995
-1.2863435 0.17015477 0.16628708 4288322202
-1.100015 0.15124375 0.15436365 4284900966
-1.0923104 0.15073414 0.17883776 4284900966
-0.27338675 0.17756321 0.19482213 4288387995
-0.22791915 0.17577119 0.18630156 4288387995
-0.18539509 0.19002326 0.17926612 4288387995
-0.024950523 0.15357997 0.17450128 4284900966
0.018996356 0.15318382 0.17518376 4284900966
0.78569537 0.17564023 0.18597673 4278848010
0.82412845 0.18001255 0.16699663 4278979596
0.87105536 0.19247085 0.15680607 4283124555
0.92157054 0.19756158 0.15185581 4284900966
0.98957491 0.1753251 0.16916771 4284900709
1.0242748 0.17903028 0.17472821 4285430638
1.0716709 0.1602888 0.17464156 4285229931
1.1199633 0.15285169 0.17528777 4285098345
1.476621 0.17661029 0.16391557 4288387995
1.5146453 0.17336598 0.18823008 4288387995
-1.5700252 0.23491211 0.15857728 4288387995
-1.5274854 0.22232519 0.16713147 4288387995
-1.4766265 0.22739509 0.16145268 4288387995
-1.4282799 0.22211824 0.16569175 4288387995
-1.3716069 0.22290136 0.16396143 4288387995
-1.3336757 0.22261293 0.16750807 4288387995
-1.2871989 0.23028412 0.17609531 4288256409
-0.27283365 0.22200765 0.19732422 4288387995
-0.22335881 0.22536267 0.18836378 4288387995
-0.17913541 0.2269671 0.18027258 4288387995
-0.12333176 0.2307388 0.17016506 4288387995
-0.076366365 0.24309134 0.16219628 4288387995
0.79418135 0.20480913 0.19816232 4278848010
0.82672095 0.21045707 0.18955462 4281479730
0.87523836 0.21496275 0.18124564 4284835173
0.92573196 0.212924 0.17655447 4284900966
0.9714731 0.20737439 0.18055157 4284900966
1.0383039 0.21856412 0.17531443 4283596882
1.0683428 0.23584044 0.17180133 4280972330
1.1094973 0.24345776 0.17507139 4278216192
1.4795017 0.22229023 0.16490687 4288387995
1.5197771 0.22464283 0.19055781 4288387995
-1.6176761 0.28398433 0.15287013 4288387995
-1.5750751 0.27696124 0.16335268 4288387995
-1.5283617 0.27401954 0.16877331 4288387995
-1.4775099 0.27489024 0.16626456 4288387995
-1.4205694 0.27640384 0.17205431 4288387995
-1.3732362 0.27476951 0.16484955 4288387995
-1.322549 0.27198282 0.17504503 4288387995
-1.2728012 0.28192675 0.18438333 4288322202
-1.2276161 0.26853642 0.19033395 4288387995
-1.1901382 0.28146097 0.19537534 4288387995
-0.25693443 0.26017615 0.1966179 4288387995
-0.22473393 0.27775484 0.19168867 4288387995
-0.17466846 0.27232164 0.18210366 4288387995
-0.12725781 0.27844393 0.17368752 4288387995
-0.073544651 0.27605101 0.16360559 4288387995
-0.024301417 0.27919149 0.15467535 4288387995
1.0660779 0.27463409 0.17506362 4288387995
1.4792368 0.27515078 0.16376504 4288387995
1.5168948 0.27367643 0.18782109 4288387995
-1.6696523 0.33039331 0.15297903 4288387995
-1.6254356 0.33025834 0.15660785 4288387995
-1.5773556 0.32840246 0.16707362 4288387995
-1.5237652 0.32210079 0.17157851 4288387995
-1.4710337 0.32886529 0.17247312 4288387995
-1.4275103 0.32193109 0.1760641 4288387995
-1.3771091 0.32442906 0.17025314 4288387995
-1.3250346 0.32721511 0.1797362 4288387995
-1.2821491 0.33009118 0.18546718 4288387995
-1.2294981 0.3194297 0.19539762 4288387995
-0.25157213 0.33180764 0.19982332 4288387995
-0.22922713 0.32884184 0.19551407 4288387995
-0.17719571 0.32287213 0.18553397 4288387995
-0.12559181 0.32583889 0.17615646 4288387995
-0.074835919 0.32558891 0.1667477 4288387995
-0.025791585 0.3280974 0.15781726 4288387995
0.011598158 0.32623842 0.15078786 4288387995
1.0849766 0.32102194 0.17750861 4288387995
1.102008 0.34481487 0.15905415 4288387995
1.4779341 0.32750624 0.16197245 4288387995
1.5205852 0.32526127 0.18921961 4288387995
-1.6735116 0.37316501 0.15700938 4288387995
-1.6237768 0.38030916 0.16167772 4288387995
-1.5755745 0.37135363 0.1733996 4288387995
-1.5215718 0.37753573 0.17249329 4288387995
-1.4789747 0.37150711 0.17608601 4288387995
-1.4204016 0.37134245 0.17002799 4288387995
-1.3726445 0.37927401 0.17480372 4288387995
-1.3208665 0.37468731 0.18104111 4288387995
-1.2808135 0.37034869 0.19332549 4288387995
-0.22505426 0.36943838 0.19712079 4288387995
-0.17624 0.37696978 0.1885272 4288387995
-0.12700351 0.37377235 0.17922685 4288387995
-0.075285658 0.37914503 0.16996941 4288387995
-0.026224196 0.37661552 0.16074051 4288387995
0.01426661 0.37113756 0.15292504 4288387995
1.0969137 0.35859978 0.18851256 4288387995
1.1114383 0.37832409 0.17211601 4288387995
1.4776751 0.37498236 0.16092767 4288387995
1.5192811 0.37446845 0.18747628 4288387995
-1.6731834 0.42370662 0.16225556 4288387995
-1.6207508 0.4264954 0.16801937 4288387995
-1.5758984 0.42322487 0.17836925 4288387995
-1.5235956 0.4238843 0.17707427 4288387995
-1.4724509 0.42661288 0.17078245 4288387995
-1.4199381 0.43072826 0.17544542 4288387995
-1.3755773 0.4270964 0.18149045 4288387995
-1.3303782 0.42024082 0.18821971 4288387995
-1.2860887 0.42837182 0.19069304 4288387995
-0.20672655 0.40656835 0.1959044 4288387995
-0.17502357 0.42802116 0.19129384 4288387995
-0.12278894 0.42179132 0.18126079 4288387995
-0.075890392 0.42489263 0.17276232 4288387995
-0.025223738 0.42433539 0.16335192 4288387995
0.023702573 0.42857265 0.1545447 4288387995
1.1300426 0.42452323 0.17508602 4288387995
1.481259 0.42451778 0.16229622 4288387995
1.5199925 0.42488489 0.18699585 4288387995
-1.6721295 0.4748168 0.16763188 4288387995
-1.6236898 0.47267208 0.1730421 4288387995
-1.5807016 0.46860504 0.18073972 4288387995
-1.5314155 0.46901897 0.1809563 4288387995
-1.469178 0.47837761 0.17875303 4288387995
-1.4241036 0.47546843 0.17459004 4288387995
-1.3798437 0.47227859 0.18595406 4288387995
-1.3185192 0.47856247 0.18753348 4288387995
-1.2742845 0.46693367 0.1972006 4288387995
-0.20922476 0.46067864 0.19953777 4288387995
-0.1747572 0.47626859 0.19407196 4288387995
-0.12336294 0.47137004 0.18427238 4288387995
-0.079176001 0.47773924 0.17646743 4288387995
-0.029457072 0.47904754 0.16734166 4288387995
0.024790922 0.47479284 0.15705203 4288387995
0.057386946 0.48274121 0.15148447 4288387995
1.1439576 0.46384874 0.18277097 4288387995
1.1573652 0.48252785 0.16817446 4288387995
1.4813308 0.47548831 0.16139778 4288387995
1.5215632 0.47313246 0.18710402 4288387995
-1.6675895 0.52866238 0.16974975 4288387995
-1.6199527 0.52889997 0.17952968 4288387995
-1.5782883 0.51418936 0.18097796 4288387995
-1.5230067 0.52878994 0.18795383 4288387995
-1.4711577 0.53068089 0.17153652 4288387995
-1.4292357 0.51803797 0.18039784 4288387995
-1.3785961 0.52331758 0.1771346 4288387995
-1.3298286 0.525226 0.18918106 4288387995
-1.2845527 0.51328468 0.19907202 4288387995
-0.16920921 0.52481401 0.19588995 4288387995
-0.12039381 0.52407897 0.18681182 4288387995
-0.074290618 0.52520859 0.17834486 4288387995
-0.02110374 0.52635455 0.16856796 4288387995
0.025439924 0.52395064 0.15981263 4288387995
0.066723272 0.52818912 0.15241964 4288387995
1.1729164 0.52517623 0.17527331 4288387995
1.484163 0.52161092 0.16234997 4288387995
1.5240779 0.52535486 0.18774085 4288387995
-1.6735531 0.57796627 0.17372148 4288387995
-1.6338561 0.56885868 0.1836445 4288387995
-1.5732508 0.57722723 0.18797933 4288387995
-1.5121601 0.59209448 0.19555719 4288387995
-1.4846137 0.57271612 0.17921592 4288387995
-1.4276593 0.57363641 0.16994011 4288387995
-1.3716862 0.57813144 0.18398362 4288387995
-1.3282149 0.57838374 0.19458501 4288387995
-0.16673669 0.58313835 0.19885011 4288387995
-0.12183484 0.57487005 0.19005503 4288387995
-0.077783346 0.57658452 0.18200213 4288387995
-0.022274412 0.57401866 0.1715778 4288387995
0.026460607 0.57419437 0.16256806 4288387995
0.069719516 0.57998013 0.15490021 4288387995
0.46970111 0.59733146 0.1725457 4284900966
1.191317 0.57115251 0.17853498 4288387995
1.2036864 0.58391446 0.15995005 4288387995
1.4836323 0.57146287 0.16108792 4288387995
1.5237151 0.57266432 0.18663293 4288387995
-1.6803657 0.62006229 0.17595533 4288387995
-1.623717 0.6247884 0.18940398 4288387995
-1.564072 0.64217204 0.19558656 4288387995
-1.5352578 0.61437565 0.19557025 4288387995
-1.4723322 0.6283834 0.16423121 4288387995
-1.4287701 0.62889111 0.17487919 4288387995
-1.3780164 0.62218142 0.18659626 4288387995
-1.3403629 0.62997186 0.19649288 4288387995
-0.12501495 0.62563419 0.19361858 4288387995
-0.07295046 0.62359905 0.183863 4288387995
-0.024469048 0.62460804 0.17494856 4288387995
0.024652705 0.62898266 0.16611329 4288387995
0.074345492 0.6225732 0.15654024 4288387995
0.10698028 0.63912457 0.15147015 4288387995
0.46971309 0.6283074 0.17292753 4284900966
1.1992478 0.60409051 0.194967 4288387995
1.2155329 0.62405151 0.17411608 4288387995
1.4849933 0.62429512 0.1609775 4288387995
1.5235939 0.62398988 0.185605 4288387995
-1.6732662 0.67271012 0.18464932 4288387995
-1.6120799 0.68847775 0.1956135 4288387995
-1.5874609 0.6647287 0.19559956 4288387995
-1.5014606 0.6767714 0.16170537 4288387995
-1.4706993 0.67284745 0.16882089 4288387995
-1.4262307 0.67365021 0.17971678 4288387995
-1.3729357 0.68229437 0.19349992 4288387995
-1.3498532 0.67027831 0.19798355 4288387995
-0.12717335 0.67618561 0.19698039 4288387995
-0.075887874 0.67476839 0.18740527 4288387995
-0.023225993 0.6774416 0.17781492 4288387995
0.025619144 0.67584717 0.1686808 4288387995
0.078244887 0.67349571 0.15880281 4288387995
0.11659884 0.6765812 0.15188453 4288387995
0.47795954 0.66898483 0.17354597 4284900966
1.2267433 0.65379244 0.17808442 4288387995
-1.6690874 0.73464841 0.19219191 4288387995
-1.6369804 0.71249509 0.19562744 4288387995
-1.4763016 0.72712833 0.17257489 4288387995
-1.4234896 0.72042453 0.18479358 4288387995
-1.395242 0.73071313 0.19263689 4288387995
-0.11199297 0.7172696 0.19657834 4288387995
-0.076731652 0.72995257 0.19079526 4288387995
-0.022296643 0.72707409 0.18055159 4288387995
0.025967445 0.72317207 0.17138967 4288387995
0.076375164 0.72484463 0.16215809 4288387995
0.12051216 0.72611117 0.15406282 4288387995
0.49726951 0.70698881 0.19571026 4284900966
-1.6885598 0.76302862 0.19335094 4288387995
-1.4780235 0.76940078 0.17614131 4288387995
-1.4279972 0.77755111 0.18908238 4288387995
-1.1166326 0.78778094 0.17297871 4279505940
-1.0867398 0.79523247 0.16601916 4279505940
-0.9597584 0.79670197 0.17544934 4287598479
-0.10926066 0.76994431 0.19915956 4288387995
-0.075526565 0.77660632 0.19330622 4288387995
-0.027658451 0.77484185 0.18434325 4288387995
0.025332937 0.77173138 0.17435271 4288387995
0.0722147 0.77617949 0.16593644 4288387995
0.12320777 0.77901065 0.15666407 4288387995
0.15509456 0.78381205 0.15104394 4288387995
-1.6889291 0.8117677 0.19618604 4288387995
-1.5082123 0.80206859 0.17187539 4288387995
-1.4730673 0.82755595 0.18282993 4288387995
-1.4176993 0.82079059 0.19566473 4288387995
-1.0668972 0.81393474 0.17857826 4279505940
-1.0391988 0.83598864 0.17201503 4279505940
-0.9261924 0.83170712 0.17427905 4287006342
-0.069970183 0.82578409 0.19515978 4288387995
-0.026822252 0.82372296 0.18705302 4288387995
0.025130309 0.82012117 0.17722607 4288387995
0.074492127 0.82350916 0.16828847 4288387995
0.12715121 0.82323515 0.15852603 4288387995
0.1610624 0.82267517 0.15221637 4288387995
-1.4748062 0.87400341 0.18678592 4288387995
-1.4295887 0.86848152 0.1972678 4288387995
-1.0171287 0.87235647 0.17471914 4279505940
-0.90457898 0.87393284 0.17545913 4286019447
-0.89869785 0.89692688 0.17521362 4285295724
-0.068670258 0.8895973 0.17589802 4285032552
-0.020780018 0.88365382 0.17479604 4286019447
0.020190971 0.88839406 0.17424649 4287795858
0.15789489 0.89831352 0.17388901 4289374890
-1.5111449 0.92656362 0.18289886 4288387995
-1.4766122 0.92236388 0.19090559 4288387995
-1.4420301 0.91838509 0.19894525 4288387995
-1.1558447 0.9494487 0.17409955 4284900966
-1.1223401 0.94004095 0.17466271 4287401100
-1.0770327 0.94514149 0.17470677 4287598479
-1.0026956 0.91584837 0.17896275 4279505940
-0.99905413 0.94014436 0.17102101 4279505940
-0.90012592 0.94539326 0.1696817 4279440147
-0.89795178 0.92057651 0.17486469 4284572001
-0.12374932 0.92773008 0.17311259 4284900966
-0.077638716 0.90746772 0.17677623 4283716692
-0.015562683 0.92894578 0.17551056 4283782485
0.024002876 0.93404549 0.17415437 4285164138
0.074988455 0.9295854 0.17420933 4288585374
0.11910719 0.92087859 0.17436674 4281808695
0.17835276 0.93026775 0.17488441 4286677377
1.0834154 0.94854438 0.17510459 4285493103
-1.4903003 0.97439867 0.1924805 4288387995
-1.2110404 0.98864216 0.17473882 4284900966
-1.1765455 0.96669632 0.17519273 4284900966
-1.1249111 0.95410186 0.1749004 4285229931
-1.0718458 0.95753068 0.17477973 4287137928
-1.0256753 0.97203237 0.17514712 4288848546
-0.99178177 0.98317915 0.17580356 4287664272
-0.90982163 0.97578877 0.17467226 4280821800
-0.88914776 0.9919275 0.17330423 4279440147
-0.16016333 0.98453969 0.17368299 4284900966
-0.12320696 0.98668981 0.1745107 4284572001
-0.07526622 0.97410583 0.1751931 4284374622
-0.026048535 0.9715625 0.1750104 4285032552
0.02573939 0.95894587 0.17312951 4286019447
0.072764464 0.97658849 0.17626527 4285493103
0.12116906 0.97811538 0.17519668 4283716693
0.19670551 0.97768307 0.17504914 4285624689
0.22232871 0.96460569 0.17534566 4284900966
0.99280488 0.99245334 0.17506987 4284900966
1.0253816 0.97006148 0.17519833 4284900966
1.0659693 0.95625162 0.17533046 4285098345
1.1228769 0.95544863 0.1752494 4287072135
1.1523269 0.96198905 0.17506619 4288256409
-1.5045156 1.0284344 0.19411598 4288387995
-1.2514623 1.0469431 0.17536703 4284900966
-1.2285376 1.0222172 0.174527 4284769891
-1.0153917 1.0242529 0.17624298 4289506476
-0.96792161 1.0242058 0.17442933 4291151301
-0.93821377 1.0222372 0.17649211 4290888129
-0.86374515 1.0223539 0.173933 4279440147
-0.17332388 1.0287236 0.17472115 4281282351
-0.13096219 1.0255895 0.17390662 4284111450
-0.031492714 1.0094492 0.17439424 4284900966
0.026647348 1.0174624 0.17565371 4286216826
0.087490313 1.0266963 0.17481694 4286545791
0.12664184 1.025826 0.17485832 4289440683
0.19647564 1.025488 0.17521428 4282598211
0.44344747 1.0453455 0.18949807 4288387995
0.45180941 1.0495335 0.188278 4288387995
0.97181559 1.0237614 0.17539154 4284900966
1.0705547 1.0454775 0.17483324 4284900966
-1.5143636 1.065874 0.19524916 4288387995
-1.2569575 1.0741519 0.17487164 4284900966
-1.2231156 1.0699437 0.17345412 4284181851
-1.0199821 1.0656857 0.18041177 4290361785
-0.9553259 1.0706836 0.17521875 4291151301
-0.94730461 1.0799043 0.17557725 4286491006
-0.84336078 1.06622 0.17480265 4279440147
-0.21165559 1.0731404 0.17585382 4278848010
-0.15661684 1.08085 0.17503062 4283519313
-0.14372039 1.0664175 0.17497949 4284900966
-0.038433194 1.0605447 0.17654249 4284900966
0.094562203 1.0771772 0.17512558 4289835441
0.14694956 1.0736418 0.1749278 4291414473
0.16843447 1.0772231 0.17456883 4291348680
0.43919647 1.0618547 0.19595647 4288387995
0.47171092 1.0790204 0.19148844 4288387995
0.50282621 1.0986404 0.18821296 4288387995
0.94932544 1.0891082 0.17550327 4284900966
0.96831256 1.074681 0.17470834 4284900966
1.0231164 1.0588143 0.17483601 4284900966
-1.5245049 1.1044209 0.19641584 4288387995
-1.3583772 1.1468127 0.17504431 4279374354
-1.2554151 1.1224529 0.17366996 4284900966
-1.2496789 1.1454805 0.18983382 4284900966
-0.95332217 1.1263691 0.17482388 4290626750
-0.94920737 1.1143061 0.17516904 4290953922
-0.22173586 1.1133112 0.17378625 4278848010
-0.15989038 1.1235477 0.17482817 4284835173
-0.14488448 1.1287626 0.17505778 4284900966
-0.01132598 1.1378127 0.17407878 4288980132
0.025209283 1.1486533 0.17489186 4289177511
0.087012678 1.1292052 0.17497191 4290559164
0.13309366 1.1284251 0.17518684 4290756543
0.15394323 1.1178406 0.1752083 4291085508
0.4893612 1.110638 0.19604808 4288387995
0.52204084 1.1281992 0.19165389 4288387995
0.55273235 1.1466782 0.18814932 4288387995
0.94668168 1.1285181 0.17550299 4285361517
0.95859283 1.1138514 0.17534608 4284900966
1.6330824 1.146686 0.151383 4288387995
1.6789316 1.1408005 0.15246527 4288387995
-1.3676711 1.1768056 0.17501514 4279374354
-1.2346464 1.1729283 0.17509273 4281940281
-0.97001582 1.1746373 0.17478178 4290098613
-0.15997449 1.1748108 0.17425117 4284900966
-0.1319579 1.1733088 0.17450255 4284900966
0.043305375 1.1723655 0.16733392 4290361785
0.065070935 1.1661639 0.1760816 4289246121
0.13068558 1.1765646 0.17546146 4289704111
0.53852832 1.1590195 0.19631581 4288387995
0.57226032 1.1777456 0.19196795 4288387995
0.60305727 1.1951191 0.18808512 4288387995
0.93646079 1.176134 0.17519809 4284900966
1.0837402 1.191211 0.17492625 4284900966
1.4810388 1.186192 0.1542052 4288387995
1.5287045 1.1816158 0.1558253 4288387995
1.5753785 1.1767398 0.15728472 4288387995
1.6240706 1.175784 0.1601325 4288387995
1.6750135 1.1749791 0.16317423 4288387995
-1.3706695 1.2232727 0.17507759 4279374354
-1.1631982 1.2344934 0.17726019 4284900966
-1.1248244 1.2461011 0.17424804 4285098345
-1.0748494 1.2463697 0.17526914 4285690482
-1.0247996 1.2287841 0.1750831 4287466893
-0.99395937 1.2064095 0.17474248 4288914339
-0.12403621 1.2194645 0.17475876 4280635685
-0.074936301 1.2291856 0.17496027 4284835173
-0.031645577 1.2463559 0.17474808 4284900966
0.025941964 1.2344426 0.17546205 4285234283
0.074541725 1.2312851 0.17539166 4286677889
0.11040989 1.2086755 0.17713268 4288519581
0.58923322 1.2094507 0.19676004 4288387995
0.93531454 1.2025611 0.17513344 4284900966
1.0379628 1.2280583 0.1749516 4284900966
1.0610559 1.2055585 0.17487727 4284900966
1.4894804 1.2156382 0.16419688 4288387995
1.5247459 1.2257352 0.16972002 4288387995
1.5760815 1.2239368 0.17246859 4288387995
1.6263922 1.2231265 0.17546774 4288387995
1.6756949 1.2243363 0.17904957 4288387995
-1.3647145 1.2534282 0.17487597 4279440147
-1.0936137 1.2501003 0.18514247 4284900966
-0.084878802 1.2644731 0.17345603 4278216192
-0.013859245 1.2518375 0.17504801 4284900966
0.019743422 1.2523948 0.17506732 4284900966
1.0117736 1.2747523 0.17506172 4282006074
1.5342757 1.2706236 0.18473509 4288387995
1.5745382 1.27352 0.1882723 4288387995
1.6260089 1.2723039 0.19121645 4288387995
1.6740396 1.2689514 0.19325261 4288387995
1.0033252 1.3247085 0.17534815 4278848010
1.5459275 1.3074088 0.19728881 4288387995
1.5738815 1.3043308 0.19811237 4288387995
1.6069556 1.3023043 0.19960487 4288387995
1.0083652 1.3642219 0.17531148 4278848010
-0.32161951 1.4866896 0.15171573 4288387995
-0.33616823 1.5224267 0.1520085 4288387995
-0.35690579 1.5733706 0.15242584 4288387995
-0.37816954 1.6255996 0.15285373 4288387995
-0.40623176 1.6945254 0.15341836 4288387995
-0.39677548 1.6713043 0.15322815 4288387995
-1.6741118 -1.6714473 0.24426439 4288387995
-1.643539 -1.6722143 0.24993704 4288387995
-0.33031011 -1.6783879 0.20838703 4288387995
-0.25699234 -1.6758773 0.21834776 4288387995
-0.17552567 -1.6724274 0.22940223 4288387995
-0.08702749 -1.6782439 0.24160457 4288387995
0.095047116 -1.6972469 0.20085882 4288387995
0.12301683 -1.6775467 0.20467618 4288387995
0.17630887 -1.6716057 0.2136095 4288387995
0.23259822 -1.676158 0.22361402 4288387995
0.28421146 -1.6771176 0.23261854 4288387995
0.32541129 -1.6736951 0.23958611 4288387995
0.35890424 -1.6661284 0.24499917 4288387995
-1.677623 -1.6268809 0.23455231 4288387995
-1.6328847 -1.6227664 0.24178693 4288387995
-1.5960298 -1.6044359 0.2447027 4288387995
-0.38069415 -1.6050687 0.20002279 4288387995
-0.31808841 -1.622716 0.20892891 4288387995
-0.25002658 -1.6452298 0.2186785 4288387995
-0.24520507 -1.6240159 0.21890743 4288387995
-0.16395076 -1.6233549 0.22998936 4288387995
-0.07510446 -1.6296808 0.24224934 4288387995
0.13090403 -1.6259562 0.20333475 4288387995
0.17238119 -1.6292799 0.21070497 4288387995
0.22231115 -1.6226588 0.21901958 4288387995
0.26878852 -1.629115 0.22742169 4288387995
0.32498726 -1.625296 0.23697047 4288387995
0.38479084 -1.6232942 0.24724051 4288387995
1.5040638 -1.6382582 0.2150394 4288257438
-1.6777318 -1.5788295 0.22474432 4288387995
-1.62151 -1.5735252 0.23380846 4288387995
-1.5742522 -1.5743365 0.24250123 4288387995
-1.5363644 -1.5586759 0.24614744 4288387995
-0.37459049 -1.5763423 0.20027475 4288387995
-0.30689344 -1.5717229 0.20942526 4288387995
-0.23475912 -1.578064 0.21940346 4288387995
-0.15484186 -1.5847383 0.23045141 4288387995
-0.14858055 -1.5582007 0.23076902 4288387995
-0.062366694 -1.5777768 0.24293801 4288387995
0.18981242 -1.5957785 0.21196941 4288387995
0.23868836 -1.5922762 0.22026484 4288387995
0.28956419 -1.5919583 0.22907421 4288387995
0.32390094 -1.5795739 0.2343806 4288387995
0.35889763 -1.566911 0.23978701 4288387995
0.40946054 -1.5824814 0.24937654 4288387995
1.5316471 -1.5857911 0.23166187 4288387997
-1.6758982 -1.5255795 0.21422809 4288387995
-1.6242031 -1.5237384 0.22318082 4288387995
-1.5740039 -1.5264466 0.23279037 4288387995
-1.5248252 -1.5224396 0.24084835 4288387995
-1.4802282 -1.5156225 0.24750669 4288387995
-0.3632203 -1.5228584 0.2007443 4288387995
-0.30106103 -1.5451627 0.20968387 4288387995
-0.2951633 -1.5183026 0.20994538 4288387995
-0.22242279 -1.5237923 0.21998923 4288387995
-0.14062531 -1.5244718 0.23117253 4288387995
-0.052457869 -1.5374045 0.24347377 4288387995
-0.046335716 -1.5124798 0.24380492 4288387995
0.37176561 -1.5447601 0.24085583 4288387995
1.558157 -1.5353607 0.24763735 4288322463
-1.6749225 -1.4798926 0.20509768 4288387995
-1.6243182 -1.470767 0.21236968 4288387995
-1.575179 -1.4727892 0.22164814 4288387995
-1.5267521 -1.4736657 0.2305648 4288387995
-1.4771507 -1.4768569 0.24016531 4288387995
-1.4309191 -1.4739432 0.24791346 4288387995
-1.399983 -1.4540823 0.24945001 4288387995
-0.35495031 -1.4839312 0.2010857 4288387995
-0.34879559 -1.4549887 0.20133992 4288387995
-0.28590798 -1.4761471 0.21035576 4288387995
-0.21199688 -1.4779243 0.22048426 4288387995
-0.12892094 -1.4748609 0.2317663 4288387995
-0.036773037 -1.4735168 0.24432197 4288387995
1.4855014 -1.4729353 0.20013669 4288387995
-1.6544579 -1.4467895 0.20204711 4288387995
-1.6227087 -1.4308124 0.20452134 4288387995
-1.5767863 -1.4272602 0.21208383 4288387995
-1.5275993 -1.4252017 0.22053967 4288387995
-1.4756414 -1.4223002 0.22932388 4288387995
-1.4298581 -1.4312631 0.23941095 4288387995
-1.3889501 -1.445621 0.24971718 4288387995
-0.34156829 -1.4209721 0.2016383 4288387995
-0.27475226 -1.4253368 0.21085039 4288387995
-0.20236051 -1.4355288 0.22094181 4288387995
-0.19701499 -1.4120219 0.22119567 4288387995
-0.11736295 -1.4258624 0.23235254 4288387995
-0.024192858 -1.422278 0.24500227 4288387995
1.511771 -1.4267081 0.21603672 4288060309
-1.5714965 -1.3854104 0.20451346 4288387995
-1.5280728 -1.3807244 0.21139418 4288387995
-1.485662 -1.3887433 0.2206801 4288387995
-1.0718055 -1.3644075 0.21787283 4281426993
-1.0229827 -1.3690288 0.22015405 4287203721
-0.97430754 -1.373709 0.22474715 4288782753
-0.93296838 -1.3681604 0.23575126 4288387995
-0.3311561 -1.3719821 0.20206824 4288387995
-0.26359075 -1.3745039 0.21134529 4288387995
-0.18902923 -1.3768766 0.22157478 4288387995
-0.10582087 -1.3769314 0.23293801 4288387995
-0.012076402 -1.3729122 0.2456574 4286282619
1.5370785 -1.3821671 0.23135439 4288387997
-1.1192921 -1.3232248 0.21282184 4286350972
-1.0674908 -1.3430163 0.20969735 4285164138
-1.0492612 -1.3455423 0.20179573 4286151033
-0.95726669 -1.3443438 0.20129135 4288387995
-0.92843717 -1.3396182 0.21388341 4288387995
-0.32063732 -1.3224916 0.20250253 4288387995
-0.25437224 -1.332517 0.21175402 4288387995
-0.24864614 -1.3064277 0.21200787 4288387995
-0.17690876 -1.3235583 0.22215033 4288387995
-0.094025135 -1.3269292 0.23353639 4285953654
-0.0037328601 -1.338922 0.24610856 4284900966
0.002266407 -1.3144847 0.24643297 4284900966
1.5614765 -1.339237 0.24612182 4288453275
-1.1280435 -1.2639484 0.21915011 4286545791
-1.0864823 -1.2515595 0.22511335 4286743170
-0.8635298 -1.2640975 0.20373833 4288387995
-0.83536547 -1.2551754 0.2051167 4288387995
-0.31001106 -1.2724932 0.2029413 4288387995
-0.24206726 -1.2764806 0.21229963 4288387995
-0.16531484 -1.2725594 0.22270088 4288322202
-0.068930954 -1.2629963 0.2278226 4284900966
-0.022519603 -1.2641073 0.22376044 4284835173
0.014111095 -1.2646693 0.22630788 4286085752
0.053331137 -1.2601712 0.22880968 4283270219
1.0337002 -1.2559236 0.22584204 4284835173
1.076576 -1.2622404 0.22654155 4285427310
1.1057619 -1.2574154 0.2251392 4285953654
1.4941511 -1.2856785 0.20218518 4288584347
-1.208295 -1.2042978 0.22516982 4284900966
-1.1707356 -1.2277247 0.22107747 4284900966
-1.1378289 -1.2292118 0.21800184 4284966759
-1.0200026 -1.2275445 0.22543874 4289506476
-0.99505365 -1.2075052 0.22452196 4290427578
-0.81576484 -1.237656 0.21688247 4288387995
-0.7759459 -1.2254307 0.21845967 4288387995
-0.72675401 -1.2161937 0.21480331 4288387995
-0.6772036 -1.2082378 0.20983195 4288387995
-0.63758504 -1.2040098 0.20381892 4288387995
-0.30251634 -1.2372069 0.20325066 4288387995
-0.29756722 -1.213945 0.20345511 4288387995
-0.23125848 -1.2272469 0.21277888 4288387995
-0.15522689 -1.2281705 0.22317982 4288387995
-0.12112238 -1.2143584 0.22662185 4283716692
-0.078387275 -1.2311645 0.22564936 4283387727
-0.033974938 -1.2436842 0.22494194 4284900966
0.023149408 -1.2477664 0.22547995 4287137672
0.079670362 -1.2285649 0.22477482 4287868307
0.11165905 -1.2044109 0.22476935 4290493371
0.6328125 -1.2344209 0.23366256 4284900966
0.98791659 -1.2137781 0.22671784 4284900966
1.0234059 -1.2242461 0.22527219 4284835173
1.0682234 -1.2235463 0.22473434 4284966759
1.1221845 -1.2402093 0.22471766 4286940549
1.1661946 -1.23325 0.22520187 4288980132
1.5300407 -1.2269313 0.22398967 4288191127
-1.3276656 -1.1649313 0.2022137 4284900966
-1.2233498 -1.1737256 0.22153448 4284900966
-1.1745656 -1.1736157 0.22010583 4284900966
-1.1267895 -1.1757852 0.22399761 4284900966
-0.96706074 -1.1728909 0.2249673 4291151301
-0.92956561 -1.1571833 0.22511676 4287137928
-0.75679046 -1.1973162 0.24046127 4288387995
-0.72203553 -1.1872416 0.24126892 4288387995
-0.67436993 -1.1827253 0.23348935 4288387995
-0.62374771 -1.1769073 0.22620341 4288387995
-0.57703644 -1.1722958 0.21875699 4288387995
-0.52666891 -1.1639128 0.21398619 4288387995
-0.48352513 -1.1584262 0.20828144 4288387995
-0.4468807 -1.1514888 0.20561171 4288387995
-0.28897458 -1.1735117 0.20380989 4288387995
-0.22057883 -1.1785978 0.21325235 4288387995
-0.15271556 -1.1562226 0.22921769 4281874488
-0.13212129 -1.178803 0.22527835 4283782485
0.13125651 -1.174244 0.22654305 4290624957
0.40785551 -1.1860287 0.21512771 4284900966
0.97117084 -1.1765295 0.22483842 4284900966
1.023545 -1.1944857 0.22502105 4284900966
1.0942721 -1.1995268 0.22505477 4284900966
1.1130598 -1.1947429 0.22459693 4284900966
1.5643269 -1.1708076 0.24481991 4288453279
-1.3407769 -1.1215529 0.2078819 4284835173
-1.2509634 -1.1077493 0.22502522 4284900966
-1.2346666 -1.1253984 0.22236192 4284900966
-1.1850927 -1.1316671 0.22260772 4284900966
-0.95407897 -1.1242713 0.22435869 4291414473
-0.93491411 -1.1239526 0.22521672 4289901490
-0.57402569 -1.144192 0.24484523 4288387995
-0.52056831 -1.1379431 0.23725139 4288387995
-0.47224155 -1.131567 0.23108126 4288387995
-0.42194802 -1.1234465 0.22607882 4288387995
-0.37546971 -1.1183792 0.21912692 4288387995
-0.3290025 -1.1107471 0.21462874 4288387995
-0.28232032 -1.1165417 0.20566507 4288387995
-0.21072614 -1.1337203 0.21368921 4288387995
-0.15729935 -1.1190501 0.22615561 4284966759
-0.13879283 -1.1256125 0.22494678 4284900966
0.14542066 -1.1295433 0.22495212 4291414473
0.15157372 -1.1148808 0.22461781 4291019715
0.94279832 -1.1202997 0.22514741 4284638562
0.95285314 -1.1258594 0.22478899 4284442206
1.5016035 -1.1243391 0.20395009 4288453275
1.5924782 -1.1058232 0.23596688 4291414215
1.6078012 -1.1092304 0.21080983 4291282889
-1.341114 -1.0919315 0.2103467 4284966759
-1.2510072 -1.0905277 0.22482593 4284900966
-1.2284713 -1.0778267 0.22490524 4285164650
-0.95566016 -1.0704343 0.2251834 4290756543
-0.94340652 -1.0792471 0.22464511 4290690750
-0.40631253 -1.0966558 0.24770908 4288387995
-0.3717041 -1.0922992 0.24309003 4288387995
-0.3219977 -1.0854377 0.23703347 4288387995
-0.2700215 -1.0829782 0.22619505 4288387995
-0.22289929 -1.0745811 0.22226147 4288387995
-0.15876423 -1.0758708 0.22565286 4285427310
-0.13307624 -1.0743721 0.22337355 4285295724
-0.073455334 -1.064437 0.22487521 4284900966
-0.036329031 -1.0865209 0.22550599 4284900966
0.14550315 -1.0726495 0.22462919 4290624957
0.15161608 -1.0847259 0.22426596 4290361785
0.94010359 -1.0739557 0.22511481 4284769636
0.95539242 -1.0707815 0.22482157 4284573025
1.0344255 -1.0733091 0.2249839 4287269514
1.5348969 -1.0734065 0.22424325 4288387994
1.5956672 -1.0784199 0.24092305 4290888130
1.6150171 -1.0670305 0.21869726 4290624701
-1.2661451 -1.0212229 0.22541402 4283585106
-1.2303377 -1.0228522 0.22493437 4285098345
-1.0542315 -1.0000858 0.21027382 4284900966
-1.0388924 -1.0150354 0.22534485 4285098345
-0.9687351 -1.0243142 0.22502233 4289572269
-0.94054186 -1.0429714 0.21922947 4287466893
-0.2144413 -1.0463071 0.24712987 4288387995
-0.16076727 -1.0429503 0.23854654 4286611584
-0.12563948 -1.0237681 0.22569402 4285493103
-0.084638983 -1.0352545 0.22833504 4286282619
-0.031240307 -1.033072 0.22199443 4287006342
0.01729981 -1.0183849 0.21500705 4288387995
0.064975426 -1.0121298 0.2088865 4288387995
0.1265505 -1.0221688 0.2247356 4289111718
0.94505894 -1.0378989 0.22403212 4284900966
0.9703815 -1.0216086 0.22510743 4284835173
1.0361956 -1.0240868 0.22420934 4282729797
1.2320343 -1.0262327 0.22474903 4289704623
1.5668012 -1.0245992 0.24368978 4288387995
1.6340941 -1.0290245 0.22826687 4289440683
1.6632389 -1.0077788 0.21945912 4288453788
-1.6801335 -0.95431083 0.20098084 4288387995
-1.2147005 -0.9821673 0.22547819 4284900966
-1.1774036 -0.96655303 0.22447868 4284900966
-1.1278573 -0.96159929 0.22468688 4284900966
-1.0732862 -0.96710581 0.22550148 4285032552
-1.0228404 -0.97208869 0.22508258 4287072135
-0.98956138 -0.99183893 0.22525392 4288453788
-0.11641432 -0.98062009 0.22505471 4284966759
-0.075274207 -0.96837991 0.22500223 4284177755
-0.024556788 -0.95452791 0.22578742 4284440927
0.02976712 -0.96227854 0.22789633 4285822068
0.075996645 -0.97246283 0.22509889 4286611840
0.11021554 -0.98808479 0.22528709 4287598479
0.1775464 -0.96905285 0.22148131 4288387995
0.23661272 -0.96158713 0.21362716 4288387995
0.27929753 -0.95510268 0.20899212 4288387995
0.98613256 -0.98577523 0.22477886 4284900966
1.0223074 -0.97097862 0.22564368 4284440927
1.0686553 -0.96092355 0.22475405 4282400832
1.130163 -0.95642799 0.22493447 4285295724
1.178161 -0.96963215 0.22466075 4287335307
1.2079084 -0.98745519 0.22485022 4288455836
1.2997597 -0.96588087 0.22522464 4278848010
1.5185436 -0.96888381 0.21187593 4288519066
1.6840783 -0.99154395 0.22881846 4287335307
-1.6730213 -0.9255507 0.20964245 4288387995
-1.2023218 -0.94674265 0.22530095 4284900966
-1.1713345 -0.92512441 0.22438064 4284506208
-1.1209776 -0.94182432 0.22527497 4285887861
-1.0788716 -0.94444817 0.22532842 4285032552
-0.12094861 -0.92431754 0.22471662 4284900966
-0.020868201 -0.94802922 0.22513883 4284770147
0.016041046 -0.94930989 0.22467276 4284900966
0.19219553 -0.9411478 0.24442628 4288387995
0.23358613 -0.93602496 0.23881882 4288387995
0.2766833 -0.93067855 0.2329915 4288387995
0.32176226 -0.92688215 0.22518067 4288387995
0.36843872 -0.9193275 0.22055507 4288387995
0.41720897 -0.9114151 0.21574007 4288387995
0.46843946 -0.90699446 0.20696469 4288387995
1.034063 -0.94512767 0.22475412 4284900966
1.078265 -0.93826807 0.22540416 4284177243
1.1252275 -0.93462849 0.22507934 4283256141
1.1699002 -0.92205936 0.22569725 4281611316
1.2258997 -0.91704756 0.22644761 4278848010
1.2690705 -0.93798858 0.22595468 4278848010
1.5492797 -0.92476046 0.23066409 4288322713
-1.6775974 -0.87714171 0.22433004 4288387995
-1.1252477 -0.88756371 0.2242704 4284900966
-1.0813125 -0.87900758 0.22261959 4284900966
-0.10861537 -0.88544601 0.22453149 4284900966
0.33221972 -0.85765421 0.21387097 4289309097
0.3734557 -0.87038791 0.22881167 4289177511
0.42436743 -0.87005234 0.23585396 4288980132
0.4756003 -0.87172955 0.23721877 4288651167
0.5260461 -0.86551768 0.23519325 4288190616
0.56827402 -0.86083078 0.21895733 4287664272
0.63612312 -0.8590706 0.21020648 4288387995
0.69809854 -0.85289347 0.20038281 4288453788
1.5137902 -0.86051869 0.20683658 4288387995
1.5689692 -0.89648676 0.2426995 4288387995
-1.678774 -0.82166749 0.23510252 4288387995
0.33241755 -0.8408581 0.20733865 4289111718
0.37716645 -0.83470732 0.21047288 4288782753
0.42110389 -0.83195019 0.21108191 4288387995
0.47297418 -0.83822727 0.21528293 4287927444
0.52199477 -0.83925772 0.2092596 4287072135
0.57246053 -0.83546484 0.22191226 4287269514
0.63577294 -0.83366275 0.23457153 4288387995
0.69814903 -0.82680404 0.22529748 4288387995
0.76365095 -0.81963164 0.21553016 4287730065
0.83268583 -0.80747867 0.20962517 4286677377
1.2824411 -0.84254265 0.20080185 4288387995
1.323006 -0.84321755 0.20196882 4288387995
1.3648471 -0.84391403 0.20317248 4288387995
1.5333613 -0.83404958 0.21882987 4288387995
1.5523853 -0.80832911 0.23048833 4288387995
-1.6776742 -0.77870095 0.21306771 4288387995
-1.6279519 -0.77171499 0.20571724 4288387995
-1.5768209 -0.76718438 0.20325232 4288387995
-1.5313787 -0.75729835 0.20251223 4288387995
-1.4939389 -0.75389129 0.20073 4288387995
0.59336799 -0.78507161 0.23031619 4287598479
0.60533458 -0.77111351 0.21418057 4286874756
0.76414829 -0.79253983 0.24128945 4288387995
0.83368254 -0.77952421 0.2360816 4288387995
0.90683043 -0.77061749 0.22603099 4287137928
0.98361158 -0.76623535 0.2107356 4284900966
1.0654521 -0.75139105 0.20415285 4284900966
1.2467364 -0.75608021 0.21025003 4288387995
1.2731963 -0.75573117 0.21110754 4288387995
1.3138788 -0.75519365 0.21242599 4288387995
1.3698405 -0.75445449 0.21423963 4288387995
1.4279685 -0.7536875 0.21612346 4288387995
1.4729927 -0.75309223 0.21758263 4288322461
1.5192881 -0.75208044 0.21540408 4288322204
1.5690857 -0.76758081 0.23123181 4288388251
1.6167089 -0.75119418 0.22224022 4288518556
-1.6758568 -0.72492659 0.22066051 4288387995
-1.6267836 -0.72259748 0.21779516 4288387995
-1.5774812 -0.72988009 0.21253425 4288387995
-1.5223385 -0.72562516 0.20971963 4288387995
-1.4772537 -0.72598904 0.20646723 4288387995
-1.424674 -0.71806532 0.20474115 4288387995
-1.378894 -0.71219826 0.20298249 4288387995
-1.3167534 -0.70538127 0.20031148 4288387995
0.6206646 -0.72664148 0.22396182 4288190616
0.9857893 -0.73628706 0.23879783 4288322202
1.0678432 -0.72560036 0.22818817 4285756275
1.1546702 -0.7143237 0.21693124 4284900966
1.537233 -0.72777331 0.21933083 4288322713
1.5551444 -0.70488346 0.23033178 4288387995
-1.6746769 -0.67612749 0.23265877 4288387995
-1.6246239 -0.67552608 0.22929697 4288387995
-1.5749549 -0.6758408 0.22573529 4288387995
-1.5230032 -0.67479718 0.22234979 4288387995
-1.4735074 -0.67944264 0.21772817 4288387995
-1.423665 -0.67533404 0.21524906 4288387995
-1.3750308 -0.67436528 0.21207768 4288387995
-1.3242162 -0.67639858 0.20801018 4288387995
-1.2741644 -0.67204189 0.20557825 4288387995
-1.2453554 -0.67045659 0.20394982 4288387995
0.63636583 -0.68118322 0.23387532 4288322202
0.65333718 -0.66101706 0.21141629 4288322202
1.1577325 -0.68740815 0.2418711 4286611584
1.2482104 -0.69128335 0.21521062 4284900966
1.2512484 -0.6689353 0.23579237 4284900966
1.3490131 -0.66088158 0.2186808 4284900966
1.3643465 -0.66636056 0.2142195 4284900966
1.4790715 -0.65907568 0.22923918 4288453788
1.5251576 -0.65598595 0.22365598 4288387740
1.5734649 -0.66877115 0.23686233 4288387995
1.6242901 -0.65277034 0.23448065 4288387995
1.6756366 -0.65054131 0.23633392 4288387995
-1.6746185 -0.62884742 0.24435946 4288387995
-1.6208955 -0.62303793 0.24202977 4288387995
-1.5754195 -0.62728775 0.23778799 4288387995
-1.5280563 -0.62561899 0.23487903 4288387995
-1.4768555 -0.62741995 0.23084207 4288387995
-1.4237533 -0.62255007 0.22832309 4288387995
-1.3767534 -0.62352532 0.22478476 4288387995
-1.3260028 -0.62475777 0.22092009 4288387995
-1.273771 -0.62389165 0.21291684 4288387995
-1.2374247 -0.62732399 0.21407188 4288387995
0.66177148 -0.6265676 0.22822821 4288322202
1.323294 -0.62412506 0.21306936 4284900966
1.352725 -0.63756901 0.24001332 4284900966
1.4594314 -0.616108 0.23344293 4284900966
1.5406904 -0.63287246 0.21977821 4288387995
1.5751131 -0.60698712 0.23164037 4286611584
1.6108099 -0.61884087 0.23365952 4284900966
-1.6250484 -0.59808969 0.24849702 4288387995
-1.5792309 -0.58972776 0.24735373 4288387995
-1.5211248 -0.58134812 0.245353 4288387995
-1.4748399 -0.57734889 0.24309641 4288387995
-1.4258264 -0.57529193 0.24016786 4288387995
-1.371865 -0.57536596 0.23636466 4288387995
-1.3235623 -0.57528698 0.23299615 4288387995
-1.2722551 -0.5732646 0.21777092 4288322202
-1.2258285 -0.57557142 0.22607097 4288387995
-1.1994466 -0.55166435 0.2301387 4288387995
0.68440169 -0.57645857 0.22486949 4288387995
1.2760122 -0.57548255 0.2117447 4284900966
1.5381378 -0.55888039 0.2243825 4286084983
1.5720916 -0.58147293 0.23555394 4285427310
-1.4202076 -0.539446 0.24864808 4288387995
-1.3661335 -0.53580046 0.24575767 4288387995
-1.32429 -0.52669454 0.24507724 4288387995
-1.272624 -0.52279109 0.22342467 4288322202
-1.2279458 -0.52512157 0.23870911 4288387995
-1.1914926 -0.52004147 0.23741004 4288387995
0.69495213 -0.53840125 0.24013261 4288387995
0.71029747 -0.52018011 0.21981069 4288387995
1.2271124 -0.5251736 0.2103747 4284900966
1.4914293 -0.50569224 0.22991228 4284900966
1.5213485 -0.52894449 0.22402352 4286019447
1.5676615 -0.52015442 0.23489422 4288453788
-1.3055086 -0.46904981 0.20262142 4288387995
-1.2745758 -0.47338089 0.22247437 4288322202
-1.225831 -0.48740023 0.24789926 4288387995
-1.1867806 -0.48859084 0.24486566 4288387995
0.14599648 -0.48877701 0.24900666 4288387995
0.1731213 -0.46890604 0.24424027 4288387995
0.22158481 -0.46261606 0.24647345 4288387995
0.27471945 -0.45475048 0.24856547 4288387995
0.72810638 -0.47264779 0.22644255 4288387995
1.1789256 -0.47559786 0.20902467 4288387995
1.202094 -0.49942696 0.20967382 4284900966
1.4408004 -0.45770851 0.22832307 4284900966
1.4659561 -0.48154902 0.2291127 4284900966
1.5388074 -0.4791373 0.2157293 4288387995
1.5763131 -0.4737196 0.23955251 4288387995
-1.3119845 -0.42262033 0.20715639 4288387995
-1.275928 -0.42533875 0.22981142 4288387995
0.18597661 -0.43545699 0.23313871 4288387995
0.22480564 -0.425152 0.23299041 4288387995
0.27384034 -0.423549 0.23700176 4288387995
0.32522982 -0.4234536 0.24178889 4288387995
0.37393293 -0.41543129 0.24340709 4288387995
0.42083502 -0.40936509 0.24557616 4288387995
0.46930563 -0.40662077 0.24911493 4288387995
0.74466401 -0.4286927 0.23233585 4288387995
0.75658512 -0.41552228 0.21542127 4288387995
1.1260235 -0.4211697 0.20754257 4288387995
1.1532423 -0.44916874 0.20830517 4288387995
1.3915787 -0.41105607 0.22677806 4288387995
1.4160388 -0.43423671 0.22754586 4286611584
1.5342039 -0.41631058 0.21162911 4288387994
1.5840198 -0.42959094 0.24365091 4288387995
-1.319278 -0.37195867 0.21195936 4288387995
-1.2797642 -0.3776471 0.23627929 4288387995
0.23372617 -0.38161373 0.21780683 4288387995
0.27696279 -0.37303033 0.21870568 4288387995
0.32640275 -0.3738035 0.2236295 4288387995
0.37444517 -0.37207222 0.22750068 4288387995
0.42712834 -0.37456268 0.23336059 4288387995
0.47344342 -0.37505484 0.23788781 4288387995
0.52377015 -0.37230042 0.24159692 4288387995
0.5738675 -0.36637834 0.2441189 4288387995
0.62392324 -0.36103922 0.24685137 4288387995
0.66739213 -0.35508686 0.24873999 4288387995
0.77110457 -0.37552521 0.22225247 4288387995
1.0766352 -0.37035775 0.20615888 4288387995
1.3397861 -0.36196136 0.22515236 4288387995
1.3648373 -0.3857083 0.22593866 4288387995
1.5300964 -0.35830534 0.20793444 4288387995
1.5777688 -0.37074351 0.23857349 4288387995
1.680781 -0.36481372 0.24919288 4286085240
-1.3237829 -0.32416892 0.21801603 4288387995
-1.286178 -0.330208 0.24104388 4288387995
-0.66519004 -0.31530094 0.22572893 4284900966
-0.64752465 -0.30718088 0.22514883 4284900966
0.24252743 -0.34745359 0.20606312 4288387995
0.27353448 -0.33737791 0.20526505 4288387995
0.32517487 -0.33077583 0.2076816 4288387995
0.37568837 -0.32468528 0.21018054 4288387995
0.42584324 -0.32595617 0.21535461 4288387995
0.47468072 -0.32443362 0.21937725 4288387995
0.52559483 -0.32436502 0.2241296 4288387995
0.57667947 -0.32357788 0.2286336 4288387995
0.62557048 -0.32640767 0.23426276 4288387995
0.67447603 -0.32506168 0.23835661 4288387995
0.72178316 -0.32066238 0.24117701 4288387995
0.7876001 -0.33016056 0.22992739 4288387995
0.80487078 -0.30762756 0.20937419 4288387995
1.0292637 -0.32162336 0.20483169 4288387995
1.0532702 -0.34631765 0.20550431 4288387995
1.1210661 -0.3097772 0.22339351 4278216192
1.1745622 -0.32190627 0.22831932 4278216192
1.2856842 -0.31068528 0.22345413 4288387995
1.3099533 -0.33368912 0.22421591 4288387995
1.5262727 -0.30474567 0.20450339 4288387995
1.565235 -0.32316175 0.22969723 4288387995
1.6282244 -0.31944489 0.24735807 4288387995
1.6566932 -0.34401983 0.24835195 4288387995
-1.3588923 -0.27292705 0.20505764 4288387995
-1.325351 -0.27530941 0.22615968 4288387995
-1.2928925 -0.28051752 0.24603705 4288387995
-0.83448315 -0.2543084 0.22921281 4279045389
-0.62970221 -0.29472652 0.22427619 4284900966
0.38395488 -0.29807705 0.20116588 4288387995
0.4271245 -0.29144698 0.20277679 4288387995
0.47649354 -0.28372231 0.20456699 4288387995
0.5269838 -0.27873752 0.20747072 4288387995
0.57526058 -0.27425179 0.21035028 4288387995
0.62691247 -0.2747584 0.21538353 4288387995
0.67523813 -0.27420354 0.21971415 4288387995
0.72384447 -0.27356368 0.22403978 4288387995
0.796395 -0.29335856 0.24846557 4288387995
0.81403458 -0.27426088 0.22298878 4288387995
0.98072451 -0.27168462 0.20347181 4288387995
1.0055515 -0.29722649 0.20416738 4288387995
1.0703428 -0.27259016 0.22363596 4278216192
1.102167 -0.29993182 0.24223228 4278216192
1.2369573 -0.26450136 0.22192465 4288387995
1.2611396 -0.28742215 0.2226837 4288387995
1.5449179 -0.27161795 0.2288402 4288387995
1.5730259 -0.27211523 0.23960093 4288387995
1.6047775 -0.29920608 0.24653949 4288387995
-1.3672925 -0.22122492 0.20934464 4288387995
-1.3278744 -0.22604455 0.23376569 4288387995
-0.98748612 -0.21640742 0.20256308 4288387995
-0.82123172 -0.22231352 0.22808298 4279045389
-0.068407714 -0.20846829 0.2240824 4284900966
-0.023276821 -0.21711984 0.22418797 4286282619
0.026720233 -0.21079366 0.22639565 4288585374
0.051317513 -0.20085935 0.22674325 4289638062
0.58782566 -0.24769565 0.20175785 4288387995
0.6310463 -0.23940185 0.20276159 4288387995
0.68012792 -0.2358027 0.20604298 4288387995
0.72511303 -0.22869578 0.20764905 4288387995
0.75219893 -0.218853 0.20656887 4288387995
0.83429086 -0.2242831 0.22585116 4288387995
0.93143189 -0.22096857 0.20209083 4288387995
0.95621395 -0.24646702 0.20278512 4288387995
1.0390809 -0.22011814 0.22499263 4278216192
1.1860186 -0.216222 0.22032571 4288387995
1.2094613 -0.23844241 0.22106156 4288387995
1.4963509 -0.20560712 0.24275424 4288387995
1.5266418 -0.2326365 0.23393229 4288387995
1.5742843 -0.22027788 0.2335636 4288387995
-1.370206 -0.17507796 0.21611597 4288387995
-1.3346561 -0.17761379 0.23847961 4288387995
-1.2065548 -0.15354632 0.22792484 4283979864
-1.1759219 -0.15967247 0.22550431 4284769380
-1.1235312 -0.16364239 0.22500126 4283979864
-1.081174 -0.16051078 0.22466412 4286479998
-1.019146 -0.15901899 0.20026989 4288387995
-0.98251504 -0.17408419 0.20776285 4288322202
-0.81493121 -0.17771645 0.22692044 4279045389
-0.12460791 -0.17136714 0.22588004 4284900966
-0.093980849 -0.19689658 0.22450462 4284900966
-0.02337577 -0.1586705 0.22511226 4285690482
0.025801675 -0.16335623 0.22507516 4284308829
0.078734651 -0.1744391 0.22557388 4282736453
0.10036042 -0.15625572 0.20984811 4278848010
0.84480864 -0.18895033 0.23808268 4288387995
0.86406416 -0.16948591 0.21653372 4288387995
0.90547824 -0.19426578 0.20136373 4288387995
1.0318214 -0.17260107 0.22418971 4284315741
1.0900441 -0.1504783 0.22360092 4285493103
1.117626 -0.15337068 0.22479193 4286940548
1.1593471 -0.19094293 0.21948853 4288387995
1.4402263 -0.15716168 0.24079484 4288387995
1.4735029 -0.1858902 0.24195653 4288387995
1.5373715 -0.17809244 0.20923679 4288387995
1.5753512 -0.17118281 0.23333469 4288387995
-1.4078112 -0.11663377 0.20290303 4288387995
-1.3742626 -0.12727232 0.2224634 4288387995
-1.3382355 -0.1309917 0.24491234 4288387995
-1.2601664 -0.11000731 0.22814448 4283650899
-1.225135 -0.12923279 0.2234837 4282729797
-1.1754969 -0.13171743 0.22388539 4284900966
-1.1238369 -0.14105071 0.22417201 4285361517
-1.0743471 -0.12906823 0.22446904 4287664272
-1.0225322 -0.12846272 0.22444201 4289177511
-0.98179173 -0.12148984 0.22440088 4290361785
-0.93493694 -0.11346327 0.22634728 4290032820
-0.82379603 -0.12828989 0.22616926 4279111182
-0.15702055 -0.12157512 0.22392949 4284900966
-0.11612625 -0.11701328 0.22705244 4284900966
-0.075231262 -0.12704374 0.22494148 4284900966
-0.031333316 -0.14186482 0.22582106 4285032552
0.028214794 -0.14522107 0.22496471 4286611584
0.076448239 -0.13266061 0.22500335 4288848546
0.11253684 -0.11760871 0.22538707 4288523165
0.87675887 -0.12588021 0.22228143 4288387995
0.98936874 -0.1103821 0.22483796 4285164138
1.026716 -0.12381682 0.22552308 4285098345
1.0726514 -0.13754264 0.22545534 4285229932
1.1249882 -0.14236128 0.22544821 4286678402
1.1775384 -0.12901671 0.22494523 4289111974
1.2083992 -0.10632054 0.22482456 4290361785
1.3858267 -0.11020545 0.23889565 4288387995
1.4149246 -0.13532341 0.23991151 4288387995
1.5366465 -0.12071466 0.20771146 4288387995
1.5797933 -0.12066223 0.23523235 4288387995
-1.4118607 -0.068699598 0.20927913 4288387995
-1.3745568 -0.079556093 0.23121166 4288387995
-1.3010725 -0.057319522 0.24470916 4284900966
-1.2749853 -0.072534449 0.22275655 4282537026
-1.2355551 -0.089634463 0.22478399 4280821800
-1.1604174 -0.060663063 0.22442321 4284900966
-1.1291764 -0.0869205 0.2273782 4284900966
-1.0228274 -0.084626704 0.22689979 4290690750
-0.97162163 -0.076811865 0.22513402 4290888129
-0.92442942 -0.075121157 0.22546001 4290756543
-0.87419391 -0.06368161 0.22537109 4279111182
-0.84270847 -0.09125717 0.22602257 4279111182
-0.64029652 -0.063624613 0.24859808 4288387995
-0.1659802 -0.07952559 0.22537205 4284900966
-0.12485176 -0.074824676 0.2255652 4284900966
-0.072823063 -0.074940778 0.22515281 4284900966
0.13282943 -0.080694906 0.22542413 4291019715
0.15367219 -0.061820012 0.22560911 4291348680
0.89229655 -0.083964355 0.23084654 4288387995
0.93113035 -0.060539179 0.22415327 4286348412
0.97213966 -0.077747092 0.22527291 4285295724
1.0048029 -0.096793525 0.22483173 4284900966
1.0625238 -0.083333112 0.22513433 4284900966
1.2308774 -0.07505665 0.22634494 4291085508
1.3390694 -0.06984663 0.23726329 4288387995
1.3612741 -0.089012779 0.2380385 4288387995
1.5389827 -0.07886982 0.20842655 4288387995
1.5720478 -0.070114471 0.22935545 4288387995
1.6046438 -0.051112056 0.24979518 4288387995
-1.4224647 -0.021747073 0.2112609 4288387995
-1.3830302 -0.030990889 0.23486395 4288387995
-1.304445 -0.026232671 0.2307947 4284900966
-1.2733958 -0.032277402 0.21647505 4284835429
-1.2480209 -0.0048326612 0.22514327 4284900966
-1.18025 -0.029507209 0.21681865 4284900966
-1.030462 -0.04452293 0.22131643 4291085508
-0.96771568 -0.031026704 0.22457685 4290888129
-0.93342221 -0.026365055 0.22681192 4290295992
-0.88696456 -0.042890493 0.22568229 4279308561
-0.61454743 -0.025562622 0.24606265 4288387995
-0.55737793 -0.018364957 0.2359031 4288387995
-0.15346606 -0.02115537 0.2259441 4283782485
-0.13548806 -0.026269916 0.22539856 4284900966
-0.076967932 -0.024333144 0.22451536 4284900966
0.14741263 -0.033605427 0.22400385 4291414473
0.15734166 -0.02599133 0.22530621 4291282887
0.93423975 -0.024171913 0.22517709 4286151033
0.95712572 -0.028313847 0.22525084 4284900966
1.0229057 -0.012596724 0.22476289 4284900966
1.1049089 -0.044120312 0.23176959 4284900966
1.247041 -0.031588614 0.2250286 4291414473
1.2504611 -0.006984863 0.22727571 4291348680
1.536272 -0.031623244 0.20582223 4288387995
1.5717968 -0.024685893 0.22835377 4288387995
1.6045496 -0.014105916 0.24904969 4288387995
1.6729367 -0.020498507 0.22489704 4291085508
-1.452858 0.049969673 0.20516756 4288387995
-1.4216713 0.020536616 0.21969007 4288387995
-1.3865328 0.025462568 0.24318713 4288387995
-1.2456459 0.027233487 0.22507963 4284900966
-1.1949152 0.018373465 0.21230432 4284900966
-0.95507544 0.025078548 0.2251047 4290624957
-0.9386186 0.021644272 0.22785337 4290493371
-0.57809305 0.028320622 0.24247317 4288387995
-0.5290789 0.025209621 0.23321889 4288387995
-0.47910008 0.028127141 0.22413963 4288387995
-0.15438266 0.024962664 0.22566898 4283256141
-0.13309546 0.026296221 0.22494726 4284835173
0.14784841 0.029938376 0.22499564 4290756543
0.15117416 0.014226382 0.22525232 4290493371
0.93926775 0.023639712 0.22556449 4285427310
0.96591198 0.028854536 0.22546096 4284374622
1.0018338 0.010694261 0.22482534 4284900966
1.2466016 0.0288634 0.22497237 4290888129
1.2502476 0.0035323978 0.22489867 4291282887
1.5394708 0.020919532 0.20688932 4288387995
1.5759417 0.027620137 0.23002876 4288387995
1.6044613 0.02048552 0.24835277 4288387995
1.681688 0.026418475 0.22644576 4290690750
-1.46312 0.077876747 0.20380099 4288387995
-1.4250655 0.075969853 0.22789192 4288387995
-1.3960339 0.0820117 0.24767444 4288387995
-1.2269497 0.079121254 0.22516668 4284900966
-0.96846282 0.075435296 0.22425917 4289572269
-0.93635786 0.063904539 0.23519547 4289243304
-0.60571849 0.066108048 0.24980025 4288387995
-0.57749861 0.07588236 0.24515025 4288387995
-0.52573746 0.076081976 0.23558176 4288387995
-0.47704142 0.076269552 0.22657983 4288387995
-0.42238474 0.071461238 0.21618176 4288387995
-0.3764582 0.089005835 0.20870948 4288387995
-0.15192659 0.053524055 0.22606742 4284900966
-0.1317846 0.074103095 0.22546026 4284573793
-0.08252956 0.075269364 0.22529244 4284900966
0.12948617 0.076788254 0.22429992 4289243304
0.94917029 0.055147178 0.22120929 4285295724
0.96894991 0.075139061 0.22586514 4284900966
1.1210465 0.091206402 0.24240105 4289440683
1.2281833 0.073359527 0.22509208 4289703855
1.5413929 0.077826299 0.20706113 4288387995
1.5759904 0.077758253 0.2291311 4288387995
1.6043394 0.068104625 0.24739274 4288387995
1.6931565 0.059731077 0.2376558 4289835441
-1.4665802 0.12541637 0.21048196 4288387995
-1.4269034 0.12757245 0.23637599 4288387995
-1.2068859 0.10622267 0.2198209 4284900966
-1.1769084 0.12520002 0.22331004 4284900966
-1.1265467 0.14441927 0.22467239 4284900966
-1.0755421 0.14636211 0.22516771 4284966759
-1.0239893 0.12798624 0.22408053 4286874756
-0.99263155 0.1072643 0.22429202 4288124823
-0.93562251 0.11939136 0.24684091 4288387995
-0.56614751 0.12220247 0.24576397 4288387995
-0.52068037 0.12569493 0.2375533 4288387995
-0.46484563 0.12411628 0.22712624 4288387995
-0.42123932 0.12086657 0.21886501 4288387995
-0.37511003 0.12584786 0.21061917 4288387995
-0.33624375 0.12273547 0.20324299 4288387995
-0.11146669 0.11132446 0.22590263 4284835173
-0.077836514 0.13317896 0.22520788 4284835430
-0.034121465 0.14738511 0.22504923 4284900966
0.037503015 0.14755441 0.22509085 4285164138
0.077062756 0.13120067 0.22485435 4286479998
0.10699619 0.108054 0.22486062 4287993237
0.98626977 0.12115887 0.22512634 4285427310
1.0203971 0.13241789 0.22563674 4284900966
1.0759857 0.1440696 0.22817241 4286348413
1.1222678 0.13241403 0.22298145 4287072135
1.1747016 0.13191645 0.22499453 4287006342
1.2079167 0.10644716 0.22580776 4286151033
1.5397303 0.1271487 0.20508702 4288387995
1.5737418 0.12623131 0.22679885 4288387995
1.604192 0.12541267 0.24623683 4288387995
-1.4702846 0.18104088 0.21852045 4288387995
-1.4346014 0.16995111 0.23936754 4288387995
-1.091279 0.15083374 0.20208125 4284900966
-0.93763459 0.15191913 0.24941798 4288387995
-0.52658701 0.17828706 0.24172865 4288387995
-0.47844905 0.17560636 0.23266163 4288387995
-0.42922196 0.16743521 0.22307159 4288387995
-0.37391213 0.16968879 0.21296647 4288387995
-0.32186064 0.17681134 0.20374987 4288387995
-0.056390207 0.15007542 0.23415257 4284900966
-0.024704246 0.15351105 0.22507599 4284900966
0.019530348 0.15345831 0.22479136 4284900966
0.7328968 0.19006327 0.22607239 4278848010
0.76044905 0.18799551 0.20738472 4278848010
0.99305654 0.16177981 0.22609223 4285822068
1.0229892 0.17880969 0.22301187 4285890933
1.0726753 0.15864821 0.22509585 4285624945
1.1237255 0.1527444 0.22642227 4285098345
1.540953 0.18367738 0.20481974 4288387995
1.574263 0.17142628 0.22629791 4288387995
1.6041021 0.17605236 0.24525598 4288387995
-1.5036863 0.22458529 0.20521739 4288387995
-1.4753687 0.23109829 0.22462982 4288387995
-1.4427621 0.21447831 0.24246456 4288387995
-0.55772924 0.20829454 0.24925107 4288519581
-0.52556866 0.22349882 0.24418966 4288322202
-0.47883421 0.22611704 0.23569286 4288387995
-0.42717424 0.2240907 0.22601275 4288387995
-0.3790482 0.22284673 0.21703227 4288387995
-0.32359529 0.2340951 0.20742804 4288387995
0.73746145 0.21886162 0.2378667 4280887593
0.77324283 0.22643524 0.22565655 4279703319
0.82306695 0.23513573 0.2165442 4284177243
0.87606972 0.24009545 0.21884695 4284900966
0.92602211 0.23443542 0.22436693 4284900966
0.97449028 0.21811697 0.22483116 4284966759
1.0275911 0.21977985 0.22460678 4284580449
1.0721086 0.23417152 0.22481418 4278216192
1.1091901 0.24351366 0.22422406 4278216192
1.5441442 0.2284151 0.20603719 4288387995
1.5768152 0.2250495 0.226943 4288387995
1.6079648 0.22409783 0.24682964 4288387995
-1.5138915 0.27210939 0.20756216 4288387995
-1.4795374 0.27760866 0.23066258 4288387995
-1.4442807 0.25047159 0.24823001 4288387995
-0.51450866 0.26701298 0.24469261 4288387995
-0.46920666 0.27725568 0.23690797 4288387995
-0.42034483 0.27526408 0.2277478 4288387995
-0.37206754 0.27818432 0.2189831 4288387995
-0.32317656 0.2780382 0.20992562 4288387995
-0.28437188 0.27712172 0.20268969 4288387995
0.78574342 0.25405023 0.24646653 4284900966
0.82595044 0.25536874 0.24179547 4284900966
0.86966771 0.25366363 0.24222876 4284900966
1.0437272 0.27078336 0.2306371 4288387995
1.0562881 0.28629866 0.21468994 4288387995
1.5431732 0.28025675 0.20446128 4288387995
1.5736058 0.27640679 0.22394432 4288387995
1.6075937 0.27431586 0.24566282 4288387995
-1.5202616 0.32598513 0.21356043 4288387995
-1.4790989 0.3286393 0.24050224 4288387995
-1.1663667 0.33878887 0.20364106 4288387995
-1.1431948 0.316425 0.20362668 4288387995
-1.080291 0.34354734 0.21264841 4288387995
-0.51260221 0.33963603 0.24859542 4288387995
-0.47216135 0.32454687 0.24022622 4288387995
-0.42259473 0.32572073 0.23112099 4288387995
-0.37565538 0.32754886 0.22253998 4288387995
-0.327398 0.32525083 0.21347372 4288387995
-0.27414072 0.32586709 0.20365256 4288387995
1.0687485 0.32458678 0.22509965 4288387995
1.5437584 0.32288563 0.20404485 4288387995
1.5770888 0.32498181 0.22526638 4288387995
1.6072022 0.32724223 0.24443257 4288387995
-1.5543106 0.38495636 0.20273075 4288387995
-1.5258309 0.37766802 0.21966229 4288387995
-1.4976587 0.37021053 0.23636511 4288387995
-1.214992 0.38572595 0.20367156 4288387995
-1.188977 0.36061692 0.20365536 4288387995
-1.1193339 0.3812573 0.21267533 4288387995
-1.0909356 0.35383034 0.21265584 4288387995
-1.0265223 0.38819292 0.22257364 4288387995
-0.48376793 0.37713861 0.24545638 4288387995
-0.43382391 0.37663022 0.23618279 4288387995
-0.37822938 0.37050438 0.22553383 4288387995
-0.32828227 0.37685838 0.21666193 4288387995
-0.2744711 0.37691221 0.20670505 4288387995
1.0876079 0.37134925 0.22807498 4288387995
1.1045233 0.39404798 0.20868254 4288387995
1.544166 0.37832338 0.20327783 4288387995
1.5718783 0.37431353 0.22102891 4288387995
1.6077672 0.37780842 0.24385642 4288387995
-1.5585539 0.42848819 0.208158 4288387995
-1.5279485 0.43112007 0.22831325 4288387995
-1.4926982 0.4001894 0.2451669 4288387995
-1.2647856 0.4337866 0.20370261 4288387995
-1.2398834 0.40975213 0.20368712 4288387995
-1.170831 0.43099755 0.21271098 4288387995
-1.1441883 0.40526444 0.21269256 4288387995
-1.0677626 0.4280538 0.22260506 4288387995
-1.044669 0.40573704 0.22258769 4288387995
-0.96323562 0.43370363 0.23352993 4288387995
-0.47126243 0.42692363 0.24605936 4288387995
-0.42363051 0.42797869 0.23730507 4288387995
-0.36984214 0.42192057 0.22699459 4288387995
-0.32092065 0.42636627 0.21820042 4288387995
-0.2781145 0.42696232 0.21031249 4288387995
-0.23331687 0.42206338 0.20173402 4288387995
1.0980262 0.40714434 0.24111913 4288387995
1.1138189 0.42787632 0.22247057 4288387995
1.5447859 0.42906287 0.2027334 4288387995
1.5729201 0.42642143 0.22072817 4288387995
1.608219 0.42421418 0.24328487 4288387995
-1.5628748 0.47381282 0.2138713 4288387995
-1.5224922 0.46847159 0.23881447 4288387995
-1.3163135 0.48352289 0.20373482 4288387995
-1.2908269 0.45892382 0.20371895 4288387995
-1.2205906 0.47905621 0.21274519 4288387995
-1.1939297 0.45330405 0.21272673 4288387995
-1.1219804 0.48045653 0.22264628 4288387995
-1.0968244 0.45613796 0.22262692 4288387995
-1.0170829 0.48579174 0.23357525 4288387995
-0.99113381 0.46068874 0.23355332 4288387995
-0.90382898 0.49470651 0.24570031 4288387995
-0.88422137 0.47572502 0.24568219 4288387995
-0.46417838 0.46848425 0.2471838 4288387995
-0.42680091 0.47712526 0.24077205 4288387995
-0.37478873 0.4748711 0.23101318 4288387995
-0.32123068 0.47971097 0.22138399 4288387995
-0.27895647 0.47047719 0.21301852 4288387995
-0.23283996 0.47315004 0.20463951 4288387995
1.1333607 0.47439647 0.22329195 4288387995
1.5462503 0.47787046 0.20276336 4288387995
1.5727094 0.47592762 0.21967654 4288387995
1.6053014 0.46059343 0.24074961 4288387995
-1.5735874 0.5231747 0.21623433 4288387995
-1.5346255 0.53005052 0.24255283 4288387995
-1.3673118 0.53275001 0.20376679 4288387995
-1.3426584 0.50895101 0.20375124 4288387995
-1.2730966 0.53163284 0.21076454 4288387995
-1.2437067 0.50137788 0.2127609 4288387995
-1.1713899 0.52821392 0.22268397 4288387995
-1.1452799 0.5029794 0.22266418 4288387995
-1.0680312 0.53507614 0.2336182 4288387995
-1.041086 0.50900471 0.23359516 4288387995
-0.95545042 0.54468775 0.24574845 4288387995
-0.92834568 0.51844382 0.24572316 4288387995
-0.45245004 0.54697198 0.24961257 4288387995
-0.41987872 0.52358991 0.24221371 4288387995
-0.369425 0.52585685 0.23300847 4288387995
-0.32280263 0.52746516 0.22447331 4288387995
-0.27772087 0.52290285 0.21586217 4288387995
-0.22851755 0.52407467 0.20682389 4288387995
-0.19590038 0.53823233 0.20161635 4288387995
1.146369 0.50771248 0.22652905 4288387995
1.1587569 0.52750975 0.21595056 4288387995
1.5472723 0.52334899 0.20257282 4288387995
1.5717785 0.5221495 0.21822657 4288387995
-1.6132009 0.59545755 0.20432335 4288387995
-1.5833812 0.56813949 0.21836406 4288387995
-1.549894 0.57706904 0.24154991 4288387995
-1.4183511 0.58200961 0.20379849 4288387995
-1.3919754 0.55655408 0.20378211 4288387995
-1.3165855 0.57754576 0.21134861 4288387995
-1.2779316 0.57164413 0.20618515 4288387995
-1.2214555 0.57660711 0.22272223 4288387995
-1.1975094 0.55345392 0.22270358 4288387995
-1.121766 0.58705175 0.23366323 4288387995
-1.0922132 0.5584659 0.23363842 4288387995
-1.0071174 0.59470099 0.24579597 4288387995
-0.98355216 0.57189214 0.24577442 4288387995
-0.42420509 0.58053643 0.24635161 4288387995
-0.37682304 0.57714486 0.23738328 4288387995
-0.32856199 0.56935686 0.22799422 4288387995
-0.27365929 0.57165527 0.21796727 4288387995
-0.22139846 0.57670164 0.20859022 4288387995
-0.18733199 0.56972629 0.20187652 4288387995
0.46832651 0.59581995 0.22438009 4284900966
1.1800188 0.57405287 0.21218094 4288387995
1.5484533 0.56993729 0.20246311 4288387995
1.5633062 0.56987852 0.21193808 4288387995
-1.6096145 0.63288283 0.21363726 4288387995
-1.5772519 0.62346494 0.2326639 4288387995
-1.4684036 0.63032192 0.20382977 4288387995
-1.4421797 0.60501134 0.20381345 4288387995
-1.3754267 0.62860382 0.21285199 4288387995
-1.3282044 0.61346102 0.20822461 4288387995
-1.2714328 0.62688583 0.2196991 4288387995
-1.2460338 0.60036546 0.22274108 4288387995
-1.1684078 0.63216925 0.23370244 4288387995
-1.1425669 0.60716695 0.2336804 4288387995
-1.0598476 0.64576066 0.24584539 4288387995
-1.0333744 0.62012708 0.24582061 4288387995
-0.41185132 0.6256454 0.2467088 4288387995
-0.37649217 0.62888157 0.2403539 4288387995
-0.3244749 0.62803549 0.23067653 4288387995
-0.2733216 0.6231634 0.22092342 4288387995
-0.22177193 0.62626404 0.21156381 4288387995
-0.1769352 0.63026565 0.20349957 4288387995
0.46820417 0.62662405 0.22511114 4284900966
1.1963062 0.60967016 0.20925128 4288387995
1.2055614 0.62800181 0.20540294 4288387995
1.5488284 0.62353575 0.20170948 4288387995
1.5546018 0.61897928 0.20547636 4288387995
-1.6280966 0.67840475 0.21028912 4288387995
-1.5825642 0.67809832 0.23948348 4288387995
-1.5192597 0.67940849 0.2038615 4288387995
-1.4932725 0.65432525 0.20384526 4288387995
-1.4271164 0.67852575 0.21288753 4288387995
-1.3249758 0.67564934 0.21841453 4288387995
-1.2798605 0.67494363 0.21827185 4288387995
-1.2188137 0.68092698 0.23374481 4288387995
-1.1936051 0.65654284 0.23372364 4288387995
-1.110556 0.69484788 0.24589211 4288387995
-1.0844738 0.66959888 0.24586804 4288387995
-0.40825108 0.6597147 0.24803901 4288387995
-0.37406442 0.66970843 0.24229695 4288387995
-0.32523713 0.67413807 0.23351932 4288387995
-0.27475086 0.67386967 0.2241594 4288387995
-0.22212467 0.67784768 0.21465221 4288387995
-0.17264803 0.67155671 0.20512582 4288387995
0.47601491 0.66678363 0.22628391 4284900966
1.2186017 0.65500796 0.20133106 4288387995
-1.6240187 0.72566485 0.22176069 4288387995
-1.5742117 0.72944903 0.21154135 4288387995
-1.5444027 0.70367563 0.20387715 4288387995
-1.4752741 0.72504061 0.21292083 4288387995
-1.3733238 0.72556472 0.21904355 4288387995
-1.3221549 0.73089629 0.21043827 4288387995
-1.2741519 0.72772247 0.22888643 4288387995
-1.244686 0.7059502 0.23376641 4288387995
-1.1602595 0.74297321 0.24593854 4288387995
-1.1345737 0.71810615 0.24591473 4288387995
-0.37394121 0.72348362 0.24542549 4288387995
-0.32543924 0.72305435 0.23642343 4288387995
-0.27090314 0.72718936 0.22657175 4288387995
-0.22406836 0.73018771 0.21807911 4288387995
-0.17553844 0.72031564 0.20851816 4288387995
-0.13836059 0.72868538 0.20212793 4288387995
0.49540824 0.70486432 0.22772574 4284900966
-1.6671947 0.7750783 0.20327738 4288387995
-1.6248317 0.7809782 0.21012123 4288387995
-1.5985334 0.75480366 0.22375019 4288387995
-1.5234661 0.771586 0.21295404 4288387995
-1.4257891 0.77409875 0.22287758 4288387995
-1.3735182 0.77078223 0.20170051 4288387995
-1.3265864 0.78105849 0.22582144 4288387995
-1.2836934 0.76749212 0.2281301 4288387995
-1.210001 0.79113066 0.2459847 4288387995
-1.1879772 0.76980615 0.24596414 4288387995
-1.1307863 0.79956234 0.20409103 4279505940
-0.95970345 0.79673165 0.22518682 4287598479
-0.365623 0.76481032 0.24630781 4288387995
-0.32280433 0.77506924 0.23898409 4288387995
-0.27645105 0.77920341 0.2306468 4288387995
-0.22206627 0.77712554 0.22045912 4288387995
-0.16973248 0.77575159 0.21069244 4288387995
-0.13463433 0.77505893 0.20415537 4288387995
-1.6653093 0.82029724 0.20583498 4288387995
-1.6262165 0.8279103 0.22388977 4288387995
-1.5752643 0.82161653 0.21298982 4288387995
-1.5041879 0.84987909 0.22293751 4288387995
-1.4776903 0.82426405 0.22291712 4288387995
-1.3719926 0.8281886 0.22477514 4288387995
-1.3286873 0.81710696 0.22436766 4288387995
-1.2654047 0.83256471 0.23892868 4288387995
-1.2391298 0.81193721 0.2431487 4288387995
-1.1131523 0.81454945 0.22644843 4279505940
-1.0729436 0.83195347 0.22370297 4279505940
-1.0461593 0.84680891 0.21057992 4279505940
-0.92584115 0.83185303 0.22462495 4287006342
-0.3598876 0.82636565 0.2488538 4288387995
-0.32434309 0.82983893 0.24247849 4288387995
-0.27448472 0.82645762 0.2330521 4288387995
-0.22190468 0.82946092 0.2234963 4288387995
-0.17368245 0.82293695 0.21418874 4288387995
-0.12520675 0.82342517 0.20524497 4288387995
-0.094717026 0.83733618 0.20041719 4288387995
-1.6738513 0.86086059 0.21506725 4288387995
-1.6296604 0.8729834 0.21708693 4288387995
-1.5304333 0.87524319 0.22295733 4288387995
-1.4201463 0.87567806 0.23391412 4288387995
-1.3809369 0.87119889 0.21678799 4288387995
-1.3150314 0.88574421 0.24121127 4288387995
-1.2819309 0.86971009 0.23929116 4288322202
-1.0558358 0.85479665 0.2465436 4279505940
-1.0288556 0.87619478 0.22400557 4279505940
-0.90417004 0.87409532 0.22531395 4286019447
-0.89827508 0.89709103 0.22508661 4285295724
-0.33042574 0.85664666 0.24517544 4288387995
-0.28238314 0.85473365 0.23617083 4288387995
-0.23530835 0.85579044 0.22751974 4288387995
-0.17477483 0.85323012 0.21616624 4288387995
-0.1195206 0.85089314 0.20580268 4288387995
-0.068977162 0.89153898 0.2241915 4284900966
-0.020881506 0.88314134 0.22430973 4286019447
0.020079559 0.88787186 0.22491463 4287795858
0.15853551 0.89877176 0.22571822 4289309097
-1.6709795 0.90806943 0.22575435 4288387995
-1.6054696 0.9477607 0.22301404 4288387995
-1.5778571 0.92107874 0.22299336 4288387995
-1.4744445 0.92820042 0.2339597 4288387995
-1.4226934 0.92093629 0.21640395 4288387995
-1.3640431 0.93527234 0.24005575 4288387995
-1.3329349 0.91766673 0.23639511 4288387995
-1.2734072 0.93193114 0.24125303 4288453788
-1.155035 0.9490242 0.22474794 4284900966
-1.1215341 0.93976629 0.22566994 4287269514
-1.0789777 0.94429958 0.22515161 4287466893
-1.0075717 0.92214179 0.2251648 4279505940
-0.99946904 0.9487263 0.20418921 4279505940
-0.90026826 0.94938391 0.22539473 4279440147
-0.89731312 0.91930306 0.2271457 4284900966
-0.12382548 0.92727637 0.22516659 4284900966
-0.076321267 0.92056638 0.2230548 4281940281
-0.021016471 0.94117433 0.22486052 4283124555
0.024689665 0.93511367 0.22524072 4287401100
0.07674212 0.92718816 0.22693981 4288190616
0.12115449 0.92031646 0.22590759 4281019179
0.17729294 0.92951739 0.22713768 4286940549
1.0836387 0.94819802 0.2248814 4285427310
-1.6679959 0.95713061 0.23685999 4288387995
-1.6110963 0.95321053 0.2230189 4288387995
-1.5211967 0.97342438 0.23399901 4288387995
-1.4549413 0.97017479 0.20068611 4288387995
-1.4142776 0.98606795 0.23885374 4288387995
-1.3811904 0.97020286 0.23342042 4288387995
-1.3159313 0.97156781 0.23464258 4288387995
-1.2797383 0.96726894 0.24304421 4288322202
-1.2108477 0.98860431 0.2226838 4284900966
-1.1767908 0.96708971 0.22408858 4284900966
-1.1266978 0.95259136 0.22340499 4285229931
-1.0726225 0.95583439 0.22217496 4287203721
-1.0249659 0.97052836 0.22462468 4288453788
-0.99198151 0.98350126 0.22313544 4286940549
-0.91128236 0.97923303 0.22512721 4280821800
-0.88911945 0.99079895 0.22587939 4279440147
-0.15854642 0.97997624 0.22852898 4284900966
-0.12320725 0.98874861 0.22580655 4284177243
-0.074811324 0.97263187 0.22536606 4284374622
-0.026436163 0.97166467 0.22503734 4285032552
0.030264284 0.96264404 0.22881955 4286085240
0.072762221 0.97801524 0.22515492 4287401100
0.12166514 0.97797209 0.22512005 4283782485
0.19715302 0.9774102 0.22506115 4285624689
0.22180133 0.96303391 0.22436215 4284900966
0.99244905 0.99205023 0.22465195 4284900966
1.0255212 0.96988803 0.22470324 4284900966
1.0658755 0.95590484 0.22516817 4285098345
1.1232154 0.9555794 0.22540931 4287137928
1.1526895 0.96217078 0.22519508 4286085240
-1.6782053 1.0039781 0.23907524 4288322715
-1.5633028 1.0141523 0.23403436 4288387995
-1.4640573 1.03146 0.23164934 4288387995
-1.4282776 1.0171534 0.23392689 4288387995
-1.3633858 1.03069 0.2286694 4288387995
-1.3140863 1.0288167 0.2416971 4286545791
-1.2647079 1.0351259 0.22790551 4285361517
-1.2282069 1.0224493 0.22184208 4284770147
-1.0101093 1.0230652 0.22389108 4285558896
-0.96983182 1.0228163 0.22474733 4290888129
-0.93934357 1.0236739 0.22490181 4290888130
-0.86373341 1.0215582 0.22710729 4279440147
-0.17346343 1.0282128 0.22494733 4281282351
-0.13198748 1.0257374 0.22516924 4283979864
-0.03166787 1.0080688 0.22509862 4284900966
0.026345175 1.0167599 0.22478612 4286282619
0.077475786 1.0256894 0.22477837 4288914339
0.12493621 1.0228102 0.22491701 4289441195
0.19706939 1.0244317 0.22484659 4282598211
0.97295392 1.0208503 0.22385833 4284900966
1.0704905 1.0454758 0.22404639 4284900966
-1.5118042 1.0833216 0.24626483 4288387995
-1.4791529 1.0714118 0.23137441 4288387995
-1.4247711 1.0651761 0.21698414 4288387995
-1.3752744 1.0879864 0.23117839 4288387995
-1.3199189 1.0663589 0.24496536 4286151033
-1.2577614 1.0759897 0.22352354 4284900966
-1.2159696 1.0693715 0.22740327 4284181850
-1.0198605 1.0700443 0.22558308 4284243036
-0.95439184 1.073714 0.22422944 4291348424
-0.9470827 1.0800819 0.22512572 4286227834
-0.8433665 1.0662463 0.22341663 4279440147
-0.21178623 1.0726902 0.22517197 4278848010
-0.15683924 1.0806564 0.2246182 4283585106
-0.1438351 1.0650873 0.22355069 4284900966
-0.03897699 1.0583122 0.2265439 4284900966
0.092633992 1.0778729 0.22506075 4289703855
0.14715548 1.0739294 0.22491458 4291152069
0.16839485 1.0792794 0.2251808 4291348680
0.3939932 1.0746553 0.21365303 4288387995
0.42317146 1.0812855 0.2068951 4288387995
0.45683885 1.0952272 0.2010681 4288387995
0.94881564 1.0889323 0.22486162 4284900966
0.96845222 1.0743146 0.22525473 4284900966
1.0227439 1.0587674 0.22542815 4284900966
-1.6997688 1.1031027 0.24378762 4288453529
-1.5300273 1.1009619 0.24628162 4288387995
-1.4759054 1.1280084 0.2104651 4288387995
-1.4171455 1.1118425 0.22323883 4288387995
-1.3627349 1.1433216 0.2263215 4280821800
-1.3453581 1.1237539 0.24182981 4288387995
-1.2557381 1.1224313 0.22430526 4284900966
-1.2498863 1.145346 0.21841182 4284900966
-0.95319229 1.1260839 0.22504124 4290692542
-0.94835007 1.1149455 0.22544532 4290167478
-0.22185579 1.1128808 0.22476526 4278848010
-0.16042018 1.123687 0.22474255 4284835173
-0.14550877 1.1284087 0.2248634 4284900966
-0.0091372486 1.1387717 0.22543411 4289045925
0.025947262 1.1489837 0.22451842 4289177511
0.089222923 1.1322058 0.22183546 4289901234
0.13339756 1.1286861 0.22426073 4290756543
0.15329322 1.1245457 0.22445932 4291019715
0.43551764 1.113269 0.21317522 4288387995
0.47275484 1.1276642 0.20640951 4288387995
0.50719184 1.1436583 0.20099235 4288387995
0.94650936 1.1275351 0.22445288 4285361517
0.95813024 1.1137793 0.22496347 4284835173
-1.5023611 1.1603781 0.20707957 4288387995
-1.4691491 1.1769255 0.21672101 4288387995
-1.4306918 1.1729889 0.22570759 4288387739
-1.3682688 1.1765459 0.22587971 4279900698
-1.2349381 1.1728624 0.22496764 4281874488
-0.97132468 1.1778167 0.22382227 4289967027
-0.16037324 1.1751833 0.2263484 4284900966
-0.13321339 1.173093 0.22322975 4284900966
0.042339753 1.1511784 0.22515292 4289309097
0.067121379 1.1597121 0.21760581 4288653471
0.13088708 1.1759146 0.22369631 4289704111
0.48485076 1.1626074 0.21369247 4288387995
0.52248681 1.1791637 0.20748287 4288387995
0.55772692 1.1922647 0.20091635 4288387995
0.93679494 1.1717567 0.22481222 4284900966
1.0834509 1.1912931 0.22533166 4284900966
-1.5180748 1.2234061 0.20919818 4288387995
-1.4790959 1.2191716 0.2182834 4288387995
-1.4228015 1.2238488 0.23242243 4288387742
-1.3705268 1.2233416 0.22600183 4279769112
-1.1628535 1.2347311 0.21799165 4284900966
-1.1193821 1.2468414 0.22112413 4285295724
-1.074962 1.2464398 0.22483151 4285822068
-1.0247276 1.2289537 0.22460559 4287466893
-0.99342942 1.2065521 0.22459187 4288980132
-0.12502111 1.2200339 0.22563586 4280636197
-0.073126391 1.2302563 0.22542511 4284769380
-0.032679453 1.2454984 0.2251464 4284900966
0.023130931 1.2474591 0.22477442 4285032552
0.075514898 1.2318307 0.22255249 4286808963
0.11121853 1.2080228 0.22179908 4288519581
0.53736192 1.2120497 0.21328007 4288387995
0.56860328 1.2261248 0.20822941 4288387995
0.93477762 1.2024552 0.22515352 4284900966
1.0366708 1.2292761 0.22587885 4284900966
1.0606966 1.2056568 0.22488312 4284900966
-1.5344577 1.2891209 0.21140711 4288387995
-1.4719905 1.2718852 0.22498222 4288387995
-1.4145176 1.2771202 0.23946044 4288322459
-1.3662256 1.2567928 0.22885849 4280887593
-1.0935904 1.2502668 0.20973739 4284900966
-0.084790304 1.2645055 0.22549494 4278216192
-0.014725443 1.2520144 0.22464105 4284900966
0.018500816 1.2529434 0.22214365 4284900966
0.57233655 1.2535051 0.21567547 4288387995
1.0114928 1.2746466 0.2260402 4282137660
1.6787683 1.2948339 0.20186068 4288387995
-1.4823552 1.3172611 0.22673795 4288387995
-1.4288425 1.3461593 0.24248362 4288322461
1.0028421 1.3249955 0.22482784 4278848010
1.5780087 1.3275949 0.20584147 4288387995
1.6232463 1.3250707 0.2079623 4288387995
1.6747892 1.3246508 0.21116643 4288387995
-1.5108979 1.3542339 0.22327845 4288387995
-1.4752275 1.3740343 0.23382479 4288387995
-1.4388192 1.3942418 0.24458911 4288322713
1.0079987 1.3648059 0.22499798 4278848010
1.5900769 1.3629928 0.21797703 4288387995
1.6269828 1.376743 0.22477807 4288387995
1.6757482 1.3728369 0.22668426 4288387995
-1.522207 1.4022605 0.22505464 4288387995
-1.4860518 1.4228985 0.23579769 4288387995
-1.4491366 1.4439675 0.24676658 4288191897
1.6336145 1.4212106 0.23947062 4288387995
1.6738484 1.4214851 0.24216485 4288387995
-1.533901 1.4519246 0.22689137 4288387995
-1.4785302 1.4844319 0.24342906 4288387995
-1.5274178 1.5145267 0.23437092 4288387995
-1.5208369 1.5799279 0.24213776 4288387995
-1.5332718 1.6360602 0.24440409 4288387995
-1.546165 1.6942588 0.24675384 4288387995
-1.6233793 -1.6789927 0.25495538 4288387995
-1.5796653 -1.6747241 0.26197341 4288387995
-1.5266674 -1.6742535 0.27144036 4288387995
-1.4771044 -1.6738007 0.28029114 4288387995
-1.426964 -1.6733124 0.28923872 4288387995
-1.3758724 -1.6631339 0.2963841 4288387995
0.014569735 -1.6751257 0.25541443 4288387995
0.1288784 -1.6735237 0.27099091 4288387995
0.25885409 -1.6723945 0.28871638 4288387995
0.41906938 -1.6701187 0.25564662 4288387995
0.48396081 -1.6753134 0.26717705 4288387995
0.54495132 -1.6952281 0.27880391 4288387995
0.56075472 -1.6722769 0.28034025 4288387995
0.63776731 -1.6796532 0.29408792 4288387995
0.65535933 -1.6553025 0.29586083 4288387995
-1.610569 -1.6471274 0.25077581 4288387995
-1.5713274 -1.6256591 0.25348327 4288387995
-1.5261511 -1.6208754 0.26066032 4288387995
-1.4735504 -1.6256868 0.27113143 4288387995
-1.422919 -1.6237029 0.27986303 4288387995
-1.3724238 -1.623365 0.28890541 4288387995
-1.3225995 -1.6244844 0.29812363 4288387995
-1.2935055 -1.603381 0.29907411 4288387995
0.026980663 -1.6266775 0.2561284 4288387995
0.14220507 -1.6238559 0.27180517 4288387995
0.27287102 -1.6227182 0.2896246 4288387995
0.44218728 -1.6334267 0.25772998 4288387995
0.45629108 -1.611038 0.25900099 4288387995
0.51765007 -1.6241125 0.27033249 4288387995
0.58575326 -1.6359805 0.28277054 4288387995
0.60338002 -1.6103845 0.28448415 4288387995
0.67694002 -1.6254259 0.29803571 4288387995
-1.5251278 -1.5821149 0.25294939 4288387995
-1.4757025 -1.5754122 0.26050225 4288387995
-1.4243617 -1.5764462 0.26997662 4288387995
-1.3782749 -1.5739981 0.27779359 4288387995
-1.3277092 -1.5774589 0.28762242 4288387995
-1.2852255 -1.5753039 0.29484907 4288387995
0.03952422 -1.5777271 0.25685006 4288387995
0.15532355 -1.5749662 0.2726067 4288387995
0.28663963 -1.5739199 0.2905167 4288387995
0.42172086 -1.5621938 0.25043809 4288387995
0.47997147 -1.5734545 0.26113504 4288387995
0.54288501 -1.5857681 0.27269608 4288387995
0.55742782 -1.5636641 0.27405819 4288387995
0.62653273 -1.5767663 0.286735 4288387995
-1.4638386 -1.5354757 0.25450811 4288387995
-1.4246526 -1.5286312 0.26018423 4288387995
-1.3764145 -1.5246446 0.26807609 4288387995
-1.3260137 -1.524986 0.27723989 4288387995
-1.2752484 -1.5250221 0.2864069 4288387995
-1.2456806 -1.5241734 0.29156911 4288387995
0.048293948 -1.5434879 0.25735453 4288387995
0.054796536 -1.5181183 0.25772867 4288387995
0.16858031 -1.525568 0.27341673 4288387995
0.29605544 -1.5405388 0.29112673 4288387995
0.30287603 -1.5163654 0.29156867 4288387995
0.43921921 -1.5332384 0.25195315 4288387995
0.49811769 -1.5446517 0.26277035 4288387995
0.51363581 -1.5200229 0.26416886 4288387995
0.58262581 -1.5253676 0.2764183 4288387995
0.64629221 -1.5480705 0.28865591 4288387995
0.66608804 -1.5193266 0.29058042 4288387995
-1.4089863 -1.4937396 0.25590366 4288387995
-1.3716156 -1.4752538 0.25888103 4288387995
-1.3267913 -1.4847685 0.26890731 4288387995
0.064377055 -1.4807203 0.2582798 4288387995
0.1817939 -1.4763243 0.2742241 4288387995
0.31420204 -1.4762292 0.29230255 4288387995
0.60533571 -1.4908549 0.27854538 4288387995
0.68969965 -1.4850391 0.29287586 4288387995
0.70694798 -1.4599903 0.29455265 4288387995
1.5836551 -1.4868587 0.26300329 4288256922
0.078348696 -1.4261868 0.2590836 4288387995
0.19324115 -1.4336636 0.2749235 4288387995
0.20004165 -1.4083014 0.27533895 4288387995
0.32840043 -1.4259009 0.29322249 4288387995
-0.93105346 -1.3859234 0.25308552 4288387995
0.092331961 -1.3716104 0.25988802 4286677377
0.20888329 -1.3753763 0.27587929 4287269514
0.34213242 -1.377234 0.29411218 4287730065
1.2330561 -1.3698136 0.28274971 4284900966
0.10525164 -1.3211844 0.26063132 4284900966
0.22254565 -1.3244566 0.27671403 4284900966
0.35600296 -1.3280698 0.29501086 4284900966
-1.1157684 -1.2516273 0.27469394 4285427310
-1.0867674 -1.2518979 0.27175158 4286677377
-0.072380289 -1.2600051 0.27586058 4284900966
-0.026624961 -1.2695506 0.27424037 4284440415
0.014858933 -1.2709655 0.27522838 4286875523
0.050276041 -1.2672452 0.28328457 4283334733
0.11809442 -1.2710578 0.26137012 4284900966
0.23487438 -1.2785022 0.27746728 4284900966
0.36996162 -1.2785928 0.29591528 4284900966
0.89910126 -1.2917042 0.25560302 4284900966
1.0314068 -1.2610804 0.27479851 4284900966
1.0796926 -1.2629366 0.2751675 4285624689
1.1135111 -1.2633162 0.27460822 4284769380
1.5850124 -1.2978144 0.26036721 4288387995
-1.2089173 -1.2038885 0.27543098 4284900966
-1.1717544 -1.2335202 0.27528667 4284900966
-1.1413472 -1.2465885 0.27499104 4284900966
-1.0191445 -1.2273073 0.27459234 4289506476
-0.99434775 -1.2073168 0.27520949 4290427578
-0.12050001 -1.2172604 0.27576977 4283716692
-0.078784235 -1.2304112 0.27441636 4283256141
-0.031158213 -1.2422376 0.27380258 4285032552
0.023339659 -1.2480358 0.26227665 4287269513
0.080070928 -1.2283751 0.2753481 4287868563
0.11634462 -1.2134467 0.27127531 4288848546
0.2444894 -1.242676 0.2780548 4284900966
0.25015008 -1.2215784 0.27840066 4284900966
0.38484535 -1.2258438 0.29687965 4284900966
0.98549074 -1.2164012 0.27615988 4284900966
1.0237294 -1.2235895 0.27521461 4284835173
1.0682921 -1.2230064 0.27420294 4284966759
1.1195806 -1.2345405 0.26878461 4286611584
1.1678176 -1.2325315 0.26173586 4289045926
-1.2295986 -1.1731018 0.27699313 4284900966
-1.1671588 -1.1552622 0.2802951 4284900966
-0.96858811 -1.1729834 0.2739628 4291151301
-0.92957515 -1.1571915 0.27493 4287203721
-0.7182889 -1.1710776 0.25576252 4288387995
-0.67826259 -1.1580398 0.25806305 4288387995
-0.642524 -1.1543376 0.2525323 4288387995
-0.15578334 -1.1598669 0.27911943 4282532418
-0.13172446 -1.1781582 0.27446976 4284308829
0.13117501 -1.1754414 0.27523527 4290690750
0.9489845 -1.1548773 0.28117198 4284900966
0.9702605 -1.177483 0.27527213 4284900966
1.0186676 -1.1933461 0.27376452 4284900966
1.0940069 -1.1996797 0.27489898 4284900966
1.1129687 -1.1947892 0.27563229 4284900966
-1.251098 -1.1111019 0.27618811 4284900966
-1.2317706 -1.1222726 0.27485397 4284900966
-1.1891589 -1.1357095 0.27279493 4284900966
-0.95377994 -1.1242827 0.27491891 4291414473
-0.9344148 -1.122964 0.27384359 4289835697
-0.66992909 -1.1430854 0.27023679 4288387995
-0.62169415 -1.127212 0.27316439 4288387995
-0.57773453 -1.1212869 0.26767138 4288387995
-0.52870739 -1.1135348 0.26263782 4288387995
-0.48255244 -1.1066692 0.25748679 4288387995
-0.44381487 -1.1013694 0.25272089 4288387995
-0.16078252 -1.1205504 0.27531558 4284900966
-0.13851303 -1.1255918 0.27493435 4284900966
0.14564806 -1.1302395 0.27484962 4291414473
0.15178096 -1.1158435 0.27565503 4291019715
0.42654508 -1.117123 0.29782951 4290098613
0.94169277 -1.1194352 0.27573007 4284638818
0.95332932 -1.1257418 0.27534705 4284245852
-1.2511648 -1.0867027 0.27757555 4284900966
-1.2310166 -1.0783215 0.27522841 4284770148
-0.955347 -1.070305 0.27542228 4290756543
-0.94261312 -1.0802766 0.27664027 4290888386
-0.57083923 -1.0930358 0.29291466 4288387995
-0.52095044 -1.0856061 0.28735462 4288387995
-0.47344658 -1.0783607 0.28222391 4288387995
-0.42558742 -1.0743469 0.27391502 4288387995
-0.37504414 -1.067168 0.26794952 4288387995
-0.32664403 -1.0650898 0.25765428 4288387995
-0.27493915 -1.0549109 0.25425982 4288387995
-0.15769632 -1.078343 0.27591473 4284900966
-0.13556667 -1.0764893 0.27498773 4284900966
-0.077140987 -1.0642811 0.27453616 4284900966
-0.041244108 -1.0894052 0.27354693 4284900966
0.14585255 -1.0734904 0.27420771 4290690750
0.15209916 -1.0844373 0.27539191 4290295992
0.9399209 -1.0743127 0.27533534 4284835173
0.95618868 -1.0696844 0.27588907 4284573025
1.034127 -1.0724968 0.27509612 4287269514
1.5906996 -1.0687321 0.25502983 4290624957
-1.2666123 -1.0209684 0.27389824 4283848278
-1.2308325 -1.0193307 0.27478904 4284900966
-1.0390375 -1.0147264 0.2748605 4285098345
-0.9686377 -1.02388 0.27589983 4289572269
-0.94749415 -1.0441184 0.27773032 4290624957
-0.41072053 -1.0471604 0.29611826 4288387995
-0.37006423 -1.0418056 0.29091871 4288387995
-0.32825381 -1.0376012 0.28432688 4288387995
-0.27793023 -1.0272063 0.28149003 4288387995
-0.22854985 -1.0234857 0.27251509 4288387995
-0.17207386 -1.0268589 0.26910794 4287072135
-0.12621059 -1.0245073 0.27475551 4285164138
-0.093381092 -1.0383205 0.26660079 4285558896
-0.042567134 -1.0454311 0.27485698 4284900966
0.12720303 -1.0221579 0.27528062 4289111718
0.4701083 -1.0220187 0.28981325 4290032820
0.94459349 -1.0382247 0.27748606 4284900966
0.97069514 -1.0213863 0.27452487 4284835174
1.0341408 -1.0237554 0.27518114 4283519313
1.2335562 -1.0252 0.27572179 4288986789
1.6258451 -1.0157118 0.26283383 4288848546
-1.2165209 -0.981718 0.27625129 4284900966
-1.1786392 -0.96680421 0.27495247 4284900966
-1.1289437 -0.96231365 0.27510825 4284900966
-1.0732342 -0.96834356 0.27539766 4285032552
-1.0222185 -0.97163755 0.27453512 4287072135
-0.98949569 -0.99144179 0.27577972 4288453788
-0.21347684 -0.99472225 0.29617256 4288387995
-0.17338288 -0.99054408 0.28999177 4288387995
-0.12149166 -0.98149645 0.27626345 4285427310
-0.075033598 -0.97003013 0.2748172 4284572513
-0.025085719 -0.95649523 0.27317774 4284770404
0.025948659 -0.9570871 0.27330157 4285690482
0.076178513 -0.97084707 0.27559498 4286677633
0.10797711 -0.98898292 0.27326411 4287269514
0.48754656 -0.9746992 0.2971952 4290559164
0.98576218 -0.98606199 0.27490664 4284900966
1.0224644 -0.97065818 0.27496529 4284441183
1.0658669 -0.96159512 0.27435577 4281742902
1.1351783 -0.95545816 0.26655364 4285361517
1.1788033 -0.96832126 0.2723152 4287401100
1.2099558 -0.98558074 0.27551633 4288588191
1.2992525 -0.96516323 0.27487883 4278848010
1.5871981 -0.99339592 0.25612223 4288387995
1.6369797 -0.98659766 0.28064117 4287664272
1.6767966 -0.98216033 0.27549547 4286479998
-1.2042344 -0.94582731 0.27484462 4284900966
-1.1720153 -0.92551219 0.27489823 4284572001
-1.1207902 -0.94185179 0.27492693 4285624689
-1.0792894 -0.94406432 0.2746737 4284966759
-0.12491623 -0.92333966 0.27537358 4284900966
-0.019570183 -0.9478637 0.27520436 4284704867
0.018664196 -0.945885 0.27882698 4285690482
0.073487721 -0.93149275 0.28377244 4288387995
0.12707949 -0.92060703 0.28057477 4288387995
0.17487389 -0.92466688 0.26456848 4288387995
0.23092905 -0.9135766 0.2609413 4288387995
0.27403736 -0.90598851 0.25725359 4288387995
0.43762842 -0.91040778 0.25588563 4289638062
0.48238701 -0.91670477 0.26782635 4289638062
0.51301712 -0.91400605 0.27642021 4289703855
1.0345309 -0.94391787 0.27674446 4284900966
1.0786709 -0.93802291 0.27529538 4284177243
1.1250622 -0.93461841 0.2742368 4283256141
1.1708139 -0.92313987 0.27503976 4281874488
1.2268265 -0.91685891 0.27496418 4278848010
1.268337 -0.93723297 0.27509013 4278848010
1.6354809 -0.91953325 0.28555191 4288322202
-1.1241 -0.88866866 0.27504677 4284900966
-1.0830629 -0.88188195 0.27461955 4284900966
-0.11162575 -0.88505036 0.27604532 4284900966
0.14565706 -0.89775658 0.29769349 4288387995
0.18559229 -0.89008248 0.294893 4288387995
0.22761542 -0.88559651 0.28851622 4288387995
0.27135521 -0.88093346 0.28187317 4288387995
0.31691891 -0.87606514 0.2749632 4288387995
0.36434436 -0.87008631 0.26864243 4288387995
0.42015526 -0.87052816 0.26075256 4288651167
0.46933267 -0.87829155 0.25475326 4288980132
0.5253039 -0.88454115 0.26603043 4289309097
0.55214256 -0.86039019 0.25471705 4288716960
1.588091 -0.86903679 0.25438812 4288519581
0.36222386 -0.84454727 0.2935819 4288387995
0.41208687 -0.83865136 0.28656301 4288387995
0.46412572 -0.83148128 0.28020954 4288387995
0.5217132 -0.82589477 0.27856371 4288716960
0.56974006 -0.81843305 0.26803342 4289045925
0.63541758 -0.8079623 0.25921759 4288387995
1.6156974 -0.82940799 0.27126324 4288453788
-1.6838231 -0.77152044 0.25635144 4288387995
0.58185703 -0.77357322 0.27964368 4289243304
0.63505661 -0.78188854 0.2842218 4288387995
0.69824934 -0.77454197 0.2752066 4288387995
0.7646575 -0.76503217 0.26744244 4288387995
0.83452356 -0.75597358 0.25837004 4288387995
1.5888814 -0.75897717 0.25285351 4288322202
1.6422832 -0.79124165 0.28751445 4288387995
1.6593612 -0.76671875 0.29795355 4288322202
-1.686319 -0.72851616 0.26938882 4288387995
0.59526157 -0.72979778 0.28853068 4288387995
0.607023 -0.71956396 0.26868087 4288519581
0.76516867 -0.73718864 0.29391643 4288387995
0.83537447 -0.7320894 0.28097469 4288387995
0.90945375 -0.72179717 0.27201164 4288387995
0.98762947 -0.7109977 0.26249388 4288387995
1.6149201 -0.72377115 0.26881063 4288387995
-1.6904709 -0.68270791 0.28328627 4288387995
0.04217276 -0.65068543 0.29884079 4288387995
0.62629294 -0.67140579 0.27210781 4288387995
0.98949736 -0.6853686 0.28650737 4288387995
1.0722231 -0.67837769 0.27219629 4288387995
1.1602113 -0.66560948 0.26206997 4288322202
1.2535468 -0.652022 0.2513693 4285032552
1.5895855 -0.66087794 0.25148538 4288453788
1.6400489 -0.68978465 0.28420973 4288453788
1.6562254 -0.66791654 0.29412317 4288387995
-1.6937218 -0.62926072 0.28116694 4288387995
0.037950177 -0.63428771 0.29241058 4288387995
0.073426776 -0.62075227 0.29075915 4288387995
0.12345862 -0.61505491 0.29335752 4288387995
0.17254114 -0.6095466 0.29593623 4288387995
0.21887414 -0.6038779 0.29819864 4288387995
0.63892496 -0.63193738 0.28339952 4288387995
0.65282106 -0.60547811 0.27640146 4288387995
1.163349 -0.63802111 0.28763354 4288387995
1.2574263 -0.62347054 0.2776649 4288387995
1.3564808 -0.61399144 0.26158792 4286545791
1.6142248 -0.6293956 0.26661879 4288387995
-1.6789901 -0.57590342 0.25777376 4288387995
-1.6298587 -0.57391977 0.25481856 4288387995
-1.5748136 -0.56675589 0.25273126 4288387995
-1.5402756 -0.55600381 0.25297031 4288387995
-1.4871247 -0.55185485 0.25026953 4288387995
0.084813058 -0.57965016 0.27670348 4288387995
0.12297238 -0.570979 0.27709374 4288387995
0.17677361 -0.57403499 0.28326669 4288387995
0.22642475 -0.57534635 0.28840834 4288387995
0.27256039 -0.57425666 0.29233661 4288387995
0.32297003 -0.56660014 0.29424971 4288387995
0.37253594 -0.56135201 0.29696959 4288387995
0.41501713 -0.55413979 0.29830411 4288387995
0.66810662 -0.57352012 0.27197126 4288387995
1.36124 -0.58412558 0.28891596 4288387995
1.4662242 -0.57920444 0.26697931 4285822068
1.5852679 -0.56706131 0.25273538 4286611584
1.6219895 -0.57640988 0.27059004 4288453788
1.6609099 -0.56974685 0.29529274 4288322202
-1.6686291 -0.52447963 0.26977766 4288387995
-1.6242844 -0.52673507 0.26610893 4288387995
-1.5721024 -0.52663028 0.26247504 4288387995
-1.5198441 -0.52265561 0.25979355 4288387995
-1.4736125 -0.52539372 0.25587308 4288387995
-1.4260725 -0.51736623 0.25452536 4288387995
-1.3796368 -0.51386154 0.25213599 4288387995
-1.3107888 -0.50196534 0.25025222 4288387995
0.095882267 -0.5478729 0.26604921 4288387995
0.13028882 -0.52466637 0.26073873 4288387995
0.17214213 -0.52791059 0.26585987 4288387995
0.2235591 -0.52502489 0.26962295 4288387995
0.27609763 -0.52557635 0.27475595 4288387995
0.32467833 -0.52284402 0.27830929 4288387995
0.37484437 -0.52510136 0.28384733 4288387995
0.42502803 -0.52368474 0.28803515 4288387995
0.47185656 -0.52103794 0.29145712 4288387995
0.52364153 -0.51356488 0.29357019 4288387995
0.57842606 -0.50828463 0.29676819 4288387995
0.61500537 -0.50362134 0.29848501 4288387995
0.68578064 -0.52779442 0.27689534 4288387995
1.4719601 -0.54802799 0.29531184 4288387995
1.5857681 -0.53529602 0.27859938 4286019447
1.6287591 -0.52623165 0.27397883 4288387995
-1.6736287 -0.47301817 0.28286844 4288387995
-1.6213292 -0.47572303 0.27853048 4288387995
-1.5726247 -0.4764255 0.27494055 4288387995
-1.5261152 -0.47522226 0.27197632 4288387995
-1.4759434 -0.47874674 0.26758465 4288387995
-1.4268415 -0.47573566 0.26488614 4288387995
-1.3799081 -0.47585419 0.26156464 4288387995
-1.3225168 -0.47768858 0.25708506 4288387995
-1.2794131 -0.47116202 0.25567743 4288387995
-1.2260872 -0.4628593 0.2539925 4288387995
-1.1875786 -0.45868781 0.2523241 4288387995
0.13468209 -0.49484539 0.25017804 4288387995
0.17609254 -0.49362984 0.25361657 4288387995
0.22846588 -0.48561114 0.25558051 4288387995
0.27719668 -0.47940588 0.25787005 4288387995
0.32470962 -0.47407818 0.26036817 4288387995
0.37543735 -0.47552261 0.2656599 4288387995
0.42648554 -0.47552225 0.27044994 4288387995
0.47668338 -0.47457635 0.27481213 4288387995
0.5246976 -0.4737083 0.27899924 4288387995
0.57425696 -0.47349519 0.28357485 4288387995
0.62598729 -0.47400674 0.28861839 4288387995
0.67483908 -0.47100532 0.29148528 4288387995
0.71328425 -0.46959794 0.28401273 4288387995
1.6130354 -0.46794772 0.26286951 4288387995
1.6580248 -0.49079275 0.29198992 4288387995
-1.6775116 -0.43189183 0.29332218 4288387995
-1.6236908 -0.42763358 0.29060152 4288387995
-1.576063 -0.42929474 0.28684968 4288387995
-1.5273756 -0.42315289 0.28495532 4288387995
-1.4804068 -0.42495 0.28121585 4288387995
-1.4231666 -0.42636666 0.27685043 4288387995
-1.3724606 -0.42513156 0.27359954 4288387995
-1.3240311 -0.42382032 0.27052709 4288387995
-1.270848 -0.42428172 0.2640835 4288387995
-1.2235148 -0.42542189 0.26308066 4288387995
-1.1793725 -0.42508388 0.26006809 4288387995
-1.1481293 -0.40252864 0.26346102 4288387995
0.32538474 -0.44728336 0.25057203 4288387995
0.37901017 -0.44162336 0.25352123 4288387995
0.42746824 -0.43557429 0.25584263 4288387995
0.47714943 -0.42831689 0.25783408 4288387995
0.524468 -0.42575222 0.26133072 4288387995
0.573919 -0.42388821 0.26528516 4288387995
0.62526995 -0.42414892 0.27020198 4288387995
0.67492509 -0.42448634 0.27498889 4288387995
0.72420847 -0.42288652 0.27650952 4288387995
1.6295834 -0.42538843 0.2726365 4288387995
1.6622366 -0.41134059 0.29320467 4288387995
-1.6202497 -0.39271089 0.2990056 4288387995
-1.5650626 -0.39102042 0.29555339 4288387995
-1.5219775 -0.38499746 0.29402277 4288387995
-1.4729363 -0.37667164 0.2926442 4288387995
-1.4211224 -0.37506628 0.2894074 4288387995
-1.3670412 -0.3731797 0.28608122 4288387995
-1.3229275 -0.37723452 0.28198305 4288387995
-1.2711985 -0.37453279 0.27151632 4288387995
-1.227008 -0.37332696 0.27622238 4288387995
-1.1753198 -0.37606683 0.27191857 4288387995
-1.1371986 -0.36099201 0.27297676 4288387995
0.53488046 -0.39610186 0.25139764 4288387995
0.57883322 -0.39037889 0.25341594 4288387995
0.62842244 -0.38130382 0.25473008 4288387995
0.67767632 -0.37736449 0.2579039 4288387995
0.72598177 -0.37791955 0.26611239 4288387995
0.75683987 -0.36654353 0.27082482 4288387995
1.6330384 -0.37587464 0.27392304 4288387995
-1.453553 -0.346102 0.29885256 4288387995
-1.4236113 -0.34452093 0.29714411 4288387995
-1.3738648 -0.3283605 0.29765534 4288387995
-1.3238628 -0.33344284 0.29289001 4288387995
-1.2667401 -0.32488039 0.27260315 4288387995
-1.2284744 -0.32671863 0.28786412 4288387995
-1.1712457 -0.32713386 0.28374723 4288387995
-1.1299193 -0.31935531 0.28277439 4288387995
-0.66540372 -0.31560448 0.27415505 4284900966
-0.64767826 -0.30738991 0.27561164 4284900966
0.72811097 -0.34652129 0.25128615 4288387995
0.77408653 -0.32355335 0.27376398 4288387995
1.1247203 -0.31017503 0.2751984 4278216192
1.168035 -0.32038587 0.27130601 4278216192
1.202974 -0.31994843 0.28323442 4278216192
1.6251161 -0.32122388 0.26785728 4288387995
1.6659623 -0.33979517 0.29425573 4288387995
-1.2683634 -0.27907884 0.27089679 4288387995
-1.230316 -0.28482842 0.28530061 4288387995
-1.1757786 -0.27843016 0.29612264 4288387995
-1.1279695 -0.278745 0.29269123 4288322202
-1.0987815 -0.25911558 0.29550338 4288387995
-0.83378637 -0.25367063 0.27859154 4279045389
-0.62936807 -0.29421777 0.27527797 4284900966
0.78992194 -0.27805182 0.28336722 4288387995
0.80423582 -0.26307109 0.26210281 4288387995
1.0775898 -0.2783508 0.27596006 4278216192
1.1034496 -0.29945201 0.2763578 4278216192
1.6179296 -0.27045318 0.26233292 4288387995
1.6632581 -0.28133255 0.29144785 4288387995
-1.3002172 -0.22628725 0.25148845 4288387995
-1.2726078 -0.22618815 0.26924416 4288322202
-1.248652 -0.23009014 0.28390408 4288387995
-0.95986152 -0.24209473 0.29728639 4288387995
-0.93854606 -0.21436907 0.29496586 4288387995
-0.82073057 -0.22186179 0.27697912 4279045389
-0.068563826 -0.20896652 0.27358559 4284900966
-0.023487173 -0.21762678 0.27352807 4286282619
0.026831932 -0.21114576 0.27527618 4288585374
0.051516216 -0.20111473 0.26662958 4289638062
0.81629819 -0.22313817 0.27545625 4288387995
1.0401332 -0.21990141 0.27434289 4278216192
1.0536182 -0.24981216 0.27907476 4278216192
1.6236694 -0.22453606 0.26514351 4288387995
1.6607721 -0.22760111 0.28886685 4288387995
-1.3085805 -0.17549944 0.25562754 4288387995
-1.2748382 -0.17118008 0.28047934 4287532686
-1.215983 -0.15590082 0.28002948 4284308829
-1.1757396 -0.162026 0.27401072 4285229931
-1.1256342 -0.16506885 0.2749427 4285427310
-1.0788232 -0.16048713 0.27475196 4286677377
-1.0424235 -0.15026613 0.27527475 4288585374
-0.91382837 -0.17543197 0.29394156 4288387995
-0.89251137 -0.1544975 0.28995436 4288387995
-0.81740654 -0.17649068 0.27575016 4280229663
-0.12477138 -0.17168167 0.27476203 4284900966
-0.090589121 -0.19309254 0.27552739 4284900966
-0.023592446 -0.15880209 0.27490839 4285690482
0.025722753 -0.16349165 0.27498209 4284308829
0.078083538 -0.17544821 0.27581966 4282932807
0.83619857 -0.17546667 0.27663288 4288387995
0.85154289 -0.15275872 0.26145104 4288387995
1.0325322 -0.17246492 0.27452677 4283461968
1.0850794 -0.15073843 0.27878124 4284512608
1.1143471 -0.15069774 0.27525476 4286349179
1.6228189 -0.17517093 0.26368654 4288387995
1.6527909 -0.18350005 0.28295887 4288387995
-1.3257768 -0.11944592 0.27883726 4285361517
-1.2721306 -0.12218866 0.27810895 4284308829
-1.2283564 -0.13392517 0.27482033 4282269246
-1.1740683 -0.13018654 0.27480862 4284900966
-1.1269193 -0.14738858 0.27496225 4285361517
-1.0725069 -0.13179423 0.27218157 4288256409
-1.020188 -0.1312249 0.27491435 4289374890
-0.98125029 -0.11947806 0.27523404 4290493371
-0.928554 -0.11474886 0.27743569 4290164406
-0.87969357 -0.1203946 0.2912567 4288387995
-0.82203382 -0.12786251 0.27435085 4279966491
-0.79145408 -0.10923669 0.27390197 4288387995
-0.73286051 -0.11414912 0.26276937 4288387995
-0.15714535 -0.12210111 0.27515897 4284900966
-0.11788707 -0.11380209 0.27534249 4284900966
-0.073271498 -0.12612191 0.27507856 4284900966
-0.030972708 -0.14124511 0.27502835 4284966759
0.028502678 -0.14491892 0.2755194 4286545791
0.077113502 -0.13318305 0.27523857 4288914339
0.11266283 -0.11801455 0.27496114 4288391835
0.84555387 -0.14252239 0.2892482 4288387995
0.86098361 -0.12070179 0.2728225 4288387995
0.98955649 -0.11106755 0.27497494 4284771428
1.0266778 -0.12434053 0.27577215 4284836197
1.073444 -0.13761395 0.27485928 4285164138
1.1227731 -0.14084888 0.27531731 4286613120
1.1780317 -0.12940186 0.27465969 4289243304
1.2083788 -0.10706364 0.27339512 4290361785
1.6252909 -0.12438206 0.26432258 4288387995
1.650874 -0.13725758 0.28087956 4288387995
-1.3649945 -0.071750648 0.28089255 4284900966
-1.320603 -0.073786601 0.27231449 4284966759
-1.2935328 -0.087673344 0.26898697 4284900966
-1.2139177 -0.094013654 0.27461696 4284900966
-1.115687 -0.092713058 0.2525678 4285164138
-1.0280224 -0.085029863 0.27512226 4291019715
-0.97066277 -0.078520581 0.27483058 4291019715
-0.92211366 -0.075371847 0.27431449 4291348680
-0.87686712 -0.066081248 0.27824128 4280953386
-0.83894491 -0.086054467 0.27664444 4281808695
-0.76982772 -0.079857089 0.27162108 4288387995
-0.71866453 -0.072661169 0.2625733 4288387995
-0.69293523 -0.057547957 0.25869691 4288387995
-0.16609955 -0.080055781 0.27481952 4284900966
-0.1249043 -0.074355528 0.27489725 4284900966
-0.078632459 -0.080968246 0.27518213 4284900966
0.13343582 -0.080620155 0.2746478 4291019715
0.15455262 -0.061252009 0.27496225 4291348680
0.87994039 -0.074523196 0.27482295 4288387995
0.94464636 -0.058967065 0.2755298 4284575073
0.97193533 -0.076911166 0.27516422 4284836453
1.0040848 -0.097230703 0.27628323 4284900966
1.0618559 -0.08363957 0.27557647 4284900966
1.231474 -0.074876621 0.27193296 4291085508
1.6266047 -0.080468342 0.26434717 4288387995
-1.373431 -0.033458598 0.27467144 4285164138
-1.3140477 -0.034828234 0.27284959 4284900966
-1.2474495 -0.0069524408 0.27485514 4284900966
-1.0301598 -0.04429822 0.27168912 4291085508
-0.96773505 -0.033648811 0.27688128 4291348680
-0.93407911 -0.026914688 0.27569786 4290493371
-0.88238531 -0.039326083 0.27758181 4281677109
-0.82517135 -0.023238584 0.2851826 4290953922
-0.79027271 -0.021519909 0.27882412 4291019715
-0.72829056 -0.023426861 0.2672402 4288651167
-0.67013311 -0.025221694 0.25637099 4288387995
-0.15358968 -0.023951447 0.27499172 4283716692
-0.13556403 -0.024894482 0.27539298 4284900966
-0.077556118 -0.025994753 0.27522364 4284900966
0.14766303 -0.035035972 0.27487329 4291414473
0.156719 -0.025942309 0.27580851 4291282887
0.89305443 -0.034791782 0.28512204 4288387995
0.93302637 -0.021569556 0.27524745 4285559408
0.95771348 -0.0261741 0.27557993 4284900966
1.0230711 -0.013254057 0.27335519 4284900966
1.0813993 -0.045969043 0.29414916 4284900966
1.101717 -0.045644313 0.26840487 4284900966
1.2473809 -0.032472529 0.27349901 4291414473
1.250769 -0.0079492722 0.27489895 4291348680
1.6365982 -0.020153519 0.26462847 4289967027
1.6662183 -0.023369439 0.25917634 4289703855
-1.3696437 0.029080987 0.25471497 4288387995
-1.2449877 0.028438324 0.27480668 4284900966
-0.95284921 0.031138957 0.27526712 4290888129
-0.94244015 0.021494346 0.27471042 4290953922
-0.88285393 0.035539076 0.29930347 4290888129
-0.81983703 0.026084602 0.28708577 4291348680
-0.76462841 0.011838009 0.2760323 4291414473
-0.72416759 0.023889162 0.26924998 4291019715
-0.68521214 0.035097588 0.26269674 4291151301
-0.63361943 0.026545983 0.25264642 4288387995
-0.15434133 0.024424575 0.27603337 4283453520
-0.13277665 0.026415337 0.27406877 4284900966
0.14766663 0.034635942 0.27515382 4290624957
0.15123396 0.014503487 0.27469778 4290624957
0.93501145 0.024850145 0.27572897 4285887861
0.96541196 0.027050043 0.27580121 4284506208
1.0025951 0.0090647256 0.27792591 4284900966
1.2469594 0.028761441 0.27511892 4290888129
1.2505274 0.004502038 0.27832553 4291217094
1.5890664 0.04111715 0.25959489 4288387995
1.6277584 0.019786119 0.26347774 4288782753
1.658915 0.028929802 0.26333562 4290690750
-1.3765026 0.072812639 0.25849897 4288387995
-0.96756262 0.074441299 0.27502525 4289638062
-0.94252187 0.062325623 0.27104163 4289835441
-0.87634248 0.071541071 0.27218547 4289309097
-0.84074044 0.085582234 0.29444137 4290230199
-0.78060734 0.074882232 0.2826845 4290953922
-0.71595454 0.075144365 0.27073345 4291348680
-0.66281188 0.065532655 0.2603341 4291414473
-0.63396865 0.078917086 0.2557801 4290427578
-0.15240948 0.053717755 0.27592909 4284900966
-0.13151607 0.074506566 0.27500641 4284508256
-0.077595666 0.080293797 0.27513078 4284900966
0.12904321 0.078442663 0.27560452 4289177511
0.94182032 0.068760477 0.2783044 4287993237
0.96920687 0.07656052 0.27510989 4284703587
1.0975119 0.093873583 0.27117071 4289703855
1.1098512 0.0717666 0.26644897 4289901234
1.2279785 0.074064918 0.27488196 4289638063
1.6273283 0.073971473 0.26194784 4288387995
1.6790576 0.075350761 0.2759662 4289111718
-1.4027634 0.12207901 0.25085557 4288387995
-1.3848784 0.12617806 0.26311347 4288387995
-1.1693308 0.12879029 0.27518177 4284900966
-1.126284 0.14471996 0.27468991 4284900966
-1.075224 0.14661689 0.2748681 4284966759
-1.0213962 0.12689735 0.2752195 4286940549
-0.99210793 0.10742534 0.27507907 4288059030
-0.91104603 0.12362722 0.25322059 4288387995
-0.87614936 0.13292912 0.26258868 4288387995
-0.81387693 0.11750469 0.2913399 4289572269
-0.77993375 0.13092051 0.28584361 4289506476
-0.73923653 0.12634514 0.278043 4290230199
-0.67775524 0.12482624 0.26657492 4290822336
-0.62016553 0.12347138 0.25583619 4291151301
-0.11151876 0.11159423 0.27564144 4284900965
-0.076815382 0.13351803 0.27482355 4284900966
-0.035231166 0.14764765 0.27338371 4284900966
0.037543338 0.14779338 0.27480873 4285164138
0.077232011 0.13162543 0.27506614 4286479998
0.10681207 0.10869227 0.27517301 4287927444
0.94816124 0.10487103 0.29714802 4288387995
0.98036385 0.12097093 0.27514559 4285624689
1.0204509 0.13281646 0.27488786 4284835173
1.0761769 0.13517261 0.26943818 4287006342
1.1345531 0.14370784 0.27303874 4285624689
1.1746675 0.13209356 0.27504107 4287006342
1.2064121 0.10830663 0.27434927 4286216826
1.6316962 0.12370006 0.26381981 4288322202
1.6718305 0.12700541 0.28936592 4288387995
-1.4070237 0.17610556 0.25823709 4288387995
-1.3833898 0.17758326 0.27369764 4288387995
-0.91970223 0.17231637 0.25570464 4288387995
-0.87732095 0.17666475 0.2664271 4288387995
-0.83003408 0.18152763 0.29808235 4286348412
-0.76701391 0.17318973 0.28592947 4288059030
-0.71848536 0.17222057 0.27689081 4288848546
-0.67781252 0.17716692 0.26965269 4289243304
-0.63717484 0.17761078 0.26215702 4289901234
-0.58334672 0.1734935 0.25195292 4290427578
-0.056914449 0.15023771 0.27511138 4284900966
-0.024696827 0.15343773 0.27511939 4284900966
0.020855526 0.15369527 0.27541342 4284900966
0.98842859 0.17228402 0.277951 4287137928
1.029729 0.17231978 0.26896867 4284839269
1.0784425 0.15579483 0.27380183 4285098601
1.1268541 0.15278244 0.2744326 4285229931
1.6281755 0.1770162 0.26059332 4288387995
1.6701467 0.17711641 0.28736359 4288387995
-1.4198216 0.22368033 0.25892618 4288387995
-1.385987 0.22741741 0.28136262 4288322202
-0.91585475 0.22652774 0.26175156 4288387995
-0.873092 0.22021255 0.27156153 4288387995
-0.82457238 0.21687707 0.28681353 4287072135
-0.78542596 0.23210372 0.29278967 4286019447
-0.72297621 0.22551641 0.28084531 4285887861
-0.66681594 0.2164259 0.26991802 4287795858
-0.62247956 0.2271851 0.26234239 4287993237
-0.59067571 0.23808852 0.25709498 4288124823
0.74768233 0.24702203 0.25268504 4289835441
0.7554388 0.24782038 0.25032347 4289769648
0.93157458 0.24166501 0.25477546 4284900966
0.98614377 0.21506503 0.26859695 4286677377
1.0207682 0.22083321 0.27379635 4283728468
1.0717046 0.23424935 0.2748698 4278216192
1.1088735 0.24357121 0.27506006 4278216192
1.6324273 0.22537032 0.26240996 4288387995
1.6635493 0.22800037 0.28221276 4288387995
-1.45302 0.29930151 0.25176179 4288387995
-1.4222801 0.26812664 0.26567119 4288387995
-1.3888063 0.28012609 0.28942344 4288387995
-0.91758752 0.26362073 0.2648268 4288453788
-0.87696248 0.27216569 0.27551791 4288387995
-0.82029772 0.28028226 0.29104698 4288322202
-0.75794572 0.26325625 0.28952932 4288387995
-0.73804283 0.28581887 0.28716791 4288387995
-0.68151921 0.27477884 0.276059 4287203721
-0.61800748 0.27714035 0.26444212 4285822068
-0.5683071 0.26718158 0.2546598 4287927444
-0.54659832 0.29541779 0.25229645 4288387995
0.77391577 0.2618416 0.25866854 4285361517
0.82205182 0.26627693 0.25835779 4284900966
0.87177593 0.25925517 0.25507551 4284900966
0.90172005 0.25201488 0.25479934 4284900966
1.0292759 0.27275056 0.27167809 4288387995
1.6333134 0.27434969 0.26206768 4288387995
1.6569613 0.27883965 0.27706879 4288387995
-1.4259027 0.32165974 0.27337021 4288387995
-1.3936615 0.31333852 0.2925247 4288387995
-0.88114184 0.32718533 0.27968797 4288387995
-0.82128716 0.32386178 0.29393902 4288387995
-0.77343434 0.32426193 0.29597113 4288387995
-0.71484727 0.31211552 0.28441584 4288387995
-0.68247795 0.33042631 0.27949765 4288387995
-0.63203108 0.33358377 0.27034551 4288387995
-0.57881707 0.32588494 0.26004538 4288387995
-0.53159076 0.31493685 0.25066265 4288387995
1.0439574 0.30888978 0.27365676 4288387995
1.0571556 0.33038318 0.2628442 4288387995
1.6318046 0.32367292 0.26019159 4288387995
-1.4654403 0.36875129 0.25678971 4288387995
-1.42337 0.3714934 0.28433117 4288387995
-0.8649568 0.37744996 0.28836513 4288387995
-0.83567268 0.37325817 0.29509524 4288387995
-0.72599095 0.37551299 0.29019353 4288387995
-0.66710758 0.36624524 0.27875152 4288387995
-0.62817359 0.37476408 0.27204481 4288387995
-0.57531571 0.37779447 0.26243922 4288387995
-0.53495413 0.38045037 0.25512418 4288387995
1.0760185 0.37276584 0.26076084 4288387995
1.6271373 0.36868736 0.25638065 4288387995
-1.4693301 0.42081207 0.26404166 4288387995
-1.433313 0.43475065 0.28979111 4288387995
-0.86585701 0.43308133 0.29339081 4288387995
-0.83570027 0.40620875 0.29819566 4288387995
-0.76036102 0.41473961 0.29885375 4288387995
-0.73690444 0.43885157 0.29592511 4288387995
-0.6800946 0.42509523 0.28460422 4288387995
-0.62183976 0.41756392 0.2733807 4288387995
-0.5714764 0.42315555 0.26438704 4288387995
-0.52716863 0.4246043 0.25627077 4288387995
-0.49581206 0.42913461 0.25073287 4288387995
1.0967611 0.41619304 0.25487569 4288387995
1.1075763 0.43849137 0.25138238 4288387995
1.6221014 0.40840232 0.25243282 4288387995
-1.4796537 0.47939673 0.26838166 4288387995
-1.4394565 0.47384179 0.29316565 4288387995
-0.71418673 0.46220008 0.29308879 4288387995
-0.68223059 0.48086482 0.28826767 4288387995
-0.63302237 0.4759458 0.27887174 4288387995
-0.5714587 0.4746826 0.26740313 4288387995
-0.51481164 0.4728716 0.25681227 4288387995
-1.5151588 0.51843107 0.25288287 4288387995
-1.4732107 0.51847076 0.27983949 4288387995
-1.4491476 0.53558111 0.29850316 4288387995
-0.81022197 0.53636879 0.2592597 4288387995
-0.79385006 0.52051079 0.25924337 4288387995
-0.7151168 0.53380841 0.29745719 4288387995
-0.6718725 0.52363122 0.28885686 4288387995
-0.62893867 0.52705652 0.28111112 4288387995
-0.58163226 0.53145939 0.27261347 4288387995
-0.5275991 0.52440691 0.26219931 4288387995
-0.47591832 0.51908547 0.25232202 4288387995
-1.5141363 0.57509738 0.26415303 4288387995
-1.4784918 0.57301944 0.28666338 4288387995
-0.864802 0.58926833 0.25931609 4288387995
-0.83586866 0.56122696 0.25928628 4288387995
-0.70739442 0.58541209 0.27449253 4288387995
-0.67379999 0.57658517 0.28928608 4288387995
-0.61494607 0.56420439 0.28069839 4288387995
-0.57372904 0.57371551 0.27362689 4288387995
-0.52981842 0.57826316 0.2657662 4288387995
-0.48085934 0.57739645 0.25665379 4288387995
0.46703815 0.59440374 0.27615142 4284900966
-1.5338497 0.61689872 0.25931734 4288387995
-1.4879389 0.62930131 0.29113519 4288387995
-0.91450989 0.63744128 0.25936717 4288387995
-0.89029121 0.61396593 0.25934204 4288387995
-0.76182306 0.63821858 0.27455449 4288387995
-0.73402375 0.61124897 0.2745229 4288387995
-0.68498051 0.63289583 0.29768604 4288387995
-0.62417895 0.62260109 0.28582948 4288387995
-0.5794152 0.6300258 0.28153107 4288387995
-0.52482963 0.62521183 0.26759416 4288387995
-0.47702247 0.62908983 0.25897294 4288387995
-0.43452853 0.6299243 0.25115672 4288387995
0.46674079 0.62499171 0.27722082 4284900966
-1.5591131 0.68460596 0.25576845 4288387995
-1.526292 0.67471921 0.27500221 4288387995
-1.4938785 0.66458201 0.29392737 4288387995
-0.96534812 0.68670779 0.25941932 4288387995
-0.93983263 0.66198182 0.25939319 4288387995
-0.81281686 0.68769169 0.27461249 4288387995
-0.78769952 0.66332656 0.27458408 4288387995
-0.65576959 0.65994388 0.29386473 4288387995
-0.62855601 0.67867416 0.29125983 4288387995
-0.572299 0.67326164 0.27919576 4288387995
-0.5206092 0.67180628 0.26954347 4288387995
-0.47698909 0.67563224 0.26169428 4288387995
-0.44136468 0.68298799 0.25553167 4288387995
0.47407389 0.66458654 0.27892104 4284900966
-1.5544226 0.72512543 0.26637092 4288387995
-1.5183762 0.73527575 0.29142973 4288387995
-1.0153122 0.7351262 0.25947049 4288387995
-0.98886263 0.70950204 0.25944382 4288387995
-0.86268687 0.73607659 0.27466935 4288387995
-0.83716625 0.7113176 0.27464035 4288387995
-0.67241311 0.72191143 0.2938059 4288387995
-0.62420738 0.72226036 0.29167494 4288387995
-0.57976657 0.73032403 0.2839219 4288387995
-0.52074492 0.72359818 0.27260384 4288387995
-0.47164783 0.72374952 0.26352543 4288387995
-0.42251921 0.72321421 0.25440103 4288387995
0.49262157 0.7016834 0.27565166 4284900966
-1.5839202 0.77823907 0.25736809 4288387995
-1.5373437 0.77060503 0.28586084 4288387995
-1.0660405 0.78428847 0.25952262 4288387995
-1.0424955 0.76147163 0.25949851 4288387995
-0.95964843 0.79676133 0.27492335 4287598479
-0.91259265 0.78449607 0.27472621 4288387995
-0.88821697 0.76084328 0.27469826 4288387995
-0.75395727 0.79912734 0.29193127 4288387995
-0.72536975 0.77136123 0.29189542 4288387995
-0.61255652 0.76472425 0.29200679 4288387995
-0.57901132 0.78174466 0.28679562 4288387995
-0.52676123 0.77940333 0.27698779 4288387995
-0.46872818 0.77439004 0.26595268 4288387995
-0.41888279 0.77411067 0.25671071 4288387995
-0.38996574 0.79545373 0.25260898 4288387995
-1.5745107 0.83093405 0.27328277 4288387995
-1.5445242 0.81064093 0.28874654 4288387995
-1.1198568 0.83453155 0.26883909 4282269246
-1.0859803 0.83309573 0.26209131 4282137660
-0.96369773 0.83407706 0.27478436 4288387995
-0.92601115 0.83079636 0.27512076 4287137928
-0.8033942 0.84715039 0.29199368 4288387995
-0.77908236 0.82353717 0.29196319 4288387995
-0.6181947 0.82360905 0.29650116 4288387995
-0.57060415 0.81713021 0.28731331 4288387995
-0.53212309 0.83522308 0.28125122 4288387995
-0.47784185 0.82470709 0.27058798 4288387995
-0.42492205 0.8171612 0.26035145 4288387995
-0.38270965 0.82163829 0.25280061 4288387995
-1.6107221 0.87972224 0.25915682 4288387995
-1.572428 0.8911677 0.28590208 4288387995
-1.1695112 0.88456267 0.25962886 4288387995
-1.131568 0.85554361 0.2684415 4286151033
-1.0662227 0.86357999 0.27912584 4279505940
-1.0342137 0.88553369 0.27041239 4280953386
-0.98984528 0.85944468 0.27481407 4288387995
-0.90474844 0.87075782 0.27380311 4286151033
-0.89439261 0.89368975 0.27810684 4285690482
-0.82936114 0.87237978 0.29202685 4288387995
-0.57056606 0.86304104 0.28999674 4288387995
-0.50784338 0.85650516 0.2780045 4288387995
-0.49607444 0.86681956 0.27643079 4288387995
-0.44069514 0.8591001 0.26572853 4288387995
-0.38075984 0.86028594 0.25470456 4288387995
-0.069073662 0.89099979 0.27536464 4284900966
-0.020986523 0.88261098 0.27553982 4286019447
0.019967277 0.88734543 0.27599567 4287795858
0.15914023 0.89920437 0.27464113 4289309097
-1.6195397 0.92368436 0.26172584 4288387995
-1.5806226 0.93549943 0.28894064 4288387995
-1.2237738 0.93580437 0.2581538 4288387995
-1.1654794 0.93928498 0.27527702 4287006342
-1.1201732 0.93908823 0.2757338 4287598479
-1.0778131 0.94264984 0.27564996 4287532686
-1.0185256 0.9224183 0.27538535 4280163870
-0.90242863 0.94759333 0.2724469 4283914071
-0.89462137 0.92363387 0.27806711 4284637794
-0.12391279 0.92671579 0.27592513 4284900966
-0.096626148 0.9035694 0.27575102 4284900966
-0.01837676 0.94396281 0.27434418 4285427310
0.020430895 0.93635869 0.2747533 4287335307
0.076734297 0.92578346 0.27482972 4287532686
0.12185138 0.92100161 0.27548942 4281084972
0.17867792 0.92849755 0.27548417 4286808963
1.0838625 0.94785058 0.27482408 4285427310
-1.6155281 0.97331476 0.27359855 4288387995
-1.2705396 0.98081869 0.27488649 4285361517
-1.2194903 0.98080033 0.27658162 4286545791
-1.1772014 0.96615714 0.27556485 4285427310
-1.1298239 0.95204145 0.2751562 4285164138
-1.0708306 0.95264608 0.27395993 4287466893
-1.0242199 0.96795046 0.27554885 4287795858
-0.98820865 0.98898745 0.276748 4290098613
-0.9136588 0.97683358 0.27833906 4282071867
-0.88909113 0.98967135 0.27841669 4279440147
-0.15691365 0.97553277 0.27403799 4284900966
-0.12055412 0.99018407 0.27486035 4284045657
-0.073230505 0.97057194 0.27536601 4284637794
-0.024012901 0.97061735 0.27556753 4285953654
0.026011191 0.96825469 0.27417815 4287795858
0.07420779 0.97491026 0.27350727 4287664272
0.12190342 0.9777931 0.27511778 4283782485
0.19647092 0.97275263 0.27591208 4285953654
0.22127602 0.96146786 0.27332672 4284900966
0.99112183 0.99254388 0.2766436 4284900966
1.0253177 0.96992505 0.27473584 4284900966
1.0660754 0.95544654 0.27506816 4285098345
1.1235476 0.95570719 0.27513623 4287137928
1.1530497 0.96235144 0.27499318 4285229931
-1.6515809 1.0123228 0.25774282 4288387995
-1.6248124 1.0207157 0.27651203 4288387995
-1.5978974 1.0291494 0.29538313 4288387995
-1.3108947 1.0278749 0.27331728 4285690482
-1.2702847 1.0230069 0.2774303 4287269514
-1.229049 1.0170041 0.27470142 4285757298
-1.0099701 1.0209095 0.27113441 4285822068
-0.9698658 1.0238214 0.27519745 4290361785
-0.9385339 1.0232434 0.2733576 4290888129
-0.8637228 1.0208424 0.27494207 4279440147
-0.17372225 1.0279111 0.27496022 4281282351
-0.13257925 1.0252483 0.27492216 4283716692
-0.031410284 1.0085918 0.27401352 4284900966
0.02950348 1.0141894 0.27714461 4287006342
0.066987507 1.0273145 0.2675373 4289901234
0.12488019 1.0221997 0.27505958 4289703855
0.19732423 1.0257705 0.27333897 4282664004
0.20004779 1.00766 0.29463911 4282071867
0.97192031 1.0220547 0.27555537 4284900966
1.0447458 1.0499898 0.28341693 4284900966
1.0704238 1.0454742 0.27489886 4284900966
-1.6752512 1.0569146 0.2508879 4288387995
-1.6344128 1.0699325 0.27956241 4288387995
-1.3703698 1.0792176 0.25983521 4288387995
-1.3248459 1.0642382 0.27501848 4285231211
-1.2690188 1.0786842 0.28561884 4288387995
-1.208789 1.0660374 0.27874523 4284312414
-1.006354 1.0698049 0.26871333 4287335307
-0.95401281 1.0747659 0.27478245 4291414217
-0.94669932 1.0801342 0.27433819 4286095992
-0.84338063 1.0668372 0.2720637 4279440147
-0.21214435 1.0726217 0.27508742 4278848010
-0.15709051 1.0803082 0.27502498 4283585106
-0.14369932 1.0675472 0.27630284 4284900966
-0.039519988 1.0560832 0.27647167 4284900966
0.087184459 1.0686691 0.26015478 4289901234
0.14709869 1.07379 0.27504593 4291283399
0.17702746 1.0767002 0.27382183 4291282887
0.9485662 1.0864682 0.27809623 4284900966
0.96853274 1.0744321 0.27455699 4284900966
1.0184304 1.0602622 0.27375159 4284900966
-1.6721747 1.1120505 0.26319116 4288387995
-1.6444253 1.1210532 0.28270447 4288387995
-1.4209362 1.1282227 0.25988719 4288387995
-1.3775959 1.125384 0.25682691 4283848278
-1.267718 1.1282912 0.28099334 4288059030
-1.249923 1.1458677 0.25165445 4284900966
-0.95321637 1.1253496 0.27487051 4290823616
-0.94803399 1.1156884 0.27478206 4290298552
-0.22196598 1.1124851 0.27504322 4278848010
-0.16078286 1.1239101 0.27597415 4284769380
-0.14702636 1.1351012 0.27280155 4284900966
-0.0070373057 1.1396917 0.27470821 4289045925
0.026704621 1.1493227 0.27549013 4289177511
0.083682939 1.1475387 0.27502948 4289835441
0.13392562 1.1285514 0.27493167 4290756543
0.15499561 1.1087666 0.27515325 4291217094
0.94600821 1.1274468 0.27528769 4285361517
0.95766276 1.1137062 0.27507836 4284900966
-1.6830616 1.1648777 0.26609108 4288387739
-1.6406188 1.1788836 0.29598132 4288387995
-1.467703 1.1735448 0.25993523 4288387995
-1.4438373 1.150417 0.25991076 4288387995
-1.3684652 1.1783413 0.25797331 4279374354
-1.3238912 1.1835308 0.2751942 4288387995
-1.2956302 1.1561158 0.27516222 4288387995
-1.2320787 1.1769872 0.2562184 4281348144
-0.97125214 1.1784766 0.27510351 4289901234
-0.16076276 1.175245 0.27456245 4284900966
-0.13444695 1.1748002 0.27490819 4284900966
0.042950917 1.1514555 0.27510065 4289309097
0.058901727 1.1510926 0.27486983 4289506476
0.12901704 1.174907 0.27587464 4289638574
0.93628013 1.1716622 0.2754063 4284900966
1.0768486 1.1947231 0.27725959 4284900966
-1.6800249 1.2246542 0.27923781 4288387995
-1.3710278 1.226308 0.26757312 4282532418
-1.3328923 1.2183656 0.26246396 4288387995
-1.2088668 1.2410324 0.29250634 4288387995
-1.1158299 1.2463933 0.27720907 4285624689
-1.0749209 1.2465947 0.27511194 4285822068
-1.0242691 1.2290331 0.27607962 4287335307
-0.99275088 1.206527 0.27500641 4288980132
-0.15012729 1.2012814 0.27424914 4283058762
-0.12633131 1.2214277 0.27516475 4280375073
-0.067405552 1.2342339 0.2741358 4284308829
-0.03125792 1.2448039 0.2747364 4284900966
0.023395224 1.2470043 0.27499169 4285032552
0.075250633 1.2297518 0.27500632 4286874756
0.10455087 1.2092576 0.27705553 4288322202
0.9342407 1.2023493 0.27515078 4284900966
1.0351285 1.2308348 0.274865 4284900966
1.0591668 1.2066773 0.2716547 4284900966
-1.6915802 1.2820367 0.28256154 4288387995
-1.4194933 1.2762848 0.27530307 4288387995
-1.3730371 1.2542444 0.26743719 4281677109
-1.3378139 1.2914655 0.25947669 4288387995
-1.2586299 1.2893705 0.29256907 4288387995
-1.2377882 1.2691246 0.29254273 4288387995
-0.084706143 1.2645363 0.27494055 4278216192
1.0115089 1.2734108 0.27494669 4282269246
-1.6886042 1.3470677 0.2966533 4288191643
-1.3830416 1.3186384 0.25103351 4288387995
-1.3234955 1.3402561 0.28236985 4288387995
-1.2819692 1.3120416 0.29259849 4288387995
1.0023696 1.3244957 0.27498102 4278848010
-1.3680906 1.3857464 0.27913055 4288387995
-1.3358339 1.3643631 0.29266638 4288387995
1.0076268 1.3653752 0.2747592 4278848010
-1.4016505 1.4148722 0.25557834 4288322713
-1.3636971 1.4359376 0.26679951 4288387995
-1.3165817 1.4067888 0.27551565 4288651167
1.6808443 1.4476963 0.25102523 4288387995
-1.4114363 1.4654827 0.25796849 4288322461
-1.3729264 1.4874635 0.26941121 4288387995
-1.3249338 1.4574565 0.27826032 4288387995
1.6446385 1.4534371 0.25052124 4288387995
1.6768099 1.4726405 0.25876474 4288387995
-1.4708643 1.5486814 0.25135189 4288322461
-1.4215655 1.5178661 0.26044238 4288453275
-1.382483 1.5408094 0.27211511 4288387995
-1.3335801 1.5099175 0.28110218 4288453275
1.6884029 1.5117111 0.27204746 4288387995
-1.4320567 1.572118 0.26300451 4288453527
-1.3923849 1.5960795 0.27491659 4288453277
-1.3425364 1.5642581 0.28404582 4288322715
-1.4823146 1.6038702 0.25376859 4288191643
-1.4429294 1.6283557 0.26566043 4288453275
-1.3518202 1.6205804 0.28709683 4288387995
-1.3103325 1.6456349 0.29955405 4288322715
-1.4741945 1.6738677 0.26234373 4288453275
-1.4026513 1.653388 0.27782139 4288453275
-1.3614497 1.6789997 0.29026139 4288387995
-1.3578789 -1.6964176 0.30641049 4288387995
-1.3302481 -1.6766044 0.30736014 4288387995
-1.2740631 -1.6780678 0.31779608 4288387995
-1.2269049 -1.6745784 0.3255944 4288387995
-1.1770507 -1.6719885 0.33406237 4288387995
-1.1237377 -1.6836079 0.34604856 4288387995
-1.0857667 -1.6671891 0.34955558 4288387995
0.18158066 -1.6602113 0.33341196 4290098613
0.40753397 -1.673304 0.30903706 4288387995
0.57980633 -1.6751547 0.33259827 4288387995
0.73073727 -1.6767998 0.31006691 4288387995
0.75106549 -1.6500409 0.31218821 4288387995
0.83674121 -1.6706779 0.32813555 4288387995
0.93744403 -1.6856469 0.34639207 4288387995
0.95934165 -1.6598141 0.34883422 4288387995
-1.2673336 -1.63149 0.30952236 4288387995
-1.2264888 -1.6238815 0.31534263 4288387995
-1.1734141 -1.6151026 0.32313088 4288387995
-1.1214145 -1.6331223 0.33618402 4288387995
-1.0928044 -1.6131389 0.33727545 4288387995
0.20265955 -1.6059009 0.33902818 4290493371
0.42188668 -1.6251459 0.31002185 4288387995
0.59378445 -1.6309738 0.33361256 4288387995
0.60238671 -1.6037893 0.33423674 4288387995
0.77056032 -1.6243817 0.31422254 4288387995
0.87357301 -1.6247092 0.33211097 4288387995
-1.2575045 -1.5772569 0.30024904 4288387995
-1.223165 -1.5761371 0.30621675 4288387995
-1.1835487 -1.5714054 0.31240126 4288387995
-1.1395458 -1.5911227 0.324357 4288387995
0.22291303 -1.5537168 0.34442481 4290822336
0.43683571 -1.5749806 0.31104749 4288387995
0.61085761 -1.5770229 0.33485144 4288387995
0.69839692 -1.5957272 0.30019814 4288387995
0.71888745 -1.5673602 0.30226317 4288387995
0.79324001 -1.5945294 0.31658921 4288387995
0.81557226 -1.5651354 0.31891963 4288387995
0.89881146 -1.5932081 0.33483502 4288387995
0.91910148 -1.5678935 0.33702505 4288387995
-1.2120442 -1.5442796 0.30173391 4288387995
0.2456986 -1.5080438 0.3355701 4289901234
0.44707447 -1.5406302 0.31175005 4288387995
0.45443499 -1.5159283 0.31225505 4288387995
0.62688661 -1.5263612 0.33601457 4288387995
0.74086648 -1.5369359 0.3044782 4288387995
0.7586872 -1.5122654 0.30627415 4288387995
0.8403886 -1.5324714 0.32150927 4288387995
0.85865164 -1.5084372 0.32341504 4288387995
0.94136429 -1.540103 0.33942792 4288387995
0.96163726 -1.5148052 0.34161609 4288387995
0.26767915 -1.4639525 0.32706347 4290361785
0.46629706 -1.4761184 0.31306893 4288387995
0.64255768 -1.4768256 0.33715165 4288387995
0.78255516 -1.4792291 0.30867955 4288387995
0.80259192 -1.4514987 0.31069884 4288387995
0.88362122 -1.4755695 0.32602066 4288387995
0.98926133 -1.480329 0.34459761 4288387995
1.0068777 -1.4583488 0.346499 4288387995
1.6462846 -1.4664021 0.31634399 4284900966
0.28565681 -1.4171588 0.33239639 4290822336
0.48102674 -1.4266855 0.31407949 4288387995
0.65773308 -1.428863 0.33825281 4288387995
0.81426889 -1.4353331 0.31187561 4288387995
0.9247883 -1.4213837 0.33031654 4288387995
1.02484 -1.435925 0.34843773 4288387995
0.30619767 -1.3761665 0.32420623 4290493371
0.49551475 -1.3780676 0.31507352 4288387995
0.50176126 -1.3571162 0.31550217 4286808963
0.67493981 -1.3744854 0.33950144 4288322202
0.94529808 -1.3943872 0.33245674 4288387995
0.3228659 -1.3325574 0.32940686 4289374890
0.51118237 -1.325493 0.31614852 4284900966
0.69057488 -1.325065 0.34063593 4284966759
-0.10089123 -1.2500405 0.33487001 4284900966
-0.071778975 -1.2633729 0.3251771 4283914071
-0.02665031 -1.2799606 0.32727221 4285098345
0.020276228 -1.279561 0.32531434 4286876803
0.3389498 -1.290477 0.33442438 4289572269
0.35758841 -1.2535813 0.32664907 4291085508
0.52542973 -1.2776902 0.3171261 4284900966
0.70692265 -1.2734008 0.34182218 4284900966
0.99895799 -1.2510364 0.34808093 4284900966
1.0243499 -1.2640542 0.32558626 4284900966
1.0774667 -1.2649024 0.32617578 4285624689
1.1112121 -1.2789049 0.30752274 4286874756
-1.2095361 -1.2034814 0.32542995 4284835173
-1.1753715 -1.2312864 0.30550721 4284900966
-1.1471877 -1.2449148 0.30143601 4284900966
-1.0182613 -1.2270629 0.3249906 4289506476
-0.99403965 -1.2075067 0.32144469 4290361785
-0.12167718 -1.2197037 0.325234 4283387727
-0.078672744 -1.230512 0.32391688 4283387727
-0.026737757 -1.2414788 0.32562554 4284966759
0.00027346611 -1.2466203 0.34511262 4284111450
0.080338933 -1.2283798 0.3243992 4288393883
0.10897589 -1.2070736 0.32939154 4290361784
0.37564808 -1.2178547 0.31908751 4289309097
0.54101658 -1.2253827 0.31819549 4284900966
0.72205389 -1.2255733 0.34292012 4284900966
0.98397887 -1.2175815 0.3255946 4284900966
1.0249807 -1.2222341 0.32481357 4284835173
1.0674238 -1.2228265 0.324884 4284900966
1.110515 -1.2278473 0.32629392 4285295724
-1.2311904 -1.1708316 0.32513794 4284835173
-1.171374 -1.1579722 0.32547078 4284900966
-0.96879971 -1.1730179 0.32491297 4291151301
-0.1583004 -1.1644099 0.32502154 4282466625
-0.13145179 -1.1766944 0.32419503 4284572001
0.13096978 -1.1764189 0.32401574 4291085508
0.39007956 -1.1797066 0.32403821 4289440683
0.55190444 -1.1888559 0.31894255 4284900966
0.73698747 -1.1783705 0.34400371 4284900966
0.94797647 -1.1610631 0.32672694 4284900966
0.96856445 -1.1782243 0.32509905 4284900966
1.0157048 -1.1927354 0.32647794 4284900966
1.0937387 -1.1998343 0.3252998 4284900966
1.1128809 -1.1948335 0.3249242 4284900966
-1.2513589 -1.1130013 0.32549429 4284900966
-1.2308739 -1.1229162 0.32477239 4284900966
-1.1921033 -1.1401391 0.31993008 4284900966
-0.95349419 -1.1248258 0.32487547 4291414473
-0.94246489 -1.1194988 0.32171908 4290888641
-0.16522382 -1.1213833 0.32566109 4284900966
-0.13829342 -1.1254365 0.32496417 4284900966
0.14644232 -1.1277888 0.32410243 4291414473
0.15193138 -1.1196896 0.32555994 4291151301
0.41078895 -1.1249629 0.33114201 4289045925
0.94093031 -1.1190028 0.32533312 4284900966
0.9532032 -1.1257119 0.32434663 4284180315
-1.2512698 -1.0856472 0.32439128 4284900966
-1.2358902 -1.0763421 0.32336393 4284639330
-0.95530647 -1.0702866 0.3255865 4290822336
-0.94283706 -1.0800931 0.32475597 4290953922
-0.600339 -1.0911026 0.30224732 4288387995
-0.56846833 -1.0766836 0.307937 4288387995
-0.52890629 -1.0612471 0.31264746 4288387995
-0.48796827 -1.0553678 0.30787724 4288387995
-0.158944 -1.0784329 0.32554907 4284900966
-0.13454831 -1.0752774 0.32581049 4284900966
-0.078845441 -1.0659518 0.3251622 4284900966
-0.035770893 -1.0985337 0.33950418 4284900966
0.14649846 -1.0767813 0.32450551 4290888129
0.15225504 -1.0800101 0.32691672 4289703855
0.43358335 -1.0757979 0.32626221 4289045925
0.93961513 -1.0756998 0.32445335 4284835430
0.9565264 -1.0692916 0.32450023 4284638562
1.0339468 -1.0730442 0.31857109 4287203721
-1.2667955 -1.0203683 0.32586706 4283979864
-1.2320645 -1.0218723 0.32448894 4284900966
-1.0391862 -1.0144092 0.32512906 4285098345
-0.96867794 -1.0226849 0.32548583 4289703855
-0.94720966 -1.0436003 0.32481 4290624957
-0.51297796 -1.0375776 0.33122125 4288387995
-0.4723998 -1.0300405 0.32812646 4288387995
-0.42671895 -1.0232527 0.32302102 4288387995
-0.37773651 -1.0146579 0.31880438 4288387995
-0.33366954 -1.0112214 0.31090608 4288387995
-0.28748181 -1.006314 0.30387557 4288387995
-0.15319811 -1.0430691 0.32512248 4284900966
-0.12656729 -1.0255021 0.32491013 4285098345
-0.035120044 -1.0427594 0.32700187 4284900966
0.12992987 -1.025028 0.3248567 4289177511
0.44620699 -1.0422208 0.33082995 4288387995
0.45826641 -1.0246938 0.31853366 4289835441
0.94485867 -1.0362856 0.32491311 4284900966
0.97066969 -1.0219183 0.32495517 4284835173
1.0297004 -1.0194619 0.3181937 4283651411
1.2327188 -1.0233604 0.32413885 4288920996
-1.2186817 -0.98171562 0.32375157 4284900966
-1.1777372 -0.96776861 0.32266349 4284900966
-1.1278507 -0.96140999 0.32554844 4284900966
-1.0739511 -0.96917838 0.32456899 4285032552
-1.0220747 -0.97139961 0.32442245 4287006342
-0.98920602 -0.99108297 0.3263993 4288453788
-0.42527699 -0.99763727 0.34712979 4288387995
-0.36446524 -0.98808533 0.34082562 4288387995
-0.31992376 -0.98586959 0.33164096 4288387995
-0.26739013 -0.977382 0.32642072 4288387995
-0.22350885 -0.97146899 0.32093599 4288387995
-0.16999541 -0.96324879 0.3152115 4288387995
-0.12329989 -0.97979033 0.32367304 4285229931
-0.075770795 -0.96884364 0.32423654 4284309341
-0.024702474 -0.95275259 0.32504383 4284046937
0.028201308 -0.95477813 0.32525951 4285098345
0.077713616 -0.97250611 0.32471621 4286677377
0.10830262 -0.99207145 0.32480872 4287335307
0.47797164 -0.97189444 0.32610559 4288387995
0.98564649 -0.98588109 0.32523182 4284835429
1.0203875 -0.96899879 0.32498562 4284703587
1.0657634 -0.95811689 0.31943092 4282795590
1.1419148 -0.95214444 0.32442856 4285361517
1.1794946 -0.96424514 0.32482684 4287401100
1.2095658 -0.98474616 0.32478684 4288588191
1.2987883 -0.96450645 0.32032669 4278848010
1.6877484 -0.97300971 0.31048253 4285361517
-1.2044603 -0.9423269 0.32947606 4283519313
-1.1746713 -0.92160243 0.32389325 4283058762
-1.1180397 -0.94265312 0.32174572 4285756275
-1.0787359 -0.94484979 0.32225731 4284966759
-0.21139836 -0.94641137 0.34180474 4288387995
-0.16444324 -0.93890709 0.33706069 4288387995
-0.12724204 -0.9239952 0.3255654 4285558896
-0.077495821 -0.92765754 0.32574713 4288387995
-0.020220485 -0.94128293 0.32334828 4285690994
0.016190106 -0.94306242 0.3211219 4285624689
0.06989336 -0.90898073 0.30619353 4288387995
0.1072911 -0.90513051 0.30038333 4288387995
0.49115631 -0.92966574 0.33907565 4288387995
0.50965738 -0.91470057 0.30655521 4289769648
1.0345658 -0.9431327 0.3253929 4284900966
1.0774645 -0.93765169 0.32445183 4284572001
1.1264737 -0.93644124 0.323176 4284111450
1.1693082 -0.93033242 0.31864116 4283716692
1.2260941 -0.91630834 0.31356391 4278848010
1.2688487 -0.93745786 0.31765124 4278848010
-1.1223387 -0.88982481 0.32648742 4284769380
-1.0830388 -0.88459122 0.32235321 4284900966
-0.11430697 -0.8844589 0.32449111 4284900966
-0.016218504 -0.89457828 0.34180474 4288387995
0.030071259 -0.89032656 0.33412108 4288387995
0.065724671 -0.88288355 0.33218634 4288387995
0.11757822 -0.87746733 0.324204 4288387995
0.18289793 -0.86924946 0.31548181 4288387995
0.22453602 -0.85959262 0.31414339 4288387995
0.26864421 -0.85559994 0.30676603 4288387995
0.51825553 -0.87763816 0.32591918 4288387995
1.6716664 -0.86417514 0.30760789 4288322202
-0.08078441 -0.81473249 0.34766603 4288387995
-0.030644 -0.80405331 0.34844118 4288387995
0.13896918 -0.8499465 0.34507179 4288387995
0.17972416 -0.84471321 0.33973086 4288387995
0.22148824 -0.83384728 0.33951536 4288387995
0.26598731 -0.83080864 0.33112767 4288387995
0.31201443 -0.82462615 0.32535595 4288387995
0.35998893 -0.81765097 0.31984735 4288387995
0.41043106 -0.81509972 0.30948579 4288387995
0.46257567 -0.80434132 0.30653405 4288387995
0.53775698 -0.82844329 0.32991207 4288387995
0.55085003 -0.82288027 0.3011401 4288585374
1.6975288 -0.82461512 0.32337189 4288585374
-0.06543678 -0.78166109 0.33693734 4288387995
-0.026016286 -0.77571541 0.33844846 4288387995
0.026099687 -0.77183199 0.34191003 4288387995
0.074897483 -0.76635677 0.34447441 4288387995
0.12192757 -0.75904852 0.34620255 4288387995
0.16589007 -0.75482917 0.34877694 4288387995
0.3580544 -0.79435635 0.3425951 4288387995
0.40847063 -0.78725791 0.33658519 4288387995
0.46123424 -0.7808634 0.32930672 4288387995
0.52108258 -0.77417141 0.32688794 4288387995
0.56723392 -0.77347142 0.31896707 4288387995
0.63469374 -0.75550902 0.30951843 4288387995
-0.02025149 -0.73039699 0.32231399 4288387995
0.024922878 -0.72399241 0.32419643 4288387995
0.075914495 -0.72364306 0.32885265 4288387995
0.12521757 -0.72529644 0.33408788 4288387995
0.17558104 -0.72351128 0.33816051 4288387995
0.22325487 -0.71948868 0.3411558 4288387995
0.27063742 -0.71894073 0.34540024 4288387995
0.32430798 -0.70910835 0.34681869 4288387995
0.36891913 -0.70556819 0.3497023 4288387995
0.5789941 -0.73393571 0.32884049 4288387995
0.62768012 -0.72377664 0.32864565 4288387995
0.69834763 -0.72364783 0.32380918 4288387995
0.76560038 -0.71366292 0.31628498 4288387995
0.83623326 -0.70797849 0.30379397 4288387995
1.6840687 -0.73124784 0.3130565 4288453788
-0.0031171441 -0.6985786 0.31221369 4288387995
0.024669588 -0.67724001 0.30696934 4288387995
0.074046396 -0.67646962 0.3113192 4288387995
0.1263918 -0.67734629 0.3165538 4288387995
0.17603901 -0.67595112 0.32069919 4288387995
0.2255632 -0.67485541 0.32494402 4288387995
0.27457538 -0.67719251 0.33040681 4288387995
0.3269425 -0.6742869 0.33425283 4288387995
0.37468484 -0.67391652 0.33859661 4288387995
0.42346385 -0.67279857 0.3427625 4288387995
0.47290093 -0.66526181 0.34462813 4288387995
0.52577221 -0.65882719 0.34722179 4288387995
0.59525067 -0.6886571 0.3356719 4288387995
0.61083543 -0.66761935 0.31793249 4288387995
0.76603919 -0.68988007 0.33889711 4288387995
0.83710784 -0.68351948 0.32694134 4288387995
0.91214418 -0.67177641 0.31912193 4288387995
0.99138319 -0.65943933 0.31080341 4288387995
-1.6917205 -0.61468476 0.30389094 4288387995
0.079117745 -0.64697182 0.30094114 4288387995
0.12688589 -0.6421771 0.30365914 4288387995
0.17708874 -0.63580436 0.30602521 4288387995
0.2232614 -0.62758774 0.30733442 4288387995
0.2759515 -0.62595218 0.31167692 4288387995
0.32454988 -0.62561965 0.31611785 4288387995
0.37728012 -0.62298328 0.32009858 4288387995
0.42556751 -0.62240547 0.32441705 4288387995
0.47483197 -0.62532645 0.33011469 4288387995
0.52315593 -0.62313527 0.33384293 4288387995
0.57487464 -0.62534893 0.33951062 4288387995
0.61696303 -0.61920661 0.33411691 4288387995
0.91378546 -0.64122164 0.34789953 4288453788
0.99329513 -0.63315827 0.33542895 4288387995
1.0772064 -0.62462986 0.32228616 4288322202
1.1665294 -0.61008531 0.31351802 4288387995
1.6796732 -0.63620776 0.30849233 4288256409
-1.6951206 -0.56900537 0.31774414 4288387995
0.28173426 -0.59823209 0.3020196 4288387995
0.32873634 -0.5898509 0.30334595 4288387995
0.37754494 -0.5833472 0.30553547 4288387995
0.42698583 -0.57840484 0.30835944 4288387995
0.47739902 -0.57462722 0.31169999 4288387995
0.525545 -0.57281977 0.31555286 4288387995
0.57650149 -0.57627767 0.32160684 4288387995
0.62643725 -0.57391202 0.3254202 4288387995
0.6603685 -0.56310624 0.32028469 4288387995
1.1691039 -0.58745551 0.33448672 4288387995
1.2735202 -0.56711048 0.33458173 4288387995
1.3245317 -0.56099361 0.34018955 4288387995
1.3650887 -0.55995977 0.31102911 4288387995
-1.6978709 -0.52005684 0.33258283 4288387995
0.48525029 -0.54380137 0.30109423 4288387995
0.5273211 -0.53870565 0.30316675 4288387995
0.57727838 -0.53485185 0.30643657 4288387995
0.62854528 -0.52756798 0.30856705 4288387995
0.67266768 -0.52627653 0.31579211 4288387995
0.71326739 -0.5093984 0.30983144 4288387995
1.3670336 -0.54775977 0.32219198 4288387995
1.4766231 -0.52268994 0.31833851 4288387995
1.5912739 -0.50910532 0.30222651 4288322202
1.6901861 -0.53233784 0.313274 4288387995
0.6869902 -0.48419362 0.32064924 4288387995
0.714683 -0.48293361 0.30560571 4288387995
1.4813306 -0.49709928 0.34159493 4288387995
1.5968558 -0.48253724 0.32619524 4288387995
1.6791407 -0.46522653 0.30498543 4288387995
-1.686927 -0.40478694 0.30069286 4288387995
-1.2578607 -0.41006255 0.34259856 4288387995
0.69634104 -0.44806361 0.33985531 4288387995
0.71500486 -0.42013678 0.32173985 4288387995
1.6927952 -0.44868922 0.31338871 4288387995
-1.6762403 -0.37980816 0.30612734 4288387995
-1.6263031 -0.3674916 0.30567387 4288387995
-1.5880325 -0.36579561 0.3034094 4288387995
-1.5197575 -0.3546207 0.30138719 4288387995
-1.228898 -0.37565097 0.33925486 4288387995
0.7331515 -0.3718524 0.3283264 4288387995
1.6821334 -0.38844544 0.3054719 4288453788
-1.6729984 -0.32461676 0.31956384 4288387995
-1.6210775 -0.32912987 0.31480455 4288387995
-1.5738027 -0.32009909 0.31372434 4288387995
-1.5290693 -0.324249 0.30955932 4288387995
-1.476715 -0.32003826 0.30692974 4288387995
-1.4201953 -0.32029441 0.30290189 4288387995
-1.3738372 -0.30671293 0.30301279 4288387995
-1.3398765 -0.30301428 0.30154657 4288387995
-1.2006471 -0.34208292 0.33599326 4288387995
-1.186868 -0.32570779 0.33440235 4288387995
-1.1011815 -0.32388049 0.31865031 4288387995
-1.0886829 -0.30833054 0.31724802 4288387995
-0.66561562 -0.31590399 0.32518196 4284900966
-0.64776665 -0.30750287 0.32395172 4284900966
0.74549562 -0.33888912 0.33294114 4288387995
0.75842798 -0.31836087 0.32173887 4288387995
1.1268414 -0.30939969 0.32376516 4278216192
1.1657149 -0.31882444 0.32555389 4278216192
1.2117805 -0.3168835 0.32476681 4278216192
1.6849028 -0.31903791 0.30595267 4288387995
-1.6721092 -0.2741473 0.3319959 4288387995
-1.6211945 -0.27680594 0.32776642 4288387995
-1.5709997 -0.27475804 0.32475266 4288387995
-1.5265743 -0.27240247 0.32221979 4288387995
-1.4764897 -0.27260342 0.31865719 4288387995
-1.4257989 -0.27912945 0.31348616 4288387995
-1.3807917 -0.28209504 0.30959526 4288387995
-1.3265606 -0.27516672 0.3075068 4288387995
-1.2813621 -0.26821011 0.30605873 4288387995
-1.2313377 -0.26684397 0.30288789 4288387995
-1.1532447 -0.25451922 0.30046159 4288387995
-1.0642458 -0.27793372 0.31450638 4288387995
-0.83309019 -0.25303337 0.32793897 4279045389
-0.62845707 -0.29286575 0.32538059 4284900966
0.77602321 -0.27536273 0.32375044 4288387995
1.0762217 -0.27432504 0.3275317 4278413059
1.1052935 -0.29876214 0.32542202 4278216192
-1.6666797 -0.23100285 0.34229627 4288387995
-1.6265098 -0.22473571 0.34103033 4288387995
-1.5774398 -0.22538486 0.33742765 4288387995
-1.5250118 -0.22154181 0.33470181 4288387995
-1.4814383 -0.2260132 0.33053848 4288387995
-1.4244165 -0.2290968 0.32577565 4288387995
-1.3753474 -0.22862086 0.32245174 4288387995
-1.3198202 -0.2288986 0.31848812 4288387995
-1.2753143 -0.22702722 0.31582972 4288387995
-1.2206978 -0.22170682 0.31331632 4288322202
-1.1754574 -0.22662394 0.30892578 4287466893
-1.1284548 -0.23097374 0.30455178 4287203721
-1.0862006 -0.20789635 0.30730119 4286282619
-1.04036 -0.2482239 0.31182662 4288387995
-0.82022965 -0.22141036 0.3258532 4279045389
-0.069257848 -0.20923372 0.32683197 4284900966
-0.02373218 -0.21817307 0.32582486 4286282619
0.026897296 -0.21154191 0.32485211 4288585374
0.054258667 -0.20024338 0.33241975 4289769648
0.79125947 -0.23254156 0.33189273 4288387995
0.80395156 -0.21486293 0.31807113 4288387995
1.0408232 -0.21869019 0.32501358 4278216192
1.0643674 -0.23468457 0.33256766 4284781156
-1.6288655 -0.19351023 0.34892607 4288387995
-1.5640845 -0.19018312 0.3452059 4288387995
-1.5287153 -0.17613244 0.34620342 4288387995
-1.4790721 -0.16907561 0.34446827 4288387995
-1.4248739 -0.17680018 0.33875436 4288387995
-1.3703665 -0.17628752 0.33505842 4288387995
-1.3172306 -0.16451791 0.33708718 4286348412
-1.2772245 -0.16138478 0.32609108 4285493103
-1.2208251 -0.15871856 0.32752007 4284703587
-1.1756705 -0.16567372 0.32646355 4285295724
-1.1230574 -0.17113003 0.32581973 4285427310
-1.0789795 -0.16729893 0.3267096 4286611584
-1.0328221 -0.15075082 0.328475 4288980132
-0.95612192 -0.19563222 0.30342808 4288387995
-0.91968685 -0.16868828 0.32578498 4283321934
-0.89931893 -0.15027803 0.34742868 4279176975
-0.81405485 -0.17694394 0.32367951 4279045389
-0.12716366 -0.17003751 0.32530981 4284900966
-0.076599605 -0.17360331 0.32435894 4284900966
-0.023266427 -0.15919545 0.32490858 4285690482
0.025491444 -0.16360806 0.32507437 4284308829
0.078219548 -0.1754116 0.32424 4282735685
0.81877279 -0.173949 0.32514238 4288387995
1.0332336 -0.17214966 0.32524136 4283002441
1.0817913 -0.15932819 0.32462314 4283990871
1.1139762 -0.15068288 0.32180169 4286217850
-1.4522675 -0.14475644 0.34860873 4288387995
-1.4440099 -0.13726234 0.34988463 4288387995
-1.369609 -0.12121843 0.33198118 4285558896
-1.3286153 -0.13270259 0.32280216 4285098345
-1.2748386 -0.12418229 0.32558289 4284506208
-1.2249709 -0.12932239 0.32700166 4282137660
-1.1750228 -0.13245657 0.32626027 4284835173
-1.126678 -0.14709486 0.32374319 4285822068
-1.0723194 -0.13266911 0.32409644 4289045925
-1.0192847 -0.13231224 0.32450163 4289374890
-0.98133862 -0.12099366 0.32543528 4290559164
-0.92614126 -0.11797818 0.32326546 4289703855
-0.89014995 -0.11872008 0.3252832 4282664004
-0.82319367 -0.12727551 0.32227436 4279111182
-0.15726727 -0.1226147 0.32519206 4284900966
-0.11546429 -0.11526921 0.32522964 4284900966
-0.074312963 -0.12563381 0.3256321 4284900966
-0.027781097 -0.14189544 0.32549146 4284966759
0.029137937 -0.14402632 0.32574743 4286282619
0.07731162 -0.13338898 0.32583079 4288716960
0.1128486 -0.11709502 0.32597935 4288720288
0.83860171 -0.12667735 0.32605338 4288387995
0.85201621 -0.10887498 0.31043476 4288387995
0.98745036 -0.11094906 0.32623225 4282803782
1.0257639 -0.12459178 0.32530934 4283983192
1.0736575 -0.13673533 0.3248204 4285295724
1.1212825 -0.14068852 0.32361808 4285956213
1.1648804 -0.13723291 0.30147251 4288716960
-1.4087954 -0.071612999 0.34092739 4284900966
-1.388216 -0.081011392 0.31919199 4284900966
-1.3150868 -0.076589644 0.32488379 4284900966
-1.27373 -0.094694294 0.33348581 4287203721
-1.2149653 -0.091970921 0.32954156 4284900966
-1.0503078 -0.09907198 0.32398236 4290756543
-1.0408515 -0.083792306 0.3242161 4290953922
-0.971187 -0.078950822 0.32537135 4290953922
-0.92188025 -0.075861037 0.32561934 4291282887
-0.87775367 -0.068826914 0.32357246 4284045657
-0.84227937 -0.09012799 0.31840402 4279111182
-0.16621993 -0.080590472 0.32474539 4284900966
-0.12517291 -0.07421831 0.32551116 4284900966
-0.078954361 -0.082122669 0.32497865 4284900966
0.1345271 -0.079385474 0.32541266 4291019715
0.15521821 -0.06108842 0.32439265 4291348680
0.84612006 -0.095176302 0.34194705 4288387995
0.86339229 -0.071605884 0.32257944 4288387995
0.94346875 -0.0590818 0.32501096 4282345023
0.97192758 -0.076403111 0.32520637 4284442207
1.0063751 -0.097178988 0.3277714 4284900966
1.0612152 -0.083933428 0.32453498 4284900966
-1.4118792 -0.038432121 0.33319166 4284900966
-1.3966045 -0.033340454 0.30930695 4284900966
-1.3276412 -0.034433551 0.32513225 4284900966
-1.247038 -0.0084551098 0.32420427 4284900966
-1.0298579 -0.044073582 0.32204992 4291085508
-0.96971142 -0.035067804 0.32639176 4291282887
-0.93305266 -0.026516618 0.32511124 4290559164
-0.8891471 -0.030300764 0.32569396 4286940549
-0.15412681 -0.025328398 0.32516068 4284243036
-0.13486581 -0.024372825 0.32533285 4284900966
-0.078130513 -0.027617073 0.32474589 4284900966
0.14754604 -0.037812725 0.32269371 4291414473
0.15647902 -0.026262706 0.32549858 4291348680
0.88259572 -0.024222586 0.32529712 4288387995
0.93783331 -0.022627512 0.32452884 4284638818
0.95844007 -0.025063612 0.32570544 4284900966
1.0275906 -0.018276282 0.32530653 4284900966
1.0842078 -0.04660194 0.32520014 4284900966
-1.2451586 0.027594272 0.31895185 4284900966
-0.9526307 0.031856466 0.32476541 4290822336
-0.932693 0.022250785 0.32610124 4290822336
-0.89741063 0.018247783 0.30098394 4291085508
-0.15537669 0.022367241 0.32494181 4283848278
-0.13246071 0.024736002 0.32541877 4284900710
0.14762327 0.036034878 0.32248095 4290624957
0.15133621 0.015115454 0.32508704 4290822336
0.89447832 0.011698018 0.33453777 4288387995
0.93340242 0.02517293 0.32395872 4285624689
0.96559626 0.025964567 0.32486671 4284506208
1.0048296 0.0055957981 0.32521197 4284900966
1.2470877 0.028881215 0.3021948 4290888129
-1.0735399 0.082010768 0.33971009 4287072135
-1.014134 0.077397346 0.33809534 4288190616
-0.96845883 0.074064158 0.32547981 4289506476
-0.9356702 0.066818878 0.31787711 4289835441
-0.15185051 0.057485759 0.3293789 4284900966
-0.12965775 0.077218145 0.32454935 4284377694
0.1292841 0.078335524 0.32316825 4289374890
0.93100226 0.069374889 0.32064775 4287664272
0.97097605 0.076344676 0.32478678 4284440415
1.2265929 0.076738559 0.30828309 4289572270
1.6942401 0.098533154 0.30235493 4287993237
-1.1692231 0.12890464 0.32544813 4284900966
-1.1256806 0.14457005 0.32627717 4285098345
-1.0742321 0.14554752 0.3255077 4285032552
-1.0238725 0.1289511 0.32545853 4286677377
-0.98662823 0.10946868 0.32393074 4287927444
-0.94174802 0.14243966 0.31646836 4286414205
-0.88063252 0.12416184 0.30408576 4288387995
-0.11143678 0.11211017 0.32670778 4284900965
-0.076883234 0.13363974 0.32457823 4284900966
-0.036827456 0.14742112 0.32158259 4284900966
0.038719162 0.14714707 0.31770724 4284901478
0.074521184 0.13436097 0.32359943 4286677377
0.10752539 0.10783286 0.32420731 4288256409
0.9434213 0.1111835 0.31709775 4288387995
0.98198175 0.12018549 0.32373995 4284966759
1.0199897 0.13285296 0.3250826 4284835173
1.0662233 0.14815167 0.32488081 4284835173
1.136277 0.1483373 0.32298091 4285229931
1.1746132 0.13258398 0.32494059 4287072135
1.2053416 0.10962942 0.30980861 4286216826
1.694631 0.12173768 0.30260497 4288190616
-1.0811999 0.17635337 0.3442665 4288387995
-1.0065534 0.1616929 0.32959139 4286545791
-0.97985429 0.18913598 0.32625794 4288387995
-0.91683465 0.16935018 0.31343448 4285229931
-0.87484914 0.17318626 0.30588818 4286151033
-0.84800231 0.16115344 0.30021429 4287269514
-0.057569288 0.1504405 0.32627127 4284900966
-0.024906676 0.1540971 0.32492873 4284835430
0.024749944 0.1537642 0.32476795 4284966759
0.98435026 0.16453686 0.31919497 4286085240
1.0274085 0.17049357 0.32581571 4282279486
1.079543 0.15552945 0.32452631 4284835429
1.1226794 0.1544926 0.32472265 4285164138
1.6996434 0.15115994 0.30665943 4288322202
-1.0522798 0.20459196 0.3405686 4288387995
-1.0244608 0.23175314 0.33701158 4288387995
-0.9590255 0.21054471 0.32365745 4288387995
-0.93878889 0.23134337 0.32113087 4288387995
-0.86907744 0.2209408 0.30761859 4288387995
-0.84617543 0.24567899 0.30482963 4288387995
0.9934445 0.21544249 0.30222514 4288387995
1.0337855 0.21335767 0.32548308 4278216192
1.0713009 0.23432715 0.32490987 4278216192
1.1085672 0.2436268 0.32419044 4278216192
-1.0705076 0.27589959 0.34812108 4288387995
-1.0478132 0.29691434 0.3451522 4288387995
-0.97646064 0.27862424 0.33087397 4288387995
-0.91411042 0.25671199 0.31804967 4288387995
-0.89020318 0.28128031 0.31506488 4288387995
-0.82407093 0.26956299 0.30213761 4288387995
-1.3873283 0.3415128 0.30187044 4288387995
-1.0203923 0.32230318 0.34156507 4288387995
-0.99366212 0.34705752 0.3380681 4288387995
-0.92611665 0.32778031 0.32443678 4288387995
-0.86241913 0.30984136 0.31159589 4288387995
-0.8355903 0.33741942 0.30824623 4288387995
-1.3878489 0.38293624 0.30929452 4288322202
-1.0379772 0.39183652 0.34889448 4288387995
-0.96790469 0.37090757 0.33469856 4288387995
-0.94276822 0.39418161 0.33141023 4288387995
-0.87871838 0.37406284 0.31837612 4288387995
-0.80833298 0.37141255 0.30435884 4288387995
-0.78124708 0.38865149 0.30546805 4288322202
-1.4093524 0.42081356 0.30257392 4288387995
-1.3882986 0.4260211 0.31707516 4288387995
-1.0110639 0.41542792 0.34529555 4288387995
-0.98491585 0.43834564 0.34179905 4288387995
-0.91852707 0.41662869 0.32823896 4288387995
-0.8773157 0.42877278 0.3213228 4288387995
-0.82169336 0.42615509 0.30908746 4288387995
-0.77483457 0.43215126 0.31545138 4288387995
-1.4103937 0.4658047 0.31033152 4288387995
-1.3962344 0.4847939 0.32298449 4288387995
-0.96458828 0.45616221 0.33908087 4288387995
-0.93506032 0.48204312 0.33513236 4288387995
-0.86747032 0.46391281 0.32155952 4288387995
-0.82644814 0.47538081 0.31111023 4288387995
-0.7749415 0.47616631 0.30949798 4288387995
-0.74093819 0.49991882 0.33008811 4288387995
-1.4190712 0.52705538 0.31622863 4288387995
-1.3893585 0.51832414 0.33368212 4288190616
-1.0072131 0.50152004 0.34962815 4288453788
-0.97651017 0.52693927 0.34543514 4288387995
-0.90645146 0.50711733 0.33130679 4288387995
-0.87894237 0.53123355 0.32762814 4288387995
-0.8179636 0.51482731 0.31343895 4288387995
-0.78309333 0.53284758 0.31703809 4288387995
-0.74002427 0.51461512 0.31135431 4288387995
-1.4316752 0.57380778 0.31688771 4288387995
-1.3977042 0.58274376 0.34038585 4288453788
-0.92753428 0.56748843 0.33874673 4288322202
-0.87573069 0.57268125 0.32946247 4288387995
-0.82246739 0.5731867 0.31990528 4288387995
-0.7657398 0.56927943 0.31698206 4288387995
-0.73592943 0.57786942 0.3172532 4288387995
0.46577018 0.59301001 0.3278591 4284900966
-1.4563426 0.61992681 0.30967826 4288387995
-1.4267135 0.62187606 0.32907853 4288387995
-0.9632234 0.61702955 0.34825554 4288387995
-0.93422383 0.63965756 0.34421417 4288387995
-0.86796206 0.616813 0.33061108 4288387995
-0.82358921 0.63602179 0.3267262 4288387995
-0.77021468 0.62585068 0.31621882 4288387995
-0.72267431 0.6142149 0.3217788 4288387995
0.46523112 0.62219626 0.32770213 4284900966
-1.4704053 0.67100954 0.31021124 4288387995
-1.4255108 0.67089891 0.3390328 4288387995
-0.91080582 0.6579355 0.34095052 4288387995
-0.88036209 0.68168944 0.33670789 4288387995
-0.80822754 0.671404 0.32692042 4288585374
-0.7777645 0.67781794 0.32720092 4288387995
-0.72703367 0.66479599 0.31380299 4288387995
-0.69538105 0.69212753 0.30308217 4288387995
0.48205948 0.68255675 0.32467207 4284900966
-1.4781264 0.72026235 0.31447566 4288387995
-1.4401766 0.71762979 0.3383632 4288387995
-0.92223674 0.72473681 0.34698108 4284177243
-0.87388164 0.72396433 0.33798596 4288387995
-0.82366443 0.72592717 0.32880664 4288387995
-0.76982391 0.72187734 0.32947636 4288387995
-0.73119062 0.73005408 0.31193262 4288387995
-0.68142158 0.70436102 0.30121553 4288387995
-0.50057566 0.7452116 0.31143957 4288387995
-0.4794797 0.72469032 0.31140992 4288387995
-1.5005648 0.7811079 0.31145644 4288387995
-1.4615736 0.77858448 0.33603331 4288387995
-0.95959342 0.79679108 0.32465893 4287598479
-0.87168944 0.76181167 0.33979827 4288387995
-0.83446878 0.78911227 0.33450922 4288322202
-0.7708618 0.76712942 0.32144803 4288387995
-0.72843045 0.77796507 0.31422952 4288387995
-0.67343801 0.77786887 0.30404562 4288387995
-0.55070364 0.79397911 0.31151026 4288387995
-0.52607554 0.77002001 0.31147557 4288387995
-0.32547742 0.79633999 0.3340379 4288387995
-1.5196217 0.81785619 0.30609652 4288387995
-1.4820182 0.82875782 0.33229625 4288387995
-0.92339796 0.83015555 0.32725257 4286348412
-0.87513196 0.83146846 0.34451756 4279440147
-0.81985587 0.81758028 0.33347297 4286151033
-0.77480328 0.83287728 0.32603061 4288256409
-0.71621782 0.80976671 0.31383288 4288387995
-0.6787914 0.8389703 0.30861717 4288387995
-0.62282127 0.82219005 0.30585575 4288387995
-0.57622248 0.8188054 0.3115463 4288387995
-0.36609396 0.83591467 0.33410159 4288387995
-0.34058824 0.81106251 0.33406153 4288387995
-1.5266047 0.85953641 0.30941659 4288387995
-1.4883996 0.87077832 0.33606663 4288387995
-1.115559 0.86147088 0.32439968 4279505940
-1.0742018 0.87834394 0.32048604 4279505940
-1.046713 0.89709944 0.31391999 4279505940
-0.90516132 0.86851865 0.32194883 4286216826
-0.89846843 0.89289904 0.32077748 4285427310
-0.82081723 0.86881256 0.33665311 4279900698
-0.73018885 0.86560249 0.31969082 4288453788
-0.65655988 0.87530041 0.30869412 4288387995
-0.63029045 0.86765003 0.30958304 4288387995
-0.41713503 0.88564485 0.33418155 4288387995
-0.39160934 0.86077505 0.33414161 4288387995
-0.069168493 0.89046991 0.32564992 4284900966
-0.0215066 0.88202018 0.32689229 4286019447
0.019859854 0.88684177 0.32487571 4287795858
0.15976787 0.89965314 0.32541108 4283453520
-1.5544952 0.94342756 0.30721092 4288387995
-1.5209272 0.90655428 0.32187033 4288387995
-1.4819666 0.91819704 0.34908062 4288387995
-1.1647183 0.94520199 0.32914951 4286282619
-1.1213242 0.93776536 0.32700574 4287730065
-1.0789484 0.94388539 0.32490534 4287401100
-1.0295888 0.92786449 0.31601244 4280953386
-0.89699358 0.92539001 0.3252517 4283782485
-0.70527631 0.94435263 0.31172818 4288387995
-0.6801542 0.91990912 0.31169251 4288387995
-0.46655369 0.93380082 0.33425945 4288387995
-0.44171894 0.90960473 0.33422062 4288387995
-0.12399643 0.92617851 0.32456443 4284900966
-0.096713245 0.90304983 0.32442051 4284900966
-0.019912861 0.94400078 0.32570812 4285558896
0.022097509 0.93564904 0.32476035 4287401100
0.076351792 0.92351043 0.32451975 4287598479
0.12225315 0.91832495 0.32396847 4281216558
0.17841245 0.92788714 0.32496452 4283519313
0.21146634 0.9491719 0.33230671 4284900966
1.0840806 0.94765639 0.32519299 4285493103
-1.5758257 0.98555708 0.30139801 4288387993
-1.5264082 0.96819735 0.32989451 4288387995
-1.3045933 0.99522132 0.33289939 4284900966
-1.2765977 0.97234148 0.32391435 4284900966
-1.2199337 0.98212057 0.32517859 4286216826
-1.1781292 0.96499133 0.32515034 4285229931
-1.132058 0.95201916 0.32339513 4285032552
-1.0698545 0.95242751 0.3248052 4287532686
-1.0259309 0.96908969 0.32411036 4288980132
-0.98921299 0.988222 0.32462004 4290559164
-0.9104169 0.97959596 0.32546875 4280624421
-0.88906562 0.98865688 0.32566848 4279440147
-0.75555784 0.99326098 0.31179857 4288387995
-0.73041648 0.96879995 0.31176296 4288387995
-0.51624489 0.98222226 0.33433774 4288387995
-0.49186802 0.95846814 0.33429933 4288387995
-0.15699901 0.97492343 0.32471332 4284900966
-0.12076022 0.98972249 0.32492137 4284111450
-0.072785124 0.9695428 0.32501736 4284703587
-0.022314595 0.96994364 0.32383865 4285295724
0.026627526 0.9574061 0.32343113 4286151033
0.074595064 0.97409272 0.32557562 4287532686
0.1218353 0.97745287 0.32517853 4283782485
0.19698377 0.9724617 0.32152987 4281084972
0.21648416 0.97582877 0.32522419 4282729797
0.98802209 0.99265689 0.32564881 4284900966
1.0250821 0.97002029 0.3253853 4284900966
1.0659679 0.95547789 0.32508904 4285164138
1.1229526 0.95578414 0.3235155 4287137928
1.1533357 0.96249485 0.31453714 4283716692
-1.5708361 1.0376372 0.31435788 4288387995
-1.5329969 1.0241086 0.33613342 4288387995
-1.3194442 1.0223836 0.32623133 4284900966
-1.2603536 1.0264748 0.32588506 4286874756
-1.2310559 1.0141166 0.32375088 4285165673
-1.0138669 1.0186422 0.32459381 4289967027
-0.96716815 1.0254198 0.32499695 4291151301
-0.93636644 1.0211518 0.32511592 4290822336
-0.86371309 1.0201757 0.32275829 4279440147
-0.80587256 1.0422075 0.31186938 4288387995
-0.78071308 1.0177292 0.31183377 4288387995
-0.57066315 1.0352486 0.33442342 4288387995
-0.54299581 1.0082935 0.33438018 4288387995
-0.2006081 1.0477525 0.32467303 4278848010
-0.17229214 1.0266987 0.32449135 4281348144
-0.13275431 1.024544 0.32537612 4283782485
-0.02825561 1.0073824 0.32579127 4284900966
0.025728106 1.0153258 0.32477391 4286216826
0.12499082 1.0217096 0.32486004 4289703855
0.19644019 1.0357777 0.32496724 4282992969
0.20032236 1.0078369 0.32515466 4279374354
0.97176665 1.0223193 0.32461438 4284835173
1.0444984 1.0499613 0.32503387 4284900966
1.070358 1.0454726 0.32493001 4284900966
-1.5794567 1.0874553 0.31815025 4288387995
-1.3318312 1.0639511 0.31980953 4284182105
-1.272735 1.0731037 0.32506442 4287466893
-1.2030144 1.0650594 0.32353589 4284443231
-1.0030086 1.072274 0.32449371 4290493371
-0.95408225 1.0743575 0.32524174 4291414473
-0.94633996 1.0801351 0.32560331 4286556544
-0.85622334 1.0911903 0.31194037 4288387995
-0.83723354 1.067982 0.31908101 4283914071
-0.61739731 1.0807848 0.33449677 4288387995
-0.5922718 1.0563033 0.33445734 4288387995
-0.2126158 1.0727452 0.32517555 4278848010
-0.15729555 1.0799992 0.32496566 4283519313
-0.14297539 1.0698758 0.32502294 4284900966
-0.040061869 1.0538583 0.32633129 4284900966
0.14763558 1.0770251 0.32629523 4291414473
0.17909861 1.0772069 0.3247861 4291282887
0.94840205 1.0837388 0.32409757 4284900966
0.97267163 1.0764515 0.32461101 4284900966
1.0145159 1.0615803 0.32493815 4284900966
-1.6165184 1.1301039 0.30232814 4288387995
-1.5743405 1.1437809 0.33198673 4288322460
-1.5378556 1.1007208 0.34736085 4288387995
-1.2700636 1.1196635 0.32512477 4287861651
-0.95353925 1.131928 0.32348251 4290561724
-0.94784266 1.11696 0.32620704 4290495419
-0.87677407 1.1111789 0.3119691 4288387995
-0.67080367 1.1328248 0.33458081 4288387995
-0.64490199 1.1075838 0.33453995 4288387995
-0.22207451 1.1120954 0.3249611 4278848010
-0.16124108 1.1243088 0.32466573 4284703587
-0.14814062 1.1430691 0.32101029 4284900966
-0.0049009323 1.1406275 0.32476935 4289045925
0.027446914 1.1496551 0.32546759 4289177511
0.084229872 1.147797 0.32483047 4289835441
0.13330066 1.1308035 0.3243238 4290690751
0.15541637 1.1090741 0.32487348 4291217094
0.94552124 1.1273603 0.32473388 4285361517
0.95719564 1.1136334 0.32517567 4284900966
-1.6121058 1.1882942 0.31606182 4288453275
-1.5834275 1.1977592 0.33625877 4288387995
-0.97064435 1.1784987 0.32538313 4289901234
-0.71964574 1.1804173 0.33465773 4288387995
-0.69471914 1.1561325 0.33461875 4288387995
-0.16118138 1.1748061 0.32495624 4284900966
-0.13506629 1.1745737 0.32535085 4284900966
0.043561459 1.1517322 0.32500109 4289309097
0.059504736 1.1513697 0.32471955 4289572269
0.12889698 1.176091 0.32501325 4289572781
0.93557489 1.1728449 0.32348302 4284900966
1.0758185 1.1952099 0.3196061 4284900966
-1.6220744 1.2441266 0.32011476 4288387994
-1.1164511 1.2463342 0.32429263 4285624689
-1.0753851 1.246882 0.32510266 4285690482
-1.0249726 1.2297363 0.32432565 4287203721
-0.99265844 1.2072619 0.32579651 4288782753
-0.76595587 1.2255429 0.3347306 4288387995
-0.74600333 1.206099 0.33469906 4288387995
-0.15024292 1.2017488 0.33150572 4282400832
-0.12482067 1.2228696 0.32401672 4280178974
-0.073827408 1.2328002 0.32104772 4284177243
-0.032430083 1.2443423 0.31708738 4284900966
0.023743091 1.2471303 0.32484829 4285032552
0.0756687 1.2299161 0.32489112 4286874756
0.10614923 1.2083853 0.32514706 4288387995
0.93370438 1.2022432 0.32512584 4284900966
1.0347979 1.2309189 0.31428188 4284900966
1.0583732 1.207106 0.3190704 4284900966
-1.6621289 1.2921208 0.30337071 4288387995
-0.08462207 1.2645671 0.32439491 4278216192
1.0119407 1.2716682 0.31016967 4282466625
-1.6175959 1.3073616 0.33483523 4288257175
1.0019704 1.3222924 0.30795062 4278848010
-1.6584764 1.3575735 0.31797653 4288387995
-1.6281632 1.3681483 0.33943138 4288453277
-1.1604367 1.3871254 0.31236827 4288387995
-1.1358103 1.3631712 0.31233379 4288387995
1.0073017 1.3654135 0.30594349 4278848010
-1.6700726 1.4205815 0.32232761 4288387996
-1.2137116 1.4389507 0.3124432 4288387995
-1.1850713 1.4110898 0.31240293 4288387995
-1.6664408 1.4920769 0.33805147 4288387994
-1.265027 1.48887 0.31251538 4288387995
-1.2385869 1.463149 0.31247818 4288387995
-1.0387523 1.4913498 0.33515918 4288387995
-1.3043714 1.5271456 0.31257087 4288387995
-1.2883651 1.5115716 0.31254813 4288387995
-1.0728203 1.5245475 0.33521289 4288387995
-1.6788108 1.5610523 0.34302306 4288387995
-1.1255281 1.5759088 0.33529598 4288387995
-1.2006468 1.6491086 0.33541438 4288387995
-1.175984 1.6250683 0.33537495 4288387995
-1.2159518 1.6640148 0.33543792 4288387995
-1.0656062 -1.6533103 0.35036615 4288387995
-1.0202463 -1.6859634 0.36520201 4288387995
-0.994914 -1.6687982 0.36627656 4288387995
-0.93471301 -1.6976064 0.38300687 4288387995
0.14590555 -1.6961508 0.38800922 4283072331
0.17477262 -1.6502486 0.36309424 4288257173
0.78295285 -1.67472 0.36032912 4288387995
1.0253246 -1.6732743 0.39339584 4288387995
1.0757984 -1.6729474 0.36972737 4288387995
1.1999092 -1.6945034 0.39239043 4288387995
1.2213882 -1.6721089 0.39494073 4288387995
-1.0538269 -1.6452073 0.35084054 4288387995
-1.04299 -1.6377443 0.35127592 4288387995
0.16800934 -1.6403325 0.39260125 4287669387
0.79616785 -1.6356293 0.36134216 4288387995
0.80429894 -1.6115656 0.36196542 4288387995
0.98522681 -1.6292797 0.35172111 4288387995
1.0366133 -1.6220641 0.38801166 4288387995
1.1184132 -1.6256024 0.37463349 4288387995
1.2431958 -1.6493797 0.39753014 4288387995
1.2565055 -1.6355036 0.3991105 4288387995
0.19258079 -1.5915116 0.38255751 4288322455
0.81725633 -1.5732355 0.36295867 4288387995
1.0316228 -1.5745493 0.35689542 4288387995
1.0601871 -1.5774394 0.39621606 4288387995
1.1423153 -1.5990437 0.37738526 4288387995
1.1668516 -1.5717807 0.38021001 4288387995
0.21625322 -1.5444454 0.37291825 4288322715
0.83536828 -1.5196515 0.36434704 4288387995
1.0751766 -1.5275772 0.37954921 4288387995
1.1918014 -1.5440552 0.38308239 4288387995
1.2131108 -1.5203819 0.38553566 4288387995
0.2358036 -1.4945785 0.37754813 4288256922
0.26113182 -1.4552445 0.35460883 4288322202
0.84559792 -1.4893876 0.3651312 4288387995
0.8532238 -1.4668292 0.36571574 4288387995
1.0942483 -1.4875314 0.39195997 4288387995
1.1162053 -1.4696809 0.37213257 4288322202
1.2391223 -1.4914814 0.38853025 4288387995
1.2612897 -1.4668541 0.39108232 4288387995
0.26884773 -1.4185616 0.3759065 4288453531
0.86827695 -1.4222962 0.36686963 4288387995
1.0430533 -1.413195 0.35040358 4288387995
1.0504395 -1.4039787 0.35120079 4288387995
1.1246572 -1.4466941 0.38462812 4286611584
1.1631129 -1.4194375 0.37155983 4288387995
1.2884222 -1.4367038 0.39420596 4288387995
1.3115017 -1.4110637 0.3968631 4288387995
0.29339221 -1.3598654 0.37724376 4288387996
0.88408595 -1.3755251 0.36808148 4288322202
1.0729494 -1.3758843 0.35363036 4288387995
1.1879842 -1.3901005 0.37433362 4288387995
1.2091622 -1.3651155 0.37669551 4288387995
1.3302912 -1.3901832 0.39902622 4288387995
0.31020463 -1.3167655 0.38147315 4288387995
0.8965885 -1.3385319 0.3690398 4286151033
0.9068259 -1.308256 0.36982459 4284900966
1.2350818 -1.3345391 0.37958622 4288387995
1.252659 -1.3138011 0.38154647 4288387995
-0.10436803 -1.2534448 0.37770209 4284900966
-0.073886059 -1.2712476 0.37685314 4284506208
-0.027876683 -1.2846268 0.37350979 4284835173
0.020689087 -1.2850682 0.37174731 4287139464
0.32642633 -1.2751796 0.38555545 4288388249
0.9199084 -1.2695478 0.37082738 4284900966
0.99707162 -1.2537787 0.37741834 4284900966
1.0235121 -1.2705638 0.37536597 4284835173
1.073324 -1.2641141 0.37407088 4285493103
1.1100367 -1.2598497 0.37813058 4286677377
-1.2099112 -1.2032348 0.35572347 4284900966
-1.0173935 -1.226823 0.37469509 4289572269
-0.99295491 -1.2069449 0.37520704 4290361785
-0.12089729 -1.2221488 0.37372509 4284572001
-0.077496231 -1.2296431 0.36899251 4284308829
-0.025583446 -1.2403712 0.36494586 4284966759
0.0032579501 -1.2467982 0.3651433 4283387727
0.081979334 -1.2275054 0.37119943 4288459421
0.10655206 -1.2093897 0.3755976 4290230455
0.34517133 -1.2387133 0.37700301 4288387995
0.35888237 -1.2265601 0.35411876 4288387995
0.93470061 -1.2257888 0.37196133 4284900966
0.98224413 -1.2198564 0.37399873 4284900966
1.0246494 -1.2222389 0.37512773 4284835173
1.0685794 -1.2201914 0.3751905 4284900966
1.1075598 -1.2137327 0.37097237 4285295724
-1.2267375 -1.1747977 0.37090313 4284900966
-1.1719302 -1.162505 0.36452547 4284900966
-0.96832067 -1.173034 0.37497088 4291151301
-0.1636287 -1.1670275 0.37634006 4284900966
-0.12994844 -1.1779162 0.37245172 4284835429
0.13246888 -1.1760656 0.37477872 4291019715
0.37202907 -1.1770443 0.37553439 4288387995
0.94541878 -1.1677054 0.37713909 4284900966
0.96830022 -1.1786406 0.37454566 4284900966
1.0148784 -1.1927667 0.37502614 4284900966
1.0935253 -1.1999573 0.36538005 4284900966
1.1127932 -1.1948781 0.37421265 4284900966
-1.2376831 -1.1252203 0.37050843 4284900966
-1.1918617 -1.1471467 0.36218399 4284900966
-0.95306224 -1.1252252 0.37496224 4291414473
-0.94540757 -1.1179125 0.37519032 4291283655
-0.16877307 -1.1235646 0.37478188 4284900966
-0.14214887 -1.1322397 0.36442381 4284900966
0.14801046 -1.1421421 0.37438145 4291414473
0.1527544 -1.1186922 0.37538844 4291151301
0.39199409 -1.1291837 0.37675503 4288387995
0.93935555 -1.120675 0.37635314 4284900966
0.95261312 -1.1255872 0.37431878 4284180315
-1.2503312 -1.096227 0.37625307 4284900966
-1.2438548 -1.0753946 0.37099779 4284377950
-0.95509803 -1.0703856 0.37536031 4290822336
-0.94431478 -1.0770947 0.37453404 4291019972
-0.15239175 -1.0850265 0.37312788 4284900966
-0.13055895 -1.0642123 0.36944321 4284900966
-0.079549603 -1.0711111 0.36945412 4284900966
-0.04503119 -1.0965055 0.36027223 4284900966
0.14849238 -1.0605676 0.37406415 4290756543
0.15246381 -1.0772417 0.37475878 4289374890
0.4122315 -1.0767752 0.38245189 4288387995
0.93983555 -1.076303 0.37525266 4284835430
0.95663542 -1.068964 0.37504822 4284573025
-1.2665606 -1.0193883 0.37440565 4283979864
-1.2322944 -1.0258061 0.37426034 4284900966
-1.0393317 -1.0140994 0.3748711 4285098345
-0.96802819 -1.0229696 0.37418738 4289703855
-0.94692552 -1.0430826 0.37187186 4290624957
-0.47276831 -1.0071038 0.35013551 4288387995
-0.1531935 -1.040589 0.35138682 4284900966
-0.12778306 -1.0242031 0.37296832 4285361517
-0.050375819 -1.0462449 0.36559609 4284900966
-0.032840014 -1.0412354 0.36197269 4284900966
0.13226373 -1.0232692 0.37589142 4289045925
0.43453249 -1.0296831 0.37652281 4288387995
0.45265609 -1.0035763 0.35777414 4288387995
0.94425553 -1.036534 0.37515506 4284900966
0.97066945 -1.0233433 0.37517765 4284835173
1.0145037 -1.0107014 0.37633181 4284509023
1.2318321 -1.0214123 0.37539169 4288920482
-1.2210379 -0.98543525 0.37283504 4284900966
-1.1768918 -0.96892154 0.37487328 4284900966
-1.1255747 -0.96148759 0.37467974 4284900966
-1.0719775 -0.97034764 0.37493294 4285032552
-1.0222962 -0.97125143 0.37515849 4286940549
-0.98948187 -0.99079508 0.37482539 4288387995
-0.45557487 -0.99883127 0.35367638 4288387995
-0.41991022 -0.97984058 0.36277184 4288387995
-0.37372342 -0.96733648 0.36299989 4288387995
-0.32151371 -0.95983011 0.35692438 4288387995
-0.28859079 -0.95398557 0.35415477 4288387995
-0.12487938 -0.98181945 0.37392473 4285164138
-0.074375324 -0.96846312 0.37329781 4283716948
-0.030423803 -0.95293766 0.37227148 4283322702
0.026997833 -0.95310408 0.37242773 4285032552
0.077444166 -0.9697935 0.37341535 4286348412
0.10948789 -0.99184549 0.37293422 4287401100
0.44688994 -0.99748564 0.38022587 4288387995
0.46173519 -0.96923453 0.37273145 4288387995
0.98527265 -0.98567498 0.37546965 4284835429
1.0198617 -0.96811467 0.37430418 4284835173
1.0668167 -0.95162481 0.37446779 4284900966
1.1416889 -0.95170242 0.37431195 4285427310
1.1804732 -0.96413177 0.37443981 4287466893
1.2091652 -0.98389035 0.37528402 4288588191
-1.204038 -0.94027376 0.35254085 4281808695
-1.1791573 -0.91801029 0.35393468 4278848010
-1.1116425 -0.94378144 0.37333447 4286545791
-1.0788428 -0.9451949 0.37476459 4284900966
-1.049881 -0.94840109 0.3829447 4285361517
-0.36927021 -0.94457996 0.38361299 4288387995
-0.32719538 -0.9349404 0.38214719 4288387995
-0.28172588 -0.93045294 0.37489718 4288387995
-0.23469916 -0.92120308 0.37180263 4288387995
-0.17367785 -0.91510105 0.37236828 4287203721
-0.13242367 -0.92380309 0.37401754 4285295724
-0.020609533 -0.94840485 0.37455666 4284573281
0.01719195 -0.94553339 0.37654677 4285098345
0.072611712 -0.91050774 0.3976104 4288453788
0.10628498 -0.90252686 0.39753082 4288453788
0.47896889 -0.92414594 0.37810877 4288387995
1.0349286 -0.94216031 0.3750256 4284900966
1.0770926 -0.93757075 0.37458244 4284900966
1.1265179 -0.93816721 0.37486634 4285229931
1.1658045 -0.94343227 0.37517738 4287006342
-1.120681 -0.89054793 0.35862601 4280098077
-1.0836667 -0.88719732 0.365464 4280032284
-0.23201208 -0.89754933 0.39372095 4288387995
-0.169514 -0.88951892 0.38727397 4287664272
-0.12035557 -0.87924534 0.37808773 4285887861
-0.076100379 -0.86771983 0.37947652 4285953654
-0.02402279 -0.86749494 0.38109329 4286545791
0.022391636 -0.87385982 0.37876105 4287861651
0.073955946 -0.87023062 0.37758136 4288322202
0.12410488 -0.87435615 0.38883734 4288387995
0.17512137 -0.87153864 0.39258799 4288387995
0.22551337 -0.86538297 0.39505136 4288387995
0.26793301 -0.85707915 0.39597639 4288387995
0.31704497 -0.85247666 0.39889175 4288387995
0.49553663 -0.88079995 0.38327655 4288387995
0.50763839 -0.8640331 0.36999545 4288387995
-0.11117385 -0.83516651 0.35233352 4288387995
-0.069549397 -0.83568114 0.35642865 4288387995
-0.02505363 -0.83310026 0.36907402 4288322202
0.023429373 -0.82863253 0.3683354 4288322202
0.078638673 -0.82685393 0.37330264 4288322202
0.1291222 -0.82277471 0.37124178 4288387995
0.17517495 -0.82189709 0.37119356 4288387995
0.22271647 -0.82381243 0.37707448 4288387995
0.27288932 -0.82032037 0.38008887 4288387995
0.32201433 -0.82331216 0.38862628 4288387995
0.37393945 -0.8197667 0.39219421 4288387995
0.41289148 -0.81381655 0.39365989 4288387995
0.52689624 -0.81804323 0.3709718 4288387995
0.043390751 -0.79886013 0.35347801 4288387995
0.080400273 -0.78951788 0.35351726 4288387995
0.13026661 -0.78519422 0.3566072 4288387995
0.17487268 -0.77968621 0.3662751 4288387995
0.223618 -0.77816635 0.36840767 4288387995
0.27197212 -0.77497137 0.36955911 4288387995
0.31842455 -0.77497917 0.37248403 4288387995
0.37087429 -0.773121 0.37249529 4288387995
0.42276436 -0.77498108 0.37809122 4288387995
0.46259847 -0.76210135 0.37559971 4288387995
0.54386061 -0.77006358 0.38038239 4288387995
0.55367112 -0.75667334 0.36938432 4288387995
0.22065648 -0.74697512 0.3510257 4288387995
0.27911079 -0.74059135 0.35416207 4288387995
0.32701105 -0.73473632 0.35650247 4288387995
0.37536532 -0.73159128 0.36429283 4288387995
0.42277354 -0.72629023 0.36632431 4288387995
0.47078291 -0.72577506 0.36994001 4288387995
0.5132677 -0.71927971 0.36818177 4288387995
0.56870908 -0.71953619 0.37090105 4288387995
0.63401151 -0.70620537 0.35679948 4288387995
0.41843939 -0.69644195 0.35099068 4288387995
0.47583899 -0.68841749 0.35342446 4288387995
0.52515149 -0.68506372 0.35982367 4288387995
0.57568836 -0.67511195 0.36912638 4288387995
0.63369673 -0.68336594 0.37870148 4288387995
0.69844615 -0.67242134 0.37272933 4288387995
0.76648217 -0.66580027 0.361792 4288387995
0.83798909 -0.65882647 0.35031098 4288387995
0.59716034 -0.64111626 0.38498715 4288387995
0.61228758 -0.62132311 0.36705053 4288387995
0.69850099 -0.64396572 0.3999038 4288387995
0.76702148 -0.63654006 0.38961229 4288387995
0.83906138 -0.62871659 0.37880817 4288387995
0.91489768 -0.62054694 0.36737117 4288387995
0.99522942 -0.60656387 0.36034817 4288453788
1.2933968 -0.60612243 0.3945483 4278716424
1.3171088 -0.61053729 0.39270434 4278848010
1.3541493 -0.60947287 0.39213589 4278848010
-1.6147071 -0.58454341 0.39842147 4279111182
-1.5946854 -0.56291205 0.39598319 4279111182
0.62698507 -0.57645404 0.37898377 4288387995
0.91629934 -0.59444618 0.39195397 4288387995
0.99719089 -0.57960397 0.38560966 4288322202
1.0818045 -0.57506317 0.36847845 4287137928
1.1717064 -0.56457949 0.35568345 4287664272
1.2370239 -0.56255585 0.38319182 4287927444
1.2696645 -0.57934976 0.37596378 4286743170
1.3231509 -0.58582187 0.3667528 4285229931
1.3506767 -0.59985328 0.3819367 4278848010
-1.5653329 -0.53120172 0.39240861 4280427042
-1.4404062 -0.51047194 0.37050131 4288387995
0.64202815 -0.53855276 0.38200927 4288387995
0.65725142 -0.51421428 0.36902055 4288387995
1.0844021 -0.54703999 0.39459467 4284769380
1.1807135 -0.53287977 0.38563505 4285032552
1.218372 -0.54156649 0.38136539 4286282619
-1.4146018 -0.48121411 0.36743966 4288322202
-1.3893384 -0.45257443 0.36444229 4288190616
0.67217153 -0.47373173 0.37533236 4288387995
1.6024959 -0.45569336 0.35041264 4288387995
-1.3647435 -0.42468873 0.36152411 4288387995
0.68923223 -0.42743376 0.38255864 4288387995
0.70251197 -0.41750455 0.3582859 4288387995
0.71449 -0.37561107 0.3741104 4288387995
-0.66577095 -0.31611854 0.37497813 4284900966
-0.64752519 -0.3071253 0.37610245 4284900966
0.7345016 -0.32601482 0.37719265 4288387995
1.1291987 -0.30853808 0.37538815 4278216192
1.1693546 -0.31753421 0.37506509 4278216192
1.2226232 -0.31311005 0.37590224 4278216192
-0.83239424 -0.25239635 0.37725505 4279045389
-0.62737954 -0.29127055 0.37455213 4284900966
0.74777174 -0.28763959 0.38552046 4288387995
0.76084083 -0.26897067 0.37182084 4288387995
1.0761987 -0.27227917 0.37474024 4278216192
1.1071069 -0.29808348 0.37368387 4278216192
-1.6973301 -0.20131993 0.3517946 4288387995
-1.1058366 -0.20196573 0.38750568 4284966759
-1.0870134 -0.20391868 0.38222805 4285690482
-0.94994164 -0.2004171 0.35434636 4279176975
-0.81972897 -0.2209591 0.37470526 4279045389
-0.070815101 -0.20917121 0.37707672 4284900966
-0.023452703 -0.21872784 0.37675932 4286282619
0.026543671 -0.21210809 0.37385431 4288585374
0.05407235 -0.2007117 0.37305617 4289769648
0.77892047 -0.22481047 0.373864 4288387995
1.0410049 -0.21608996 0.37339807 4278216192
1.0517118 -0.24142185 0.37537399 4278216192
-1.6733863 -0.17643373 0.3562763 4288387995
-1.6128107 -0.17758763 0.35174164 4288387995
-1.5919403 -0.15689635 0.35540044 4288387995
-1.5290561 -0.15698534 0.35096741 4288387995
-1.365114 -0.15482697 0.3853057 4284900966
-1.325029 -0.1638386 0.37521243 4284900966
-1.2773833 -0.16161481 0.36938387 4284966759
-1.2196933 -0.15949911 0.37036055 4283979864
-1.1736797 -0.16641952 0.3738277 4285295724
-1.1249648 -0.17387341 0.37284434 4285624689
-1.0774878 -0.16398349 0.37147799 4286874756
-1.0258076 -0.15165189 0.37592503 4289243304
-0.91474807 -0.17638896 0.37497461 4279176975
-0.89414042 -0.15536697 0.38607287 4279176975
-0.81362218 -0.17656267 0.37203127 4279045389
-0.12733626 -0.17045864 0.37484723 4284900966
-0.077484891 -0.1740018 0.37545794 4284900966
-0.023238268 -0.15966621 0.37487343 4285690482
0.025826426 -0.16378833 0.3750973 4284440415
0.076809898 -0.17645162 0.3739436 4283261262
0.10822936 -0.15042758 0.38353863 4278216192
0.79238719 -0.18713553 0.38086206 4288387995
0.80594081 -0.16552319 0.36923301 4288387995
1.034537 -0.17021532 0.37563914 4282543938
1.0764074 -0.15258723 0.37357908 4281953594
1.1029136 -0.15070835 0.37481403 4285953655
-1.6830642 -0.1199348 0.37094212 4288387995
-1.6257966 -0.12696438 0.36518508 4288387995
-1.5669414 -0.13210805 0.35978368 4288387995
-1.5221829 -0.12725362 0.35784584 4288387995
-1.4832799 -0.11360493 0.35849613 4288387995
-1.4156249 -0.11661887 0.37458962 4285756275
-1.3828942 -0.13383295 0.36887527 4284900966
-1.3148804 -0.11191212 0.3690196 4285098345
-1.2773718 -0.13080676 0.36981043 4283979864
-1.2177064 -0.12447485 0.37556425 4282269246
-1.1783928 -0.13498625 0.37475321 4284900966
-1.125136 -0.14648588 0.37246984 4287072135
-1.0741837 -0.12926745 0.37202913 4289572269
-1.0195559 -0.13248235 0.37417197 4289309097
-0.98208594 -0.12321119 0.37456417 4290559164
-0.93143898 -0.11486831 0.37617883 4290361785
-0.88322186 -0.12647432 0.37416086 4279176975
-0.82434064 -0.12336111 0.37554577 4279111182
-0.15738878 -0.12312677 0.37506974 4284900966
-0.11619946 -0.11531364 0.37466881 4284900966
-0.075101465 -0.12548189 0.37496594 4284900966
-0.026062395 -0.14082384 0.37559223 4284966759
0.027793029 -0.14328606 0.37585062 4286151033
0.078428268 -0.13271023 0.37500879 4288585374
0.11338583 -0.11510491 0.37450159 4289705135
0.82418185 -0.12583527 0.36572164 4288387995
0.98549205 -0.11370263 0.37562153 4281755190
1.0256078 -0.12554523 0.37489316 4283983192
1.0721489 -0.13553381 0.37543917 4285098345
1.1207582 -0.14140755 0.37526056 4285627249
-1.68282 -0.065089494 0.38450322 4288387995
-1.6372194 -0.069880754 0.38011855 4288387995
-1.5757878 -0.0749861 0.37454572 4288387995
-1.5142326 -0.079846829 0.36902496 4288387995
-1.4788146 -0.070935212 0.36874682 4288387995
-1.4312756 -0.076091558 0.37545234 4285295724
-1.3763894 -0.075914569 0.3603296 4288387995
-1.3296491 -0.075964913 0.37198466 4285558896
-1.2891303 -0.058704823 0.35846996 4288387995
-1.221617 -0.07670638 0.37147546 4285032552
-1.0546705 -0.090798341 0.37691247 4291085508
-1.0461426 -0.076875173 0.3715055 4288651167
-0.97064316 -0.078263059 0.37447369 4291019715
-0.92706656 -0.075444713 0.37340385 4291348680
-0.87379867 -0.070135698 0.37332359 4284045657
-0.84274006 -0.088192046 0.38035783 4279111182
-0.16444032 -0.078870855 0.37647831 4284900966
-0.12557952 -0.074943841 0.37503824 4284900966
-0.079315737 -0.083315298 0.37507689 4284900966
0.13523859 -0.078676298 0.37497899 4291019715
0.15575555 -0.061218847 0.3762584 4291348680
0.84367818 -0.082468733 0.36305347 4288387995
0.8540746 -0.063147426 0.35727516 4288387995
0.94425166 -0.061023712 0.37605694 4282017338
0.97207129 -0.077095129 0.37534252 4284442207
1.0075004 -0.096768312 0.37395149 4284900966
1.0656853 -0.078630261 0.37686023 4284900966
-1.6679227 -0.029305264 0.39231712 4288387995
-1.6164415 -0.028346121 0.38894367 4288387995
-1.5795786 -0.025305748 0.38711068 4288387995
-1.5235888 -0.020725539 0.3843174 4288387995
-1.4643536 -0.033013754 0.38011077 4287861651
-1.42678 -0.040271193 0.37465388 4286479998
-1.3817837 -0.015930133 0.37965921 4287795858
-1.3340641 -0.03247083 0.37378094 4286216826
-1.272903 -0.02918312 0.36464036 4288387995
-1.228947 -0.019607408 0.37104601 4286479998
-1.029556 -0.043849133 0.37239891 4291085508
-0.9700281 -0.035373133 0.37630293 4291282887
-0.93619901 -0.026413692 0.37388346 4291085508
-0.88495094 -0.030030822 0.37518758 4287335307
-0.15537912 -0.024013555 0.37611243 4284900966
-0.13286531 -0.026164379 0.37471488 4284900966
-0.07871256 -0.029261302 0.37493148 4284900966
0.14742008 -0.040828787 0.37484509 4291414473
0.15639783 -0.02667252 0.37510169 4291414473
0.86676759 -0.034191627 0.35636577 4288387995
0.93895614 -0.021870889 0.37530261 4284573281
0.95919508 -0.025512636 0.37457162 4284900966
1.0268304 -0.018042099 0.37503576 4284900966
1.0769924 -0.046081997 0.37067509 4284900966
-1.6378136 0.0053116679 0.39877507 4288387995
-1.5603051 0.014103204 0.39551529 4288387995
-1.5286241 0.02332286 0.39557561 4288387995
-1.4764339 0.028284946 0.39314362 4288387995
-1.4163055 0.017252177 0.3861948 4288387995
-1.376556 0.022924215 0.38668028 4287730065
-1.3324986 0.030776188 0.38328901 4287137928
-1.2737817 0.017175412 0.37617892 4288387995
-1.2310398 0.036730632 0.36740893 4287137928
-0.95306587 0.035970058 0.37532958 4290756543
-0.93154794 0.026114764 0.37474349 4290756543
-0.89679259 0.0072818995 0.37603331 4291085508
-0.15670823 0.02212682 0.37518159 4284900966
-0.13426447 0.024165135 0.37480929 4284900710
-0.099552304 0.049526185 0.37898511 4284900966
0.14695649 0.03866921 0.37485927 4290756543
0.15150681 0.015171284 0.37518165 4291151301
0.88632357 0.007481575 0.35159704 4288387995
0.93905091 0.02334985 0.37586212 4284900966
0.96690589 0.027516635 0.37534481 4284374622
1.0052775 0.0044125253 0.37101918 4284900966
-1.4525584 0.053102136 0.39761287 4288387995
-1.4267342 0.064175993 0.39902788 4283782485
-1.3724557 0.06732133 0.39455453 4286874756
-1.3188804 0.066811897 0.38826632 4287532686
-1.2779701 0.082145669 0.38463885 4288387995
-1.2214924 0.064618036 0.3842563 4288124823
-1.1801934 0.079692751 0.3569243 4285229931
-1.0210234 0.075962983 0.37501457 4288059030
-0.96900994 0.073531829 0.3741776 4289440683
-0.94662684 0.055349063 0.37545019 4289901234
-0.15208091 0.058376115 0.37539071 4284900966
-0.13231833 0.074457139 0.37296441 4284312925
0.13057858 0.074662976 0.37504429 4289703855
0.9488163 0.052303277 0.37486535 4284900966
0.97162908 0.076281525 0.37488428 4284637794
-1.3629498 0.10699624 0.39235002 4279176975
-1.3325288 0.13365617 0.38828218 4280492835
-1.256685 0.10112631 0.39576304 4288387995
-1.2360561 0.12179637 0.38105255 4288387995
-1.1691363 0.12899481 0.37493539 4284900966
-1.1272088 0.14277025 0.3726126 4285032552
-1.0746311 0.14732133 0.37515125 4284966759
-1.0231494 0.12893203 0.37496611 4286808963
-0.99195945 0.10702293 0.37466145 4288190616
-0.11237289 0.11360021 0.37464356 4284835429
-0.079264686 0.13404989 0.37362936 4284638818
-0.041653316 0.14705649 0.36454591 4284900966
0.072011635 0.13577634 0.36961269 4286611584
0.10643234 0.10634432 0.37509102 4288387995
0.98341316 0.11952518 0.37485212 4284637794
1.0203575 0.13386723 0.37429968 4284835173
1.0657133 0.14807552 0.37505147 4284835173
1.143355 0.1463474 0.35064682 4285624689
1.1725494 0.13567445 0.3719458 4287072135
-1.3102763 0.15316141 0.38530654 4283979864
-1.2814566 0.17842217 0.38145271 4287664272
-1.206318 0.15013707 0.36588797 4288322202
-1.1737475 0.18029773 0.3616271 4288322202
-0.058204222 0.15063709 0.37585422 4284900966
-0.025219705 0.15512384 0.37303725 4284835173
0.023445688 0.1551936 0.37034196 4284308829
0.99095094 0.16280326 0.37468129 4284900709
1.0263737 0.17206788 0.37546894 4282082875
1.0782794 0.15613653 0.3752082 4284835429
1.1236877 0.15595949 0.3739557 4285229931
-1.3610475 0.20855975 0.39795014 4279242768
-1.3310453 0.23340215 0.3938528 4279242768
-1.2533227 0.20308328 0.37769061 4288387995
-1.2261032 0.2269416 0.37405083 4288387995
-1.1237226 0.22662151 0.35508275 4288322202
1.0331103 0.2132791 0.37510443 4278216192
1.0709015 0.23440419 0.37437531 4278216192
1.1082506 0.24368437 0.37500325 4278216192
-1.301766 0.25764644 0.3898541 4279440147
-1.2734445 0.28109139 0.38598648 4282269246
-1.1802001 0.26717684 0.36791256 4288387995
-1.1485845 0.29488403 0.36368504 4288387995
-1.0937001 0.2544246 0.35115513 4288387995
-1.3149443 0.34258783 0.39727119 4279440147
-1.225723 0.3206045 0.37946928 4288322202
-1.1928788 0.34779835 0.37498385 4288387995
-1.1182302 0.32149377 0.35962597 4288387995
-1.0886623 0.34741092 0.35567212 4288387995
-1.2726023 0.37562591 0.39137042 4279374354
-1.1675404 0.36877561 0.3715235 4288519581
-1.1367099 0.39430255 0.36731309 4288322202
-1.065816 0.36743644 0.35261703 4288387995
-1.2252401 0.41258153 0.38477007 4279374354
-1.1927843 0.43790677 0.38024706 4279374354
-1.1127979 0.41410187 0.36404744 4288453788
-1.0837978 0.43811157 0.36008704 4288387995
-1.2716638 0.46843061 0.3966352 4279440147
-1.237939 0.49316707 0.3918429 4279440147
-1.167623 0.45753771 0.37674063 4279374354
-1.1312022 0.48596025 0.37166494 4280427042
-1.055654 0.46141255 0.35624355 4288453788
-1.0284457 0.48394096 0.35252777 4288387995
-1.2118107 0.51233208 0.38813001 4279440147
-1.1801652 0.5355463 0.38363305 4279374354
-1.1017611 0.50893354 0.367562 4284045657
-1.0734308 0.53103852 0.36361396 4287269514
-1.2505795 0.57332146 0.39888003 4279374354
-1.2308645 0.5868783 0.3960253 4279374354
-1.1555088 0.55363011 0.3801294 4279505940
-1.1257472 0.57545996 0.3759003 4279308561
-1.09674 0.59673417 0.3717784 4279242768
-1.024521 0.56920147 0.35679793 4288387995
-0.99323583 0.59361351 0.352438 4288387995
0.46463028 0.59175706 0.37434199 4284900966
-1.3905209 0.61955488 0.35189489 4288519581
-1.2115046 0.60019267 0.39322203 4279505940
-1.180216 0.62170559 0.38869166 4279505940
-1.1497386 0.64265954 0.38427877 4279769112
-1.0688257 0.6172123 0.36781165 4279505940
-1.036284 0.64108223 0.36318743 4279440147
-0.98310071 0.60152256 0.35102558 4288387995
-0.70090789 0.6283282 0.3519347 4288387995
0.46415275 0.62330186 0.37410307 4284900966
-1.3993208 0.69047189 0.35952422 4288387995
-1.2112411 0.68641669 0.39822638 4279505940
-1.1924357 0.69849825 0.39545378 4279505940
-1.120424 0.66281486 0.38003427 4279374354
-1.0807494 0.69009399 0.3742896 4279505940
-1.0152864 0.65648115 0.36020368 4279571733
-0.97985375 0.6824733 0.35516858 4279440147
-0.73212481 0.69062459 0.35021174 4288387995
-0.69822943 0.67147243 0.35665405 4288387995
0.4786768 0.67781997 0.37490311 4284900966
-1.4160471 0.7243309 0.35511997 4288387995
-1.1680088 0.71419048 0.39185235 4279505940
-1.1324564 0.7370314 0.3866106 4279505940
-1.0588274 0.70516837 0.37111539 4279505940
-1.0271232 0.72696412 0.36652493 4279440147
-0.97336727 0.72610509 0.356525 4280624421
-0.73072821 0.72084785 0.35340098 4288387995
-0.68282002 0.72544718 0.36549211 4288322202
-1.4210021 0.76269561 0.35912234 4288387995
-1.1801412 0.78952724 0.39851278 4279505940
-1.1094534 0.75181115 0.38321906 4279505940
-1.0762165 0.77316535 0.37831867 4279505940
-1.0439208 0.79391432 0.37355712 4279505940
-0.96490848 0.78273332 0.36732468 4283979864
-0.93812913 0.78815651 0.35363904 4279505940
-0.76448303 0.77212167 0.35002163 4288387995
-0.72855657 0.76787251 0.35836303 4288387995
-0.67938179 0.77807879 0.37129059 4288387995
-1.4225453 0.82468033 0.36974019 4288322202
-1.1561916 0.80385256 0.39491954 4279505940
-1.121464 0.82462525 0.3897092 4279505940
-1.0878773 0.84471536 0.38467008 4279505940
-1.0180702 0.81051993 0.36974582 4279505940
-0.97815472 0.83616209 0.36386085 4279505940
-0.92454636 0.8307935 0.37364224 4286677377
-0.76299012 0.8211754 0.35500968 4288322202
-0.72630107 0.81668568 0.36351386 4288387995
-0.67049766 0.81848663 0.37726215 4288387995
-0.64991164 0.84168565 0.3844583 4288387995
-1.4627557 0.87832284 0.35395446 4288387995
-1.4240263 0.8897202 0.3809706 4288322202
-1.0609027 0.86084938 0.38062301 4279505940
-1.0240536 0.88262767 0.38266316 4279505940
-0.98247415 0.87801331 0.37974402 4279505940
-0.91222984 0.86814111 0.36835817 4283979864
-0.89819592 0.89205307 0.37183723 4284440415
-0.72393429 0.86788052 0.36891609 4288387995
-0.68522012 0.88100684 0.37957382 4288387995
-0.62727809 0.88313723 0.39387363 4288322202
-0.16160566 0.89464235 0.36039197 4288387995
-0.069260016 0.88995856 0.37418205 4284900966
-0.022101814 0.88145691 0.37443313 4285953654
0.019751975 0.88633615 0.37395623 4287795858
0.16017801 0.89994669 0.35859665 4279176975
-1.4558123 0.92601037 0.36734682 4288387995
-1.429521 0.93386376 0.38570848 4288387995
-1.1720124 0.94262397 0.37475055 4284900966
-1.1228032 0.93674117 0.37466604 4287269514
-1.0787305 0.94355893 0.37475353 4287269514
-1.0458858 0.94879961 0.37483257 4288453788
-0.89642936 0.92449492 0.3754718 4283979864
-0.72147483 0.92110097 0.37453198 4288387995
-0.68186688 0.93501425 0.38548142 4288387995
-0.64295816 0.9307372 0.39454567 4288387995
-0.2090686 0.94097829 0.36047572 4288387995
-0.1830367 0.91556454 0.36042979 4288387995
-0.1240826 0.92562479 0.37467492 4284900966
-0.087543301 0.91548574 0.37946478 4285887861
-0.020554019 0.94363099 0.37489209 4285558896
0.023878781 0.93628365 0.37580156 4287466893
0.075339839 0.92319947 0.37577829 4287795858
0.12183858 0.91688347 0.37649915 4281216558
0.17667753 0.92528254 0.37618378 4283453520
0.21100634 0.94779289 0.3755751 4284900966
1.0819052 0.94759196 0.37513071 4285361517
-1.4752817 0.96746945 0.36260396 4288387995
-1.4485961 0.97556984 0.3812649 4288256409
-1.3111298 0.98645824 0.37689781 4284900966
-1.2780669 0.9662742 0.37519404 4284900966
-1.2210666 0.9769007 0.3752895 4284900966
-1.1755555 0.9658156 0.37399501 4284900966
-1.135458 0.95208621 0.37535009 4284966759
-1.0653731 0.95266008 0.37407875 4287664272
-1.0252398 0.96948689 0.37564495 4289309097
-0.98908919 0.98782122 0.37481669 4290559164
-0.91023099 0.97913212 0.37321705 4280492835
-0.88996214 0.98432368 0.37214991 4279440147
-0.71889067 0.97702932 0.38043362 4288256409
-0.67954099 0.97248149 0.38957974 4288387995
-0.25962877 0.99033946 0.36056504 4288387995
-0.23128054 0.96266299 0.36051494 4288387995
-0.15708423 0.9743157 0.37535113 4284900966
-0.1197191 0.98656482 0.3770014 4285164138
-0.074978352 0.96781623 0.37582615 4284966759
-0.022057535 0.96915001 0.3748115 4285098345
0.025919888 0.95903361 0.3759439 4285953654
0.073975988 0.97298998 0.37543067 4287664272
0.12176691 0.97711211 0.37538654 4283782485
0.19637856 0.9667455 0.37233725 4283124555
0.21149279 0.98052084 0.37066314 4283848278
0.99040973 0.98955625 0.37342077 4284900966
1.024882 0.96966672 0.37482575 4284900966
1.066081 0.95524842 0.37520126 4285164138
1.1148027 0.9547171 0.37229446 4286874756
-1.4818758 1.014537 0.36718291 4288387994
-1.4410909 1.0271126 0.39574024 4288387995
-1.3327347 1.0213276 0.37395391 4284900710
-1.267127 1.0265061 0.37546983 4284900966
-1.2262459 1.0160125 0.37531063 4284574048
-1.0137819 1.017942 0.37464657 4289967027
-0.96730298 1.025635 0.3748036 4291151301
-0.93586481 1.0212369 0.37468705 4290822336
-0.8637054 1.019603 0.3758789 4279440147
-0.67714322 1.0111096 0.39380506 4288387995
-0.3086949 1.0382369 0.36065131 4288387995
-0.28722152 1.0172797 0.36061391 4288387995
-0.20019615 1.0462962 0.37802655 4278848010
-0.16819002 1.0255458 0.37734649 4283190348
-0.13368459 1.0228196 0.3752251 4284111450
-0.028465196 1.0077751 0.36973527 4284900966
0.027322652 1.0162487 0.37305441 4286282619
0.12510024 1.0212135 0.37514526 4289703855
0.19683886 1.0360299 0.36929774 4286479998
0.20071334 1.00822 0.36945301 4283585106
0.97130901 1.0222149 0.37513408 4284769380
1.0441999 1.0499269 0.37528858 4284900966
1.0702927 1.045471 0.37496012 4284900966
-1.5162671 1.0547497 0.3526201 4288387995
-1.4749256 1.0677061 0.3816064 4288387996
-1.350557 1.0645026 0.39165804 4283593555
-1.3421973 1.0662967 0.35805121 4283789908
-1.2780771 1.0772042 0.37420323 4284900966
-1.2008837 1.0880173 0.35865277 4282483525
-1.0028878 1.0711817 0.37465739 4290493371
-0.95436609 1.0741292 0.3753103 4291414473
-0.9466632 1.077346 0.37519845 4287870356
-0.84346324 1.0715772 0.37511295 4279440147
-0.67466843 1.050959 0.39816403 4288387995
-0.35932517 1.0876714 0.36074114 4288387995
-0.33323896 1.0622008 0.36069483 4288387995
-0.21274789 1.0722892 0.375119 4278848010
-0.16062483 1.0789208 0.37752053 4284440415
-0.14296991 1.0694333 0.37474889 4284900966
-0.040602773 1.0516376 0.37611771 4284900966
0.14814538 1.0785272 0.37498847 4291414473
0.17976178 1.0767494 0.36732408 4291282887
0.94786519 1.0836339 0.37615499 4284900966
0.97220719 1.0763856 0.37559113 4284900966
1.0141234 1.06153 0.37504679 4284900966
-1.509914 1.1096272 0.3669799 4288387995
-1.4818153 1.1185827 0.38670909 4288387995
-1.274236 1.1194059 0.37544802 4285953654
-0.95335317 1.1331214 0.37559798 4290299832
-0.94746697 1.1192209 0.37593797 4289839025
-0.4151144 1.1421403 0.36083987 4288387995
-0.38772458 1.1154015 0.36079162 4288387995
-0.2221833 1.1117042 0.37520692 4278848010
-0.16272686 1.1234219 0.37659016 4285164138
-0.14772363 1.1462879 0.37494826 4284900966
-0.0027646781 1.1415634 0.37466669 4289045925
0.028022131 1.1499127 0.36419776 4289177511
0.084726885 1.1480316 0.37008727 4289835441
0.1336187 1.1311065 0.37159142 4290690751
0.15588653 1.1092426 0.36880532 4291217094
0.94502449 1.1272727 0.37507635 4285427310
0.95673579 1.1135615 0.37447521 4284835173
-1.5175672 1.1621926 0.37190861 4288387995
-1.2566744 1.1620113 0.37489659 4287006342
-0.97015399 1.1785928 0.37494662 4289967027
-0.465314 1.1911479 0.36092845 4288387995
-0.43841657 1.1648901 0.36088106 4288387995
-0.16123234 1.1739388 0.37610996 4285229931
-0.1338525 1.178178 0.37654853 4284966759
0.039675184 1.1514626 0.37979883 4289309097
0.061381947 1.1515467 0.37601212 4289572269
0.12887298 1.175566 0.36806732 4289572781
0.93465686 1.1750379 0.37525514 4284900966
-1.5545822 1.2072787 0.35657305 4288387995
-1.5255691 1.2168586 0.37700629 4288387995
-1.4963861 1.2264897 0.39755869 4288387995
-1.1168551 1.2462788 0.37570453 4285624689
-1.0750349 1.2470454 0.37510368 4285624689
-1.0250126 1.2302397 0.37492472 4287203721
-0.99211925 1.2073954 0.37470278 4289045925
-0.51144964 1.2361853 0.36100969 4288387995
-0.48478791 1.2101618 0.36096299 4288387995
-0.20863354 1.2454422 0.39192539 4288387995
-0.16767417 1.2112525 0.38441584 4285427310
-0.12427458 1.2236162 0.37496388 4280113693
-0.077182226 1.2342477 0.37481418 4284111450
-0.017327428 1.2479891 0.37440524 4284900966
0.024090523 1.247256 0.37468314 4285032552
0.075986423 1.2301015 0.36946309 4286874756
0.10619857 1.2088186 0.36628073 4288322202
0.93316805 1.2021375 0.37507811 4284900966
-1.5781825 1.2588753 0.35107502 4288387995
-1.5338552 1.273772 0.38234276 4288387995
-0.56069076 1.2842616 0.36109689 4288387995
-0.53606611 1.260219 0.36105323 4288387995
-0.25542766 1.2912207 0.39201805 4288387995
-0.22952035 1.2658755 0.39196673 4288387995
-0.084533572 1.2645994 0.37646121 4278216192
-1.572703 1.3227226 0.36655346 4288387995
-1.5425324 1.3330514 0.38787061 4288387995
-0.61202234 1.3343765 0.36118761 4288387995
-0.58737952 1.3103156 0.36114392 4288387995
-0.30893797 1.3435829 0.39212495 4288387995
-0.28217635 1.3173993 0.39207181 4288387995
-1.5823179 1.3841374 0.37187901 4288387740
-0.6500355 1.3714812 0.36125422 4288387995
-0.63667685 1.3584429 0.36123088 4288387995
-0.3624922 1.3959839 0.39223167 4288387995
-0.33303174 1.3671601 0.39217314 4288387995
-1.6236252 1.4370995 0.35526103 4288584095
-1.5923996 1.4482074 0.37740189 4288387995
-0.40938437 1.4418701 0.39232543 4288387995
-0.38593385 1.4189246 0.39227867 4288387995
-1.5609756 1.4593811 0.39968282 4288387995
-0.46301389 1.4943502 0.39243266 4288387995
-0.43351334 1.4654815 0.39237365 4288387995
-1.6188715 1.509335 0.37184429 4288584096
-1.5868847 1.5209396 0.39456719 4288387743
-0.48649207 1.5173221 0.39247936 4288387995
-1.6301703 1.5790579 0.3776443 4288322457
-1.675222 1.6394569 0.3600136 4288455579
-0.93113554 1.6459157 0.3617509 4288387995
-1.6420486 1.6519984 0.38367453 4288322711
-0.96519375 1.6791633 0.36181086 4288387995
-0.9435178 1.6580044 0.36177278 4288387995
-0.12078708 -1.6786077 0.43665615 4278216192
-0.096270561 -1.6943136 0.44436622 4278216192
0.13572657 -1.6808517 0.43284956 4278412292
1.3170092 -1.6767523 0.43329582 4288387995
1.378283 -1.6807388 0.42261291 4288387995
1.4031566 -1.6565273 0.42565638 4288387995
-0.11518598 -1.6421938 0.44938534 4278216192
0.16128355 -1.6304795 0.42193606 4278869772
1.2790307 -1.6120254 0.40178505 4288387995
1.3378294 -1.624046 0.43507165 4288387995
1.4286299 -1.6317294 0.42877322 4288387995
1.4545236 -1.6065276 0.43194154 4288387995
0.18257964 -1.5772314 0.42575386 4282811208
1.2973223 -1.5929568 0.40395698 4288387995
1.3206635 -1.5686289 0.40672845 4288387995
1.3567599 -1.5761107 0.43668622 4288387995
1.4810528 -1.5807028 0.43518758 4288387995
1.5080236 -1.5544494 0.43848771 4288387995
0.20634347 -1.5306294 0.41533643 4287734674
1.3443658 -1.5439234 0.40954283 4288387995
1.3726654 -1.5236528 0.42680961 4288387995
1.5300827 -1.5329767 0.44118676 4288387995
1.5581234 -1.5056813 0.44461778 4288387995
0.22600102 -1.4812338 0.41913959 4288257943
1.3931127 -1.4863975 0.43367428 4288387995
1.4136335 -1.4633727 0.42579958 4287795858
1.5868063 -1.4777616 0.44812739 4288387995
0.24492329 -1.433686 0.42280054 4288454298
1.1156505 -1.4249759 0.40070283 4284900966
1.4223721 -1.4270098 0.4377327 4285558896
1.46513 -1.4180446 0.42388201 4288387995
0.26315007 -1.3878856 0.42632744 4288322459
1.1320913 -1.3797801 0.40203276 4284900966
1.3445662 -1.37432 0.40066963 4288387995
1.3590325 -1.3582486 0.40233511 4288387995
1.4366796 -1.3737729 0.44350272 4284900966
1.4917755 -1.3902749 0.42704582 4288387995
1.5190063 -1.3618889 0.43027914 4288387995
0.28072107 -1.3437333 0.42972681 4288322203
0.30078673 -1.3050313 0.42018908 4288453275
1.1449778 -1.3443584 0.40307528 4284900966
1.1542459 -1.3188807 0.40382496 4285098345
1.3835239 -1.3310394 0.40515473 4288387995
1.4266894 -1.3245498 0.42604044 4286611584
1.4588585 -1.3176173 0.44539443 4285098345
1.5411606 -1.338798 0.43290967 4288387995
1.5637506 -1.3152504 0.43559197 4288387995
-0.10817382 -1.2549134 0.40920347 4284900966
-0.074092031 -1.2773514 0.41227469 4284900966
-0.026101548 -1.2926447 0.41829565 4285427310
0.019145973 -1.2906576 0.41809496 4286942339
0.29455289 -1.2972573 0.44582275 4288256407
0.31402874 -1.2600377 0.43617097 4288322454
0.991386 -1.2563491 0.42704093 4284900966
1.0211911 -1.2758611 0.42405266 4284900966
1.0763199 -1.2657371 0.42660806 4285690482
1.1095382 -1.2509462 0.42158985 4287137928
1.1691773 -1.2778298 0.40503281 4284900966
1.4288388 -1.2806915 0.41037166 4288387995
1.4745477 -1.2778995 0.44673258 4284900966
1.5924729 -1.2853112 0.43900239 4288387995
1.6159172 -1.2608764 0.44178608 4288387995
-1.0165006 -1.226576 0.42564011 4289572269
-0.99221271 -1.2067468 0.4285197 4290361785
-0.12418687 -1.2171991 0.42103821 4284900966
-0.076283276 -1.2323689 0.42381045 4284572001
0.071378425 -1.2341018 0.42455745 4287541647
0.10698261 -1.2090307 0.42510685 4290230455
0.33594367 -1.2276629 0.4144246 4288322459
0.9764595 -1.2188413 0.4259364 4284900966
1.022729 -1.2279035 0.4232195 4284835173
1.0698756 -1.2170404 0.42176861 4284900966
1.1072041 -1.2065331 0.4137558 4284900966
1.1823385 -1.2416573 0.40609753 4284900966
1.4926282 -1.2321187 0.4482747 4284900966
1.6397636 -1.236017 0.44461754 4288387995
1.664039 -1.2107177 0.44749993 4288387995
-1.2243092 -1.1769116 0.4213855 4284900966
-0.96780199 -1.1730099 0.42473105 4291151301
-0.1660827 -1.1722382 0.42532659 4284900966
-0.13017692 -1.1780136 0.42344517 4284900965
0.1342504 -1.173454 0.42489445 4291085508
0.3481141 -1.1855159 0.43002251 4288387997
0.36151302 -1.1739347 0.40732136 4288322715
0.94301665 -1.1697546 0.42767116 4284900966
0.96845031 -1.178593 0.42487547 4284835173
1.0145701 -1.1930138 0.4248848 4284900966
1.1127024 -1.1949241 0.42523694 4284900966
-1.245874 -1.1277007 0.41447315 4284900966
-0.95310205 -1.1271926 0.42388675 4291414473
-0.94506544 -1.118978 0.42446789 4291349448
-0.17088665 -1.1236514 0.42395321 4284900966
-0.14684421 -1.1410539 0.42519766 4284900966
-0.037967045 -1.1060144 0.43661833 4284900966
0.1475182 -1.1442653 0.42166162 4291414473
0.1526527 -1.1226479 0.42009088 4290888129
0.37432587 -1.12656 0.42718184 4288387995
0.93839538 -1.1231408 0.42568576 4284900966
0.95275366 -1.1287663 0.42411053 4284377182
-1.2505541 -1.0960279 0.41119897 4284900966
-1.2454766 -1.0743334 0.423329 4284181851
-0.95492685 -1.070267 0.42507875 4290822336
-0.94363904 -1.0777711 0.42553356 4291085508
-0.15303472 -1.0860894 0.42497167 4284900966
-0.12873188 -1.0588651 0.42495531 4284900966
-0.084034823 -1.08077 0.42366219 4284900966
0.14881743 -1.0593611 0.41992608 4290756543
0.15278935 -1.0756557 0.42254516 4288716960
0.39383006 -1.0807502 0.42729014 4288518809
0.41006249 -1.0501008 0.41882032 4288322713
0.93935019 -1.0764023 0.42582649 4284835430
0.95667046 -1.0711449 0.4241544 4284769892
-1.2662406 -1.0185242 0.40875939 4284111450
-1.2306207 -1.0246824 0.42282787 4284900966
-1.0394659 -1.0138133 0.42027783 4285098345
-0.96796322 -1.022071 0.42419723 4289703855
-0.9466098 -1.0425072 0.4241429 4290624957
-0.13063847 -1.023016 0.42489308 4285558896
0.088747457 -1.0263472 0.44467601 4289901234
0.13266158 -1.0221792 0.42373368 4288387995
0.17175795 -1.0141037 0.444731 4288387995
0.21942633 -1.0074462 0.44675434 4288387995
0.41479865 -1.0240167 0.43597808 4288322715
0.9443928 -1.0367153 0.42550451 4284900966
0.96711791 -1.0237398 0.42497191 4284835173
1.0134673 -1.015802 0.42566308 4284377951
1.2309723 -1.0195234 0.4250831 4288919970
-1.2176653 -0.98736095 0.41367787 4284900966
-1.1764811 -0.96901691 0.42238307 4284900966
-1.1269394 -0.95940393 0.417472 4284900966
-1.0700364 -0.96766716 0.42125884 4285032552
-1.0230372 -0.97064263 0.42476517 4286940549
-0.98908782 -0.98964334 0.42523766 4288387995
-0.12845445 -0.98177546 0.42604366 4285295724
-0.073317282 -0.96725214 0.42567039 4283387727
-0.036762457 -0.95275444 0.42274845 4283124555
0.029824061 -0.95244706 0.42276308 4285032552
0.078572899 -0.96852696 0.42564917 4286940549
0.11625589 -0.98464406 0.42486161 4287598479
0.17786518 -0.9768855 0.43160933 4288387995
0.22506295 -0.9747147 0.43523932 4288387995
0.2628924 -0.96394163 0.43482527 4288387995
0.43847135 -0.97766197 0.42552179 4288322460
0.45320326 -0.96036482 0.40578863 4288387995
0.98499238 -0.98533612 0.42531916 4284835429
1.0201793 -0.96439457 0.42487136 4284900966
1.0677795 -0.95162243 0.42247698 4284900966
1.1436228 -0.95224833 0.4231838 4285493103
1.1794893 -0.96358562 0.42426157 4287335307
1.2087703 -0.98304635 0.42501217 4288653728
-1.1158738 -0.94459206 0.42580703 4286808963
-1.0813737 -0.94384789 0.42716557 4284900966
-1.0496334 -0.94798678 0.42725658 4285361517
-0.31288379 -0.90790653 0.40434599 4288387995
-0.27633655 -0.9004277 0.40221754 4288387995
-0.13663447 -0.92380613 0.42435142 4283650899
-0.018317668 -0.94842976 0.42515597 4284835173
0.021557722 -0.94364423 0.42502731 4285098345
0.064715698 -0.92408389 0.42165536 4289243304
0.12560508 -0.92801487 0.4087227 4288322202
0.17617303 -0.92638808 0.41286924 4288387995
0.22768365 -0.92749226 0.41810912 4288387995
0.27601239 -0.92361242 0.42121643 4288387995
0.31621763 -0.91057205 0.4201909 4288387995
0.44191805 -0.94863415 0.44951236 4288453275
0.46681356 -0.91858262 0.41710535 4288387994
1.0351883 -0.94186831 0.42422557 4284900966
1.0770777 -0.93727994 0.42486092 4284900966
1.1248876 -0.93740791 0.42506731 4285164138
1.1655266 -0.942837 0.42481768 4287006342
-0.30346918 -0.89562893 0.41368806 4288387995
-0.2618103 -0.88175285 0.41637522 4288387995
-0.22043431 -0.86715621 0.41982293 4288387995
-0.17029716 -0.87704229 0.40650147 4286940549
-0.12304907 -0.87004441 0.42204103 4284637794
-0.078233957 -0.85548115 0.41041249 4284900966
-0.023272624 -0.85818422 0.41894466 4285295724
0.02388804 -0.88274193 0.41944361 4287335307
0.17949992 -0.89501178 0.40163603 4288387995
0.22692554 -0.89166033 0.40485302 4288387995
0.27930737 -0.88358623 0.40679753 4288387995
0.32798231 -0.87626344 0.40867069 4288387995
0.36484873 -0.86189938 0.40684459 4288387995
0.47992125 -0.87838727 0.42795214 4288387995
-0.20708549 -0.84212208 0.44035497 4288387995
-0.17309514 -0.8338865 0.43959936 4288387995
-0.12652624 -0.8344273 0.43059275 4287993237
-0.074165978 -0.83407307 0.4272458 4286808963
-0.029750876 -0.83010453 0.42001811 4287203721
0.016770661 -0.81169724 0.41262364 4288387995
0.073021114 -0.80644935 0.40336508 4288387995
0.34892458 -0.8494966 0.40078661 4288387995
0.3838926 -0.84284049 0.40161842 4288387995
0.49526244 -0.84235555 0.42803779 4288387995
0.50838894 -0.81820256 0.4204638 4288387995
-0.057460546 -0.79667485 0.4458124 4288387995
-0.02326409 -0.79083759 0.4427129 4288387995
0.030271968 -0.77930593 0.44014683 4288387995
0.076004878 -0.78342515 0.42460674 4288387995
0.12820469 -0.77293521 0.4213843 4288387995
0.16947982 -0.76547396 0.41804016 4288387995
0.21298718 -0.76205003 0.41027206 4288387995
0.257833 -0.7546463 0.40596673 4288387995
0.52342612 -0.77945757 0.42447233 4288387995
0.16661376 -0.74332738 0.43992805 4288387995
0.21000822 -0.73688841 0.43506896 4288387995
0.25524533 -0.73050094 0.42969373 4288387995
0.3023445 -0.72318858 0.4247295 4288387995
0.35176057 -0.71863902 0.41653758 4288387995
0.40301338 -0.70972043 0.41205427 4288387995
0.45688128 -0.70465267 0.4032279 4288387995
0.5402503 -0.73610258 0.42896324 4288387995
0.55241573 -0.72281301 0.41152871 4288387995
0.34938276 -0.69004416 0.44446248 4288387995
0.35006607 -0.69826078 0.43643835 4288387995
0.40124604 -0.68460435 0.43650016 4288387995
0.45541158 -0.67891085 0.42819613 4288387995
0.51203907 -0.67298287 0.41949147 4288387995
0.56934428 -0.67494935 0.41647953 4288387995
0.63331467 -0.65567154 0.40525925 4288387995
1.3222536 -0.65780813 0.44451761 4278848010
1.3714178 -0.6573081 0.4428536 4278848010
-1.6558298 -0.62896651 0.40342942 4279308561
-1.6350951 -0.60656357 0.4009043 4279045389
0.51088655 -0.64635658 0.44522429 4288387995
0.58137524 -0.63151962 0.43110257 4288387995
0.62638801 -0.62514359 0.42699257 4288387995
0.69854826 -0.61988539 0.42289951 4288387995
0.76747483 -0.61184859 0.41308928 4288387995
1.2433841 -0.60693276 0.43652257 4287466893
1.2749325 -0.62423426 0.42749238 4279045389
1.3204442 -0.63466638 0.41907948 4278848010
1.3627992 -0.63343406 0.41754097 4278848010
0.59833306 -0.58643222 0.4444606 4288387995
0.6123023 -0.57171971 0.42381433 4288387995
0.69859302 -0.59558249 0.44610912 4288387995
0.76793569 -0.58684105 0.43686596 4288387995
0.84088361 -0.57762825 0.42715868 4288387995
0.91772366 -0.56799287 0.41686749 4288387995
0.99877799 -0.55781245 0.40602794 4288453788
1.2221074 -0.57500011 0.42596567 4285690482
1.254215 -0.59778333 0.4106167 4278716424
0.63333112 -0.52365869 0.42240921 4288387995
0.91916245 -0.54122806 0.44207531 4288387995
0.99957538 -0.54682374 0.41632503 4288322202
1.0011898 -0.52465278 0.43709898 4287466893
1.0870434 -0.51856482 0.42113131 4284900966
1.188783 -0.521945 0.42669076 4284835173
1.2035978 -0.54270494 0.41217938 4284835173
0.64399427 -0.4897559 0.43261138 4288387995
0.65659541 -0.47046185 0.42088431 4288387995
1.089712 -0.48978376 0.44795364 4284900966
1.1755244 -0.48607466 0.43755144 4284900966
0.6733284 -0.42629367 0.42655116 4288387995
0.69267666 -0.38303038 0.42416182 4288387995
0.70648265 -0.36051705 0.41288698 4288387995
-0.66590375 -0.31630111 0.41931507 4284900966
-0.64728284 -0.30674952 0.41924483 4284900966
0.72085953 -0.32437655 0.41568521 4288387995
1.1312977 -0.30777085 0.4196454 4278216192
1.171622 -0.31620529 0.42257291 4278216192
1.228577 -0.31103796 0.40397701 4278216192
-0.83169889 -0.25175989 0.4265399 4279045389
-0.62627393 -0.28963369 0.42493662 4284900966
0.73840821 -0.28680003 0.41161457 4288387995
0.75034964 -0.26157546 0.40844712 4288387995
1.0780795 -0.27248409 0.42089325 4278216192
1.1077315 -0.29669368 0.42080009 4278216192
-1.1137658 -0.20439987 0.40934885 4284900966
-1.0894027 -0.20991728 0.40857795 4285558896
-0.94379008 -0.20517942 0.40502584 4279176975
-0.81922853 -0.2205081 0.42353529 4279045389
-0.072098628 -0.20900849 0.40882891 4284900966
-0.022309268 -0.21918362 0.4091163 4286348412
0.025395872 -0.21273267 0.40991163 4288519581
0.053894561 -0.20115857 0.41182971 4289769648
0.76545286 -0.22964215 0.40447816 4288387995
1.0416754 -0.21504001 0.41936317 4278216192
1.0528047 -0.24097331 0.42001605 4278216192
-1.3744678 -0.16202861 0.41072285 4284900966
-1.3274693 -0.17403162 0.40872261 4284966759
-1.1727573 -0.16913395 0.4154124 4284900966
-1.1220508 -0.16197711 0.42215729 4285295724
-1.0761701 -0.15575098 0.42484376 4287006342
-1.0231723 -0.15275711 0.42541683 4289374890
-0.91326058 -0.18666963 0.42240399 4279176975
-0.89036512 -0.16195095 0.42555815 4279176975
-0.81315327 -0.17614987 0.42446214 4279045389
-0.12856132 -0.16951735 0.41053733 4284900966
-0.068182655 -0.16346137 0.42301577 4284900966
-0.023524741 -0.16038859 0.42529541 4285690482
0.025923533 -0.16404229 0.42498443 4285887861
0.075003721 -0.17541106 0.4209989 4283786070
0.1077716 -0.15149528 0.41934681 4278216192
1.036302 -0.16876252 0.42159903 4278870026
1.0750707 -0.15419137 0.42655966 4282084411
1.1031842 -0.15009551 0.41861978 4285822581
-1.6237934 -0.12163925 0.4272303 4287269514
-1.4572257 -0.10532995 0.42837906 4284900966
-1.4268557 -0.12908374 0.41471466 4284900966
-1.3985176 -0.14646816 0.40451458 4284900966
-1.2537888 -0.10727412 0.40657166 4279571733
-1.2096013 -0.11829922 0.41880929 4284177243
-1.1755641 -0.13439856 0.42341298 4284900966
-1.1441747 -0.1479582 0.42458615 4284900966
-1.0594605 -0.14402737 0.4220629 4287993237
-1.0214255 -0.13546076 0.4258028 4289111718
-0.98270714 -0.12275572 0.42378679 4290493371
-0.93282527 -0.11734249 0.42501566 4285968245
-0.87232757 -0.12554651 0.42482197 4279176975
-0.82258362 -0.12581 0.42715618 4279111182
-0.1580825 -0.12173621 0.41658968 4284900966
-0.1140547 -0.11378504 0.42403296 4284900966
-0.075760357 -0.12521659 0.42498672 4284900966
-0.027833574 -0.13998412 0.42448059 4284967015
0.025940387 -0.14224698 0.42500484 4285888117
0.078306757 -0.1323586 0.42521027 4288387995
0.11328116 -0.11347805 0.42249945 4290230199
0.98384249 -0.11501461 0.42514127 4281755190
1.0245537 -0.12661608 0.42396441 4283654227
1.0713366 -0.13564783 0.42237866 4285098345
1.1205589 -0.14220625 0.42101327 4285628529
-1.6883588 -0.062437057 0.44264996 4279900698
-1.5758854 -0.079649031 0.42082405 4286216826
-1.464381 -0.077602707 0.42245045 4284900966
-1.4464157 -0.094130814 0.40547055 4284900966
-1.2178204 -0.078141876 0.42490813 4284900966
-1.0560327 -0.083321452 0.40487939 4291348680
-0.96322066 -0.077948958 0.42414579 4291085765
-0.92759877 -0.075460926 0.42563266 4288980132
-0.86958009 -0.070049822 0.42590773 4284243036
-0.84027576 -0.091091648 0.42749849 4279111182
-0.16239858 -0.075333193 0.41890562 4284900966
-0.12636432 -0.075330198 0.42491123 4284900966
-0.079939872 -0.083788253 0.42385626 4284900966
0.13523899 -0.078489661 0.42360702 4291019715
0.15606976 -0.061553158 0.41833085 4291348680
0.9426502 -0.065597787 0.42526698 4281165357
0.97231442 -0.077588312 0.42446345 4284573281
1.0061225 -0.094207264 0.42883417 4284572001
1.0669738 -0.076739006 0.41873315 4282466625
-1.6579493 -0.037259936 0.43849707 4279308561
-1.6283915 -0.012786359 0.4344604 4279308561
-1.5208759 -0.03143084 0.41346803 4284966759
-1.4732907 -0.036410168 0.41818351 4284177243
-1.2195761 -0.036241114 0.41111097 4284900966
-1.0292541 -0.043624617 0.42273611 4291085508
-0.96844733 -0.035156347 0.42528251 4291348680
-0.93633175 -0.026311764 0.42502275 4291151813
-0.87951994 -0.030424057 0.42410943 4287269514
-0.15609534 -0.023427241 0.42256084 4284900966
-0.13312194 -0.026900804 0.42486724 4284900966
-0.079293594 -0.030902553 0.42502642 4284900966
0.1477522 -0.041271903 0.42519012 4291414473
0.15694645 -0.02568993 0.42395303 4291414473
0.93850243 -0.021422183 0.42531985 4284573281
0.95973116 -0.026996091 0.42324477 4284835173
1.0260648 -0.017806292 0.42514291 4284900966
1.0688783 -0.044338174 0.4242588 4284900966
-1.6864545 0.030126691 0.4083302 4288387995
-1.615278 0.031217312 0.40360793 4288387995
-1.5807394 0.026667872 0.42795268 4279308561
-1.5309422 0.046163142 0.40139285 4288387995
-1.4599125 0.022003651 0.40531605 4279242768
-1.4347916 0.044022202 0.40195686 4279242768
-0.95271456 0.036209352 0.42568949 4290756543
-0.93362969 0.027138498 0.4252671 4290428346
-0.89176494 0.010259372 0.42707968 4291019715
-0.15637907 0.020045187 0.420908 4284900966
-0.13360155 0.025003865 0.42501411 4284900709
0.14735618 0.0385928 0.42522439 4290756543
0.15201576 0.014867111 0.42493221 4291151301
0.93862617 0.023252599 0.42509082 4284900966
0.96881264 0.027971903 0.42318943 4284572001
1.0076824 0.00054674147 0.42587027 4284900966
-1.6628658 0.064233691 0.42559361 4285361517
-1.6399629 0.087435365 0.42516255 4286151033
-1.5755187 0.076923504 0.41213465 4288387995
-1.5185617 0.069896378 0.41291848 4283848278
-1.4902637 0.090578735 0.40953556 4288387995
-1.4207225 0.086193755 0.40357223 4288387995
-1.3358812 0.097002149 0.40029675 4288387995
-1.0602074 0.069355503 0.40844089 4287664272
-1.0170623 0.07350608 0.42570552 4287993237
-0.97089159 0.074129447 0.42420274 4289374890
-0.94372624 0.055229589 0.4271788 4289769648
-0.15227491 0.058984004 0.4101848 4284900966
-0.12791771 0.07156159 0.42163372 4284508768
-0.098211691 0.050878026 0.42573088 4284900966
0.13099045 0.074594632 0.42514598 4289703855
0.94897044 0.0529624 0.42546445 4284900966
0.9715758 0.075026006 0.42361984 4284637794
-1.6815885 0.12610008 0.43174887 4288387995
-1.6136918 0.11543592 0.42969155 4285361517
-1.5741541 0.13145463 0.42863572 4283848278
-1.5295731 0.12974446 0.4219887 4288387995
-1.4683334 0.11738037 0.41415104 4284506208
-1.4322975 0.13298848 0.41341335 4286085240
-1.3800575 0.12846467 0.4111847 4288387995
-1.3121449 0.12053716 0.40445843 4288387995
-1.2896338 0.14285874 0.40840554 4288387995
-1.2193974 0.13646214 0.40189564 4288387995
-1.1690496 0.12908451 0.42519611 4284900966
-1.1254936 0.14562397 0.42501736 4284900966
-1.0760741 0.14784116 0.42507267 4284966759
-1.0226452 0.12908104 0.42524707 4286808963
-0.99257892 0.10698432 0.42498434 4288387995
-0.11257709 0.11646282 0.41007024 4284900965
-0.080706887 0.14018103 0.41324121 4284900966
0.077386573 0.1281099 0.42473045 4286940549
0.10700218 0.10618307 0.42470255 4288387995
0.98308617 0.11992238 0.42335993 4284769380
1.0198047 0.13255495 0.4236955 4284703587
1.0654286 0.14811096 0.42482492 4284835430
1.171105 0.13762458 0.41613784 4287072135
-1.6577413 0.15672767 0.43765864 4288387995
-1.6411947 0.18250228 0.44369131 4286545791
-1.5666788 0.17546505 0.43591014 4288387995
-1.5204536 0.16777802 0.4273735 4282927176
-1.4818265 0.18463568 0.43222889 4288387995
-1.4191347 0.16578259 0.41835353 4285822068
-1.3828056 0.18434492 0.41503614 4284769380
-1.3286858 0.18185982 0.42080054 4288387995
-1.2698594 0.1624641 0.4118723 4288387995
-1.231504 0.18131691 0.41384938 4288387995
-1.1883832 0.16585155 0.40699622 4287203721
-0.055766266 0.15167053 0.41274211 4284900966
-0.027211959 0.15743794 0.41791698 4284900966
0.012721688 0.15683728 0.42005455 4278848010
0.99046737 0.16291498 0.42467627 4284835173
1.0121154 0.18566617 0.4228985 4280116509
1.0765642 0.154246 0.42016715 4284769892
1.129564 0.15566467 0.41225815 4285295724
-1.6175318 0.21175663 0.44684714 4283848278
-1.58095 0.24156678 0.44058532 4279374354
-1.5268177 0.22383256 0.44508854 4288387995
-1.4708573 0.21328516 0.42698488 4282927176
-1.4393665 0.23632827 0.43644056 4286545791
-1.3712626 0.22051613 0.43335694 4288387995
-1.327449 0.22517645 0.4314377 4288387995
-1.2788595 0.23365037 0.43012738 4288387995
-1.2130535 0.21878797 0.421832 4288387995
-1.1887331 0.24290228 0.42609608 4288387995
1.0326722 0.2133691 0.42494655 4278216192
1.0704974 0.23448204 0.42438453 4278216192
1.1079394 0.24374092 0.42495781 4278216192
-1.5537096 0.2615484 0.43671441 4279374354
-1.5271823 0.28100649 0.43294483 4279374354
-1.416353 0.262079 0.43304595 4284769380
-1.3898904 0.28410754 0.40771568 4279440147
-1.3226699 0.27357405 0.44308409 4288387995
-1.2553554 0.25807989 0.4345268 4288387995
-1.235146 0.27908829 0.43831015 4288387995
-1.1678907 0.26356986 0.42975065 4287137928
-1.5856441 0.34294632 0.44739509 4279374354
-1.501202 0.30006129 0.42925304 4279374354
-1.467626 0.32469037 0.42448178 4279374354
-1.434895 0.34869891 0.41983071 4279374354
-1.3592479 0.30801573 0.40344542 4279374354
-1.3368264 0.32551134 0.40032071 4279374354
-1.2953752 0.30337894 0.4485482 4288387995
-1.2103498 0.30486357 0.44295198 4288387995
-1.1890801 0.3269749 0.4469339 4288387995
-1.5585401 0.36158389 0.4434706 4279440147
-1.5235149 0.38566399 0.43839923 4279440147
-1.4110813 0.36616781 0.41644669 4279374354
-1.3801012 0.38889053 0.41204441 4279440147
-1.4728428 0.42050269 0.43106231 4279440147
-1.4402535 0.44291216 0.42634347 4279440147
-1.3574359 0.40551782 0.40882352 4279440147
-1.3280669 0.42705607 0.40465024 4279440147
-1.2994015 0.44808412 0.40057677 4279440147
-1.5284361 0.48263225 0.44499278 4279440147
-1.4165323 0.45922184 0.42290881 4279440147
-1.3781424 0.48561564 0.41735026 4279440147
-1.4779972 0.51503938 0.43755612 4279440147
-1.4376245 0.54097563 0.4316037 4279440147
-1.3266867 0.52099645 0.40989974 4279374354
-1.2913078 0.54532409 0.40477705 4279440147
-1.5162104 0.58850604 0.44893444 4279440147
-1.4994757 0.5985164 0.44642368 4279440147
-1.4141146 0.55607933 0.42813748 4279440147
-1.3762417 0.58041024 0.42255363 4279440147
-1.2707565 0.55945158 0.40180141 4279440147
0.46349177 0.59050566 0.42077097 4284900966
-1.4668363 0.61804193 0.44152665 4279440147
-1.427222 0.64173484 0.4355832 4279440147
-1.3252107 0.61319643 0.41502967 4279440147
-1.2834754 0.64000899 0.40887642 4279440147
0.46268672 0.62046975 0.42273426 4284900966
-1.4041516 0.65553743 0.43212175 4279505940
-1.3742553 0.67341822 0.42763638 4279505940
-1.3379383 0.69514179 0.42218757 4279505940
-1.2565386 0.65731555 0.4049049 4279440147
-1.2368768 0.66994685 0.40200603 4279505940
0.47547776 0.67329574 0.42494464 4284900966
-1.4638709 0.7138226 0.4465909 4279505940
-1.4248046 0.73548919 0.44062996 4279505940
-1.3098209 0.71195996 0.41796905 4279505940
-1.2757888 0.73231715 0.41286302 4279505940
-1.2492882 0.74816525 0.40888721 4279505940
-1.3724289 0.76453984 0.43263823 4279505940
-1.3224629 0.79225379 0.42501417 4279505940
-1.223612 0.76352495 0.40503481 4279505940
-1.1984951 0.77854985 0.40126643 4279505940
-0.95948589 0.79684949 0.42412758 4287598479
-1.4300135 0.82351321 0.44675243 4279505940
-1.392388 0.84277159 0.44091716 4279505940
-1.274953 0.81860119 0.41776502 4279505940
-1.2358551 0.84028828 0.41179925 4279505940
-0.92853397 0.82655513 0.42514357 4287137928
-1.363273 0.85767692 0.43640167 4279505940
-1.3280331 0.87571365 0.43093634 4279505940
-1.2106934 0.85424352 0.40795997 4279505940
-1.1801764 0.87116688 0.40330365 4279505940
-1.0149946 0.8815012 0.42166787 4279505940
-0.99010742 0.88909435 0.42896071 4279505940
-0.90726429 0.8617698 0.42504987 4286348412
-0.89758623 0.89324331 0.42484292 4285427310
-0.069354579 0.88943022 0.42431936 4284900966
-0.022204058 0.8809393 0.42438155 4286019447
0.019638887 0.88580596 0.42541504 4287795858
-1.2779714 0.94823545 0.42265549 4284900966
-1.208644 0.94729835 0.43178025 4284900966
-1.1720939 0.93714291 0.42468187 4284900966
-1.1224149 0.93604696 0.42528865 4287072135
-1.0780869 0.94262654 0.42566484 4287269514
-1.0457642 0.94827622 0.42576867 4288453788
-0.8956542 0.92109215 0.42390457 4284637794
-0.60393715 0.92616022 0.40360931 4288453788
-0.12420022 0.92478871 0.42557329 4284900966
-0.076538987 0.93539476 0.42544204 4286677377
-0.020142905 0.94310653 0.4250268 4285558896
0.024878098 0.93533325 0.42432877 4287532686
0.074757427 0.92352843 0.42474303 4287795858
0.12063792 0.91705275 0.42473638 4281084972
0.17561398 0.92271322 0.42288655 4285164138
0.21048927 0.94624293 0.42420435 4284900966
1.0821373 0.94721669 0.42493716 4285361517
-1.4302448 0.98483056 0.42819723 4285032552
-1.3194667 0.97815198 0.42796534 4284900710
-1.2711085 0.97431016 0.42471495 4284900966
-1.2221706 0.97400808 0.42412534 4284900966
-1.1764554 0.96604264 0.42418903 4284900966
-1.1395425 0.95221388 0.42242548 4284900966
-1.0629971 0.95244354 0.42358658 4287795858
-1.024947 0.96863556 0.42471141 4289309097
-0.98792088 0.98841166 0.42643231 4290559164
-0.90976197 0.97910815 0.42470136 4280163870
-0.89168054 0.97610718 0.42654008 4279440147
-0.61947632 0.9754349 0.40447327 4288387995
-0.15677454 0.9750998 0.42625648 4285098345
-0.1204678 0.98317891 0.42554939 4285756275
-0.076087959 0.96767479 0.4248285 4284900966
-0.021552218 0.9696281 0.42524901 4285098345
0.025923869 0.9621101 0.42503461 4285822068
0.075179771 0.97288108 0.42507121 4287795858
0.12169914 0.97677284 0.42524925 4283782485
0.22880104 0.96696997 0.42648453 4284900966
0.99310744 0.99290693 0.42527115 4284900966
1.0259602 0.97034144 0.42486072 4284966759
1.0677133 0.95480579 0.42368039 4285164138
1.1093106 0.95346069 0.42504898 4286743170
-1.45881 1.0247219 0.4339779 4284900966
-1.4370677 1.0142131 0.41077271 4284835173
-1.3531399 1.0320106 0.42933786 4284835429
-1.3409805 1.0097305 0.42023492 4284835430
-1.2733213 1.024747 0.42477003 4284900966
-1.226114 1.0156327 0.42496124 4284574048
-1.013697 1.0172422 0.4246718 4289967027
-0.96720499 1.024243 0.42536137 4291151301
-0.93535537 1.0213232 0.42502922 4290822336
-0.86447847 1.0178123 0.42556542 4279440147
-0.63548547 1.0264626 0.40538892 4288387995
-0.5948931 1.0221875 0.41486308 4288387995
-0.20014136 1.0455363 0.42538041 4278848010
-0.16953367 1.0248142 0.42466569 4284703587
-0.13369799 1.0232546 0.42506579 4283979864
-0.03640414 1.0231482 0.42335701 4284900966
0.030772517 1.0187029 0.42540026 4286414205
0.099867389 1.0067565 0.42429748 4284900966
0.12837721 1.0224688 0.42505503 4290295992
0.97052795 1.0220435 0.42553037 4284769380
1.0439014 1.0498923 0.42553216 4284900966
1.0702261 1.0454693 0.4258092 4284900966
-1.4608381 1.0648974 0.42319235 4283854931
-1.3587997 1.0699917 0.42184758 4283005512
-1.2833664 1.0746176 0.42573467 4284900966
-1.0027653 1.0700716 0.42562756 4290493371
-0.95439756 1.0736575 0.42462426 4291414473
-0.94637167 1.0765762 0.4245069 4287672720
-0.8435033 1.0738891 0.42404571 4279440147
-0.67211467 1.0920831 0.40266234 4288387995
-0.63232553 1.0669421 0.40997419 4288387995
-0.58914375 1.0832441 0.4220185 4288387995
-0.54740477 1.0789757 0.43177205 4288453788
-0.21287997 1.0718335 0.42503947 4278848010
-0.16552654 1.0758672 0.42596054 4284966759
-0.14316703 1.0689827 0.42481163 4284900966
-0.040962964 1.0501587 0.40927386 4284900966
0.14815111 1.0740544 0.42231074 4291414473
0.15007932 1.0947134 0.43603039 4291348680
0.94737571 1.0835365 0.42369229 4284900966
0.97176033 1.076315 0.42448696 4284900966
1.013729 1.0614793 0.42540795 4284900966
-1.4535583 1.1275899 0.40654963 4288387995
-1.2766211 1.1206775 0.42624262 4281019179
-0.95319939 1.1335424 0.42500859 4290234807
-0.94604325 1.1173882 0.42555791 4288331418
-0.6694774 1.1345462 0.40730718 4288387995
-0.62906277 1.1087315 0.4147079 4288387995
-0.58514327 1.1257206 0.42699641 4288387995
-0.54033208 1.1430535 0.43953431 4288387995
-0.22228989 1.1113212 0.42441434 4278848010
-0.16497913 1.1223406 0.42218268 4286216826
-0.14828177 1.146126 0.42466182 4284900966
-0.0015468597 1.142097 0.40310955 4289045925
0.14615053 1.1254575 0.42551547 4290888130
0.94402063 1.1292577 0.42642128 4285361517
0.95626426 1.1134878 0.42505291 4284835173
-1.4745803 1.1761385 0.40213692 4288388247
-1.2635051 1.152024 0.40971878 4279176975
-0.97056007 1.1793978 0.42491773 4289901234
-0.66675621 1.1784011 0.41210416 4288519581
-0.62395 1.1742008 0.42212397 4288387995
-0.58100724 1.1696154 0.43214059 4288387995
-0.53540325 1.1876881 0.44494134 4288387995
-0.16067873 1.1695021 0.41464055 4286479998
-0.13468197 1.1801207 0.42488775 4285361517
0.12698795 1.1716871 0.42521778 4289376938
0.93405175 1.1752301 0.42462039 4284900966
-1.4670317 1.236181 0.41823199 4288453788
-1.1173307 1.24649 0.4232907 4285887861
-1.0750306 1.2470732 0.42509764 4285822068
-1.0252042 1.2304261 0.42465433 4287532686
-0.99127775 1.2069746 0.42516434 4289309097
-0.6186108 1.2426113 0.42987314 4288387995
-0.57673669 1.2149752 0.43745643 4288387995
-0.15084416 1.2014935 0.4084281 4281874488
-0.11951702 1.2221587 0.41774672 4281228846
-0.078155577 1.233919 0.42478162 4284111450
-0.017183661 1.2480382 0.40385062 4285032552
0.93263209 1.2020316 0.42500821 4284900966
-1.4891744 1.2887862 0.41385946 4288387997
-0.61488444 1.2903273 0.43527818 4288387995
-0.57231855 1.2618949 0.44295508 4288387995
-0.084462821 1.2646254 0.41812086 4278216192
-1.5121779 1.3434402 0.40931749 4288322461
-0.61102879 1.3397148 0.44087252 4288387995
-0.56774366 1.3104612 0.44864675 4288387995
0.061409473 1.3462002 0.42903748 4288387995
-1.4816377 1.3538918 0.43089539 4288191643
-0.60703337 1.3908759 0.44666785 4288387995
0.028460423 1.3785253 0.42911196 4288387995
0.054087639 1.353381 0.42905387 4288387995
-1.5205568 1.4056797 0.41559169 4288322458
-1.4737535 1.4220078 0.44871801 4288387995
-0.022819361 1.4288402 0.42922843 4288387995
0.0028233528 1.4036744 0.42916977 4288387995
-1.5293516 1.470624 0.42210525 4288387995
-1.4975259 1.4819415 0.44467103 4288387995
-0.074138604 1.4791918 0.4293448 4288387995
-0.048471928 1.4540112 0.42928678 4288387995
-1.5546902 1.5326157 0.41743731 4288387995
-1.5222862 1.5443691 0.44045645 4288322715
-0.12549753 1.5295795 0.42946109 4288387995
-0.099813938 1.5043783 0.42940271 4288387995
-1.5811002 1.5972266 0.41257179 4288322713
-0.17322135 1.5764036 0.42956939 4288387995
-1.5480967 1.6094458 0.43606317 4288387997
-0.22465284 1.626865 0.42968598 4288387995
-1.6086503 1.6646227 0.40749559 4288387995
-1.5750258 1.6773422 0.43147936 4288387995
-0.27305761 1.6743571 0.42979577 4288387995
-0.10516271 -1.6554822 0.45065457 4278216192
-0.069458723 -1.6703334 0.46596533 4278216192
-0.028752832 -1.6747888 0.48529765 4278216192
0.0044424534 -1.693363 0.49398914 4278216192
0.12562895 -1.6656719 0.47733462 4278216192
1.5754284 -1.6750958 0.45651799 4288387995
1.6799386 -1.6752003 0.48282242 4288387995
-0.10600985 -1.6317185 0.47577688 4278216192
-0.08216437 -1.6424271 0.48310709 4278216192
0.14794564 -1.6109544 0.48009491 4278281728
0.15459234 -1.6206955 0.45110115 4278479107
1.6281794 -1.6273923 0.463164 4288387995
1.682942 -1.6266413 0.47845304 4288387995
0.17267293 -1.5630887 0.46853957 4278346754
1.6830448 -1.5777769 0.47007641 4288387995
0.19324946 -1.5123909 0.4713676 4278608902
0.21304712 -1.4636124 0.47408822 4278804490
1.6101501 -1.4550406 0.45098361 4288387995
0.23210838 -1.4166481 0.4767077 4281760309
1.6339649 -1.4318576 0.45389757 4288387995
1.6581299 -1.4083353 0.45685434 4288387995
0.24732006 -1.3673021 0.49238798 4279196686
0.25362545 -1.3755 0.46607569 4287799441
1.6827927 -1.384326 0.45987201 4288387995
0.26818103 -1.3277702 0.48166454 4285763187
1.0797888 -1.3016593 0.49118817 4285756275
0.28526312 -1.2856824 0.48401248 4287931027
0.98793679 -1.2603971 0.47579908 4284900966
1.0220865 -1.2833154 0.47443727 4284900966
1.0717846 -1.2621464 0.47041762 4285624689
1.1099792 -1.2687935 0.47209376 4286611584
-1.0156394 -1.2263377 0.47493282 4289572269
-0.99156511 -1.2065738 0.47505355 4290427578
-0.11532363 -1.2112838 0.46419525 4284900966
-0.07663475 -1.230154 0.46943161 4284374622
0.06999632 -1.2341787 0.46372172 4287541391
0.10472413 -1.2106384 0.45782611 4290099125
0.29870158 -1.2413212 0.498743 4288387993
0.31743059 -1.2249588 0.46721074 4288322714
0.94894743 -1.2015128 0.47931635 4284900966
0.97691077 -1.2204778 0.47476262 4284900966
1.0226663 -1.2335126 0.47460538 4284835173
1.0696918 -1.2274175 0.46897662 4285032552
-0.96835583 -1.1751368 0.47437057 4291085508
-0.12833969 -1.176939 0.47518247 4284835429
0.031381994 -1.1772451 0.49158874 4288387995
0.060445547 -1.1665606 0.49038464 4288387995
0.13013157 -1.1807424 0.45278227 4290953922
0.33907512 -1.1748989 0.46644172 4288321692
0.94018817 -1.1697704 0.47533095 4284900966
0.96345901 -1.1782805 0.47505209 4284900966
1.032594 -1.1989413 0.45071337 4284900966
1.1126409 -1.1949553 0.45973438 4284900966
-0.95311689 -1.1298606 0.47523507 4291414473
-0.94444531 -1.1188446 0.47394791 4291349192
-0.15308131 -1.1206868 0.4737353 4284900966
-0.14679864 -1.1410456 0.47499689 4284900966
-0.057127077 -1.1017514 0.46529603 4284900966
0.048098922 -1.1426265 0.48041898 4288387995
0.078214154 -1.1274014 0.47764263 4288387995
0.11000538 -1.116959 0.47678351 4288387995
0.15416856 -1.1229099 0.47508758 4288059030
0.35966527 -1.1272161 0.46578026 4288387995
0.93702263 -1.1233928 0.47465849 4284900966
0.95273721 -1.1309675 0.47513923 4284574049
-1.2445786 -1.0744745 0.47331885 4284116569
-0.95382529 -1.0727501 0.47345966 4290888129
-0.94349122 -1.0771186 0.47563338 4291085508
-0.15266371 -1.0818052 0.4759804 4284900966
-0.12269916 -1.06178 0.47658691 4284900966
-0.084478334 -1.0871111 0.47483653 4284900966
0.082400694 -1.0772854 0.46040076 4289045925
0.13433738 -1.067726 0.46823475 4289440683
0.15452109 -1.0723846 0.47342238 4288782753
0.37652752 -1.0781658 0.47669137 4288387995
0.93870229 -1.0766034 0.47507393 4284835430
0.95778036 -1.0711129 0.47427699 4284835430
-1.2283614 -1.0247271 0.47262797 4284900966
-0.96768564 -1.0221651 0.47542983 4289703855
-0.94629419 -1.0419322 0.47639266 4290624957
-0.13214067 -1.0229504 0.47436976 4285822068
0.084539756 -1.0189811 0.45704317 4291414473
0.13505292 -1.0244597 0.47576779 4287993237
0.1772778 -1.0384712 0.45421553 4288387995
0.20421463 -1.02267 0.4509289 4288387995
0.39558887 -1.0342867 0.47577748 4288387994
0.41147345 -1.0049134 0.46677941 4288387995
0.94420016 -1.036916 0.47535333 4284900966
0.96632683 -1.0228612 0.47556797 4284835429
1.0092551 -1.0243101 0.47864306 4284442462
1.2301016 -1.0176105 0.47540885 4288854177
-1.2063581 -0.99275571 0.46882921 4284900966
-1.1760904 -0.96914369 0.47379914 4284900966
-1.1416155 -0.95229501 0.47064647 4284900966
-1.066951 -0.95610642 0.47522029 4285164138
-1.0236906 -0.96962625 0.47467124 4286874756
-0.98946965 -0.9883604 0.47495595 4288387995
-0.13198991 -0.9812094 0.47469801 4285361517
-0.074920729 -0.96787292 0.47323966 4283256141
-0.041006066 -0.95335406 0.47516757 4282335039
0.041749481 -0.95194644 0.47508126 4285295724
0.074860916 -0.96568286 0.47440895 4286085496
0.11127494 -0.99043113 0.47662976 4286611584
0.41610113 -0.97986716 0.48303947 4288387995
0.98486596 -0.985062 0.47370592 4284835429
1.0197095 -0.9647553 0.47384161 4284900966
1.0629663 -0.95166242 0.46997854 4284900966
1.1438682 -0.95263177 0.47620448 4285624689
1.1778573 -0.96331197 0.4733189 4287269514
1.2085675 -0.98318714 0.47309738 4288784288
-1.1188016 -0.9445349 0.47604001 4287006342
-1.0810037 -0.94299304 0.47610772 4284900966
-1.0493658 -0.94753915 0.47514504 4285361517
-0.14139868 -0.92601037 0.47510993 4278848010
-0.01889826 -0.94828761 0.47484645 4284900966
0.020833364 -0.94795191 0.47516546 4284769380
0.43947104 -0.92510331 0.48302573 4288387995
0.45372936 -0.91880715 0.45196581 4288387995
1.0361563 -0.94293666 0.46494991 4284900966
1.0771389 -0.94033402 0.4713417 4284835173
1.1238192 -0.94034421 0.47050768 4285032552
1.1653012 -0.9423542 0.46507326 4287006342
-0.12148371 -0.88196594 0.47394753 4278848010
0.46530628 -0.87033826 0.47639668 4288387995
-0.16313414 -0.81361896 0.45643672 4288387995
-0.12291431 -0.80459666 0.45485133 4288387995
0.48706466 -0.81961381 0.47608298 4288387995
-0.12483901 -0.79515779 0.46435833 4288387995
-0.073689714 -0.77843291 0.46736017 4288387995
-0.028033471 -0.76408279 0.46948633 4288387995
0.022975182 -0.75822031 0.46214479 4288387995
0.08466661 -0.75425076 0.45028454 4288387995
0.51023751 -0.76700485 0.47413117 4288387995
-0.031643391 -0.74381256 0.48976904 4288387995
0.024723543 -0.73272878 0.48605743 4288387995
0.080901824 -0.72912174 0.47524914 4288387995
0.12151406 -0.72508121 0.46880481 4288387995
0.16371569 -0.72090638 0.46208566 4288387995
0.20714247 -0.71271318 0.45889512 4288387995
0.25242519 -0.70416605 0.45557129 4288387995
0.53213674 -0.7172519 0.47232738 4288387995
1.3318027 -0.70538175 0.49475151 4278848010
1.3696437 -0.70841759 0.49427664 4278847754
0.11789894 -0.69919872 0.49445134 4288387995
0.16005158 -0.6925537 0.49010506 4288387995
0.22188964 -0.67956537 0.48682433 4288387995
0.28599423 -0.6783222 0.47174647 4288387995
0.34766296 -0.66933531 0.46468529 4288387995
0.39915746 -0.65491623 0.46539593 4288387995
0.40005827 -0.66769862 0.45295405 4288387995
0.45392752 -0.65291595 0.45340973 4288387995
0.54357731 -0.68322891 0.48058107 4288387995
0.55409348 -0.66973484 0.46780807 4288387995
1.2774346 -0.66636038 0.47922835 4280690214
1.3225416 -0.68086416 0.47041583 4278848010
1.3713716 -0.68445021 0.47038233 4278848010
0.29502177 -0.64635718 0.49999681 4288387995
0.34558016 -0.6442492 0.48918229 4288387995
0.39764476 -0.63343459 0.48630485 4288387995
0.45241934 -0.62651682 0.47901598 4288387995
0.5097152 -0.61930621 0.47136718 4288387995
0.57026511 -0.6219489 0.47044736 4288387995
0.6325978 -0.60388553 0.45492131 4288387995
1.2334887 -0.62153637 0.4760029 4285756275
1.261079 -0.64083058 0.46089244 4283585106
0.5085324 -0.59198034 0.49777633 4288387995
0.58082926 -0.58121902 0.48189244 4288387995
0.62607414 -0.57637012 0.47517222 4288387995
0.69864357 -0.57093418 0.46964636 4288387995
0.76840264 -0.5615527 0.46090943 4288387995
1.1977056 -0.56100684 0.47798738 4284900966
1.2091281 -0.58203918 0.47162718 4284900966
0.61972177 -0.52167404 0.4612096 4288387995
0.69869244 -0.54605484 0.49340516 4288387995
0.76887321 -0.53593916 0.48526296 4288387995
0.84275091 -0.52527153 0.47670978 4288387995
0.92061996 -0.51409954 0.46762589 4288387995
1.0028176 -0.50228834 0.45805427 4286611584
1.1875761 -0.52985287 0.4728519 4284900966
0.64234161 -0.47304249 0.45618629 4288387995
0.92209613 -0.4866457 0.49348259 4288387995
1.0044641 -0.47964951 0.47926712 4285756275
1.0918788 -0.46642518 0.46972194 4284900966
1.1774789 -0.47761658 0.47808182 4284835173
1.0940665 -0.44285381 0.4916881 4284900966
1.1786184 -0.43634915 0.48414648 4284900966
-0.83101809 -0.25113678 0.47579598 4279045389
-0.92848253 -0.20498493 0.45743936 4279176975
-0.81872809 -0.22005697 0.47234336 4279045389
-1.1152978 -0.15400429 0.46725175 4285427310
-1.0761726 -0.15526943 0.47073027 4286808963
-1.0195917 -0.15424128 0.47153005 4289506476
-0.98886293 -0.15020728 0.49527615 4290624957
-0.90851086 -0.19425865 0.47538766 4279176975
-0.88280582 -0.16652182 0.4753128 4279176975
-0.8126772 -0.1757302 0.47761208 4279045389
-0.025638914 -0.15844201 0.47096559 4285295724
0.019760555 -0.15771031 0.46542236 4287401100
0.078570887 -0.16691971 0.45682943 4289901234
1.0349824 -0.15438634 0.47703379 4278216192
1.0745643 -0.15482803 0.47475669 4283133258
1.1110471 -0.15013042 0.47477636 4284842087
-1.2007054 -0.11008143 0.46999496 4284900966
-1.1721455 -0.13306512 0.46449122 4284900966
-1.1452079 -0.14797765 0.46366239 4284900966
-1.0583092 -0.14828965 0.47464666 4287730065
-1.0221592 -0.13606435 0.47411245 4289045925
-0.98194677 -0.12188652 0.47422662 4290493371
-0.93363726 -0.11905991 0.4760288 4280655396
-0.86169219 -0.1239277 0.47432616 4279176975
-0.82169634 -0.12649579 0.47589916 4279111182
-0.1070518 -0.10626115 0.47479737 4284900966
-0.07058844 -0.12378308 0.47424433 4284900966
-0.027510453 -0.14429268 0.4727397 4285295723
0.03036798 -0.14682981 0.47158161 4286679937
0.07860291 -0.13092346 0.47264662 4289177511
0.10835627 -0.10952577 0.47323215 4290295992
0.98245907 -0.11621593 0.47458157 4281755190
1.0213807 -0.13178489 0.4745321 4284114266
1.0695883 -0.14240816 0.47449985 4284967016
1.1225483 -0.14634021 0.46826726 4285236587
-1.213948 -0.093857408 0.46955138 4284900966
-0.96316481 -0.079043694 0.47240368 4291085508
-0.93379593 -0.074299626 0.47413406 4287532686
-0.8686859 -0.069642246 0.47559243 4283256141
-0.83804846 -0.093568429 0.47541803 4279111182
-0.12841623 -0.076816708 0.47200999 4284900966
-0.077406324 -0.077025428 0.47505662 4284900966
0.13232006 -0.077564403 0.47322327 4291085508
0.9419443 -0.070273623 0.47591797 4281034283
0.96766651 -0.078134425 0.47347459 4284704099
-1.0289521 -0.043400072 0.4730615 4291085508
-0.96766257 -0.034893841 0.47573608 4291348680
-0.93562824 -0.025672391 0.47359711 4291283142
-0.87431401 -0.030418266 0.47571698 4287466893
-0.15579489 -0.02668187 0.45278123 4284900966
-0.13573715 -0.027433472 0.46038333 4284900966
-0.079877935 -0.032553196 0.47540599 4284900966
0.14806584 -0.041792948 0.47444457 4291414473
0.15236019 -0.01869164 0.47284943 4291414473
0.93785173 -0.02324982 0.47553053 4284442207
0.95586711 -0.029970596 0.4714098 4284835173
1.0253038 -0.017571857 0.47481221 4284900966
1.0674893 -0.04389428 0.47435373 4284900966
-0.95229012 0.036200166 0.47630516 4290756543
-0.93445629 0.0258021 0.47420382 4290559676
-0.88756543 0.013143432 0.47444293 4290953922
-0.15397413 0.020934939 0.4582513 4284900966
-0.13156004 0.027503837 0.45760146 4284900710
0.14787719 0.037515994 0.47493044 4290756543
0.1523131 0.014862369 0.47490582 4291151301
0.93813521 0.023265302 0.47522792 4284900966
0.97069162 0.028715068 0.47267851 4284835173
1.0070078 0.00074994564 0.47473198 4284900966
-1.0204049 0.07058873 0.47089973 4287927444
-0.97083902 0.074992262 0.47591019 4289309097
-0.94067097 0.054908346 0.47486728 4289703855
-0.12227703 0.074677072 0.46250689 4283919192
-0.097102962 0.051996071 0.46439067 4284900966
0.1303826 0.075462908 0.47521752 4289638062
0.94821167 0.052323699 0.47441363 4284900966
0.9706825 0.074446961 0.47403768 4284900966
-1.1689632 0.12917431 0.47506434 4284900966
-1.1273448 0.14544591 0.47338352 4284900966
-1.0671474 0.147283 0.47321472 4285032552
-1.0221132 0.12920383 0.47514039 4286808963
-0.99192542 0.10694934 0.47508967 4288387995
0.078125656 0.12789187 0.47478065 4286940549
0.10597885 0.10716345 0.47436306 4288322202
0.98238909 0.11958114 0.47533649 4284835173
1.0211591 0.13151819 0.4742479 4284703587
1.0615984 0.14812365 0.47187611 4284900966
-1.6765893 0.17141584 0.45417577 4279374354
-1.0941198 0.15012243 0.47870576 4284900966
0.99114609 0.16532454 0.47501856 4284835430
1.0075727 0.1901667 0.47448224 4279395602
1.0778165 0.15186341 0.47490641 4284770148
-1.6819566 0.22629419 0.45657936 4288387995
-1.6076895 0.2210114 0.45006251 4288387995
-1.5937641 0.23889625 0.4535135 4288387995
1.0322311 0.21345976 0.47518152 4278216192
1.0700887 0.23456086 0.47493029 4278216192
1.1076282 0.24379747 0.47490078 4278216192
-1.6654946 0.27454266 0.46112138 4282927176
-1.6369122 0.2877166 0.46862614 4288387995
-1.5692345 0.27040085 0.45959249 4288387995
-1.5050951 0.25019121 0.45009041 4288387995
-1.4846076 0.27505055 0.45480785 4288387995
-1.3891392 0.29118675 0.4521066 4288387995
-1.6879158 0.33091787 0.48289874 4288387995
-1.6167749 0.3186484 0.46746555 4285361517
-1.5975747 0.34135687 0.47914666 4288387995
-1.5265173 0.32526317 0.47017846 4288387995
-1.4600966 0.3047927 0.46045181 4288387995
-1.4383383 0.33119527 0.46546209 4288387995
-1.3645587 0.31944817 0.45737886 4288387995
-1.3451825 0.34172273 0.46153435 4288387995
-1.270025 0.33106029 0.453623 4288387995
-1.1717298 0.34501183 0.45018214 4288387995
-1.6703596 0.37202549 0.48274422 4285361517
-1.6438557 0.39493364 0.49565634 4288387995
-1.5740639 0.37341821 0.48543486 4288387995
-1.5021298 0.35659134 0.47622335 4288387995
-1.4840744 0.37977839 0.48069745 4288387995
-1.4122018 0.36291182 0.4714807 4288387995
-1.3929734 0.38624483 0.47590846 4288387995
-1.3211579 0.36934322 0.46668705 4288387995
-1.2965701 0.39760911 0.47196019 4288387995
-1.2290592 0.37578997 0.46182328 4288387995
-1.1584589 0.35880458 0.45266604 4288387995
-1.1404696 0.37749881 0.45603263 4286677377
-1.6556551 0.40089887 0.46374959 4279440147
-1.6294743 0.41586375 0.47253868 4282400832
-1.5902712 0.44290781 0.45410949 4279440147
-1.5356163 0.42584687 0.4957177 4288387995
-1.4581146 0.41311947 0.48713076 4288387995
-1.4390032 0.43766338 0.49186665 4288387995
-1.3691955 0.41509673 0.48138353 4288387995
-1.3447648 0.44474155 0.48700899 4288387995
-1.2710553 0.42694187 0.47743234 4288387995
-1.2029229 0.40432692 0.46705499 4288387995
-1.1803946 0.42892554 0.47156465 4288387995
-1.6889658 0.48517486 0.47485346 4279440147
-1.5632918 0.4602384 0.4501318 4279440147
-1.4193621 0.46289214 0.49673465 4288387995
-1.3194802 0.47542083 0.49283084 4288387995
-1.2268889 0.47771707 0.48690471 4288387995
-1.1573987 0.45403337 0.47616762 4288387995
-1.133671 0.47994661 0.48091829 4288387995
-1.6598845 0.50256974 0.47049034 4279440147
-1.6223453 0.52502429 0.46485814 4279440147
-1.5857891 0.54688907 0.45937353 4279440147
-1.293479 0.50697267 0.49881822 4288387995
-1.1851448 0.52570671 0.49585748 4288387995
-1.1094388 0.50640643 0.48576915 4284900966
-1.6832236 0.59216309 0.48006058 4279440147
-1.5592203 0.56277859 0.45538741 4279440147
-1.5332037 0.57834154 0.45148405 4279440147
0.46222812 0.58911675 0.47229892 4284900966
-1.664046 0.6027993 0.47713435 4279440147
-1.6267036 0.62351149 0.4714365 4279440147
-1.5903313 0.64368349 0.46588674 4279505940
0.46124282 0.61885911 0.47456267 4284900966
-1.6872303 0.69185281 0.48664403 4279505940
-1.5638937 0.6583457 0.46185276 4279505940
-1.5211693 0.68204409 0.45533368 4279505940
0.47398892 0.67248756 0.47466269 4284900966
-1.6681523 0.70161659 0.48368531 4279505940
-1.6310009 0.72063297 0.47792351 4279505940
-1.5859973 0.74366844 0.47094396 4279505940
-1.4880081 0.7004357 0.45027381 4279505940
-1.6816909 0.79459441 0.4916397 4279505940
-1.5598207 0.75706661 0.46688429 4279505940
-1.5259727 0.77439481 0.46163473 4279505940
-1.4849098 0.7954151 0.45526624 4279505940
-0.9594326 0.7968787 0.47551861 4287598479
-1.6535289 0.80782509 0.48720273 4279505940
-1.6261028 0.8207128 0.48288167 4279505940
-1.581777 0.84153682 0.47589815 4279505940
-1.4609909 0.8076579 0.45155665 4279505940
-0.92820054 0.82669455 0.47529307 4287137928
-1.6856287 0.8910892 0.49802348 4279505940
-1.5307144 0.86553067 0.46785316 4279505940
-1.489826 0.88474178 0.46141106 4279505940
-1.0189546 0.87597799 0.47540197 4279505940
-0.98136485 0.88649279 0.476731 4279505940
-0.90685952 0.86193293 0.47546142 4286414205
-0.89709264 0.89370996 0.47518855 4285361517
-0.06945093 0.88889199 0.47541046 4284900966
-0.022308791 0.88040972 0.47552368 4286019447
0.019529238 0.88529176 0.47532541 4287795858
-1.3046993 0.94809324 0.48552927 4284900966
-1.2941563 0.94500953 0.47525343 4284900966
-1.2111135 0.94225597 0.47288328 4284900966
-1.1714596 0.9322952 0.47280234 4284900966
-1.1224719 0.93523508 0.47543123 4286677377
-1.0782353 0.9414382 0.47471839 4287335307
-1.0445541 0.9483391 0.47392511 4288453788
-0.89505231 0.919819 0.4753221 4284900966
-0.12428563 0.92424029 0.47522295 4284900966
-0.081922002 0.93575382 0.4746882 4285756275
-0.021333886 0.94508231 0.47726035 4285361517
0.027731879 0.93713832 0.47498459 4287532686
0.077440836 0.91174555 0.47000119 4287730065
0.12430684 0.90819305 0.47161701 4281677109
0.17442106 0.9215433 0.4749884 4284900966
0.20991535 0.94452256 0.47817987 4284900966
1.0741134 0.94825298 0.47486958 4285098345
-1.4693677 0.98324484 0.48013115 4284900965
-1.4449389 0.9737196 0.46022281 4284900966
-1.3516836 0.99508637 0.48432243 4284900966
-1.3263987 0.96982437 0.47396633 4284900966
-1.2611203 0.98690778 0.47303894 4284900966
-1.2249774 0.97288138 0.46998692 4284900966
-1.1730216 0.96109641 0.47509211 4284900966
-1.1416231 0.95194024 0.47598037 4284900966
-1.0579029 0.95301819 0.47471294 4287993237
-1.0250502 0.96781403 0.47453243 4289309097
-0.98599595 0.98928016 0.47407728 4290624957
-0.90942693 0.97901952 0.47446245 4280163870
-0.89246422 0.97291887 0.4780457 4279440147
-0.15608692 0.97940046 0.47538933 4285229931
-0.12135482 0.98074925 0.47473866 4284966759
-0.076792181 0.96837711 0.47522286 4284572001
-0.022807848 0.97008222 0.47524393 4285032552
0.02862107 0.96265686 0.47443712 4285756275
0.075116895 0.97265142 0.47513074 4287664272
0.11655581 0.98331207 0.46992561 4286677377
0.22827137 0.96539956 0.47542545 4284900966
0.9932034 0.99301684 0.46998474 4284900966
1.0253415 0.97131872 0.47286367 4284900966
1.0686928 0.9551791 0.47489423 4285164138
1.1095178 0.95352679 0.47427312 4286808963
-1.5055373 1.0283302 0.497421 4284640090
-1.4849293 1.0205772 0.47318488 4284639329
-1.3619499 1.0221509 0.47582501 4284769892
-1.2798876 1.0240858 0.47383681 4284900966
-1.2277792 1.0147797 0.46827796 4284639329
-1.0136122 1.016543 0.47466955 4289967027
-0.96711141 1.0233263 0.47497097 4291151301
-0.93485975 1.0213923 0.47469816 4290822336
-0.86296761 1.0197623 0.47310787 4279440147
-0.20027885 1.0450785 0.47466317 4278848010
-0.17172109 1.0265826 0.47469449 4283190348
-0.13368578 1.0228426 0.47465023 4284045657
-0.039579291 1.0329161 0.47389284 4284900966
0.03044753 1.0179516 0.47516108 4286414205
0.099603474 1.0060482 0.47568589 4284900966
0.12921111 1.0229247 0.47482356 4290295992
0.96987772 1.0229511 0.47270539 4284769380
1.0436127 1.0498589 0.47414428 4284900966
1.0701616 1.0454677 0.47501692 4284900966
-1.4888524 1.0654221 0.46538886 4281697847
-1.371341 1.0606918 0.47536129 4283659089
-1.2878191 1.0745534 0.47299558 4284900966
-1.0026464 1.0689971 0.4748559 4290493371
-0.95410085 1.0719075 0.47300911 4291414472
-0.94591463 1.0764734 0.47459853 4288330650
-0.84354353 1.0762044 0.47304997 4279440147
-0.21301372 1.0713718 0.47559756 4278848010
-0.16818248 1.0758464 0.47464019 4284177243
-0.14279065 1.0685369 0.47372341 4284900966
0.14795803 1.0675278 0.47471073 4291480266
0.15037979 1.0933245 0.47526604 4291348680
0.94683933 1.0834317 0.47570744 4284900966
0.9712975 1.0762422 0.47500607 4284900966
1.0133345 1.0614287 0.47575191 4284900966
-1.2799308 1.1223955 0.47513753 4280690214
-0.95311165 1.1332058 0.47456795 4290169270
-0.94554085 1.116981 0.47496575 4288397467
-0.22239824 1.110932 0.47427589 4278848010
-0.17290093 1.1238964 0.47466055 4285229931
0.14653072 1.1251175 0.47508222 4290888129
0.94308227 1.1310524 0.47420838 4285295724
0.9572919 1.1111019 0.47470364 4284900966
-0.97018999 1.1797107 0.4749732 4289703855
-0.16347463 1.158774 0.4728753 4288387994
-0.14723134 1.1818539 0.47572994 4288322202
0.12735654 1.1713521 0.47527748 4289376938
0.93335241 1.1760132 0.4753274 4284900966
-1.1145859 1.247591 0.47442847 4286085240
-1.0747409 1.2471024 0.47521618 4285690482
-1.0256554 1.2309942 0.47444177 4287203721
-0.99175566 1.2076533 0.47499493 4288716960
-0.53030914 1.2338365 0.45053178 4288387995
-0.10363042 1.2165004 0.45115128 4284900966
-0.07875818 1.2337155 0.45536602 4284111450
0.93215382 1.2019372 0.46954238 4284900966
-0.52503812 1.2815868 0.45631614 4288387995
-0.51958025 1.3310244 0.46230504 4288387995
-0.47673553 1.3017062 0.46996617 4288453788
-0.56301022 1.3607403 0.45453906 4288387995
-0.51392722 1.3822358 0.46850872 4288387995
-0.470357 1.3520426 0.47626388 4288387995
-0.55810082 1.4128544 0.46064651 4288387995
-0.50806504 1.4353284 0.4749403 4288387995
-0.46374661 1.4042087 0.48279059 4288387995
-0.55301398 1.4668766 0.46697751 4288387995
-0.50198758 1.4903895 0.4816103 4288387995
-0.45688885 1.4583133 0.48955986 4288387995
-0.54773301 1.5229383 0.47354755 4288387995
-0.4956761 1.547552 0.48853499 4288387995
-0.44977444 1.5144523 0.49658361 4288387995
0.31699073 1.5404763 0.47436565 4288387995
-1.4896703 1.5562005 0.46362621 4288649629
-0.54225391 1.5811312 0.48036727 4288387995
0.28053182 1.5763724 0.47446099 4288387995
0.304847 1.5524443 0.47439834 4288387995
-1.5148728 1.6217482 0.45971155 4288584347
-1.4814265 1.6341311 0.48351812 4288387995
-0.53655928 1.6415998 0.48745382 4288453788
-0.48912334 1.6069176 0.49572647 4288387995
0.22783037 1.628251 0.47459817 4288387995
0.2562139 1.6003098 0.47452423 4288387995
-1.5411716 1.6901449 0.45562649 4288256148
0.17914677 1.6761736 0.47472477 4288387995
-0.053762216 -1.6520419 0.51075202 4278216192
-0.026016869 -1.6638124 0.52188051 4278216192
0.023566112 -1.6871612 0.52539873 4278216192
0.11895013 -1.6556326 0.50675732 4278216192
-0.10549201 -1.6249847 0.52891368 4278216192
-0.074895643 -1.6399498 0.52607417 4278216192
0.12682241 -1.6234652 0.52246404 4278216192
0.13476092 -1.5916581 0.5375818 4278281728
0.1595892 -1.5444092 0.52504742 4278216192
0.18030408 -1.4943488 0.52677387 4278216448
0.20342273 -1.4505111 0.51492286 4278216448
0.1970517 -1.4418435 0.54194844 4278216192
0.22258538 -1.4039791 0.51677519 4278216707
0.23071359 -1.3685902 0.53548473 4278281475
0.25576934 -1.3119756 0.53306568 4278870791
1.0474801 -1.3028725 0.54070526 4284900966
1.0672101 -1.304118 0.52036917 4285295724
1.1107175 -1.3070853 0.54413027 4284966759
0.27298355 -1.270375 0.53450048 4281363245
0.98464751 -1.2648768 0.52800286 4284900966
1.0206969 -1.2848805 0.52534038 4284900966
1.072049 -1.2539032 0.52462637 4285690482
1.1090575 -1.2517895 0.525702 4287269514
-1.0151191 -1.2261937 0.50437057 4289572269
-0.1082755 -1.2047805 0.51437217 4284835173
-0.078032434 -1.2261086 0.51414537 4284045657
-0.014117539 -1.241187 0.51084763 4288387995
0.0069914758 -1.2200599 0.50505447 4288387995
0.28960532 -1.230206 0.53588557 4287734930
0.31466678 -1.2021767 0.50071645 4288387995
0.94661373 -1.2047187 0.52892488 4284900966
0.97386533 -1.2224388 0.5231787 4284835173
1.0213714 -1.2368021 0.52085584 4284835173
1.0657371 -1.2403953 0.5140776 4285164138
-0.96383262 -1.1708552 0.51687628 4290822336
-0.94623584 -1.1541873 0.51926094 4278433539
-0.13020077 -1.1754916 0.51362485 4284900966
0.31639132 -1.1761291 0.52591699 4288322717
0.93756306 -1.1708654 0.52501923 4284900966
0.96339732 -1.1795126 0.51818186 4284835173
-0.95288306 -1.1292042 0.51508975 4291348680
-0.94303161 -1.1184539 0.51711583 4291087299
-0.15250365 -1.1141881 0.51525313 4284900966
-0.1466862 -1.1416045 0.51474154 4284572001
-0.055905461 -1.1099452 0.54074955 4284900966
-0.046046019 -1.1121736 0.53078544 4284900966
0.15427773 -1.1222368 0.51363808 4288059030
0.34207433 -1.1243681 0.51625592 4288453534
0.93385088 -1.1242751 0.52341062 4284769380
0.95247072 -1.1309458 0.51600796 4284574049
-1.2434503 -1.0712167 0.51375693 4284900966
-0.95357066 -1.0726448 0.51651692 4290757055
-0.94289869 -1.0780674 0.51693618 4291020227
-0.1523892 -1.0813816 0.51408583 4284900966
-0.12059698 -1.0647198 0.5237515 4284900966
-0.087123819 -1.091622 0.52273583 4284900966
0.14899537 -1.0570289 0.51480407 4290822336
0.15304466 -1.073503 0.514835 4288651167
0.36354887 -1.0719694 0.51862186 4288453275
0.93728513 -1.0782812 0.52088934 4284703587
0.96039712 -1.070161 0.5230552 4284769637
-1.2269952 -1.023056 0.51446587 4284835173
-0.967448 -1.0209857 0.51739007 4289310377
-0.94604188 -1.0414723 0.51817775 4290624444
-0.1356031 -1.0245773 0.51958358 4285493103
0.13610859 -1.0238197 0.5147233 4287993237
0.38412631 -1.0217596 0.52088833 4288387994
0.9433983 -1.0391861 0.52219838 4284374622
0.96618289 -1.0224785 0.52022702 4284703843
1.0180389 -1.0236304 0.52498317 4283853398
1.2294296 -1.0161341 0.51424295 4288723360
-1.2041379 -0.9904111 0.51399404 4284900966
-1.1751359 -0.96814036 0.51414311 4284769380
-1.1460407 -0.95326549 0.51399523 4284835173
-1.0651891 -0.95605499 0.51431376 4285164138
-1.024682 -0.96642596 0.51756537 4286546815
-0.98910886 -0.98829442 0.51989877 4287864211
-0.151996 -0.97290659 0.52742261 4282729797
-0.119095 -0.99258834 0.51295215 4286414205
-0.075733408 -0.96888858 0.51421422 4282598211
-0.039632052 -0.95322567 0.51462668 4281348144
0.042385694 -0.95186853 0.51215339 4285361260
0.074690439 -0.96475899 0.51414871 4285953909
0.11139986 -0.99010688 0.5153957 4286414205
0.39445594 -0.98663223 0.53338969 4288387993
0.4067241 -0.96992773 0.51959008 4288453275
0.98609656 -0.9860521 0.51920062 4284638050
1.0186459 -0.96512932 0.51736057 4284703843
1.054283 -0.95180279 0.51823819 4284835429
1.1420565 -0.95269513 0.52025503 4284703587
1.1742522 -0.96434504 0.51471686 4286678401
1.2096771 -0.99013472 0.51575786 4288455325
-1.1186528 -0.94410253 0.51465982 4287006085
-1.079623 -0.94202578 0.51747525 4284376414
-1.0491252 -0.94713652 0.51823032 4285165673
-0.15113735 -0.9440797 0.53388458 4278848010
-0.14422068 -0.92231727 0.52392197 4278848010
-0.018556209 -0.94802403 0.51352811 4283124555
0.021042326 -0.94761133 0.5136407 4284111193
0.42732561 -0.9195134 0.52202564 4288387739
1.0418971 -0.94847721 0.51735413 4284703587
1.0759331 -0.94440913 0.51890194 4284572257
1.1192874 -0.94549406 0.51634181 4284639075
-0.12574837 -0.8842389 0.52660108 4278848010
0.44127885 -0.87914395 0.53080416 4288387739
0.46291074 -0.82952267 0.52956587 4288387995
0.48956743 -0.78230667 0.5120877 4288387995
1.3419638 -0.75412202 0.54525912 4278848010
1.3703718 -0.75754637 0.54502612 4278848010
0.037816525 -0.70814145 0.50622749 4288387995
0.077101111 -0.70375383 0.50045121 4288387995
0.50894576 -0.73745918 0.51143217 4288387995
1.2836555 -0.71161658 0.53195548 4280163870
1.322137 -0.72747791 0.52381253 4278848010
1.3713552 -0.73255688 0.5199033 4278848010
1.4086962 -0.73989296 0.53395963 4278782473
0.075450838 -0.69276792 0.51136702 4288387995
0.11527589 -0.68046761 0.51301455 4288387995
0.15682971 -0.667647 0.51472008 4288387995
0.21640103 -0.65891355 0.50794905 4288387995
0.53135347 -0.68787456 0.50807023 4288387995
1.2410865 -0.66536528 0.53005821 4285295724
1.2657881 -0.6850996 0.51738507 4284308829
0.1871053 -0.63887751 0.53452623 4288387995
0.24427478 -0.62805128 0.53036416 4288387995
0.29264468 -0.62144184 0.52440602 4288387995
0.34346563 -0.61882383 0.51401216 4288387995
0.39611822 -0.61174339 0.50741732 4288387995
1.2205312 -0.6260612 0.52068031 4284900966
0.29024601 -0.59629238 0.54904419 4288387995
0.34132928 -0.59311932 0.539114 4288387995
0.39405605 -0.58244079 0.53593808 4288387995
0.44909069 -0.56823856 0.53554332 4288387995
0.45063931 -0.59536725 0.50923014 4288387995
0.50753272 -0.56887448 0.52010655 4288387995
0.5682168 -0.56005085 0.51313949 4288387995
0.63193333 -0.55566275 0.50116467 4288387995
1.196995 -0.56747288 0.52583659 4284900966
1.2042388 -0.59031159 0.51995844 4284900966
0.50652158 -0.54556632 0.54263347 4288387995
0.56752557 -0.53609723 0.5362016 4288387995
0.6315248 -0.52614796 0.52946872 4288387995
0.69873989 -0.52082205 0.51750225 4288387995
0.76935005 -0.51003432 0.50989318 4288387995
1.1907132 -0.52912056 0.52643126 4284900966
0.69878769 -0.49534881 0.54182911 4288387995
0.76983166 -0.48379168 0.53484493 4288387995
0.8444705 -0.477047 0.52235031 4288387995
0.92329329 -0.46441692 0.51441723 4288322202
1.0061274 -0.45680976 0.50066751 4285756275
1.1887525 -0.47655699 0.52410316 4284900966
0.84544265 -0.44980478 0.54813254 4288387995
0.92449898 -0.44195992 0.53556842 4288387995
1.0082338 -0.4278546 0.52779871 4287993237
1.0962787 -0.41898283 0.51393485 4284835173
1.1916336 -0.42889845 0.51452315 4284900966
1.2100435 -0.41950908 0.54015237 4284900966
1.0990754 -0.38881427 0.54205036 4284835173
1.1928768 -0.378472 0.52813095 4284900966
1.2228131 -0.3861171 0.53094548 4284900966
1.2523208 -0.35858142 0.53644258 4284900966
-0.83050895 -0.25067237 0.5201208 4279045389
-0.91624546 -0.20633781 0.50970703 4279176975
-0.81863922 -0.22091635 0.51500016 4279045389
-1.1039964 -0.15353841 0.51550299 4285690482
-1.072493 -0.15457675 0.51568639 4286545791
-1.0162333 -0.1555077 0.50479859 4289703855
-0.98883581 -0.15048897 0.50494343 4290624957
-0.90214193 -0.1987032 0.52112043 4279176975
-0.87785363 -0.1744322 0.52550745 4279176975
-0.81232482 -0.17541964 0.51697493 4279045389
-0.028493147 -0.1613685 0.51877767 4285164138
0.0094228741 -0.15238397 0.51074493 4286414205
1.0289663 -0.15568562 0.5253278 4278216192
1.0725725 -0.15624256 0.52345443 4283330126
1.1207763 -0.15226324 0.52702516 4284123994
-1.0568419 -0.14767878 0.51536214 4287730065
-1.0201956 -0.13522159 0.51621306 4288980132
-0.98253947 -0.11833308 0.51586902 4289703855
-0.93325025 -0.11933883 0.51022148 4280521250
-0.85582882 -0.13363081 0.51761621 4279176975
-0.82815921 -0.12203999 0.52057946 4279111182
-0.10736593 -0.10614375 0.50517136 4284900966
-0.066708259 -0.12044071 0.51769805 4284900966
-0.033820923 -0.14604749 0.51619941 4285098601
0.0320329 -0.1462734 0.51160079 4286090615
0.07483387 -0.13386251 0.50586879 4289045925
0.10797232 -0.11052701 0.50421596 4290295992
0.94880354 -0.10233228 0.54040253 4278216192
0.98043644 -0.11935949 0.52459955 4281361968
1.0206985 -0.13577652 0.52160418 4284114522
1.0663537 -0.14331745 0.51793271 4284771172
-0.9634794 -0.078110866 0.51814693 4291085508
-0.93156105 -0.075717166 0.51700956 4287072135
-0.87130314 -0.065679923 0.51741385 4279637526
-0.84412283 -0.079051204 0.51976657 4287730065
-0.12388113 -0.087827332 0.50166118 4284900966
-0.077993184 -0.0786414 0.52511364 4284900966
0.13197328 -0.078644089 0.5028069 4291085508
0.93854618 -0.070036478 0.52360058 4280509731
0.96488142 -0.079953164 0.52135569 4284769892
-1.0286806 -0.043198079 0.5183444 4291085508
-0.96531171 -0.035550967 0.51904708 4291348680
-0.93542755 -0.024713241 0.51721311 4290953922
-0.86967921 -0.026298964 0.51914942 4287664272
-0.84960735 -0.04227671 0.53140664 4291480266
-0.080452971 -0.034177613 0.52498525 4284900966
0.14630318 -0.048408508 0.50306386 4291414473
0.15206975 -0.020666733 0.50469434 4291414473
0.93912911 -0.022589259 0.52214062 4284638818
0.95181167 -0.03801427 0.51741302 4284835173
1.0246836 -0.01738072 0.51529258 4284900966
1.0662856 -0.043509766 0.51772416 4284900966
-0.95184028 0.035575107 0.51643449 4290756543
-0.93277723 0.026675703 0.51780415 4290690750
-0.88358498 0.015648259 0.52066857 4290822336
0.14637268 0.042167693 0.50865942 4290624957
0.15157256 0.019576371 0.50589532 4291085508
0.93829805 0.022012424 0.52075189 4284573281
0.97585124 0.031154707 0.51679206 4284900710
1.006446 0.00091918308 0.51542997 4284900710
-1.0194263 0.066125989 0.52639538 4287927444
-0.97015733 0.073357746 0.51974785 4288848546
-0.93719935 0.054928023 0.52717179 4289506476
0.12950748 0.076324888 0.51150274 4289638062
0.94752204 0.051948141 0.52642345 4284900966
0.96775126 0.072154246 0.51826459 4284769892
-1.1688923 0.12924783 0.51539236 4284835173
-1.1290005 0.14527553 0.51507407 4284835173
-1.0640765 0.14722019 0.51470876 4284966759
-1.0201678 0.12861697 0.51522106 4286479998
-0.99114585 0.10704957 0.51478207 4288190616
0.10172268 0.10984121 0.51341486 4288124823
0.9837324 0.11588489 0.51717556 4284310877
1.0226265 0.13335514 0.51401788 4284769892
1.0576836 0.14815228 0.51405019 4284835430
-1.0927442 0.15034603 0.51464981 4284900966
0.99082953 0.16553263 0.51506752 4282410048
1.00719 0.19025004 0.5157811 4278674950
1.0787859 0.15199161 0.51541358 4284508256
1.0318846 0.2135309 0.51460952 4278216192
1.0697675 0.23462275 0.51463288 4278216192
1.1073681 0.24384475 0.51665258 4278216192
-1.6990691 0.44140959 0.51103538 4288387995
-1.6172175 0.43362606 0.50336742 4288387995
-1.6795664 0.47171623 0.51717031 4288387995
-1.6000773 0.45853162 0.50833082 4288387995
-1.5823988 0.48421684 0.51344955 4288387995
-1.5100577 0.46069938 0.50255346 4288387995
-1.4911642 0.48646247 0.50760633 4288387995
-1.4033206 0.48349237 0.50070965 4288387995
-1.3951589 0.493976 0.50273246 4288387995
-1.6561756 0.50806767 0.52452904 4288387995
-1.6388731 0.53495395 0.52997166 4288387995
-1.5606605 0.51579595 0.51974303 4288387995
-1.5457547 0.53745121 0.52405864 4288387995
-1.4638649 0.52368814 0.51490736 4288387995
-1.3700587 0.52621281 0.50895274 4288387995
-1.2711101 0.53411502 0.50396889 4288387995
-1.6945599 0.59378898 0.54844332 4288387995
-1.6138579 0.57382941 0.53784132 4288387995
-1.518811 0.57660091 0.53186071 4288387995
-1.4272277 0.57364929 0.5247063 4288387995
-1.3310301 0.57633913 0.5186249 4288387995
-1.2528262 0.55629909 0.50817865 4288387995
-1.2340707 0.57906049 0.51249784 4288387995
-1.1562021 0.55898023 0.50206482 4288387995
-1.1312801 0.58763069 0.50740963 4288387995
0.46096611 0.58772963 0.52376282 4284900966
-1.5879186 0.61413777 0.54600102 4288387995
-1.4827468 0.62899685 0.54230273 4288387995
-1.4019027 0.60818088 0.531479 4288387995
-1.3844491 0.63198149 0.53614706 4288387995
-1.3085468 0.60521579 0.5241968 4288387995
-1.29002 0.62900692 0.52878743 4288387995
-1.2101029 0.60814303 0.5180167 4288387995
-1.1904236 0.63202101 0.52254784 4288322202
-1.1057042 0.61703432 0.51289511 4288387995
-1.0847008 0.64117956 0.51739949 4286545791
0.45980102 0.61725098 0.5263173 4284900966
-1.4619565 0.65920365 0.54832262 4288387995
-1.3621351 0.66241062 0.54211515 4288387995
-1.3438036 0.68740821 0.54701787 4288387995
-1.2614856 0.66565907 0.53585964 4288387995
-1.2419503 0.69075036 0.54070115 4288387995
-1.1651649 0.66267282 0.52836442 4288322202
-1.1444913 0.68775642 0.53312439 4288256409
0.47233009 0.67148209 0.52432269 4284900966
-1.2218806 0.71652383 0.54567432 4288387995
-1.1178349 0.72010303 0.53926259 4287993237
-1.0849552 0.7599991 0.54683352 4286677377
-0.95939046 0.79690194 0.51640981 4287598479
-0.92793667 0.82680482 0.51504403 4287137928
-1.0154305 0.87264413 0.51403874 4279505940
-0.97760397 0.88402224 0.50799543 4279505940
-0.90699524 0.86049837 0.51424718 4286414205
-0.89838403 0.8865115 0.51563048 4285690482
-0.069525942 0.88847297 0.5151934 4282861383
-0.022389932 0.87999928 0.51515204 4283650899
0.020794166 0.88525134 0.51602799 4284835173
-1.3118422 0.94299817 0.52697098 4284900966
-1.2970207 0.9401195 0.50482225 4284900966
-1.1545967 0.9455325 0.51408762 4284573793
-1.1221591 0.9373365 0.51585126 4287007110
-1.0781835 0.94136745 0.51481682 4287270026
-1.0441819 0.94806457 0.51490903 4288389018
-0.89470106 0.91995162 0.51433122 4284900966
-0.12028922 0.93207145 0.51981854 4283453520
-0.077700131 0.93709338 0.5241245 4284637794
-0.019837275 0.94254214 0.52366656 4285493103
0.027786255 0.93535894 0.52516693 4287598479
0.076168828 0.90694588 0.52508634 4287861651
0.12479858 0.90455616 0.52556646 4281808695
0.17240405 0.91913277 0.52591729 4284900966
0.2093994 0.94297588 0.5267067 4284900966
1.0687492 0.94881421 0.51556879 4285032552
-1.5087001 0.97991407 0.53385681 4284900965
-1.4856889 0.96779525 0.51744407 4284835430
-1.3580643 0.98588854 0.52650642 4284900710
-1.3352157 0.9617312 0.52215552 4284900966
-1.2079116 0.98733729 0.51549262 4284900710
-1.1728802 0.96062016 0.51479703 4284311134
-1.1427166 0.95257056 0.51968318 4284573537
-1.0584592 0.9524169 0.51707464 4287862420
-1.0251489 0.9672665 0.51672685 4288981156
-0.98597056 0.98935944 0.51849079 4290165686
-0.90983802 0.9777835 0.52068537 4279571733
-0.89311689 0.97222501 0.52080125 4279440147
-0.15769225 0.98156202 0.52297902 4284045657
-0.12225682 0.97849935 0.522012 4284506208
-0.079817086 0.96609694 0.5186137 4284111450
-0.022124467 0.96959203 0.51834434 4284572001
0.032121859 0.96163261 0.51282924 4285822068
0.075196035 0.97117066 0.51817495 4287927700
0.10852762 0.99004251 0.51640218 4289112230
0.22774222 0.96383077 0.5243144 4284900966
0.99347192 0.9942407 0.51409119 4284835173
1.0235012 0.9739458 0.51645327 4284900966
1.067536 0.95648557 0.51563519 4285098345
1.1136097 0.95502204 0.51499802 4286019447
-1.521397 1.0195256 0.52577877 4284312414
-1.3745022 1.0200295 0.52374214 4284835429
-1.2274508 1.0095979 0.51345026 4284704609
-1.0135455 1.0159931 0.51399976 4289966771
-0.96592784 1.0235951 0.5183664 4290560956
-0.93529344 1.0223845 0.51669669 4287074951
-0.86368471 1.0180441 0.52452356 4279440147
-0.20037514 1.0447578 0.50914812 4278848010
-0.1728328 1.0296137 0.52305824 4283256141
-0.13446698 1.0207869 0.51808161 4284177243
-0.039882869 1.0291392 0.52609986 4284900966
0.032106806 1.0193777 0.51164937 4286414205
0.099422023 1.0055609 0.51099557 4284900966
0.13030763 1.0239416 0.51525337 4290099893
0.96880001 1.0247514 0.51623476 4284835173
1.0433658 1.0498303 0.51572663 4284900966
1.0701094 1.0454664 0.51492912 4284900966
-1.3837478 1.0585065 0.52532291 4283659600
-1.0025481 1.0681072 0.51556629 4290493371
-0.95314372 1.0670478 0.51789403 4291020995
-0.94518358 1.0795102 0.51978737 4287675536
-0.84358376 1.0785233 0.52213156 4279440147
-0.2137468 1.0727916 0.51193994 4278848010
-0.17302743 1.0775371 0.5229674 4283914071
-0.14211571 1.0691609 0.51482654 4284835173
0.14827669 1.067252 0.51531196 4291480266
0.15068965 1.093052 0.51514941 4291283399
0.94687653 1.0808747 0.5191223 4284440415
0.97095418 1.0762742 0.51485085 4284900966
1.0130247 1.0613891 0.5152477 4284900966
-1.2838826 1.116637 0.50304949 4282137660
-0.95280653 1.1414766 0.51828176 4290624957
-0.94572681 1.1144576 0.51503825 4289184679
-0.22248541 1.1106188 0.51440185 4278848010
-0.17463438 1.1249104 0.52440953 4283322191
0.14695102 1.1247383 0.51564038 4290626752
0.94340771 1.1259675 0.51590014 4285493103
0.9569158 1.1110438 0.51516533 4284900966
-0.9702611 1.1793114 0.51712751 4289572269
-0.16730663 1.1559956 0.5267629 4283465807
-0.14893237 1.1806078 0.52218825 4285368940
0.12765579 1.1710802 0.51589012 4289376936
0.93281782 1.1777381 0.515248 4284900966
-1.1116031 1.2474732 0.51365012 4284835173
-1.0740876 1.2470014 0.51393735 4284966759
-1.0268122 1.2322069 0.51358825 4286611584
-0.991754 1.2079881 0.51500493 4288387995
-0.39633524 1.539077 0.51190835 4288453788
-0.44238675 1.5727482 0.50387728 4288387995
-0.38781923 1.5985522 0.51958764 4288387995
-0.43471026 1.6333263 0.51145637 4288387995
-0.48231077 1.668631 0.50320232 4288387995
-0.426727 1.6963252 0.51933837 4288387995
-0.37896758 1.66038 0.52757061 4288387995
-0.02129684 -1.6595913 0.57114559 4278216192
0.025536807 -1.6813385 0.57562649 4278216192
0.064046025 -1.6938741 0.57671785 4278216192
-0.10373126 -1.6192436 0.57900739 4278216192
-0.075140744 -1.6336746 0.57295156 4278216192
-0.042695481 -1.6480049 0.58165723 4278216192
0.099147797 -1.6258693 0.59399033 4278216192
0.10570931 -1.6357331 0.56508386 4278216448
0.12497869 -1.577333 0.58024156 4278216192
0.1466549 -1.5259366 0.5809167 4278216192
0.1674999 -1.4765112 0.58156741 4278216448
0.18756378 -1.4289383 0.58219361 4278216193
0.20689172 -1.38311 0.58279586 4278216705
0.2325273 -1.3260366 0.57934624 4278215936
1.0359403 -1.3040096 0.57860947 4284900966
1.0714035 -1.3112283 0.57529747 4285558896
0.24043056 -1.2924545 0.59659064 4278281728
0.26082891 -1.2552204 0.58447766 4278804744
0.97862297 -1.2652886 0.57545722 4284900966
1.0239757 -1.2755501 0.57385498 4284900966
1.0740939 -1.2583163 0.57325208 4286085240
1.1084414 -1.252068 0.55302954 4287269514
0.27757427 -1.2155156 0.58500051 4281232427
0.94543415 -1.211079 0.57783592 4284900966
0.96832371 -1.2225913 0.57366538 4284900966
1.0157098 -1.2393025 0.57298827 4284900966
0.29375732 -1.1771443 0.58550477 4287538319
0.31822506 -1.1504129 0.5504449 4288388506
0.93420959 -1.174118 0.57714063 4284900966
0.95384896 -1.1951784 0.56912792 4284900966
-0.069126517 -1.1069548 0.56948346 4281874488
0.32023138 -1.1205263 0.57928288 4288321947
0.93071103 -1.1258759 0.57477397 4284900966
0.95055509 -1.1018226 0.59460783 4284900966
-0.11965805 -1.0680919 0.5651533 4280690214
-0.091845468 -1.0940193 0.56806582 4281282351
0.34206972 -1.0726839 0.57545519 4288519067
0.92959869 -1.0789719 0.57563901 4284900966
0.96773165 -1.0732744 0.57523084 4284900966
-0.15132689 -1.0097187 0.56492472 4278782217
-0.14258291 -1.0308456 0.55860507 4281940281
0.36592233 -1.0257301 0.56520134 4288322202
0.94249773 -1.0406947 0.57688409 4284900966
0.96710986 -1.0155456 0.5714407 4284835430
1.0039088 -1.0378969 0.58484536 4284639587
-0.15489151 -0.97690719 0.55783921 4278782217
0.38603675 -0.97758293 0.56634867 4288387995
0.99172843 -0.98425829 0.57296848 4284639330
-0.15158147 -0.93860686 0.5553565 4278848010
-0.14380832 -0.91406196 0.55486578 4278848010
0.40790412 -0.93472743 0.55673224 4288387995
-0.12711948 -0.88390124 0.55565238 4278848010
0.42622557 -0.89066291 0.5580169 4288387995
1.2898767 -0.7603597 0.58953083 4282729797
1.3244064 -0.77298957 0.57675737 4278782217
1.3662779 -0.77940285 0.56916815 4278848010
1.425612 -0.76027238 0.56010514 4278848010
1.2457401 -0.70805454 0.5911085 4284835173
1.2704058 -0.7290861 0.57412416 4284966759
1.3091979 -0.74563408 0.55202985 4278848010
1.2315407 -0.67414385 0.57809025 4284900966
1.2501274 -0.69581902 0.55901718 4285229931
0.24163985 -0.60346591 0.55452353 4288387995
1.213184 -0.62670034 0.57333159 4284900966
0.28903532 -0.58358139 0.5614962 4288387995
0.3391642 -0.56705999 0.56456202 4288387995
0.39239019 -0.55872977 0.55901557 4288387995
1.1983672 -0.56305671 0.55934775 4284900966
1.2036718 -0.58131951 0.57551301 4284900966
0.3908048 -0.53623635 0.58090979 4288387995
0.44673115 -0.52691352 0.57562649 4288387995
0.50549996 -0.52194548 0.5654614 4288387995
0.56682539 -0.51189047 0.5595082 4288387995
1.1971952 -0.52912301 0.56095463 4284900966
1.2046477 -0.52441698 0.58441097 4284900966
0.50425833 -0.4933067 0.59314001 4288387995
0.56611758 -0.48738766 0.58309937 4288387995
0.63083398 -0.47610921 0.57745421 4288387995
0.69883823 -0.46950683 0.56650728 4288387995
0.77032357 -0.45724463 0.56008434 4288387995
1.1983572 -0.4852078 0.55604374 4284900966
1.2128168 -0.47314551 0.57730931 4284900966
0.69888735 -0.4434166 0.59142321 4288387995
0.77081728 -0.43034923 0.58565676 4288387995
0.84642869 -0.42214692 0.57430845 4288387995
0.92602617 -0.41354546 0.56232995 4288387995
1.2289186 -0.43118963 0.57238728 4284900966
0.92757189 -0.38478291 0.58941936 4288387995
1.0120935 -0.37479633 0.57751465 4288387995
1.1013404 -0.36436778 0.56483358 4288322202
1.1957438 -0.35328341 0.55147004 4284900966
1.2417598 -0.39386731 0.55880892 4284900966
1.1036365 -0.33964521 0.58787215 4288387995
1.1979164 -0.33417648 0.56917477 4285756275
1.2008438 -0.30845428 0.59300846 4288453788
1.2984301 -0.32181394 0.55548233 4284900966
1.300231 -0.30856955 0.56767976 4284900966
1.3029497 -0.28854775 0.58612037 4284835173
1.4117033 -0.26734501 0.57878381 4284900966
-0.9255513 -0.21935713 0.5556581 4279176975
1.4150387 -0.24640477 0.59794521 4284900966
1.027341 -0.15650851 0.57608241 4279264784
1.0676829 -0.15990071 0.5714969 4281690932
1.1121439 -0.15574902 0.57516754 4281759030
0.94620597 -0.10360894 0.57542121 4278216192
0.97810644 -0.12493447 0.57175869 4281034283
1.0165483 -0.14358933 0.56996053 4283524433
0.93407291 -0.072507702 0.57399035 4279789080
0.957223 -0.085263282 0.56842208 4284900966
-0.080792576 -0.035136938 0.55426627 4284900966
0.93678266 -0.025865853 0.56841588 4284900966
0.93826514 0.020924879 0.57298023 4284769380
-1.0069257 0.065621406 0.55519623 4288059030
-0.97677869 0.065552488 0.55260599 4288519581
0.94695443 0.051638961 0.56937438 4284900966
0.95956898 0.073736563 0.5744071 4284835173
0.98281151 0.10199654 0.56814796 4284900966
0.4594202 0.58858216 0.57708466 4284900966
-1.677058 0.623016 0.55445123 4288387995
-1.5687666 0.64390028 0.55202591 4288387995
0.45855162 0.61726296 0.57157463 4284900966
-1.6555027 0.65900522 0.56184912 4288387995
-1.6406951 0.68373108 0.56693166 4288387995
-1.5570154 0.66215789 0.55572176 4288387995
-1.5409867 0.68707085 0.56076497 4288387995
-1.4534508 0.67155933 0.55078495 4288387995
-1.4404957 0.6903826 0.55453622 4288387995
0.46921176 0.66705114 0.57399225 4284900966
-1.6177932 0.72196591 0.57479107 4288387995
-1.5162879 0.72545034 0.5685342 4288387995
-1.4138749 0.72905898 0.56224406 4288387995
-1.3154435 0.72608227 0.55460298 4288387995
-1.2014142 0.74281192 0.55074668 4288387995
-1.6855083 0.77793276 0.59339613 4288387995
-1.5860448 0.77497602 0.58568776 4288387995
-1.4863267 0.77201229 0.57795978 4288387995
-1.3817024 0.77580184 0.57155937 4288387995
-1.281168 0.77281982 0.56376976 4288387995
-1.1750082 0.7767247 0.55729038 4285756275
-1.0623269 0.78745872 0.55204427 4287203721
-1.5612745 0.81633389 0.59418923 4288387995
-1.548537 0.83760083 0.59856081 4288387995
-1.4597132 0.81336993 0.58633184 4288387995
-1.4413904 0.84184134 0.59209543 4288387995
-1.3578863 0.81040168 0.57845473 4288387995
-1.3382871 0.83887535 0.58412921 4288387995
-1.2557939 0.80742002 0.57055587 4288387995
-1.2349114 0.83589613 0.57614088 4287006342
-1.136827 0.82576472 0.56675291 4284900966
-1.0450107 0.80846965 0.55603141 4284966759
-1.422612 0.8710233 0.59800273 4288387995
-1.3130728 0.87550873 0.59142989 4288387995
-1.2135081 0.86508393 0.58186549 4284900966
-1.1971196 0.88743258 0.58624876 4284835173
-1.1176536 0.88545865 0.58855951 4284900966
-1.0711089 0.87885785 0.58605623 4285953654
-1.0393957 0.87908655 0.58535677 4286743170
-1.5160669 0.94752854 0.57787758 4284900966
-1.3274149 0.94095361 0.57587242 4284900966
-1.2923925 0.90555489 0.59741777 4288387995
-1.1707262 0.91482282 0.59169209 4284835173
-1.1440077 0.90478891 0.59306526 4284900966
-0.11462458 0.94134802 0.57702249 4284900966
-0.07657396 0.93941742 0.56787378 4284900966
-0.018178817 0.94081229 0.56601191 4285624689
0.027939403 0.93099219 0.57222474 4287730065
0.075650468 0.90518004 0.57801986 4287795858
0.12335801 0.90270776 0.57741046 4281677109
0.17486395 0.91910321 0.57363003 4284900966
0.208884 0.94143087 0.5751825 4284900966
-1.5574299 0.9824338 0.59516168 4284769895
-1.5318403 0.97003055 0.57317334 4284900710
-1.3658689 0.9763968 0.57641983 4284900966
-1.342814 0.9542042 0.56713521 4284900966
-0.90960109 0.96621841 0.57704544 4279440147
-0.88543677 0.98713565 0.57500118 4279440147
-0.16329826 0.98295498 0.57657593 4284900966
-0.12573969 0.97081953 0.56829363 4284900966
-0.08259964 0.95626789 0.56598032 4284900966
-0.020284574 0.97315615 0.57457 4285295724
0.074106216 0.96562517 0.56707549 4289243304
0.22721356 0.9622637 0.57315528 4284900966
-1.5583572 1.0195624 0.57908708 4283985751
-1.541574 1.0159414 0.55542564 4284639330
-1.4001517 1.04169 0.59729213 4284051288
-1.3883679 1.0208364 0.57196498 4284769892
-0.86184078 1.0205874 0.57325649 4279440147
-0.17715065 1.0293767 0.5722338 4284900966
-0.14216621 1.0163547 0.56396657 4284900966
-0.040863417 1.0302162 0.57521755 4284900966
-1.4002091 1.055607 0.59161234 4283071050
-1.3919892 1.057055 0.55851197 4283136331
-0.84362853 1.0811039 0.5767526 4279440147
-0.18310463 1.0747918 0.57156074 4284900966
-0.18035696 1.1219566 0.57388639 4283782997
-0.16178446 1.165011 0.57268375 4278216192
-0.14947462 1.1801999 0.59685504 4278281728
-0.012914598 -1.6571083 0.62047315 4278216192
0.024023147 -1.6741453 0.62488467 4278216192
0.055636421 -1.6865072 0.62207049 4278216192
-0.10109049 -1.6139431 0.62893879 4278216192
-0.074721031 -1.6271394 0.62421817 4278216192
-0.039753169 -1.6435254 0.62643278 4278216192
0.092621088 -1.6160717 0.62272936 4278216192
0.11527228 -1.5631154 0.62257457 4278216192
0.13386279 -1.5076785 0.63616002 4278216192
0.15483662 -1.4588709 0.63575757 4278216193
0.17502955 -1.41188 0.63536972 4278216193
0.1944848 -1.366606 0.63499534 4278216192
0.21323782 -1.3229662 0.63463593 4278216448
1.0297946 -1.3069538 0.62014008 4284835173
1.0724437 -1.3174245 0.62379205 4285690482
1.1080142 -1.3170037 0.62528557 4284900966
0.23132919 -1.2808661 0.63428897 4278281728
0.97899395 -1.2727872 0.62207454 4284703587
1.0256075 -1.2657923 0.62343085 4284900966
1.0687393 -1.2596169 0.62674439 4285953654
0.2602084 -1.224267 0.62158871 4278739465
0.9441644 -1.2124311 0.62300736 4284900966
0.97300172 -1.2265891 0.62353516 4284900966
1.0191151 -1.2413143 0.62224525 4284900966
0.28489894 -1.1665426 0.62142211 4283008329
0.92969733 -1.1740599 0.62482166 4284835173
0.95221376 -1.1982034 0.62369478 4284900966
0.89916342 -1.1375329 0.63867587 4284900966
0.92771763 -1.127299 0.62338156 4284900966
0.95186442 -1.1013962 0.62537277 4284900966
0.92768055 -1.0789841 0.62319398 4284900966
0.97166163 -1.0726805 0.62426591 4284900710
0.94205964 -1.0385636 0.62468785 4284900710
0.96729851 -1.0117079 0.62680441 4284900709
1.0183439 -1.0329447 0.61461955 4283657556
0.9919098 -0.98418075 0.62634069 4284508513
1.2960198 -0.80187505 0.63931596 4287795858
1.3127 -0.80601227 0.62648392 4280756007
1.2771223 -0.7713356 0.62559676 4285953654
1.3129519 -0.79473716 0.611799 4278848010
1.2408155 -0.71523422 0.6275714 4284900966
1.255304 -0.7395004 0.62101591 4284900966
1.2258908 -0.67453599 0.62784451 4284900966
1.2154634 -0.6252498 0.62395126 4284900966
1.2137841 -0.57596189 0.62344342 4284900966
1.2223452 -0.52408487 0.62344575 4284900966
0.44513261 -0.4989599 0.60274112 4288387995
0.50342441 -0.47398311 0.61181426 4288387995
0.56540477 -0.4626202 0.60694438 4288387995
1.239228 -0.47924405 0.61998713 4284900966
1.250471 -0.49941492 0.64937395 4284900966
0.56482428 -0.44259518 0.62622511 4288387995
0.6301257 -0.42488408 0.62657779 4288387995
0.6989404 -0.41694349 0.61670369 4288387995
0.77121508 -0.40861964 0.60631818 4288387995
1.2459252 -0.44434345 0.60211957 4284900966
0.69899249 -0.39021254 0.64223087 4288387995
0.77172196 -0.38109162 0.63249135 4288387995
0.8480314 -0.3772113 0.61683613 4288387995
0.92882454 -0.36148894 0.61135805 4288387995
0.84905076 -0.34869027 0.64382797 4288387995
0.93009365 -0.33794552 0.63353038 4288387995
1.016048 -0.3204805 0.62840784 4288387995
1.105955 -0.31464714 0.61116862 4288387995
1.1083002 -0.28936648 0.63472807 4288387995
1.2045521 -0.2758657 0.62320453 4288387995
1.3066165 -0.26158249 0.61095417 4288387995
1.2075495 -0.24949276 0.64764267 4288387995
1.3103219 -0.23429573 0.63608581 4288387995
1.4195436 -0.21813579 0.62381202 4286677377
1.5344756 -0.20832884 0.6040194 4284900966
0.99840206 -0.15127426 0.62594259 4278216192
1.0243185 -0.15977703 0.62141931 4278216192
1.0638677 -0.16518687 0.62143666 4278216192
1.1042813 -0.15947133 0.62529355 4278216192
1.4240905 -0.18957543 0.64994687 4288387995
1.5399137 -0.17875998 0.63089174 4284900966
1.6663547 -0.15189385 0.62447852 4284900966
0.94607562 -0.10818092 0.61282039 4278216192
0.97045922 -0.13203995 0.61453754 4278216192
1.669624 -0.13635993 0.63849056 4284900966
0.92809474 -0.076358005 0.60877097 4278216192
-1.6586407 0.82638007 0.60350555 4288387995
-1.6305499 0.87702978 0.61407453 4288387995
-1.52669 0.87407535 0.60605842 4288387995
-1.4082339 0.89336717 0.60252589 4288387995
-1.1242312 0.88702911 0.6239329 4284900966
-1.0755899 0.87012768 0.62615103 4285690482
-1.0332044 0.87020189 0.62378341 4286414205
-1.699296 0.94822371 0.63652146 4288387995
-1.6055617 0.9220854 0.62347615 4288387993
-1.5667729 0.94302398 0.6368618 4285492846
-1.5318811 0.93589151 0.6123035 4285558896
-1.4904566 0.9345727 0.61849415 4288387995
-1.3885745 0.92391974 0.60871071 4288387995
-1.3354894 0.9390437 0.60412818 4284900966
-1.2764862 0.92866367 0.60202312 4288387995
-1.1692015 0.92388386 0.62587196 4284900966
-1.1478051 0.90432954 0.61214828 4284900966
-0.12355147 0.93894637 0.6257773 4284900966
-0.09789753 0.92783773 0.61872792 4284900966
-0.00091357529 0.94491243 0.60948241 4286414205
0.024254732 0.92541289 0.6074397 4287401100
0.075339727 0.9041214 0.60975266 4279900698
0.12742828 0.90240175 0.60837787 4282466625
0.17301637 0.91721463 0.60846156 4284900966
0.20854062 0.94040155 0.6074754 4284900966
-1.6831011 0.97994566 0.64323896 4288387995
-1.5734527 0.97200483 0.62748218 4285361517
-1.5464841 0.95619404 0.60361564 4284900966
-1.4667965 0.97407931 0.62661499 4288387995
-1.3714813 0.97228539 0.60948938 4285624690
-1.3478471 0.98720813 0.62152219 4288387995
-1.2603067 0.95216906 0.60670745 4288387995
-1.2154416 0.98251075 0.62217194 4286019447
-1.1914306 0.95811015 0.6261726 4284900710
-0.90401983 0.96989584 0.60092872 4279440147
-0.88386917 0.98822361 0.60430408 4279440147
-0.16625012 0.97563964 0.62810522 4284900966
-0.14345828 0.95483005 0.61085987 4284900966
-0.023471022 0.97712117 0.60660636 4285164138
0.22686148 0.96121991 0.60568869 4284900966
-1.5795509 1.01385 0.6242007 4284774501
-1.5432756 1.0343993 0.64691252 4288322456
-1.4187425 1.0235673 0.62355965 4286677121
-1.3919525 1.0025572 0.60642904 4284900964
-1.3266071 1.0202144 0.62820381 4288387995
-1.2121115 1.0148578 0.62481606 4285624689
-0.853562 1.0368083 0.60209382 4279440147
-0.19149677 1.0249865 0.62496465 4284900966
-0.040249139 1.0225744 0.60833371 4284900966
-1.4108272 1.0617242 0.63848037 4286419325
-1.3048937 1.0539588 0.63503462 4288387995
-1.2881683 1.0799477 0.64029568 4288387995
-0.84365547 1.082654 0.60956597 4279440147
-0.20054704 1.0669827 0.64485103 4284900966
-0.19752398 1.0760112 0.62094039 4284900966
-1.2653563 1.1154052 0.64747334 4288387995
-0.18867046 1.1199141 0.62667936 4284245853
-0.17409867 1.1510711 0.62219596 4278216192
-0.14354169 1.1845123 0.6262933 4278281728
-0.0078648431 -1.6536499 0.66513079 4278216192
0.024013307 -1.6677147 0.67379701 4278216192
0.059236795 -1.6560642 0.66653681 4278216192
-0.075198263 -1.6203624 0.67407072 4278216192
-0.032262295 -1.6407406 0.67482358 4278216192
0.086136043 -1.6063226 0.65129918 4278216192
0.079688013 -1.5966321 0.67970335 4278281728
0.10885012 -1.5537101 0.65058166 4278216192
0.10246289 -1.5443628 0.67842996 4278216192
0.12435871 -1.4941114 0.6772061 4278216448
0.14542627 -1.4457607 0.67602849 4278281728
0.16571254 -1.3992031 0.67489415 4278216450
0.94661653 -1.2062566 0.66783524 4284900966
0.97727573 -1.2231781 0.67222786 4284900966
1.0363364 -1.2369622 0.66264731 4284900966
0.91772652 -1.1755588 0.66501957 4284900966
0.89777368 -1.1422296 0.66254538 4284900966
0.90048778 -1.1464702 0.65284169 4284900966
0.94394881 -1.0333703 0.65143728 4284704098
0.99783254 -1.0493095 0.65459204 4284900966
0.99243414 -0.98398495 0.65357292 4284051801
1.2831511 -0.80973613 0.67383629 4285822068
1.2495527 -0.75816548 0.68614614 4284900966
1.2635071 -0.77796197 0.66957915 4284966759
1.2387164 -0.72232699 0.67456001 4284900966
1.2507094 -0.74747133 0.6530723 4284900966
1.2287723 -0.67379385 0.67683429 4284900966
1.2262803 -0.62418038 0.67295015 4284900966
1.233953 -0.57645321 0.6738199 4284900966
1.2568307 -0.55258274 0.69615239 4284900966
1.2394187 -0.53837883 0.66161656 4284900966
1.2609736 -0.52266073 0.6778307 4284900966
1.2878215 -0.48720092 0.67191565 4284900966
0.69902068 -0.3739925 0.65772164 4288387995
0.77223694 -0.35328436 0.65892923 4288387995
0.77254665 -0.33640468 0.67497873 4288387995
0.84966725 -0.33137196 0.66021872 4288387995
0.85049903 -0.30807823 0.68226391 4288387995
0.93137145 -0.31415373 0.65593857 4288387995
0.85112643 -0.29045677 0.69894147 4288387995
0.93298894 -0.28404066 0.68430024 4288387995
1.0196438 -0.27104613 0.67472833 4288387995
1.1106713 -0.26379937 0.65855491 4288387995
1.1130683 -0.23794115 0.68265343 4288387995
1.2105919 -0.22275579 0.67241693 4288387995
1.3131329 -0.21362221 0.65512514 4288387995
1.1003052 -0.16120625 0.65099287 4278216192
1.2136626 -0.19575655 0.69743466 4288387995
1.3169247 -0.18572278 0.68081993 4288387995
1.4275496 -0.16788292 0.66979527 4288387995
1.4310344 -0.14600992 0.68980992 4288387995
1.5468056 -0.14131606 0.66491914 4288256409
1.552403 -0.11090422 0.69255614 4288387995
1.6745625 -0.11285508 0.65969563 4284900966
1.6812236 -0.081160665 0.68828851 4286743170
-1.1507928 0.89966416 0.65101892 4284900966
-1.5721222 0.94014233 0.65420318 4284900710
-1.176098 0.92935944 0.65550345 4284900966
-1.6061133 0.98509145 0.66109473 4284704612
-1.5921685 0.96485239 0.65516436 4284835429
-1.2011981 0.98621076 0.66190994 4284900712
-1.1950839 0.96437389 0.6596697 4285031782
-1.6623267 1.0206409 0.65185666 4288322458
-1.6235934 1.02635 0.65714329 4285039206
-0.20004499 1.0461675 0.65288138 4284900966
-0.19763559 1.0321065 0.6510669 4284900966
-1.6320146 1.0800214 0.66443127 4288322459
-1.5195831 1.077119 0.65582675 4288387994
-1.396405 1.0916046 0.65077329 4288387995
-0.20135581 1.069087 0.65622306 4284900966
-0.19973409 1.0889339 0.65502501 4284900966
-1.6095196 1.124088 0.67376292 4288257179
-1.5001142 1.1122236 0.66315192 4288322715
-1.4851102 1.1392775 0.66879719 4288322715
-1.3749872 1.1273674 0.65812457 4288387995
-1.2478542 1.1426003 0.6529786 4288387995
-0.18701276 1.1270835 0.66117692 4282411073
-1.6935693 1.1912572 0.69628733 4288387995
-1.5861902 1.169788 0.68344051 4288322459
-1.4646389 1.1761911 0.67649996 4288191642
-1.3530736 1.1639551 0.66564554 4288387995
-1.3418607 1.1826792 0.66949439 4288387995
-1.2238594 1.1798896 0.66052711 4288387995
-0.13760555 1.1888268 0.6558516 4278216192
-1.5620925 1.2169995 0.69343811 4288453274
-1.5472217 1.2461299 0.69960678 4288387995
-1.4382005 1.2238644 0.68644786 4288322459
-1.3189017 1.2210113 0.67737389 4288387995
-1.1930091 1.2278302 0.67023176 4287466893
-1.4108706 1.2731421 0.69673055 4288256921
-1.2893717 1.2703147 0.68750858 4288387995
-1.2649382 1.3111086 0.69589406 4288387995
0.017802484 -1.6587625 0.71939147 4278216192
-0.072409205 -1.6159064 0.71811318 4278216192
-0.02541833 -1.6384166 0.71735883 4278216192
0.025876641 -1.6452456 0.72184265 4278216192
0.073278785 -1.5869942 0.70794201 4278216192
0.096113801 -1.5350642 0.70611912 4278216192
1.269423 -0.80900025 0.70795542 4284900966
1.2480916 -0.75873107 0.70550501 4284900966
1.2570781 -0.78356004 0.70784289 4284900966
1.239251 -0.72206914 0.70844924 4284900966
1.2355928 -0.67259747 0.7121793 4284900966
1.2409924 -0.62821698 0.7142238 4284900966
1.2543101 -0.60868835 0.72993845 4284900966
1.2490726 -0.57822764 0.70215571 4284900966
1.2651353 -0.57707089 0.72203076 4284900966
1.2772348 -0.53759253 0.7063635 4284900966
0.93429923 -0.25968874 0.7072351 4288387995
0.93496096 -0.24740243 0.71880615 4288387995
1.0233214 -0.22050622 0.72208416 4288387995
1.1154937 -0.21178561 0.70702875 4288387995
1.1179488 -0.18532693 0.731686 4288387995
1.2167785 -0.16838078 0.72280055 4288387995
1.3207573 -0.15753782 0.70677686 4288387995
1.2199221 -0.14073443 0.74841815 4288387995
1.3246433 -0.12894845 0.73310709 4288387995
1.4357375 -0.11647645 0.71683478 4288387995
1.4404927 -0.086627841 0.74414754 4288387995
1.5595045 -0.072306074 0.72763342 4288387995
1.6862755 -0.057120562 0.70997608 4288387995
1.6913857 -0.032806039 0.73191106 4288387995
-1.6757084 1.2295376 0.70451158 4288387995
-1.6574211 1.2687373 0.71293324 4288453275
-1.6480571 1.2888051 0.71724457 4288453275
-1.5319924 1.2759633 0.70592439 4288453277
-1.6337365 1.3194954 0.72383809 4288191126
-1.5111907 1.3167117 0.71455336 4288453276
-1.4952049 1.3480293 0.72118521 4288387993
-1.382466 1.3243591 0.70741779 4288322459
-1.2461603 1.3424581 0.70233822 4288387995
-1.6141696 1.3614323 0.73284781 4288387738
-1.599128 1.3936697 0.73977369 4288519070
-1.4788194 1.380125 0.72798193 4288387993
-1.3590649 1.3665545 0.71622276 4288256922
-1.3470711 1.388181 0.72073543 4288388506
-1.2269101 1.3746047 0.70894623 4288387995
-1.5837052 1.4267251 0.74687541 4288322461
-1.456418 1.4240062 0.73727441 4288387740
-1.3287138 1.4212847 0.72764313 4288518811
-1.2072712 1.4073931 0.7156862 4288387995
-1.193911 1.429702 0.72027194 4288387995
-1.4333242 1.4692523 0.74685574 4287995543
-1.3099802 1.4550622 0.73469138 4288584347
-1.2972325 1.4780482 0.73948789 4288387482
-1.1664959 1.4754734 0.72968054 4288387995
-1.2777097 1.513252 0.7468338 4288518811
1.1204296 -0.1585626 0.75662887 4288387995
1.2223107 -0.11974871 0.76786298 4288387995
1.3285682 -0.10006487 0.75970852 4288387995
1.2247179 -0.098594546 0.78746414 4288387995
1.3315487 -0.078132212 0.77990824 4288387995
1.4441054 -0.063953698 0.76489508 4288387995
1.4477485 -0.041085005 0.7858209 4288387995
1.450197 -0.025708556 0.79989141 4288387995
1.5681759 -0.025167385 0.77047294 4288387995
1.6965449 -0.0082676411 0.75404739 4288387995
1.574052 0.0067517757 0.79947937 4288387995
-1.6914729 1.4746048 0.7662878 4288387995
-1.5626125 1.4719346 0.75658816 4287995286
-1.671771 1.5211923 0.77643943 4288322460
-1.5408593 1.5185586 0.76660496 4287733907
-1.4095063 1.5159082 0.75673568 4287603600
-1.2577739 1.5491965 0.75433427 4288322200
-1.6566057 1.5570508 0.78425312 4288323229
-1.6462808 1.5814683 0.78957373 4286350973
-1.5184139 1.5666653 0.77694023 4286422140
-1.3849291 1.5640543 0.76693118 4287014535
-1.2373023 1.5861101 0.76203698 4288453787
-1.6357896 1.6062731 0.79497874 4284053082
-1.5011289 1.6037081 0.78489852 4283465808
-1.4893564 1.6289406 0.7903195 4281429042
-1.359556 1.6137568 0.7774564 4283795540
-1.2092624 1.6366694 0.77258712 4288322457
-1.4773914 1.6545835 0.7958287 4279722776
-1.3333472 1.6650985 0.78832865 4283534416
-1.1876528 1.6756361 0.78071821 4288322715
1.3345528 -0.056017518 0.80027592 4288387995
1.3365738 -0.041150093 0.8139683 4288387995
1.4526644 -0.010230303 0.81405407 4288387995
1.4563954 0.013187766 0.83548224 4288387995
1.5785202 0.0310148 0.8215276 4288387995
1.5830257 0.055494785 0.84377402 4288387995
-1.6251285 1.6314799 0.80047143 4280372257
-1.6087866 1.6701193 0.80889112 4279195918
-1.4652287 1.6806525 0.80142927 4279266578
1.5875791 0.080250621 0.86627209 4288387995
